{"level":"info","message":"Получение заданий для пользователя ID: 3","timestamp":"2026-03-21 00:02:56"}
{"level":"info","message":"Получение ожидающих приглашений пользователя","timestamp":"2026-03-21 00:02:56","userId":3}
{"level":"info","message":"Получение ожидающих приглашений пользователя","timestamp":"2026-03-21 00:02:56","userId":3}
{"level":"info","message":"Получение ожидающих приглашений пользователя","timestamp":"2026-03-21 00:02:56","userId":3}
{"level":"info","message":"Получение заданий для пользователя ID: 3","timestamp":"2026-03-21 00:02:56"}
{"level":"info","message":"Получение ожидающих приглашений пользователя","timestamp":"2026-03-21 00:02:56","userId":3}
{"level":"info","message":"Получение заданий для пользователя ID: 3","timestamp":"2026-03-21 00:02:56"}
{"level":"info","message":"Получение ожидающих приглашений пользователя","timestamp":"2026-03-21 00:02:56","userId":3}
{"level":"info","message":"Получение заданий для пользователя ID: 3","timestamp":"2026-03-21 00:02:56"}
{"level":"info","message":"Получение заданий для пользователя ID: 3","timestamp":"2026-03-21 00:02:56"}
{"assignmentId":35,"level":"info","message":"Получение состава команды проекта","timestamp":"2026-03-21 00:02:56"}
{"assignmentId":35,"level":"info","message":"Получение состава команды проекта","timestamp":"2026-03-21 00:02:56"}
{"assignmentId":35,"level":"info","message":"Получение состава команды проекта","timestamp":"2026-03-21 00:02:56"}
{"assignmentId":35,"level":"info","message":"Получение состава команды проекта","timestamp":"2026-03-21 00:02:56"}
{"level":"info","message":"Получение заданий для пользователя ID: 3","timestamp":"2026-03-21 00:03:27"}
{"level":"info","message":"Получение ожидающих приглашений пользователя","timestamp":"2026-03-21 00:03:27","userId":3}
{"level":"info","message":"Получение ожидающих приглашений пользователя","timestamp":"2026-03-21 00:03:27","userId":3}
{"level":"info","message":"Получение заданий для пользователя ID: 3","timestamp":"2026-03-21 00:03:27"}
{"level":"info","message":"Получение заданий для пользователя ID: 3","timestamp":"2026-03-21 00:03:27"}
{"level":"info","message":"Получение ожидающих приглашений пользователя","timestamp":"2026-03-21 00:03:27","userId":3}
{"level":"info","message":"Получение заданий для пользователя ID: 3","timestamp":"2026-03-21 00:03:58"}
{"level":"info","message":"Получение ожидающих приглашений пользователя","timestamp":"2026-03-21 00:03:58","userId":3}
{"level":"info","message":"Получение ожидающих приглашений пользователя","timestamp":"2026-03-21 00:03:58","userId":3}
{"level":"info","message":"Получение заданий для пользователя ID: 3","timestamp":"2026-03-21 00:03:58"}
{"level":"info","message":"Получение заданий для пользователя ID: 3","timestamp":"2026-03-21 00:03:58"}
{"level":"info","message":"Получение ожидающих приглашений пользователя","timestamp":"2026-03-21 00:03:58","userId":3}
{"level":"info","message":"Получение заданий для пользователя ID: 3","timestamp":"2026-03-21 00:04:16"}
{"level":"info","message":"Получение ожидающих приглашений пользователя","timestamp":"2026-03-21 00:04:16","userId":3}
{"level":"info","message":"Получение заданий для пользователя ID: 3","timestamp":"2026-03-21 00:04:16"}
{"level":"info","message":"Получение ожидающих приглашений пользователя","timestamp":"2026-03-21 00:04:16","userId":3}
{"level":"info","message":"Получение заданий для пользователя ID: 3","timestamp":"2026-03-21 00:04:17"}
{"level":"info","message":"Получение заданий для пользователя ID: 3","timestamp":"2026-03-21 00:04:17"}
{"level":"info","message":"Получение заданий для пользователя ID: 3","timestamp":"2026-03-21 00:04:17"}
{"level":"info","message":"Получение заданий для пользователя ID: 1","timestamp":"2026-03-21 00:04:42"}
{"level":"info","message":"Получение ожидающих приглашений пользователя","timestamp":"2026-03-21 00:04:42","userId":1}
{"level":"info","message":"Получение ожидающих приглашений пользователя","timestamp":"2026-03-21 00:04:42","userId":1}
{"level":"info","message":"Получение заданий для пользователя ID: 1","timestamp":"2026-03-21 00:04:42"}
{"level":"info","message":"Получение ожидающих приглашений пользователя","timestamp":"2026-03-21 00:04:42","userId":1}
{"level":"info","message":"Получение ожидающих приглашений пользователя","timestamp":"2026-03-21 00:04:42","userId":1}
{"level":"info","message":"Получение ожидающих приглашений пользователя","timestamp":"2026-03-21 00:04:42","userId":1}
{"level":"info","message":"Получение заданий для пользователя ID: 1","timestamp":"2026-03-21 00:04:42"}
{"level":"info","message":"Получение заданий для пользователя ID: 1","timestamp":"2026-03-21 00:04:42"}
{"assignmentId":32,"level":"info","message":"Получение состава команды проекта","timestamp":"2026-03-21 00:04:42"}
{"level":"info","message":"Получение заданий для пользователя ID: 1","timestamp":"2026-03-21 00:04:42"}
{"assignmentId":32,"level":"info","message":"Получение состава команды проекта","timestamp":"2026-03-21 00:04:42"}
{"assignmentId":32,"level":"info","message":"Получение состава команды проекта","timestamp":"2026-03-21 00:04:42"}
{"assignmentId":32,"level":"info","message":"Получение состава команды проекта","timestamp":"2026-03-21 00:04:42"}
{"assignmentId":32,"level":"info","message":"Получение состава команды проекта","timestamp":"2026-03-21 00:04:42"}
{"assignmentId":32,"level":"info","message":"Получение состава команды проекта","timestamp":"2026-03-21 00:04:42"}
{"assignmentId":32,"level":"info","message":"Получение состава команды проекта","timestamp":"2026-03-21 00:04:42"}
{"level":"info","message":"Получение заданий для пользователя ID: 1","timestamp":"2026-03-21 00:04:44"}
{"level":"info","message":"Получение заданий для пользователя ID: 1","timestamp":"2026-03-21 00:04:44"}
{"level":"info","message":"Получение заданий для пользователя ID: 1","timestamp":"2026-03-21 00:04:44"}
{"level":"info","message":"Получение заданий для пользователя ID: 1","timestamp":"2026-03-21 00:04:47"}
{"level":"info","message":"Получение ожидающих приглашений пользователя","timestamp":"2026-03-21 00:04:47","userId":1}
{"level":"info","message":"Получение ожидающих приглашений пользователя","timestamp":"2026-03-21 00:04:47","userId":1}
{"level":"info","message":"Получение заданий для пользователя ID: 1","timestamp":"2026-03-21 00:04:47"}
{"level":"info","message":"Получение заданий для пользователя ID: 1","timestamp":"2026-03-21 00:04:52"}
{"level":"info","message":"Получение ожидающих приглашений пользователя","timestamp":"2026-03-21 00:04:52","userId":1}
{"level":"info","message":"Получение ожидающих приглашений пользователя","timestamp":"2026-03-21 00:04:52","userId":1}
{"level":"info","message":"Получение ожидающих приглашений пользователя","timestamp":"2026-03-21 00:04:52","userId":1}
{"level":"info","message":"Получение заданий для пользователя ID: 1","timestamp":"2026-03-21 00:04:52"}
{"level":"info","message":"Получение ожидающих приглашений пользователя","timestamp":"2026-03-21 00:04:52","userId":1}
{"level":"info","message":"Получение заданий для пользователя ID: 1","timestamp":"2026-03-21 00:04:52"}
{"level":"info","message":"Получение заданий для пользователя ID: 1","timestamp":"2026-03-21 00:04:52"}
{"assignmentId":32,"level":"info","message":"Получение состава команды проекта","timestamp":"2026-03-21 00:04:52"}
{"level":"info","message":"Получение ожидающих приглашений пользователя","timestamp":"2026-03-21 00:04:52","userId":1}
{"level":"info","message":"Получение заданий для пользователя ID: 1","timestamp":"2026-03-21 00:04:52"}
{"assignmentId":32,"level":"info","message":"Получение состава команды проекта","timestamp":"2026-03-21 00:04:52"}
{"assignmentId":32,"level":"info","message":"Получение состава команды проекта","timestamp":"2026-03-21 00:04:52"}
{"assignmentId":32,"level":"info","message":"Получение состава команды проекта","timestamp":"2026-03-21 00:04:52"}
{"assignmentId":32,"level":"info","message":"Получение состава команды проекта","timestamp":"2026-03-21 00:04:52"}
{"assignmentId":32,"level":"info","message":"Получение состава команды проекта","timestamp":"2026-03-21 00:04:52"}
{"level":"info","message":"Получение заданий для пользователя ID: 1","timestamp":"2026-03-21 00:05:23"}
{"level":"info","message":"Получение ожидающих приглашений пользователя","timestamp":"2026-03-21 00:05:23","userId":1}
{"level":"info","message":"Получение ожидающих приглашений пользователя","timestamp":"2026-03-21 00:05:23","userId":1}
{"level":"info","message":"Получение заданий для пользователя ID: 1","timestamp":"2026-03-21 00:05:23"}
{"level":"info","message":"Получение заданий для пользователя ID: 1","timestamp":"2026-03-21 00:05:23"}
{"level":"info","message":"Получение ожидающих приглашений пользователя","timestamp":"2026-03-21 00:05:23","userId":1}
{"level":"info","message":"Получение заданий для пользователя ID: 1","timestamp":"2026-03-21 00:05:54"}
{"level":"info","message":"Получение ожидающих приглашений пользователя","timestamp":"2026-03-21 00:05:54","userId":1}
{"level":"info","message":"Получение ожидающих приглашений пользователя","timestamp":"2026-03-21 00:05:54","userId":1}
{"level":"info","message":"Получение заданий для пользователя ID: 1","timestamp":"2026-03-21 00:05:54"}
{"level":"info","message":"Получение заданий для пользователя ID: 1","timestamp":"2026-03-21 00:05:54"}
{"level":"info","message":"Получение ожидающих приглашений пользователя","timestamp":"2026-03-21 00:05:54","userId":1}
{"level":"info","message":"Получение заданий для пользователя ID: 1","timestamp":"2026-03-21 00:06:25"}
{"level":"info","message":"Получение ожидающих приглашений пользователя","timestamp":"2026-03-21 00:06:25","userId":1}
{"level":"info","message":"Получение ожидающих приглашений пользователя","timestamp":"2026-03-21 00:06:25","userId":1}
{"level":"info","message":"Получение заданий для пользователя ID: 1","timestamp":"2026-03-21 00:06:25"}
{"level":"info","message":"Получение заданий для пользователя ID: 1","timestamp":"2026-03-21 00:06:25"}
{"level":"info","message":"Получение ожидающих приглашений пользователя","timestamp":"2026-03-21 00:06:25","userId":1}
{"level":"info","message":"Получение заданий для пользователя ID: 1","timestamp":"2026-03-21 00:06:56"}
{"level":"info","message":"Получение ожидающих приглашений пользователя","timestamp":"2026-03-21 00:06:56","userId":1}
{"level":"info","message":"Получение ожидающих приглашений пользователя","timestamp":"2026-03-21 00:06:56","userId":1}
{"level":"info","message":"Получение заданий для пользователя ID: 1","timestamp":"2026-03-21 00:06:56"}
{"level":"info","message":"Получение заданий для пользователя ID: 1","timestamp":"2026-03-21 00:06:56"}
{"level":"info","message":"Получение ожидающих приглашений пользователя","timestamp":"2026-03-21 00:06:56","userId":1}
{"level":"info","message":"Получение заданий для пользователя ID: 1","timestamp":"2026-03-21 00:07:27"}
{"level":"info","message":"Получение ожидающих приглашений пользователя","timestamp":"2026-03-21 00:07:27","userId":1}
{"level":"info","message":"Получение заданий для пользователя ID: 1","timestamp":"2026-03-21 00:07:27"}
{"level":"info","message":"Получение ожидающих приглашений пользователя","timestamp":"2026-03-21 00:07:27","userId":1}
{"level":"info","message":"Получение заданий для пользователя ID: 1","timestamp":"2026-03-21 00:07:27"}
{"level":"info","message":"Получение ожидающих приглашений пользователя","timestamp":"2026-03-21 00:07:27","userId":1}
{"level":"info","message":"Получение заданий для пользователя ID: 1","timestamp":"2026-03-21 00:07:58"}
{"level":"info","message":"Получение ожидающих приглашений пользователя","timestamp":"2026-03-21 00:07:58","userId":1}
{"level":"info","message":"Получение заданий для пользователя ID: 1","timestamp":"2026-03-21 00:07:58"}
{"level":"info","message":"Получение ожидающих приглашений пользователя","timestamp":"2026-03-21 00:07:58","userId":1}
{"level":"info","message":"Получение заданий для пользователя ID: 1","timestamp":"2026-03-21 00:07:58"}
{"level":"info","message":"Получение ожидающих приглашений пользователя","timestamp":"2026-03-21 00:07:58","userId":1}
{"level":"info","message":"Получение заданий для пользователя ID: 1","timestamp":"2026-03-21 00:08:29"}
{"level":"info","message":"Получение ожидающих приглашений пользователя","timestamp":"2026-03-21 00:08:29","userId":1}
{"level":"info","message":"Получение заданий для пользователя ID: 1","timestamp":"2026-03-21 00:08:29"}
{"level":"info","message":"Получение ожидающих приглашений пользователя","timestamp":"2026-03-21 00:08:29","userId":1}
{"level":"info","message":"Получение заданий для пользователя ID: 1","timestamp":"2026-03-21 00:08:29"}
{"level":"info","message":"Получение ожидающих приглашений пользователя","timestamp":"2026-03-21 00:08:29","userId":1}
{"level":"info","message":"Получение заданий для пользователя ID: 1","timestamp":"2026-03-21 00:09:00"}
{"level":"info","message":"Получение ожидающих приглашений пользователя","timestamp":"2026-03-21 00:09:00","userId":1}
{"level":"info","message":"Получение ожидающих приглашений пользователя","timestamp":"2026-03-21 00:09:00","userId":1}
{"level":"info","message":"Получение заданий для пользователя ID: 1","timestamp":"2026-03-21 00:09:00"}
{"level":"info","message":"Получение заданий для пользователя ID: 1","timestamp":"2026-03-21 00:09:00"}
{"level":"info","message":"Получение ожидающих приглашений пользователя","timestamp":"2026-03-21 00:09:00","userId":1}
{"level":"info","message":"Получение заданий для пользователя ID: 1","timestamp":"2026-03-21 00:09:36"}
{"level":"info","message":"Получение ожидающих приглашений пользователя","timestamp":"2026-03-21 00:09:36","userId":1}
{"level":"info","message":"Получение ожидающих приглашений пользователя","timestamp":"2026-03-21 00:09:36","userId":1}
{"level":"info","message":"Получение заданий для пользователя ID: 1","timestamp":"2026-03-21 00:09:36"}
{"level":"info","message":"Получение ожидающих приглашений пользователя","timestamp":"2026-03-21 00:09:36","userId":1}
{"level":"info","message":"Получение ожидающих приглашений пользователя","timestamp":"2026-03-21 00:09:36","userId":1}
{"level":"info","message":"Получение ожидающих приглашений пользователя","timestamp":"2026-03-21 00:09:36","userId":1}
{"level":"info","message":"Получение заданий для пользователя ID: 1","timestamp":"2026-03-21 00:09:36"}
{"level":"info","message":"Получение заданий для пользователя ID: 1","timestamp":"2026-03-21 00:09:36"}
{"assignmentId":32,"level":"info","message":"Получение состава команды проекта","timestamp":"2026-03-21 00:09:36"}
{"level":"info","message":"Получение заданий для пользователя ID: 1","timestamp":"2026-03-21 00:09:36"}
{"assignmentId":32,"level":"info","message":"Получение состава команды проекта","timestamp":"2026-03-21 00:09:36"}
{"assignmentId":32,"level":"info","message":"Получение состава команды проекта","timestamp":"2026-03-21 00:09:36"}
{"assignmentId":32,"level":"info","message":"Получение состава команды проекта","timestamp":"2026-03-21 00:09:36"}
{"assignmentId":32,"level":"info","message":"Получение состава команды проекта","timestamp":"2026-03-21 00:09:36"}
{"assignmentId":32,"level":"info","message":"Получение состава команды проекта","timestamp":"2026-03-21 00:09:36"}
{"level":"info","message":"Получение заданий для пользователя ID: 1","timestamp":"2026-03-21 00:10:06"}
{"level":"info","message":"Получение ожидающих приглашений пользователя","timestamp":"2026-03-21 00:10:06","userId":1}
{"level":"info","message":"Получение ожидающих приглашений пользователя","timestamp":"2026-03-21 00:10:06","userId":1}
{"level":"info","message":"Получение ожидающих приглашений пользователя","timestamp":"2026-03-21 00:10:06","userId":1}
{"level":"info","message":"Получение заданий для пользователя ID: 1","timestamp":"2026-03-21 00:10:06"}
{"level":"info","message":"Получение заданий для пользователя ID: 1","timestamp":"2026-03-21 00:10:06"}
{"level":"info","message":"Получение заданий для пользователя ID: 1","timestamp":"2026-03-21 00:10:07"}
{"level":"info","message":"Получение ожидающих приглашений пользователя","timestamp":"2026-03-21 00:10:07","userId":1}
{"level":"info","message":"Получение ожидающих приглашений пользователя","timestamp":"2026-03-21 00:10:07","userId":1}
{"level":"info","message":"Получение ожидающих приглашений пользователя","timestamp":"2026-03-21 00:10:07","userId":1}
{"level":"info","message":"Получение заданий для пользователя ID: 1","timestamp":"2026-03-21 00:10:07"}
{"level":"info","message":"Получение ожидающих приглашений пользователя","timestamp":"2026-03-21 00:10:07","userId":1}
{"level":"info","message":"Получение ожидающих приглашений пользователя","timestamp":"2026-03-21 00:10:07","userId":1}
{"level":"info","message":"Получение заданий для пользователя ID: 1","timestamp":"2026-03-21 00:10:07"}
{"level":"info","message":"Получение заданий для пользователя ID: 1","timestamp":"2026-03-21 00:10:07"}
{"level":"info","message":"Получение заданий для пользователя ID: 1","timestamp":"2026-03-21 00:10:07"}
{"assignmentId":32,"level":"info","message":"Получение состава команды проекта","timestamp":"2026-03-21 00:10:07"}
{"assignmentId":32,"level":"info","message":"Получение состава команды проекта","timestamp":"2026-03-21 00:10:07"}
{"assignmentId":32,"level":"info","message":"Получение состава команды проекта","timestamp":"2026-03-21 00:10:07"}
{"assignmentId":32,"level":"info","message":"Получение состава команды проекта","timestamp":"2026-03-21 00:10:07"}
{"assignmentId":32,"level":"info","message":"Получение состава команды проекта","timestamp":"2026-03-21 00:10:07"}
{"assignmentId":32,"level":"info","message":"Получение состава команды проекта","timestamp":"2026-03-21 00:10:07"}
{"assignmentId":32,"level":"info","message":"Получение состава команды проекта","timestamp":"2026-03-21 00:10:07"}
{"error":"insert or update on table \"task_comments\" violates foreign key constraint \"task_comments_task_id_fkey\"","level":"error","message":"Database query failed","query":"INSERT INTO task_comments (task_id, user_id, text, created_at, is_read) VALUES ($1, $2, $3, now(), FALSE) RETURNING *","timestamp":"2026-03-21 00:10:12"}
{"commentId":75,"level":"info","message":"Comment created with audit","taskId":180,"timestamp":"2026-03-21 00:10:16","userId":1}
{"level":"info","message":"Получение заданий для пользователя ID: 1","timestamp":"2026-03-21 00:10:21"}
{"level":"info","message":"Получение заданий для пользователя ID: 1","timestamp":"2026-03-21 00:10:21"}
{"level":"info","message":"Получение ожидающих приглашений пользователя","timestamp":"2026-03-21 00:10:21","userId":1}
{"level":"info","message":"Получение ожидающих приглашений пользователя","timestamp":"2026-03-21 00:10:21","userId":1}
{"level":"info","message":"Получение заданий для пользователя ID: 1","timestamp":"2026-03-21 00:10:32"}
{"level":"info","message":"Получение ожидающих приглашений пользователя","timestamp":"2026-03-21 00:10:32","userId":1}
{"level":"info","message":"Получение ожидающих приглашений пользователя","timestamp":"2026-03-21 00:10:32","userId":1}
{"level":"info","message":"Получение ожидающих приглашений пользователя","timestamp":"2026-03-21 00:10:32","userId":1}
{"level":"info","message":"Получение ожидающих приглашений пользователя","timestamp":"2026-03-21 00:10:32","userId":1}
{"level":"info","message":"Получение заданий для пользователя ID: 1","timestamp":"2026-03-21 00:10:32"}
{"level":"info","message":"Получение ожидающих приглашений пользователя","timestamp":"2026-03-21 00:10:32","userId":1}
{"assignmentId":32,"level":"info","message":"Получение состава команды проекта","timestamp":"2026-03-21 00:10:32"}
{"level":"info","message":"Получение заданий для пользователя ID: 1","timestamp":"2026-03-21 00:10:32"}
{"assignmentId":32,"level":"info","message":"Получение состава команды проекта","timestamp":"2026-03-21 00:10:32"}
{"assignmentId":32,"level":"info","message":"Получение состава команды проекта","timestamp":"2026-03-21 00:10:32"}
{"level":"info","message":"Получение заданий для пользователя ID: 1","timestamp":"2026-03-21 00:10:32"}
{"assignmentId":32,"level":"info","message":"Получение состава команды проекта","timestamp":"2026-03-21 00:10:32"}
{"level":"info","message":"Получение заданий для пользователя ID: 1","timestamp":"2026-03-21 00:10:32"}
{"assignmentId":32,"level":"info","message":"Получение состава команды проекта","timestamp":"2026-03-21 00:10:32"}
{"assignmentId":32,"level":"info","message":"Получение состава команды проекта","timestamp":"2026-03-21 00:10:32"}
{"assignmentId":32,"level":"info","message":"Получение состава команды проекта","timestamp":"2026-03-21 00:10:32"}
{"level":"info","message":"Получение заданий для пользователя ID: 1","timestamp":"2026-03-21 00:11:02"}
{"level":"info","message":"Получение ожидающих приглашений пользователя","timestamp":"2026-03-21 00:11:02","userId":1}
{"level":"info","message":"Получение ожидающих приглашений пользователя","timestamp":"2026-03-21 00:11:02","userId":1}
{"level":"info","message":"Получение заданий для пользователя ID: 1","timestamp":"2026-03-21 00:11:02"}
{"level":"info","message":"Получение заданий для пользователя ID: 1","timestamp":"2026-03-21 00:11:02"}
{"level":"info","message":"Получение ожидающих приглашений пользователя","timestamp":"2026-03-21 00:11:02","userId":1}
{"level":"info","message":"Получение заданий для пользователя ID: 1","timestamp":"2026-03-21 00:11:33"}
{"level":"info","message":"Получение ожидающих приглашений пользователя","timestamp":"2026-03-21 00:11:33","userId":1}
{"level":"info","message":"Получение ожидающих приглашений пользователя","timestamp":"2026-03-21 00:11:33","userId":1}
{"level":"info","message":"Получение ожидающих приглашений пользователя","timestamp":"2026-03-21 00:11:33","userId":1}
{"level":"info","message":"Получение заданий для пользователя ID: 1","timestamp":"2026-03-21 00:11:33"}
{"level":"info","message":"Получение заданий для пользователя ID: 1","timestamp":"2026-03-21 00:11:33"}
{"level":"info","message":"Получение ожидающих приглашений пользователя","timestamp":"2026-03-21 00:12:04","userId":1}
{"level":"info","message":"Получение заданий для пользователя ID: 1","timestamp":"2026-03-21 00:12:04"}
{"level":"info","message":"Получение заданий для пользователя ID: 1","timestamp":"2026-03-21 00:12:04"}
{"level":"info","message":"Получение ожидающих приглашений пользователя","timestamp":"2026-03-21 00:12:04","userId":1}
{"level":"info","message":"Получение ожидающих приглашений пользователя","timestamp":"2026-03-21 00:12:04","userId":1}
{"level":"info","message":"Получение заданий для пользователя ID: 1","timestamp":"2026-03-21 00:12:04"}
{"level":"info","message":"Получение заданий для пользователя ID: 1","timestamp":"2026-03-21 00:12:11"}
{"level":"info","message":"Получение ожидающих приглашений пользователя","timestamp":"2026-03-21 00:12:11","userId":1}
{"level":"info","message":"Получение ожидающих приглашений пользователя","timestamp":"2026-03-21 00:12:11","userId":1}
{"level":"info","message":"Получение заданий для пользователя ID: 1","timestamp":"2026-03-21 00:12:11"}
{"level":"info","message":"Получение заданий для пользователя ID: 1","timestamp":"2026-03-21 00:12:16"}
{"level":"info","message":"Получение ожидающих приглашений пользователя","timestamp":"2026-03-21 00:12:16","userId":1}
{"level":"info","message":"Получение ожидающих приглашений пользователя","timestamp":"2026-03-21 00:12:16","userId":1}
{"level":"info","message":"Получение ожидающих приглашений пользователя","timestamp":"2026-03-21 00:12:16","userId":1}
{"level":"info","message":"Получение заданий для пользователя ID: 1","timestamp":"2026-03-21 00:12:16"}
{"level":"info","message":"Получение ожидающих приглашений пользователя","timestamp":"2026-03-21 00:12:16","userId":1}
{"level":"info","message":"Получение заданий для пользователя ID: 1","timestamp":"2026-03-21 00:12:16"}
{"assignmentId":32,"level":"info","message":"Получение состава команды проекта","timestamp":"2026-03-21 00:12:16"}
{"level":"info","message":"Получение ожидающих приглашений пользователя","timestamp":"2026-03-21 00:12:16","userId":1}
{"assignmentId":32,"level":"info","message":"Получение состава команды проекта","timestamp":"2026-03-21 00:12:16"}
{"assignmentId":32,"level":"info","message":"Получение состава команды проекта","timestamp":"2026-03-21 00:12:16"}
{"assignmentId":32,"level":"info","message":"Получение состава команды проекта","timestamp":"2026-03-21 00:12:16"}
{"level":"info","message":"Получение заданий для пользователя ID: 1","timestamp":"2026-03-21 00:12:16"}
{"level":"info","message":"Получение заданий для пользователя ID: 1","timestamp":"2026-03-21 00:12:16"}
{"assignmentId":32,"level":"info","message":"Получение состава команды проекта","timestamp":"2026-03-21 00:12:16"}
{"assignmentId":32,"level":"info","message":"Получение состава команды проекта","timestamp":"2026-03-21 00:12:16"}
{"level":"info","message":"Получение ожидающих приглашений пользователя","timestamp":"2026-03-21 00:12:47","userId":1}
{"level":"info","message":"Получение заданий для пользователя ID: 1","timestamp":"2026-03-21 00:12:47"}
{"level":"info","message":"Получение ожидающих приглашений пользователя","timestamp":"2026-03-21 00:12:47","userId":1}
{"level":"info","message":"Получение ожидающих приглашений пользователя","timestamp":"2026-03-21 00:12:47","userId":1}
{"level":"info","message":"Получение заданий для пользователя ID: 1","timestamp":"2026-03-21 00:12:47"}
{"level":"info","message":"Получение заданий для пользователя ID: 1","timestamp":"2026-03-21 00:12:47"}
{"level":"info","message":"Получение заданий для пользователя ID: 1","timestamp":"2026-03-21 00:16:19"}
{"level":"info","message":"Получение ожидающих приглашений пользователя","timestamp":"2026-03-21 00:16:19","userId":1}
{"level":"info","message":"Получение ожидающих приглашений пользователя","timestamp":"2026-03-21 00:16:19","userId":1}
{"level":"info","message":"Получение ожидающих приглашений пользователя","timestamp":"2026-03-21 00:16:19","userId":1}
{"level":"info","message":"Получение заданий для пользователя ID: 1","timestamp":"2026-03-21 00:16:19"}
{"level":"info","message":"Получение ожидающих приглашений пользователя","timestamp":"2026-03-21 00:16:19","userId":1}
{"level":"info","message":"Получение ожидающих приглашений пользователя","timestamp":"2026-03-21 00:16:19","userId":1}
{"level":"info","message":"Получение заданий для пользователя ID: 1","timestamp":"2026-03-21 00:16:19"}
{"level":"info","message":"Получение заданий для пользователя ID: 1","timestamp":"2026-03-21 00:16:19"}
{"level":"info","message":"Получение заданий для пользователя ID: 1","timestamp":"2026-03-21 00:16:19"}
{"assignmentId":32,"level":"info","message":"Получение состава команды проекта","timestamp":"2026-03-21 00:16:19"}
{"assignmentId":32,"level":"info","message":"Получение состава команды проекта","timestamp":"2026-03-21 00:16:19"}
{"assignmentId":32,"level":"info","message":"Получение состава команды проекта","timestamp":"2026-03-21 00:16:19"}
{"assignmentId":32,"level":"info","message":"Получение состава команды проекта","timestamp":"2026-03-21 00:16:19"}
{"assignmentId":32,"level":"info","message":"Получение состава команды проекта","timestamp":"2026-03-21 00:16:19"}
{"assignmentId":32,"level":"info","message":"Получение состава команды проекта","timestamp":"2026-03-21 00:16:19"}
{"level":"info","message":"Получение ожидающих приглашений пользователя","timestamp":"2026-03-21 00:16:46","userId":1}
{"level":"info","message":"Получение ожидающих приглашений пользователя","timestamp":"2026-03-21 00:16:46","userId":1}
{"level":"info","message":"Получение заданий для пользователя ID: 1","timestamp":"2026-03-21 00:16:46"}
{"level":"info","message":"Получение заданий для пользователя ID: 1","timestamp":"2026-03-21 00:16:46"}
{"level":"info","message":"Получение заданий для пользователя ID: 1","timestamp":"2026-03-21 00:16:50"}
{"level":"info","message":"Получение ожидающих приглашений пользователя","timestamp":"2026-03-21 00:16:50","userId":1}
{"level":"info","message":"Получение ожидающих приглашений пользователя","timestamp":"2026-03-21 00:16:50","userId":1}
{"level":"info","message":"Получение ожидающих приглашений пользователя","timestamp":"2026-03-21 00:16:50","userId":1}
{"level":"info","message":"Получение заданий для пользователя ID: 1","timestamp":"2026-03-21 00:16:50"}
{"level":"info","message":"Получение ожидающих приглашений пользователя","timestamp":"2026-03-21 00:16:50","userId":1}
{"level":"info","message":"Получение заданий для пользователя ID: 1","timestamp":"2026-03-21 00:16:50"}
{"level":"info","message":"Получение заданий для пользователя ID: 1","timestamp":"2026-03-21 00:16:50"}
{"assignmentId":32,"level":"info","message":"Получение состава команды проекта","timestamp":"2026-03-21 00:16:50"}
{"level":"info","message":"Получение ожидающих приглашений пользователя","timestamp":"2026-03-21 00:16:50","userId":1}
{"assignmentId":32,"level":"info","message":"Получение состава команды проекта","timestamp":"2026-03-21 00:16:50"}
{"level":"info","message":"Получение заданий для пользователя ID: 1","timestamp":"2026-03-21 00:16:50"}
{"assignmentId":32,"level":"info","message":"Получение состава команды проекта","timestamp":"2026-03-21 00:16:50"}
{"assignmentId":32,"level":"info","message":"Получение состава команды проекта","timestamp":"2026-03-21 00:16:50"}
{"assignmentId":32,"level":"info","message":"Получение состава команды проекта","timestamp":"2026-03-21 00:16:50"}
{"assignmentId":32,"level":"info","message":"Получение состава команды проекта","timestamp":"2026-03-21 00:16:50"}
{"level":"info","message":"Получение ожидающих приглашений пользователя","timestamp":"2026-03-21 00:17:21","userId":1}
{"level":"info","message":"Получение заданий для пользователя ID: 1","timestamp":"2026-03-21 00:17:21"}
{"level":"info","message":"Получение ожидающих приглашений пользователя","timestamp":"2026-03-21 00:17:21","userId":1}
{"level":"info","message":"Получение заданий для пользователя ID: 1","timestamp":"2026-03-21 00:17:21"}
{"level":"info","message":"Получение заданий для пользователя ID: 1","timestamp":"2026-03-21 00:17:21"}
{"level":"info","message":"Получение ожидающих приглашений пользователя","timestamp":"2026-03-21 00:17:21","userId":1}
{"level":"info","message":"Получение заданий для пользователя ID: 1","timestamp":"2026-03-21 00:17:33"}
{"level":"info","message":"Получение заданий для пользователя ID: 1","timestamp":"2026-03-21 00:17:33"}
{"level":"info","message":"Получение ожидающих приглашений пользователя","timestamp":"2026-03-21 00:17:33","userId":1}
{"level":"info","message":"Получение ожидающих приглашений пользователя","timestamp":"2026-03-21 00:17:33","userId":1}
{"assignmentId":32,"level":"info","message":"Получение состава команды проекта","timestamp":"2026-03-21 00:17:33"}
{"assignmentId":32,"level":"info","message":"Получение состава команды проекта","timestamp":"2026-03-21 00:17:33"}
{"assignmentId":32,"level":"info","message":"Получение состава команды проекта","timestamp":"2026-03-21 00:17:33"}
{"level":"info","message":"Получение заданий для пользователя ID: 1","timestamp":"2026-03-21 00:17:33"}
{"level":"info","message":"Получение ожидающих приглашений пользователя","timestamp":"2026-03-21 00:17:33","userId":1}
{"level":"info","message":"Получение ожидающих приглашений пользователя","timestamp":"2026-03-21 00:17:33","userId":1}
{"assignmentId":32,"level":"info","message":"Получение состава команды проекта","timestamp":"2026-03-21 00:17:33"}
{"level":"info","message":"Получение заданий для пользователя ID: 1","timestamp":"2026-03-21 00:17:33"}
{"level":"info","message":"Получение ожидающих приглашений пользователя","timestamp":"2026-03-21 00:17:33","userId":1}
{"level":"info","message":"Получение ожидающих приглашений пользователя","timestamp":"2026-03-21 00:17:33","userId":1}
{"level":"info","message":"Получение заданий для пользователя ID: 1","timestamp":"2026-03-21 00:17:33"}
{"level":"info","message":"Получение заданий для пользователя ID: 1","timestamp":"2026-03-21 00:17:33"}
{"level":"info","message":"Получение ожидающих приглашений пользователя","timestamp":"2026-03-21 00:18:03","userId":1}
{"level":"info","message":"Получение заданий для пользователя ID: 1","timestamp":"2026-03-21 00:18:03"}
{"level":"info","message":"Получение ожидающих приглашений пользователя","timestamp":"2026-03-21 00:18:03","userId":1}
{"level":"info","message":"Получение заданий для пользователя ID: 1","timestamp":"2026-03-21 00:18:03"}
{"level":"info","message":"Получение заданий для пользователя ID: 1","timestamp":"2026-03-21 00:18:03"}
{"level":"info","message":"Получение ожидающих приглашений пользователя","timestamp":"2026-03-21 00:18:03","userId":1}
{"level":"info","message":"Получение заданий для пользователя ID: 1","timestamp":"2026-03-21 00:18:30"}
{"level":"info","message":"Получение ожидающих приглашений пользователя","timestamp":"2026-03-21 00:18:30","userId":1}
{"level":"info","message":"Получение ожидающих приглашений пользователя","timestamp":"2026-03-21 00:18:30","userId":1}
{"level":"info","message":"Получение ожидающих приглашений пользователя","timestamp":"2026-03-21 00:18:30","userId":1}
{"level":"info","message":"Получение заданий для пользователя ID: 1","timestamp":"2026-03-21 00:18:30"}
{"level":"info","message":"Получение ожидающих приглашений пользователя","timestamp":"2026-03-21 00:18:30","userId":1}
{"level":"info","message":"Получение ожидающих приглашений пользователя","timestamp":"2026-03-21 00:18:30","userId":1}
{"level":"info","message":"Получение заданий для пользователя ID: 1","timestamp":"2026-03-21 00:18:30"}
{"assignmentId":32,"level":"info","message":"Получение состава команды проекта","timestamp":"2026-03-21 00:18:30"}
{"level":"info","message":"Получение заданий для пользователя ID: 1","timestamp":"2026-03-21 00:18:30"}
{"assignmentId":32,"level":"info","message":"Получение состава команды проекта","timestamp":"2026-03-21 00:18:30"}
{"assignmentId":32,"level":"info","message":"Получение состава команды проекта","timestamp":"2026-03-21 00:18:30"}
{"level":"info","message":"Получение заданий для пользователя ID: 1","timestamp":"2026-03-21 00:18:30"}
{"assignmentId":32,"level":"info","message":"Получение состава команды проекта","timestamp":"2026-03-21 00:18:30"}
{"assignmentId":32,"level":"info","message":"Получение состава команды проекта","timestamp":"2026-03-21 00:18:30"}
{"assignmentId":32,"level":"info","message":"Получение состава команды проекта","timestamp":"2026-03-21 00:18:30"}
{"assignmentId":32,"level":"info","message":"Получение состава команды проекта","timestamp":"2026-03-21 00:18:30"}
{"level":"info","message":"Получение заданий для пользователя ID: 3","timestamp":"2026-03-21 00:18:37"}
{"level":"info","message":"Получение ожидающих приглашений пользователя","timestamp":"2026-03-21 00:18:37","userId":3}
{"level":"info","message":"Получение ожидающих приглашений пользователя","timestamp":"2026-03-21 00:18:37","userId":3}
{"level":"info","message":"Получение заданий для пользователя ID: 3","timestamp":"2026-03-21 00:18:37"}
{"level":"info","message":"Получение ожидающих приглашений пользователя","timestamp":"2026-03-21 00:18:37","userId":3}
{"level":"info","message":"Получение заданий для пользователя ID: 3","timestamp":"2026-03-21 00:18:37"}
{"assignmentId":35,"level":"info","message":"Получение состава команды проекта","timestamp":"2026-03-21 00:18:37"}
{"assignmentId":35,"level":"info","message":"Получение состава команды проекта","timestamp":"2026-03-21 00:18:37"}
{"level":"info","message":"Получение заданий для пользователя ID: 3","timestamp":"2026-03-21 00:18:37"}
{"level":"info","message":"Получение ожидающих приглашений пользователя","timestamp":"2026-03-21 00:18:37","userId":3}
{"assignmentId":35,"level":"info","message":"Получение состава команды проекта","timestamp":"2026-03-21 00:18:37"}
{"level":"info","message":"Получение ожидающих приглашений пользователя","timestamp":"2026-03-21 00:18:37","userId":3}
{"level":"info","message":"Получение заданий для пользователя ID: 3","timestamp":"2026-03-21 00:18:37"}
{"assignmentId":35,"level":"info","message":"Получение состава команды проекта","timestamp":"2026-03-21 00:18:37"}
{"level":"info","message":"Получение заданий для пользователя ID: 3","timestamp":"2026-03-21 00:18:41"}
{"level":"info","message":"Получение заданий для пользователя ID: 3","timestamp":"2026-03-21 00:18:41"}
{"level":"info","message":"Получение заданий для пользователя ID: 3","timestamp":"2026-03-21 00:18:41"}
{"level":"info","message":"Получение заданий для пользователя ID: 3","timestamp":"2026-03-21 00:18:42"}
{"level":"info","message":"Получение ожидающих приглашений пользователя","timestamp":"2026-03-21 00:18:42","userId":3}
{"level":"info","message":"Получение ожидающих приглашений пользователя","timestamp":"2026-03-21 00:18:42","userId":3}
{"level":"info","message":"Получение заданий для пользователя ID: 3","timestamp":"2026-03-21 00:18:42"}
{"level":"info","message":"Получение заданий для пользователя ID: 3","timestamp":"2026-03-21 00:18:43"}
{"level":"info","message":"Получение ожидающих приглашений пользователя","timestamp":"2026-03-21 00:18:43","userId":3}
{"level":"info","message":"Получение ожидающих приглашений пользователя","timestamp":"2026-03-21 00:18:43","userId":3}
{"level":"info","message":"Получение заданий для пользователя ID: 3","timestamp":"2026-03-21 00:18:43"}
{"level":"info","message":"Получение ожидающих приглашений пользователя","timestamp":"2026-03-21 00:18:43","userId":3}
{"level":"info","message":"Получение заданий для пользователя ID: 3","timestamp":"2026-03-21 00:18:43"}
{"assignmentId":35,"level":"info","message":"Получение состава команды проекта","timestamp":"2026-03-21 00:18:43"}
{"assignmentId":35,"level":"info","message":"Получение состава команды проекта","timestamp":"2026-03-21 00:18:43"}
{"assignmentId":35,"level":"info","message":"Получение состава команды проекта","timestamp":"2026-03-21 00:18:43"}
{"level":"info","message":"Получение заданий для пользователя ID: 3","timestamp":"2026-03-21 00:18:43"}
{"level":"info","message":"Получение ожидающих приглашений пользователя","timestamp":"2026-03-21 00:18:43","userId":3}
{"level":"info","message":"Получение ожидающих приглашений пользователя","timestamp":"2026-03-21 00:18:43","userId":3}
{"level":"info","message":"Получение заданий для пользователя ID: 3","timestamp":"2026-03-21 00:18:43"}
{"assignmentId":35,"level":"info","message":"Получение состава команды проекта","timestamp":"2026-03-21 00:18:43"}
{"assignmentId":35,"level":"info","message":"Получение состава команды проекта","timestamp":"2026-03-21 00:18:43"}
{"level":"info","message":"Получение заданий для пользователя ID: 2","timestamp":"2026-03-21 00:18:54"}
{"level":"info","message":"Получение ожидающих приглашений пользователя","timestamp":"2026-03-21 00:18:54","userId":2}
{"level":"info","message":"Получение ожидающих приглашений пользователя","timestamp":"2026-03-21 00:18:54","userId":2}
{"level":"info","message":"Получение ожидающих приглашений пользователя","timestamp":"2026-03-21 00:18:54","userId":2}
{"level":"info","message":"Получение заданий для пользователя ID: 2","timestamp":"2026-03-21 00:18:55"}
{"level":"info","message":"Получение ожидающих приглашений пользователя","timestamp":"2026-03-21 00:18:55","userId":2}
{"level":"info","message":"Получение ожидающих приглашений пользователя","timestamp":"2026-03-21 00:18:55","userId":2}
{"level":"info","message":"Получение заданий для пользователя ID: 2","timestamp":"2026-03-21 00:18:55"}
{"assignmentId":26,"level":"info","message":"Получение состава команды проекта","timestamp":"2026-03-21 00:18:55"}
{"level":"info","message":"Получение заданий для пользователя ID: 2","timestamp":"2026-03-21 00:18:55"}
{"assignmentId":26,"level":"info","message":"Получение состава команды проекта","timestamp":"2026-03-21 00:18:55"}
{"assignmentId":26,"level":"info","message":"Получение состава команды проекта","timestamp":"2026-03-21 00:18:55"}
{"level":"info","message":"Получение заданий для пользователя ID: 2","timestamp":"2026-03-21 00:18:55"}
{"assignmentId":26,"level":"info","message":"Получение состава команды проекта","timestamp":"2026-03-21 00:18:55"}
{"assignmentId":26,"level":"info","message":"Получение состава команды проекта","timestamp":"2026-03-21 00:18:55"}
{"assignmentId":26,"level":"info","message":"Получение состава команды проекта","timestamp":"2026-03-21 00:18:55"}
{"assignmentId":26,"level":"info","message":"Получение состава команды проекта","timestamp":"2026-03-21 00:18:55"}
{"assignmentId":23,"level":"info","message":"Получение состава команды проекта","timestamp":"2026-03-21 00:18:59"}
{"assignmentId":23,"level":"info","message":"Получение состава команды проекта","timestamp":"2026-03-21 00:18:59"}
{"assignmentId":26,"level":"info","message":"Получение состава команды проекта","timestamp":"2026-03-21 00:19:00"}
{"assignmentId":26,"level":"info","message":"Получение состава команды проекта","timestamp":"2026-03-21 00:19:00"}
{"level":"info","message":"Получение заданий для пользователя ID: 2","timestamp":"2026-03-21 00:19:00"}
{"level":"info","message":"Получение ожидающих приглашений пользователя","timestamp":"2026-03-21 00:19:00","userId":2}
{"level":"info","message":"Получение ожидающих приглашений пользователя","timestamp":"2026-03-21 00:19:00","userId":2}
{"level":"info","message":"Получение заданий для пользователя ID: 2","timestamp":"2026-03-21 00:19:00"}
{"level":"info","message":"Получение заданий для пользователя ID: 2","timestamp":"2026-03-21 00:19:00"}
{"level":"info","message":"Получение ожидающих приглашений пользователя","timestamp":"2026-03-21 00:19:00","userId":2}
{"level":"info","message":"Получение заданий для пользователя ID: 2","timestamp":"2026-03-21 00:19:03"}
{"level":"info","message":"Получение ожидающих приглашений пользователя","timestamp":"2026-03-21 00:19:03","userId":2}
{"level":"info","message":"Получение заданий для пользователя ID: 2","timestamp":"2026-03-21 00:21:52"}
{"level":"info","message":"Получение заданий для пользователя ID: 2","timestamp":"2026-03-21 00:21:52"}
{"level":"info","message":"Получение заданий для пользователя ID: 2","timestamp":"2026-03-21 00:21:52"}
{"level":"info","message":"Получение заданий для пользователя ID: 2","timestamp":"2026-03-21 00:21:55"}
{"level":"info","message":"Получение ожидающих приглашений пользователя","timestamp":"2026-03-21 00:21:55","userId":2}
{"level":"info","message":"Получение ожидающих приглашений пользователя","timestamp":"2026-03-21 00:21:55","userId":2}
{"level":"info","message":"Получение заданий для пользователя ID: 2","timestamp":"2026-03-21 00:21:55"}
{"level":"info","message":"Получение заданий для пользователя ID: 2","timestamp":"2026-03-21 00:21:56"}
{"level":"info","message":"Получение ожидающих приглашений пользователя","timestamp":"2026-03-21 00:21:56","userId":2}
{"level":"info","message":"Получение ожидающих приглашений пользователя","timestamp":"2026-03-21 00:21:56","userId":2}
{"level":"info","message":"Получение заданий для пользователя ID: 2","timestamp":"2026-03-21 00:21:56"}
{"level":"info","message":"Получение ожидающих приглашений пользователя","timestamp":"2026-03-21 00:21:56","userId":2}
{"level":"info","message":"Получение заданий для пользователя ID: 2","timestamp":"2026-03-21 00:21:56"}
{"assignmentId":26,"level":"info","message":"Получение состава команды проекта","timestamp":"2026-03-21 00:21:56"}
{"level":"info","message":"Получение заданий для пользователя ID: 2","timestamp":"2026-03-21 00:21:56"}
{"assignmentId":26,"level":"info","message":"Получение состава команды проекта","timestamp":"2026-03-21 00:21:56"}
{"level":"info","message":"Получение ожидающих приглашений пользователя","timestamp":"2026-03-21 00:21:56","userId":2}
{"assignmentId":26,"level":"info","message":"Получение состава команды проекта","timestamp":"2026-03-21 00:21:56"}
{"level":"info","message":"Получение заданий для пользователя ID: 2","timestamp":"2026-03-21 00:21:56"}
{"level":"info","message":"Получение ожидающих приглашений пользователя","timestamp":"2026-03-21 00:21:56","userId":2}
{"assignmentId":26,"level":"info","message":"Получение состава команды проекта","timestamp":"2026-03-21 00:21:56"}
{"level":"info","message":"Получение заданий для пользователя ID: 1","timestamp":"2026-03-21 00:22:07"}
{"level":"info","message":"Получение ожидающих приглашений пользователя","timestamp":"2026-03-21 00:22:07","userId":1}
{"level":"info","message":"Получение ожидающих приглашений пользователя","timestamp":"2026-03-21 00:22:07","userId":1}
{"level":"info","message":"Получение ожидающих приглашений пользователя","timestamp":"2026-03-21 00:22:07","userId":1}
{"level":"info","message":"Получение заданий для пользователя ID: 1","timestamp":"2026-03-21 00:22:07"}
{"level":"info","message":"Получение ожидающих приглашений пользователя","timestamp":"2026-03-21 00:22:07","userId":1}
{"level":"info","message":"Получение ожидающих приглашений пользователя","timestamp":"2026-03-21 00:22:07","userId":1}
{"level":"info","message":"Получение заданий для пользователя ID: 1","timestamp":"2026-03-21 00:22:07"}
{"level":"info","message":"Получение заданий для пользователя ID: 1","timestamp":"2026-03-21 00:22:07"}
{"assignmentId":32,"level":"info","message":"Получение состава команды проекта","timestamp":"2026-03-21 00:22:07"}
{"level":"info","message":"Получение заданий для пользователя ID: 1","timestamp":"2026-03-21 00:22:07"}
{"assignmentId":32,"level":"info","message":"Получение состава команды проекта","timestamp":"2026-03-21 00:22:07"}
{"assignmentId":32,"level":"info","message":"Получение состава команды проекта","timestamp":"2026-03-21 00:22:07"}
{"assignmentId":32,"level":"info","message":"Получение состава команды проекта","timestamp":"2026-03-21 00:22:07"}
{"assignmentId":32,"level":"info","message":"Получение состава команды проекта","timestamp":"2026-03-21 00:22:07"}
{"level":"info","message":"Получение заданий для пользователя ID: 1","timestamp":"2026-03-21 00:22:25"}
{"level":"info","message":"Получение ожидающих приглашений пользователя","timestamp":"2026-03-21 00:22:25","userId":1}
{"level":"info","message":"Получение ожидающих приглашений пользователя","timestamp":"2026-03-21 00:22:25","userId":1}
{"level":"info","message":"Получение ожидающих приглашений пользователя","timestamp":"2026-03-21 00:22:25","userId":1}
{"level":"info","message":"Получение заданий для пользователя ID: 1","timestamp":"2026-03-21 00:22:25"}
{"level":"info","message":"Получение ожидающих приглашений пользователя","timestamp":"2026-03-21 00:22:25","userId":1}
{"level":"info","message":"Получение ожидающих приглашений пользователя","timestamp":"2026-03-21 00:22:25","userId":1}
{"level":"info","message":"Получение заданий для пользователя ID: 1","timestamp":"2026-03-21 00:22:25"}
{"level":"info","message":"Получение заданий для пользователя ID: 1","timestamp":"2026-03-21 00:22:25"}
{"level":"info","message":"Получение заданий для пользователя ID: 1","timestamp":"2026-03-21 00:22:25"}
{"assignmentId":32,"level":"info","message":"Получение состава команды проекта","timestamp":"2026-03-21 00:22:25"}
{"assignmentId":32,"level":"info","message":"Получение состава команды проекта","timestamp":"2026-03-21 00:22:25"}
{"assignmentId":32,"level":"info","message":"Получение состава команды проекта","timestamp":"2026-03-21 00:22:25"}
{"assignmentId":32,"level":"info","message":"Получение состава команды проекта","timestamp":"2026-03-21 00:22:25"}
{"assignmentId":32,"level":"info","message":"Получение состава команды проекта","timestamp":"2026-03-21 00:22:26"}
{"assignmentId":32,"level":"info","message":"Получение состава команды проекта","timestamp":"2026-03-21 00:22:26"}
{"level":"info","message":"Получение заданий для пользователя ID: 1","timestamp":"2026-03-21 00:22:28"}
{"level":"info","message":"Получение заданий для пользователя ID: 1","timestamp":"2026-03-21 00:22:28"}
{"level":"info","message":"Получение ожидающих приглашений пользователя","timestamp":"2026-03-21 00:22:28","userId":1}
{"level":"info","message":"Получение ожидающих приглашений пользователя","timestamp":"2026-03-21 00:22:28","userId":1}
{"level":"info","message":"Получение заданий для пользователя ID: 1","timestamp":"2026-03-21 00:22:28"}
{"level":"info","message":"Получение ожидающих приглашений пользователя","timestamp":"2026-03-21 00:22:28","userId":1}
{"level":"info","message":"Получение ожидающих приглашений пользователя","timestamp":"2026-03-21 00:22:28","userId":1}
{"level":"info","message":"Получение заданий для пользователя ID: 1","timestamp":"2026-03-21 00:22:29"}
{"assignmentId":32,"level":"info","message":"Получение состава команды проекта","timestamp":"2026-03-21 00:22:29"}
{"assignmentId":32,"level":"info","message":"Получение состава команды проекта","timestamp":"2026-03-21 00:22:29"}
{"assignmentId":32,"level":"info","message":"Получение состава команды проекта","timestamp":"2026-03-21 00:22:29"}
{"level":"info","message":"Получение заданий для пользователя ID: 1","timestamp":"2026-03-21 00:22:29"}
{"level":"info","message":"Получение ожидающих приглашений пользователя","timestamp":"2026-03-21 00:22:29","userId":1}
{"assignmentId":32,"level":"info","message":"Получение состава команды проекта","timestamp":"2026-03-21 00:22:29"}
{"assignmentId":32,"level":"info","message":"Получение состава команды проекта","timestamp":"2026-03-21 00:22:29"}
{"level":"info","message":"Получение заданий для пользователя ID: 1","timestamp":"2026-03-21 00:22:35"}
{"level":"info","message":"Получение ожидающих приглашений пользователя","timestamp":"2026-03-21 00:22:35","userId":1}
{"level":"info","message":"Получение ожидающих приглашений пользователя","timestamp":"2026-03-21 00:22:35","userId":1}
{"level":"info","message":"Получение ожидающих приглашений пользователя","timestamp":"2026-03-21 00:22:35","userId":1}
{"level":"info","message":"Получение заданий для пользователя ID: 1","timestamp":"2026-03-21 00:22:35"}
{"level":"info","message":"Получение ожидающих приглашений пользователя","timestamp":"2026-03-21 00:22:35","userId":1}
{"level":"info","message":"Получение заданий для пользователя ID: 1","timestamp":"2026-03-21 00:22:35"}
{"level":"info","message":"Получение заданий для пользователя ID: 1","timestamp":"2026-03-21 00:22:35"}
{"level":"info","message":"Получение ожидающих приглашений пользователя","timestamp":"2026-03-21 00:22:35","userId":1}
{"assignmentId":32,"level":"info","message":"Получение состава команды проекта","timestamp":"2026-03-21 00:22:35"}
{"level":"info","message":"Получение заданий для пользователя ID: 1","timestamp":"2026-03-21 00:22:35"}
{"assignmentId":32,"level":"info","message":"Получение состава команды проекта","timestamp":"2026-03-21 00:22:35"}
{"assignmentId":32,"level":"info","message":"Получение состава команды проекта","timestamp":"2026-03-21 00:22:35"}
{"assignmentId":32,"level":"info","message":"Получение состава команды проекта","timestamp":"2026-03-21 00:22:35"}
{"assignmentId":32,"level":"info","message":"Получение состава команды проекта","timestamp":"2026-03-21 00:22:35"}
{"assignmentId":32,"level":"info","message":"Получение состава команды проекта","timestamp":"2026-03-21 00:22:35"}
{"level":"info","message":"Получение заданий для пользователя ID: 1","timestamp":"2026-03-21 00:23:05"}
{"level":"info","message":"Получение ожидающих приглашений пользователя","timestamp":"2026-03-21 00:23:05","userId":1}
{"level":"info","message":"Получение заданий для пользователя ID: 1","timestamp":"2026-03-21 00:23:05"}
{"level":"info","message":"Получение ожидающих приглашений пользователя","timestamp":"2026-03-21 00:23:05","userId":1}
{"level":"info","message":"Получение заданий для пользователя ID: 1","timestamp":"2026-03-21 00:23:05"}
{"level":"info","message":"Получение ожидающих приглашений пользователя","timestamp":"2026-03-21 00:23:05","userId":1}
{"level":"info","message":"Получение заданий для пользователя ID: 1","timestamp":"2026-03-21 00:23:36"}
{"level":"info","message":"Получение ожидающих приглашений пользователя","timestamp":"2026-03-21 00:23:36","userId":1}
{"level":"info","message":"Получение заданий для пользователя ID: 1","timestamp":"2026-03-21 00:23:36"}
{"level":"info","message":"Получение ожидающих приглашений пользователя","timestamp":"2026-03-21 00:23:36","userId":1}
{"level":"info","message":"Получение заданий для пользователя ID: 1","timestamp":"2026-03-21 00:23:36"}
{"level":"info","message":"Получение ожидающих приглашений пользователя","timestamp":"2026-03-21 00:23:36","userId":1}
{"level":"info","message":"Получение заданий для пользователя ID: 1","timestamp":"2026-03-21 00:24:01"}
{"level":"info","message":"Получение ожидающих приглашений пользователя","timestamp":"2026-03-21 00:24:01","userId":1}
{"level":"info","message":"Получение ожидающих приглашений пользователя","timestamp":"2026-03-21 00:24:01","userId":1}
{"level":"info","message":"Получение ожидающих приглашений пользователя","timestamp":"2026-03-21 00:24:01","userId":1}
{"level":"info","message":"Получение заданий для пользователя ID: 1","timestamp":"2026-03-21 00:24:01"}
{"level":"info","message":"Получение ожидающих приглашений пользователя","timestamp":"2026-03-21 00:24:01","userId":1}
{"level":"info","message":"Получение ожидающих приглашений пользователя","timestamp":"2026-03-21 00:24:01","userId":1}
{"level":"info","message":"Получение заданий для пользователя ID: 1","timestamp":"2026-03-21 00:24:01"}
{"level":"info","message":"Получение заданий для пользователя ID: 1","timestamp":"2026-03-21 00:24:01"}
{"level":"info","message":"Получение заданий для пользователя ID: 1","timestamp":"2026-03-21 00:24:01"}
{"assignmentId":32,"level":"info","message":"Получение состава команды проекта","timestamp":"2026-03-21 00:24:02"}
{"assignmentId":32,"level":"info","message":"Получение состава команды проекта","timestamp":"2026-03-21 00:24:02"}
{"assignmentId":32,"level":"info","message":"Получение состава команды проекта","timestamp":"2026-03-21 00:24:02"}
{"assignmentId":32,"level":"info","message":"Получение состава команды проекта","timestamp":"2026-03-21 00:24:02"}
{"assignmentId":32,"level":"info","message":"Получение состава команды проекта","timestamp":"2026-03-21 00:24:02"}
{"level":"info","message":"Получение заданий для пользователя ID: 1","timestamp":"2026-03-21 00:24:07"}
{"level":"info","message":"Получение ожидающих приглашений пользователя","timestamp":"2026-03-21 00:24:07","userId":1}
{"level":"info","message":"Получение заданий для пользователя ID: 1","timestamp":"2026-03-21 00:24:07"}
{"level":"info","message":"Получение ожидающих приглашений пользователя","timestamp":"2026-03-21 00:24:07","userId":1}
{"level":"info","message":"Получение заданий для пользователя ID: 1","timestamp":"2026-03-21 00:24:07"}
{"level":"info","message":"Получение ожидающих приглашений пользователя","timestamp":"2026-03-21 00:24:07","userId":1}
{"level":"info","message":"Получение заданий для пользователя ID: 3","timestamp":"2026-03-21 00:24:08"}
{"level":"info","message":"Получение ожидающих приглашений пользователя","timestamp":"2026-03-21 00:24:08","userId":3}
{"level":"info","message":"Получение ожидающих приглашений пользователя","timestamp":"2026-03-21 00:24:09","userId":3}
{"level":"info","message":"Получение заданий для пользователя ID: 3","timestamp":"2026-03-21 00:24:09"}
{"level":"info","message":"Получение ожидающих приглашений пользователя","timestamp":"2026-03-21 00:24:09","userId":3}
{"level":"info","message":"Получение заданий для пользователя ID: 3","timestamp":"2026-03-21 00:24:09"}
{"assignmentId":35,"level":"info","message":"Получение состава команды проекта","timestamp":"2026-03-21 00:24:09"}
{"assignmentId":35,"level":"info","message":"Получение состава команды проекта","timestamp":"2026-03-21 00:24:09"}
{"assignmentId":35,"level":"info","message":"Получение состава команды проекта","timestamp":"2026-03-21 00:24:09"}
{"level":"info","message":"Получение заданий для пользователя ID: 3","timestamp":"2026-03-21 00:24:09"}
{"level":"info","message":"Получение ожидающих приглашений пользователя","timestamp":"2026-03-21 00:24:09","userId":3}
{"level":"info","message":"Получение ожидающих приглашений пользователя","timestamp":"2026-03-21 00:24:09","userId":3}
{"level":"info","message":"Получение заданий для пользователя ID: 3","timestamp":"2026-03-21 00:24:09"}
{"assignmentId":35,"level":"info","message":"Получение состава команды проекта","timestamp":"2026-03-21 00:24:09"}
{"level":"info","message":"Получение ожидающих приглашений пользователя","timestamp":"2026-03-21 00:24:25","userId":3}
{"level":"info","message":"Получение ожидающих приглашений пользователя","timestamp":"2026-03-21 00:24:25","userId":3}
{"level":"info","message":"Получение заданий для пользователя ID: 3","timestamp":"2026-03-21 00:24:25"}
{"level":"info","message":"Получение ожидающих приглашений пользователя","timestamp":"2026-03-21 00:24:25","userId":3}
{"level":"info","message":"Получение заданий для пользователя ID: 3","timestamp":"2026-03-21 00:24:25"}
{"level":"info","message":"Получение ожидающих приглашений пользователя","timestamp":"2026-03-21 00:24:25","userId":3}
{"level":"info","message":"Получение заданий для пользователя ID: 3","timestamp":"2026-03-21 00:24:25"}
{"level":"info","message":"Получение заданий для пользователя ID: 3","timestamp":"2026-03-21 00:24:25"}
{"assignmentId":35,"level":"info","message":"Получение состава команды проекта","timestamp":"2026-03-21 00:24:25"}
{"level":"info","message":"Получение ожидающих приглашений пользователя","timestamp":"2026-03-21 00:24:25","userId":3}
{"assignmentId":35,"level":"info","message":"Получение состава команды проекта","timestamp":"2026-03-21 00:24:25"}
{"level":"info","message":"Получение заданий для пользователя ID: 3","timestamp":"2026-03-21 00:24:25"}
{"assignmentId":35,"level":"info","message":"Получение состава команды проекта","timestamp":"2026-03-21 00:24:25"}
{"assignmentId":35,"level":"info","message":"Получение состава команды проекта","timestamp":"2026-03-21 00:24:25"}
{"assignmentId":35,"level":"info","message":"Получение состава команды проекта","timestamp":"2026-03-21 00:24:25"}
{"assignmentId":35,"level":"info","message":"Получение состава команды проекта","timestamp":"2026-03-21 00:24:25"}
{"level":"info","message":"Получение заданий для пользователя ID: 3","timestamp":"2026-03-21 00:24:38"}
{"level":"info","message":"Получение ожидающих приглашений пользователя","timestamp":"2026-03-21 00:24:38","userId":3}
{"level":"info","message":"Получение заданий для пользователя ID: 3","timestamp":"2026-03-21 00:24:38"}
{"level":"info","message":"Получение ожидающих приглашений пользователя","timestamp":"2026-03-21 00:24:38","userId":3}
{"level":"info","message":"Получение заданий для пользователя ID: 3","timestamp":"2026-03-21 00:24:38"}
{"level":"info","message":"Получение ожидающих приглашений пользователя","timestamp":"2026-03-21 00:24:38","userId":3}
{"level":"info","message":"Получение заданий для пользователя ID: 3","timestamp":"2026-03-21 00:24:55"}
{"level":"info","message":"Получение ожидающих приглашений пользователя","timestamp":"2026-03-21 00:24:55","userId":3}
{"level":"info","message":"Получение заданий для пользователя ID: 3","timestamp":"2026-03-21 00:24:55"}
{"level":"info","message":"Получение ожидающих приглашений пользователя","timestamp":"2026-03-21 00:24:55","userId":3}
{"level":"info","message":"Получение ожидающих приглашений пользователя","timestamp":"2026-03-21 00:24:55","userId":3}
{"level":"info","message":"Получение заданий для пользователя ID: 3","timestamp":"2026-03-21 00:24:55"}
{"level":"info","message":"Получение заданий для пользователя ID: 3","timestamp":"2026-03-21 00:25:09"}
{"level":"info","message":"Получение ожидающих приглашений пользователя","timestamp":"2026-03-21 00:25:09","userId":3}
{"level":"info","message":"Получение заданий для пользователя ID: 3","timestamp":"2026-03-21 00:25:09"}
{"level":"info","message":"Получение ожидающих приглашений пользователя","timestamp":"2026-03-21 00:25:09","userId":3}
{"level":"info","message":"Получение заданий для пользователя ID: 3","timestamp":"2026-03-21 00:25:09"}
{"level":"info","message":"Получение ожидающих приглашений пользователя","timestamp":"2026-03-21 00:25:09","userId":3}
{"level":"info","message":"Получение заданий для пользователя ID: 3","timestamp":"2026-03-21 00:25:26"}
{"level":"info","message":"Получение ожидающих приглашений пользователя","timestamp":"2026-03-21 00:25:26","userId":3}
{"level":"info","message":"Получение заданий для пользователя ID: 3","timestamp":"2026-03-21 00:25:26"}
{"level":"info","message":"Получение ожидающих приглашений пользователя","timestamp":"2026-03-21 00:25:26","userId":3}
{"level":"info","message":"Получение заданий для пользователя ID: 3","timestamp":"2026-03-21 00:25:26"}
{"level":"info","message":"Получение ожидающих приглашений пользователя","timestamp":"2026-03-21 00:25:26","userId":3}
{"level":"info","message":"Получение заданий для пользователя ID: 3","timestamp":"2026-03-21 00:25:40"}
{"level":"info","message":"Получение ожидающих приглашений пользователя","timestamp":"2026-03-21 00:25:40","userId":3}
{"level":"info","message":"Получение заданий для пользователя ID: 3","timestamp":"2026-03-21 00:25:40"}
{"level":"info","message":"Получение ожидающих приглашений пользователя","timestamp":"2026-03-21 00:25:40","userId":3}
{"level":"info","message":"Получение заданий для пользователя ID: 3","timestamp":"2026-03-21 00:25:40"}
{"level":"info","message":"Получение ожидающих приглашений пользователя","timestamp":"2026-03-21 00:25:40","userId":3}
{"assignmentId":35,"level":"info","message":"Получение состава команды проекта","timestamp":"2026-03-21 00:25:56"}
{"assignmentId":32,"level":"info","message":"Получение состава команды проекта","timestamp":"2026-03-21 00:25:56"}
{"level":"info","message":"Получение заданий для пользователя ID: 3","timestamp":"2026-03-21 00:26:27"}
{"level":"info","message":"Получение ожидающих приглашений пользователя","timestamp":"2026-03-21 00:26:27","userId":3}
{"level":"info","message":"Получение ожидающих приглашений пользователя","timestamp":"2026-03-21 00:26:27","userId":3}
{"level":"info","message":"Получение заданий для пользователя ID: 3","timestamp":"2026-03-21 00:26:27"}
{"level":"info","message":"Получение ожидающих приглашений пользователя","timestamp":"2026-03-21 00:26:27","userId":3}
{"level":"info","message":"Получение заданий для пользователя ID: 3","timestamp":"2026-03-21 00:26:27"}
{"level":"info","message":"Получение заданий для пользователя ID: 3","timestamp":"2026-03-21 00:26:27"}
{"level":"info","message":"Получение ожидающих приглашений пользователя","timestamp":"2026-03-21 00:26:27","userId":3}
{"level":"info","message":"Получение ожидающих приглашений пользователя","timestamp":"2026-03-21 00:26:27","userId":3}
{"level":"info","message":"Получение заданий для пользователя ID: 3","timestamp":"2026-03-21 00:26:27"}
{"level":"info","message":"Получение заданий для пользователя ID: 3","timestamp":"2026-03-21 00:26:27"}
{"level":"info","message":"Получение ожидающих приглашений пользователя","timestamp":"2026-03-21 00:26:27","userId":3}
{"assignmentId":35,"level":"info","message":"Получение состава команды проекта","timestamp":"2026-03-21 00:26:31"}
{"assignmentId":32,"level":"info","message":"Получение состава команды проекта","timestamp":"2026-03-21 00:26:31"}
{"assignmentId":35,"level":"info","message":"Получение состава команды проекта","timestamp":"2026-03-21 00:26:33"}
{"assignmentId":32,"level":"info","message":"Получение состава команды проекта","timestamp":"2026-03-21 00:26:33"}
{"assignmentId":35,"level":"info","message":"Получение состава команды проекта","timestamp":"2026-03-21 00:26:35"}
{"assignmentId":32,"level":"info","message":"Получение состава команды проекта","timestamp":"2026-03-21 00:26:35"}
{"level":"info","message":"Получение ожидающих приглашений пользователя","timestamp":"2026-03-21 00:26:53","userId":3}
{"level":"info","message":"Получение ожидающих приглашений пользователя","timestamp":"2026-03-21 00:26:53","userId":3}
{"level":"info","message":"Получение заданий для пользователя ID: 3","timestamp":"2026-03-21 00:26:53"}
{"level":"info","message":"Получение заданий для пользователя ID: 3","timestamp":"2026-03-21 00:26:53"}
{"level":"info","message":"Получение ожидающих приглашений пользователя","timestamp":"2026-03-21 00:26:53","userId":3}
{"level":"info","message":"Получение заданий для пользователя ID: 3","timestamp":"2026-03-21 00:26:53"}
{"assignmentId":35,"level":"info","message":"Получение состава команды проекта","timestamp":"2026-03-21 00:26:54"}
{"assignmentId":35,"level":"info","message":"Получение состава команды проекта","timestamp":"2026-03-21 00:26:54"}
{"assignmentId":35,"level":"info","message":"Получение состава команды проекта","timestamp":"2026-03-21 00:26:54"}
{"level":"info","message":"Получение заданий для пользователя ID: 3","timestamp":"2026-03-21 00:26:54"}
{"level":"info","message":"Получение ожидающих приглашений пользователя","timestamp":"2026-03-21 00:26:54","userId":3}
{"level":"info","message":"Получение ожидающих приглашений пользователя","timestamp":"2026-03-21 00:26:54","userId":3}
{"level":"info","message":"Получение заданий для пользователя ID: 3","timestamp":"2026-03-21 00:26:54"}
{"assignmentId":35,"level":"info","message":"Получение состава команды проекта","timestamp":"2026-03-21 00:26:54"}
{"assignmentId":35,"level":"info","message":"Получение состава команды проекта","timestamp":"2026-03-21 00:26:54"}
{"level":"info","message":"Получение заданий для пользователя ID: 3","timestamp":"2026-03-21 00:27:05"}
{"level":"info","message":"Получение ожидающих приглашений пользователя","timestamp":"2026-03-21 00:27:05","userId":3}
{"level":"info","message":"Получение заданий для пользователя ID: 3","timestamp":"2026-03-21 00:27:05"}
{"level":"info","message":"Получение ожидающих приглашений пользователя","timestamp":"2026-03-21 00:27:05","userId":3}
{"level":"info","message":"Получение заданий для пользователя ID: 3","timestamp":"2026-03-21 00:27:05"}
{"level":"info","message":"Получение ожидающих приглашений пользователя","timestamp":"2026-03-21 00:27:05","userId":3}
{"level":"info","message":"Получение заданий для пользователя ID: 3","timestamp":"2026-03-21 00:27:24"}
{"level":"info","message":"Получение ожидающих приглашений пользователя","timestamp":"2026-03-21 00:27:24","userId":3}
{"level":"info","message":"Получение заданий для пользователя ID: 3","timestamp":"2026-03-21 00:27:24"}
{"level":"info","message":"Получение ожидающих приглашений пользователя","timestamp":"2026-03-21 00:27:24","userId":3}
{"level":"info","message":"Получение заданий для пользователя ID: 3","timestamp":"2026-03-21 00:27:24"}
{"level":"info","message":"Получение ожидающих приглашений пользователя","timestamp":"2026-03-21 00:27:24","userId":3}
{"level":"info","message":"Получение ожидающих приглашений пользователя","timestamp":"2026-03-21 00:27:36","userId":3}
{"level":"info","message":"Получение заданий для пользователя ID: 3","timestamp":"2026-03-21 00:27:36"}
{"level":"info","message":"Получение заданий для пользователя ID: 3","timestamp":"2026-03-21 00:27:36"}
{"level":"info","message":"Получение ожидающих приглашений пользователя","timestamp":"2026-03-21 00:27:36","userId":3}
{"level":"info","message":"Получение заданий для пользователя ID: 3","timestamp":"2026-03-21 00:27:36"}
{"level":"info","message":"Получение ожидающих приглашений пользователя","timestamp":"2026-03-21 00:27:36","userId":3}
{"level":"info","message":"Получение заданий для пользователя ID: 3","timestamp":"2026-03-21 00:27:55"}
{"level":"info","message":"Получение ожидающих приглашений пользователя","timestamp":"2026-03-21 00:27:55","userId":3}
{"level":"info","message":"Получение заданий для пользователя ID: 3","timestamp":"2026-03-21 00:27:55"}
{"level":"info","message":"Получение ожидающих приглашений пользователя","timestamp":"2026-03-21 00:27:55","userId":3}
{"level":"info","message":"Получение заданий для пользователя ID: 3","timestamp":"2026-03-21 00:27:55"}
{"level":"info","message":"Получение ожидающих приглашений пользователя","timestamp":"2026-03-21 00:27:55","userId":3}
{"level":"info","message":"Получение заданий для пользователя ID: 3","timestamp":"2026-03-21 00:28:00"}
{"level":"info","message":"Получение ожидающих приглашений пользователя","timestamp":"2026-03-21 00:28:00","userId":3}
{"level":"info","message":"Получение заданий для пользователя ID: 3","timestamp":"2026-03-21 00:28:00"}
{"level":"info","message":"Получение ожидающих приглашений пользователя","timestamp":"2026-03-21 00:28:00","userId":3}
{"assignmentId":35,"level":"info","message":"Получение состава команды проекта","timestamp":"2026-03-21 00:28:00"}
{"level":"info","message":"Получение заданий для пользователя ID: 3","timestamp":"2026-03-21 00:28:00"}
{"assignmentId":35,"level":"info","message":"Получение состава команды проекта","timestamp":"2026-03-21 00:28:00"}
{"assignmentId":35,"level":"info","message":"Получение состава команды проекта","timestamp":"2026-03-21 00:28:00"}
{"level":"info","message":"Получение ожидающих приглашений пользователя","timestamp":"2026-03-21 00:28:00","userId":3}
{"level":"info","message":"Получение заданий для пользователя ID: 3","timestamp":"2026-03-21 00:28:00"}
{"level":"info","message":"Получение ожидающих приглашений пользователя","timestamp":"2026-03-21 00:28:00","userId":3}
{"assignmentId":35,"level":"info","message":"Получение состава команды проекта","timestamp":"2026-03-21 00:28:00"}
{"level":"info","message":"Получение заданий для пользователя ID: 3","timestamp":"2026-03-21 00:28:00"}
{"level":"info","message":"Получение ожидающих приглашений пользователя","timestamp":"2026-03-21 00:28:00","userId":3}
{"level":"info","message":"Получение заданий для пользователя ID: 3","timestamp":"2026-03-21 00:28:00"}
{"level":"info","message":"Получение ожидающих приглашений пользователя","timestamp":"2026-03-21 00:28:00","userId":3}
{"level":"info","message":"Получение заданий для пользователя ID: 1","timestamp":"2026-03-21 00:28:22"}
{"level":"info","message":"Получение ожидающих приглашений пользователя","timestamp":"2026-03-21 00:28:22","userId":1}
{"level":"info","message":"Получение ожидающих приглашений пользователя","timestamp":"2026-03-21 00:28:22","userId":1}
{"level":"info","message":"Получение ожидающих приглашений пользователя","timestamp":"2026-03-21 00:28:22","userId":1}
{"level":"info","message":"Получение заданий для пользователя ID: 1","timestamp":"2026-03-21 00:28:22"}
{"level":"info","message":"Получение ожидающих приглашений пользователя","timestamp":"2026-03-21 00:28:22","userId":1}
{"level":"info","message":"Получение ожидающих приглашений пользователя","timestamp":"2026-03-21 00:28:22","userId":1}
{"level":"info","message":"Получение заданий для пользователя ID: 1","timestamp":"2026-03-21 00:28:22"}
{"level":"info","message":"Получение заданий для пользователя ID: 1","timestamp":"2026-03-21 00:28:22"}
{"assignmentId":32,"level":"info","message":"Получение состава команды проекта","timestamp":"2026-03-21 00:28:22"}
{"assignmentId":32,"level":"info","message":"Получение состава команды проекта","timestamp":"2026-03-21 00:28:22"}
{"level":"info","message":"Получение заданий для пользователя ID: 1","timestamp":"2026-03-21 00:28:22"}
{"assignmentId":32,"level":"info","message":"Получение состава команды проекта","timestamp":"2026-03-21 00:28:22"}
{"assignmentId":32,"level":"info","message":"Получение состава команды проекта","timestamp":"2026-03-21 00:28:22"}
{"assignmentId":32,"level":"info","message":"Получение состава команды проекта","timestamp":"2026-03-21 00:28:22"}
{"assignmentId":32,"level":"info","message":"Получение состава команды проекта","timestamp":"2026-03-21 00:28:22"}
{"level":"info","message":"Получение заданий для пользователя ID: 1","timestamp":"2026-03-21 00:28:26"}
{"level":"info","message":"Получение ожидающих приглашений пользователя","timestamp":"2026-03-21 00:28:26","userId":1}
{"level":"info","message":"Получение ожидающих приглашений пользователя","timestamp":"2026-03-21 00:28:26","userId":1}
{"level":"info","message":"Получение заданий для пользователя ID: 1","timestamp":"2026-03-21 00:28:26"}
{"level":"info","message":"Получение заданий для пользователя ID: 1","timestamp":"2026-03-21 00:28:26"}
{"level":"info","message":"Получение ожидающих приглашений пользователя","timestamp":"2026-03-21 00:28:26","userId":1}
{"level":"info","message":"Получение заданий для пользователя ID: 1","timestamp":"2026-03-21 00:28:42"}
{"level":"info","message":"Получение заданий для пользователя ID: 1","timestamp":"2026-03-21 00:28:42"}
{"level":"info","message":"Получение ожидающих приглашений пользователя","timestamp":"2026-03-21 00:28:42","userId":1}
{"level":"info","message":"Получение ожидающих приглашений пользователя","timestamp":"2026-03-21 00:28:42","userId":1}
{"assignmentId":32,"level":"info","message":"Получение состава команды проекта","timestamp":"2026-03-21 00:28:42"}
{"assignmentId":32,"level":"info","message":"Получение состава команды проекта","timestamp":"2026-03-21 00:28:42"}
{"assignmentId":32,"level":"info","message":"Получение состава команды проекта","timestamp":"2026-03-21 00:28:42"}
{"level":"info","message":"Получение заданий для пользователя ID: 1","timestamp":"2026-03-21 00:28:42"}
{"level":"info","message":"Получение ожидающих приглашений пользователя","timestamp":"2026-03-21 00:28:42","userId":1}
{"level":"info","message":"Получение ожидающих приглашений пользователя","timestamp":"2026-03-21 00:28:42","userId":1}
{"level":"info","message":"Получение заданий для пользователя ID: 1","timestamp":"2026-03-21 00:28:42"}
{"assignmentId":32,"level":"info","message":"Получение состава команды проекта","timestamp":"2026-03-21 00:28:42"}
{"level":"info","message":"Получение заданий для пользователя ID: 1","timestamp":"2026-03-21 00:28:42"}
{"level":"info","message":"Получение ожидающих приглашений пользователя","timestamp":"2026-03-21 00:28:42","userId":1}
{"level":"info","message":"Получение ожидающих приглашений пользователя","timestamp":"2026-03-21 00:28:42","userId":1}
{"level":"info","message":"Получение заданий для пользователя ID: 1","timestamp":"2026-03-21 00:28:42"}
{"level":"info","message":"Получение заданий для пользователя ID: 1","timestamp":"2026-03-21 00:28:56"}
{"level":"info","message":"Получение ожидающих приглашений пользователя","timestamp":"2026-03-21 00:28:56","userId":1}
{"level":"info","message":"Получение заданий для пользователя ID: 1","timestamp":"2026-03-21 00:28:56"}
{"level":"info","message":"Получение ожидающих приглашений пользователя","timestamp":"2026-03-21 00:28:56","userId":1}
{"level":"info","message":"Получение заданий для пользователя ID: 1","timestamp":"2026-03-21 00:28:56"}
{"level":"info","message":"Получение ожидающих приглашений пользователя","timestamp":"2026-03-21 00:28:56","userId":1}
{"level":"info","message":"Получение ожидающих приглашений пользователя","timestamp":"2026-03-21 00:29:13","userId":1}
{"level":"info","message":"Получение заданий для пользователя ID: 1","timestamp":"2026-03-21 00:29:13"}
{"level":"info","message":"Получение заданий для пользователя ID: 1","timestamp":"2026-03-21 00:29:13"}
{"level":"info","message":"Получение ожидающих приглашений пользователя","timestamp":"2026-03-21 00:29:13","userId":1}
{"level":"info","message":"Получение заданий для пользователя ID: 1","timestamp":"2026-03-21 00:29:13"}
{"level":"info","message":"Получение ожидающих приглашений пользователя","timestamp":"2026-03-21 00:29:13","userId":1}
{"level":"info","message":"Получение заданий для пользователя ID: 1","timestamp":"2026-03-21 00:29:27"}
{"level":"info","message":"Получение ожидающих приглашений пользователя","timestamp":"2026-03-21 00:29:27","userId":1}
{"level":"info","message":"Получение заданий для пользователя ID: 1","timestamp":"2026-03-21 00:29:27"}
{"level":"info","message":"Получение ожидающих приглашений пользователя","timestamp":"2026-03-21 00:29:27","userId":1}
{"level":"info","message":"Получение заданий для пользователя ID: 1","timestamp":"2026-03-21 00:29:27"}
{"level":"info","message":"Получение ожидающих приглашений пользователя","timestamp":"2026-03-21 00:29:27","userId":1}
{"level":"info","message":"Получение заданий для пользователя ID: 1","timestamp":"2026-03-21 00:29:44"}
{"level":"info","message":"Получение ожидающих приглашений пользователя","timestamp":"2026-03-21 00:29:44","userId":1}
{"level":"info","message":"Получение заданий для пользователя ID: 1","timestamp":"2026-03-21 00:29:44"}
{"level":"info","message":"Получение ожидающих приглашений пользователя","timestamp":"2026-03-21 00:29:44","userId":1}
{"level":"info","message":"Получение заданий для пользователя ID: 1","timestamp":"2026-03-21 00:29:44"}
{"level":"info","message":"Получение ожидающих приглашений пользователя","timestamp":"2026-03-21 00:29:44","userId":1}
{"level":"info","message":"Получение заданий для пользователя ID: 1","timestamp":"2026-03-21 00:29:58"}
{"level":"info","message":"Получение ожидающих приглашений пользователя","timestamp":"2026-03-21 00:29:58","userId":1}
{"level":"info","message":"Получение ожидающих приглашений пользователя","timestamp":"2026-03-21 00:29:58","userId":1}
{"level":"info","message":"Получение заданий для пользователя ID: 1","timestamp":"2026-03-21 00:29:58"}
{"level":"info","message":"Получение заданий для пользователя ID: 1","timestamp":"2026-03-21 00:29:58"}
{"level":"info","message":"Получение ожидающих приглашений пользователя","timestamp":"2026-03-21 00:29:58","userId":1}
{"assignmentId":32,"level":"info","message":"Получение состава команды проекта","timestamp":"2026-03-21 00:30:06"}
{"assignmentId":35,"level":"info","message":"Получение состава команды проекта","timestamp":"2026-03-21 00:30:06"}
{"level":"info","message":"Получение ожидающих приглашений пользователя","timestamp":"2026-03-21 00:30:37","userId":1}
{"level":"info","message":"Получение заданий для пользователя ID: 1","timestamp":"2026-03-21 00:30:37"}
{"level":"info","message":"Получение ожидающих приглашений пользователя","timestamp":"2026-03-21 00:30:37","userId":1}
{"level":"info","message":"Получение заданий для пользователя ID: 1","timestamp":"2026-03-21 00:30:37"}
{"level":"info","message":"Получение заданий для пользователя ID: 1","timestamp":"2026-03-21 00:30:37"}
{"level":"info","message":"Получение заданий для пользователя ID: 1","timestamp":"2026-03-21 00:30:37"}
{"level":"info","message":"Получение ожидающих приглашений пользователя","timestamp":"2026-03-21 00:30:37","userId":1}
{"level":"info","message":"Получение ожидающих приглашений пользователя","timestamp":"2026-03-21 00:30:37","userId":1}
{"level":"info","message":"Получение заданий для пользователя ID: 1","timestamp":"2026-03-21 00:30:37"}
{"level":"info","message":"Получение ожидающих приглашений пользователя","timestamp":"2026-03-21 00:30:37","userId":1}
{"level":"info","message":"Получение заданий для пользователя ID: 1","timestamp":"2026-03-21 00:30:37"}
{"level":"info","message":"Получение ожидающих приглашений пользователя","timestamp":"2026-03-21 00:30:37","userId":1}
{"level":"info","message":"Получение заданий для пользователя ID: 1","timestamp":"2026-03-21 00:30:37"}
{"level":"info","message":"Получение ожидающих приглашений пользователя","timestamp":"2026-03-21 00:30:37","userId":1}
{"level":"info","message":"Получение заданий для пользователя ID: 1","timestamp":"2026-03-21 00:30:37"}
{"level":"info","message":"Получение ожидающих приглашений пользователя","timestamp":"2026-03-21 00:30:37","userId":1}
{"level":"info","message":"Получение заданий для пользователя ID: 1","timestamp":"2026-03-21 00:30:37"}
{"level":"info","message":"Получение ожидающих приглашений пользователя","timestamp":"2026-03-21 00:30:37","userId":1}
{"level":"info","message":"Получение заданий для пользователя ID: 1","timestamp":"2026-03-21 00:30:37"}
{"level":"info","message":"Получение ожидающих приглашений пользователя","timestamp":"2026-03-21 00:30:37","userId":1}
{"level":"info","message":"Получение заданий для пользователя ID: 1","timestamp":"2026-03-21 00:30:37"}
{"level":"info","message":"Получение ожидающих приглашений пользователя","timestamp":"2026-03-21 00:30:37","userId":1}
{"level":"info","message":"Получение заданий для пользователя ID: 1","timestamp":"2026-03-21 00:30:38"}
{"level":"info","message":"Получение ожидающих приглашений пользователя","timestamp":"2026-03-21 00:30:38","userId":1}
{"level":"info","message":"Получение заданий для пользователя ID: 1","timestamp":"2026-03-21 00:30:38"}
{"level":"info","message":"Получение ожидающих приглашений пользователя","timestamp":"2026-03-21 00:30:38","userId":1}
{"level":"info","message":"Получение заданий для пользователя ID: 1","timestamp":"2026-03-21 00:30:38"}
{"level":"info","message":"Получение ожидающих приглашений пользователя","timestamp":"2026-03-21 00:30:38","userId":1}
{"level":"info","message":"Получение заданий для пользователя ID: 1","timestamp":"2026-03-21 00:30:38"}
{"level":"info","message":"Получение ожидающих приглашений пользователя","timestamp":"2026-03-21 00:30:38","userId":1}
{"level":"info","message":"Получение заданий для пользователя ID: 1","timestamp":"2026-03-21 00:30:38"}
{"level":"info","message":"Получение ожидающих приглашений пользователя","timestamp":"2026-03-21 00:30:38","userId":1}
{"level":"info","message":"Получение заданий для пользователя ID: 1","timestamp":"2026-03-21 00:30:38"}
{"level":"info","message":"Получение ожидающих приглашений пользователя","timestamp":"2026-03-21 00:30:38","userId":1}
{"level":"info","message":"Получение заданий для пользователя ID: 1","timestamp":"2026-03-21 00:30:38"}
{"level":"info","message":"Получение ожидающих приглашений пользователя","timestamp":"2026-03-21 00:30:38","userId":1}
{"level":"info","message":"Получение заданий для пользователя ID: 1","timestamp":"2026-03-21 00:30:38"}
{"level":"info","message":"Получение ожидающих приглашений пользователя","timestamp":"2026-03-21 00:30:38","userId":1}
{"level":"info","message":"Получение заданий для пользователя ID: 1","timestamp":"2026-03-21 00:30:38"}
{"level":"info","message":"Получение ожидающих приглашений пользователя","timestamp":"2026-03-21 00:30:38","userId":1}
{"level":"info","message":"Получение заданий для пользователя ID: 1","timestamp":"2026-03-21 00:30:38"}
{"level":"info","message":"Получение ожидающих приглашений пользователя","timestamp":"2026-03-21 00:30:38","userId":1}
{"level":"info","message":"Получение заданий для пользователя ID: 1","timestamp":"2026-03-21 00:30:38"}
{"level":"info","message":"Получение ожидающих приглашений пользователя","timestamp":"2026-03-21 00:30:38","userId":1}
{"level":"info","message":"Получение заданий для пользователя ID: 1","timestamp":"2026-03-21 00:30:38"}
{"level":"info","message":"Получение ожидающих приглашений пользователя","timestamp":"2026-03-21 00:30:38","userId":1}
{"level":"info","message":"Получение заданий для пользователя ID: 1","timestamp":"2026-03-21 00:30:38"}
{"level":"info","message":"Получение ожидающих приглашений пользователя","timestamp":"2026-03-21 00:30:38","userId":1}
{"level":"info","message":"Получение заданий для пользователя ID: 1","timestamp":"2026-03-21 00:30:38"}
{"level":"info","message":"Получение ожидающих приглашений пользователя","timestamp":"2026-03-21 00:30:38","userId":1}
{"level":"info","message":"Получение заданий для пользователя ID: 1","timestamp":"2026-03-21 00:30:38"}
{"level":"info","message":"Получение ожидающих приглашений пользователя","timestamp":"2026-03-21 00:30:38","userId":1}
{"level":"info","message":"Получение заданий для пользователя ID: 1","timestamp":"2026-03-21 00:30:38"}
{"level":"info","message":"Получение ожидающих приглашений пользователя","timestamp":"2026-03-21 00:30:38","userId":1}
{"level":"info","message":"Получение заданий для пользователя ID: 1","timestamp":"2026-03-21 00:30:38"}
{"level":"info","message":"Получение ожидающих приглашений пользователя","timestamp":"2026-03-21 00:30:38","userId":1}
{"level":"info","message":"Получение заданий для пользователя ID: 1","timestamp":"2026-03-21 00:30:38"}
{"level":"info","message":"Получение ожидающих приглашений пользователя","timestamp":"2026-03-21 00:30:38","userId":1}
{"level":"info","message":"Получение заданий для пользователя ID: 1","timestamp":"2026-03-21 00:30:38"}
{"level":"info","message":"Получение ожидающих приглашений пользователя","timestamp":"2026-03-21 00:30:38","userId":1}
{"level":"info","message":"Получение заданий для пользователя ID: 1","timestamp":"2026-03-21 00:30:38"}
{"level":"info","message":"Получение ожидающих приглашений пользователя","timestamp":"2026-03-21 00:30:38","userId":1}
{"level":"info","message":"Получение заданий для пользователя ID: 1","timestamp":"2026-03-21 00:30:39"}
{"level":"info","message":"Получение ожидающих приглашений пользователя","timestamp":"2026-03-21 00:30:39","userId":1}
{"level":"info","message":"Получение заданий для пользователя ID: 1","timestamp":"2026-03-21 00:30:39"}
{"level":"info","message":"Получение ожидающих приглашений пользователя","timestamp":"2026-03-21 00:30:39","userId":1}
{"level":"info","message":"Получение заданий для пользователя ID: 1","timestamp":"2026-03-21 00:30:39"}
{"level":"info","message":"Получение ожидающих приглашений пользователя","timestamp":"2026-03-21 00:30:39","userId":1}
{"level":"info","message":"Получение заданий для пользователя ID: 1","timestamp":"2026-03-21 00:30:39"}
{"level":"info","message":"Получение ожидающих приглашений пользователя","timestamp":"2026-03-21 00:30:39","userId":1}
{"level":"info","message":"Получение заданий для пользователя ID: 1","timestamp":"2026-03-21 00:30:39"}
{"level":"info","message":"Получение ожидающих приглашений пользователя","timestamp":"2026-03-21 00:30:39","userId":1}
{"level":"info","message":"Получение заданий для пользователя ID: 1","timestamp":"2026-03-21 00:30:39"}
{"level":"info","message":"Получение ожидающих приглашений пользователя","timestamp":"2026-03-21 00:30:39","userId":1}
{"level":"info","message":"Получение заданий для пользователя ID: 1","timestamp":"2026-03-21 00:30:39"}
{"level":"info","message":"Получение ожидающих приглашений пользователя","timestamp":"2026-03-21 00:30:39","userId":1}
{"level":"info","message":"Получение заданий для пользователя ID: 1","timestamp":"2026-03-21 00:30:39"}
{"level":"info","message":"Получение ожидающих приглашений пользователя","timestamp":"2026-03-21 00:30:39","userId":1}
{"level":"info","message":"Получение заданий для пользователя ID: 1","timestamp":"2026-03-21 00:30:39"}
{"level":"info","message":"Получение ожидающих приглашений пользователя","timestamp":"2026-03-21 00:30:39","userId":1}
{"level":"info","message":"Получение заданий для пользователя ID: 1","timestamp":"2026-03-21 00:30:39"}
{"level":"info","message":"Получение ожидающих приглашений пользователя","timestamp":"2026-03-21 00:30:39","userId":1}
{"level":"info","message":"Получение заданий для пользователя ID: 1","timestamp":"2026-03-21 00:30:39"}
{"level":"info","message":"Получение ожидающих приглашений пользователя","timestamp":"2026-03-21 00:30:39","userId":1}
{"level":"info","message":"Получение заданий для пользователя ID: 1","timestamp":"2026-03-21 00:30:39"}
{"level":"info","message":"Получение ожидающих приглашений пользователя","timestamp":"2026-03-21 00:30:39","userId":1}
{"level":"info","message":"Получение заданий для пользователя ID: 1","timestamp":"2026-03-21 00:30:39"}
{"level":"info","message":"Получение ожидающих приглашений пользователя","timestamp":"2026-03-21 00:30:39","userId":1}
{"level":"info","message":"Получение заданий для пользователя ID: 1","timestamp":"2026-03-21 00:30:39"}
{"level":"info","message":"Получение ожидающих приглашений пользователя","timestamp":"2026-03-21 00:30:39","userId":1}
{"level":"info","message":"Получение заданий для пользователя ID: 1","timestamp":"2026-03-21 00:30:39"}
{"level":"info","message":"Получение ожидающих приглашений пользователя","timestamp":"2026-03-21 00:30:39","userId":1}
{"level":"info","message":"Получение заданий для пользователя ID: 1","timestamp":"2026-03-21 00:30:39"}
{"level":"info","message":"Получение ожидающих приглашений пользователя","timestamp":"2026-03-21 00:30:39","userId":1}
{"level":"info","message":"Получение заданий для пользователя ID: 1","timestamp":"2026-03-21 00:30:39"}
{"level":"info","message":"Получение ожидающих приглашений пользователя","timestamp":"2026-03-21 00:30:39","userId":1}
{"level":"info","message":"Получение заданий для пользователя ID: 1","timestamp":"2026-03-21 00:30:39"}
{"level":"info","message":"Получение ожидающих приглашений пользователя","timestamp":"2026-03-21 00:30:39","userId":1}
{"level":"info","message":"Получение заданий для пользователя ID: 1","timestamp":"2026-03-21 00:30:39"}
{"level":"info","message":"Получение ожидающих приглашений пользователя","timestamp":"2026-03-21 00:30:39","userId":1}
{"level":"info","message":"Получение заданий для пользователя ID: 1","timestamp":"2026-03-21 00:30:39"}
{"level":"info","message":"Получение ожидающих приглашений пользователя","timestamp":"2026-03-21 00:30:39","userId":1}
{"level":"info","message":"Получение заданий для пользователя ID: 1","timestamp":"2026-03-21 00:30:39"}
{"level":"info","message":"Получение ожидающих приглашений пользователя","timestamp":"2026-03-21 00:30:39","userId":1}
{"level":"info","message":"Получение заданий для пользователя ID: 1","timestamp":"2026-03-21 00:30:39"}
{"level":"info","message":"Получение ожидающих приглашений пользователя","timestamp":"2026-03-21 00:30:39","userId":1}
{"level":"info","message":"Получение заданий для пользователя ID: 1","timestamp":"2026-03-21 00:30:39"}
{"level":"info","message":"Получение ожидающих приглашений пользователя","timestamp":"2026-03-21 00:30:39","userId":1}
{"level":"info","message":"Получение заданий для пользователя ID: 1","timestamp":"2026-03-21 00:30:40"}
{"level":"info","message":"Получение ожидающих приглашений пользователя","timestamp":"2026-03-21 00:30:40","userId":1}
{"level":"info","message":"Получение заданий для пользователя ID: 1","timestamp":"2026-03-21 00:30:40"}
{"level":"info","message":"Получение ожидающих приглашений пользователя","timestamp":"2026-03-21 00:30:40","userId":1}
{"level":"info","message":"Получение заданий для пользователя ID: 1","timestamp":"2026-03-21 00:30:40"}
{"level":"info","message":"Получение ожидающих приглашений пользователя","timestamp":"2026-03-21 00:30:40","userId":1}
{"level":"info","message":"Получение заданий для пользователя ID: 1","timestamp":"2026-03-21 00:30:40"}
{"level":"info","message":"Получение ожидающих приглашений пользователя","timestamp":"2026-03-21 00:30:40","userId":1}
{"level":"info","message":"Получение заданий для пользователя ID: 1","timestamp":"2026-03-21 00:30:40"}
{"level":"info","message":"Получение ожидающих приглашений пользователя","timestamp":"2026-03-21 00:30:40","userId":1}
{"level":"info","message":"Получение заданий для пользователя ID: 1","timestamp":"2026-03-21 00:30:40"}
{"level":"info","message":"Получение ожидающих приглашений пользователя","timestamp":"2026-03-21 00:30:40","userId":1}
{"level":"info","message":"Получение заданий для пользователя ID: 1","timestamp":"2026-03-21 00:30:40"}
{"level":"info","message":"Получение ожидающих приглашений пользователя","timestamp":"2026-03-21 00:30:40","userId":1}
{"level":"info","message":"Получение заданий для пользователя ID: 1","timestamp":"2026-03-21 00:30:40"}
{"level":"info","message":"Получение ожидающих приглашений пользователя","timestamp":"2026-03-21 00:30:40","userId":1}
{"level":"info","message":"Получение заданий для пользователя ID: 1","timestamp":"2026-03-21 00:30:40"}
{"level":"info","message":"Получение ожидающих приглашений пользователя","timestamp":"2026-03-21 00:30:40","userId":1}
{"level":"info","message":"Получение заданий для пользователя ID: 1","timestamp":"2026-03-21 00:30:40"}
{"level":"info","message":"Получение ожидающих приглашений пользователя","timestamp":"2026-03-21 00:30:40","userId":1}
{"level":"info","message":"Получение заданий для пользователя ID: 1","timestamp":"2026-03-21 00:30:40"}
{"level":"info","message":"Получение ожидающих приглашений пользователя","timestamp":"2026-03-21 00:30:40","userId":1}
{"level":"info","message":"Получение заданий для пользователя ID: 1","timestamp":"2026-03-21 00:30:40"}
{"level":"info","message":"Получение ожидающих приглашений пользователя","timestamp":"2026-03-21 00:30:40","userId":1}
{"level":"info","message":"Получение заданий для пользователя ID: 1","timestamp":"2026-03-21 00:30:40"}
{"level":"info","message":"Получение ожидающих приглашений пользователя","timestamp":"2026-03-21 00:30:40","userId":1}
{"level":"info","message":"Получение заданий для пользователя ID: 1","timestamp":"2026-03-21 00:30:40"}
{"level":"info","message":"Получение ожидающих приглашений пользователя","timestamp":"2026-03-21 00:30:40","userId":1}
{"level":"info","message":"Получение заданий для пользователя ID: 1","timestamp":"2026-03-21 00:30:40"}
{"level":"info","message":"Получение ожидающих приглашений пользователя","timestamp":"2026-03-21 00:30:40","userId":1}
{"level":"info","message":"Получение заданий для пользователя ID: 1","timestamp":"2026-03-21 00:30:40"}
{"level":"info","message":"Получение ожидающих приглашений пользователя","timestamp":"2026-03-21 00:30:40","userId":1}
{"level":"info","message":"Получение заданий для пользователя ID: 1","timestamp":"2026-03-21 00:30:40"}
{"level":"info","message":"Получение ожидающих приглашений пользователя","timestamp":"2026-03-21 00:30:40","userId":1}
{"level":"info","message":"Получение заданий для пользователя ID: 1","timestamp":"2026-03-21 00:30:40"}
{"level":"info","message":"Получение ожидающих приглашений пользователя","timestamp":"2026-03-21 00:30:40","userId":1}
{"level":"info","message":"Получение заданий для пользователя ID: 1","timestamp":"2026-03-21 00:30:40"}
{"level":"info","message":"Получение ожидающих приглашений пользователя","timestamp":"2026-03-21 00:30:40","userId":1}
{"level":"info","message":"Получение заданий для пользователя ID: 1","timestamp":"2026-03-21 00:30:40"}
{"level":"info","message":"Получение ожидающих приглашений пользователя","timestamp":"2026-03-21 00:30:40","userId":1}
{"level":"info","message":"Получение заданий для пользователя ID: 1","timestamp":"2026-03-21 00:30:40"}
{"level":"info","message":"Получение ожидающих приглашений пользователя","timestamp":"2026-03-21 00:30:40","userId":1}
{"level":"info","message":"Получение заданий для пользователя ID: 1","timestamp":"2026-03-21 00:30:40"}
{"level":"info","message":"Получение ожидающих приглашений пользователя","timestamp":"2026-03-21 00:30:40","userId":1}
{"level":"info","message":"Получение заданий для пользователя ID: 1","timestamp":"2026-03-21 00:30:40"}
{"level":"info","message":"Получение ожидающих приглашений пользователя","timestamp":"2026-03-21 00:30:40","userId":1}
{"level":"info","message":"Получение заданий для пользователя ID: 1","timestamp":"2026-03-21 00:30:40"}
{"level":"info","message":"Получение ожидающих приглашений пользователя","timestamp":"2026-03-21 00:30:40","userId":1}
{"level":"info","message":"Получение заданий для пользователя ID: 1","timestamp":"2026-03-21 00:30:40"}
{"level":"info","message":"Получение ожидающих приглашений пользователя","timestamp":"2026-03-21 00:30:40","userId":1}
{"level":"info","message":"Получение заданий для пользователя ID: 1","timestamp":"2026-03-21 00:30:40"}
{"level":"info","message":"Получение ожидающих приглашений пользователя","timestamp":"2026-03-21 00:30:40","userId":1}
{"level":"info","message":"Получение заданий для пользователя ID: 1","timestamp":"2026-03-21 00:30:40"}
{"level":"info","message":"Получение ожидающих приглашений пользователя","timestamp":"2026-03-21 00:30:40","userId":1}
{"level":"info","message":"Получение заданий для пользователя ID: 1","timestamp":"2026-03-21 00:30:40"}
{"level":"info","message":"Получение ожидающих приглашений пользователя","timestamp":"2026-03-21 00:30:40","userId":1}
{"level":"info","message":"Получение заданий для пользователя ID: 1","timestamp":"2026-03-21 00:30:40"}
{"level":"info","message":"Получение ожидающих приглашений пользователя","timestamp":"2026-03-21 00:30:40","userId":1}
{"level":"info","message":"Получение заданий для пользователя ID: 1","timestamp":"2026-03-21 00:30:40"}
{"level":"info","message":"Получение ожидающих приглашений пользователя","timestamp":"2026-03-21 00:30:40","userId":1}
{"level":"info","message":"Получение заданий для пользователя ID: 1","timestamp":"2026-03-21 00:30:41"}
{"level":"info","message":"Получение ожидающих приглашений пользователя","timestamp":"2026-03-21 00:30:41","userId":1}
{"level":"info","message":"Получение заданий для пользователя ID: 1","timestamp":"2026-03-21 00:30:41"}
{"level":"info","message":"Получение ожидающих приглашений пользователя","timestamp":"2026-03-21 00:30:41","userId":1}
{"level":"info","message":"Получение заданий для пользователя ID: 1","timestamp":"2026-03-21 00:30:41"}
{"level":"info","message":"Получение ожидающих приглашений пользователя","timestamp":"2026-03-21 00:30:41","userId":1}
{"level":"info","message":"Получение заданий для пользователя ID: 1","timestamp":"2026-03-21 00:30:41"}
{"level":"info","message":"Получение ожидающих приглашений пользователя","timestamp":"2026-03-21 00:30:41","userId":1}
{"level":"info","message":"Получение заданий для пользователя ID: 1","timestamp":"2026-03-21 00:30:41"}
{"level":"info","message":"Получение ожидающих приглашений пользователя","timestamp":"2026-03-21 00:30:41","userId":1}
{"level":"info","message":"Получение заданий для пользователя ID: 1","timestamp":"2026-03-21 00:30:41"}
{"level":"info","message":"Получение ожидающих приглашений пользователя","timestamp":"2026-03-21 00:30:41","userId":1}
{"level":"info","message":"Получение заданий для пользователя ID: 1","timestamp":"2026-03-21 00:30:41"}
{"level":"info","message":"Получение ожидающих приглашений пользователя","timestamp":"2026-03-21 00:30:41","userId":1}
{"level":"info","message":"Получение ожидающих приглашений пользователя","timestamp":"2026-03-21 00:30:41","userId":1}
{"level":"info","message":"Получение заданий для пользователя ID: 1","timestamp":"2026-03-21 00:30:41"}
{"level":"info","message":"Получение ожидающих приглашений пользователя","timestamp":"2026-03-21 00:30:41","userId":1}
{"level":"info","message":"Получение ожидающих приглашений пользователя","timestamp":"2026-03-21 00:30:41","userId":1}
{"level":"info","message":"Получение заданий для пользователя ID: 1","timestamp":"2026-03-21 00:30:41"}
{"level":"info","message":"Получение ожидающих приглашений пользователя","timestamp":"2026-03-21 00:30:41","userId":1}
{"level":"info","message":"Получение ожидающих приглашений пользователя","timestamp":"2026-03-21 00:30:41","userId":1}
{"level":"info","message":"Получение заданий для пользователя ID: 1","timestamp":"2026-03-21 00:30:41"}
{"level":"info","message":"Получение ожидающих приглашений пользователя","timestamp":"2026-03-21 00:30:41","userId":1}
{"level":"info","message":"Получение заданий для пользователя ID: 1","timestamp":"2026-03-21 00:30:41"}
{"level":"info","message":"Получение ожидающих приглашений пользователя","timestamp":"2026-03-21 00:30:41","userId":1}
{"level":"info","message":"Получение ожидающих приглашений пользователя","timestamp":"2026-03-21 00:30:41","userId":1}
{"level":"info","message":"Получение заданий для пользователя ID: 1","timestamp":"2026-03-21 00:30:41"}
{"level":"info","message":"Получение ожидающих приглашений пользователя","timestamp":"2026-03-21 00:30:41","userId":1}
{"level":"info","message":"Получение заданий для пользователя ID: 1","timestamp":"2026-03-21 00:30:41"}
{"level":"info","message":"Получение заданий для пользователя ID: 1","timestamp":"2026-03-21 00:30:41"}
{"level":"info","message":"Получение ожидающих приглашений пользователя","timestamp":"2026-03-21 00:30:41","userId":1}
{"level":"info","message":"Получение заданий для пользователя ID: 1","timestamp":"2026-03-21 00:30:41"}
{"level":"info","message":"Получение заданий для пользователя ID: 1","timestamp":"2026-03-21 00:30:41"}
{"level":"info","message":"Получение ожидающих приглашений пользователя","timestamp":"2026-03-21 00:30:41","userId":1}
{"level":"info","message":"Получение заданий для пользователя ID: 1","timestamp":"2026-03-21 00:30:41"}
{"level":"info","message":"Получение заданий для пользователя ID: 1","timestamp":"2026-03-21 00:30:41"}
{"level":"info","message":"Получение ожидающих приглашений пользователя","timestamp":"2026-03-21 00:30:41","userId":1}
{"level":"info","message":"Получение заданий для пользователя ID: 1","timestamp":"2026-03-21 00:30:41"}
{"level":"info","message":"Получение заданий для пользователя ID: 1","timestamp":"2026-03-21 00:30:41"}
{"level":"info","message":"Получение ожидающих приглашений пользователя","timestamp":"2026-03-21 00:30:41","userId":1}
{"level":"info","message":"Получение заданий для пользователя ID: 1","timestamp":"2026-03-21 00:30:41"}
{"level":"info","message":"Получение ожидающих приглашений пользователя","timestamp":"2026-03-21 00:30:41","userId":1}
{"level":"info","message":"Получение заданий для пользователя ID: 1","timestamp":"2026-03-21 00:30:41"}
{"level":"info","message":"Получение ожидающих приглашений пользователя","timestamp":"2026-03-21 00:30:41","userId":1}
{"level":"info","message":"Получение заданий для пользователя ID: 1","timestamp":"2026-03-21 00:30:41"}
{"level":"info","message":"Получение ожидающих приглашений пользователя","timestamp":"2026-03-21 00:30:41","userId":1}
{"level":"info","message":"Получение заданий для пользователя ID: 1","timestamp":"2026-03-21 00:30:41"}
{"level":"info","message":"Получение ожидающих приглашений пользователя","timestamp":"2026-03-21 00:30:41","userId":1}
{"level":"info","message":"Получение заданий для пользователя ID: 1","timestamp":"2026-03-21 00:30:41"}
{"level":"info","message":"Получение ожидающих приглашений пользователя","timestamp":"2026-03-21 00:30:41","userId":1}
{"level":"info","message":"Получение заданий для пользователя ID: 1","timestamp":"2026-03-21 00:30:41"}
{"level":"info","message":"Получение ожидающих приглашений пользователя","timestamp":"2026-03-21 00:30:41","userId":1}
{"level":"info","message":"Получение заданий для пользователя ID: 1","timestamp":"2026-03-21 00:30:41"}
{"level":"info","message":"Получение ожидающих приглашений пользователя","timestamp":"2026-03-21 00:30:41","userId":1}
{"level":"info","message":"Получение заданий для пользователя ID: 1","timestamp":"2026-03-21 00:30:41"}
{"level":"info","message":"Получение ожидающих приглашений пользователя","timestamp":"2026-03-21 00:30:41","userId":1}
{"level":"info","message":"Получение заданий для пользователя ID: 1","timestamp":"2026-03-21 00:30:41"}
{"level":"info","message":"Получение ожидающих приглашений пользователя","timestamp":"2026-03-21 00:30:41","userId":1}
{"level":"info","message":"Получение заданий для пользователя ID: 1","timestamp":"2026-03-21 00:30:41"}
{"level":"info","message":"Получение ожидающих приглашений пользователя","timestamp":"2026-03-21 00:30:41","userId":1}
{"level":"info","message":"Получение заданий для пользователя ID: 1","timestamp":"2026-03-21 00:30:41"}
{"level":"info","message":"Получение ожидающих приглашений пользователя","timestamp":"2026-03-21 00:30:41","userId":1}
{"level":"info","message":"Получение заданий для пользователя ID: 1","timestamp":"2026-03-21 00:30:41"}
{"level":"info","message":"Получение ожидающих приглашений пользователя","timestamp":"2026-03-21 00:30:41","userId":1}
{"level":"info","message":"Получение заданий для пользователя ID: 1","timestamp":"2026-03-21 00:30:41"}
{"level":"info","message":"Получение ожидающих приглашений пользователя","timestamp":"2026-03-21 00:30:41","userId":1}
{"level":"info","message":"Получение заданий для пользователя ID: 1","timestamp":"2026-03-21 00:30:41"}
{"level":"info","message":"Получение ожидающих приглашений пользователя","timestamp":"2026-03-21 00:30:41","userId":1}
{"level":"info","message":"Получение заданий для пользователя ID: 1","timestamp":"2026-03-21 00:30:41"}
{"level":"info","message":"Получение ожидающих приглашений пользователя","timestamp":"2026-03-21 00:30:41","userId":1}
{"level":"info","message":"Получение заданий для пользователя ID: 1","timestamp":"2026-03-21 00:30:42"}
{"level":"info","message":"Получение ожидающих приглашений пользователя","timestamp":"2026-03-21 00:30:42","userId":1}
{"level":"info","message":"Получение заданий для пользователя ID: 1","timestamp":"2026-03-21 00:30:42"}
{"level":"info","message":"Получение ожидающих приглашений пользователя","timestamp":"2026-03-21 00:30:42","userId":1}
{"level":"info","message":"Получение заданий для пользователя ID: 1","timestamp":"2026-03-21 00:30:42"}
{"level":"info","message":"Получение ожидающих приглашений пользователя","timestamp":"2026-03-21 00:30:42","userId":1}
{"level":"info","message":"Получение заданий для пользователя ID: 1","timestamp":"2026-03-21 00:30:42"}
{"level":"info","message":"Получение ожидающих приглашений пользователя","timestamp":"2026-03-21 00:30:42","userId":1}
{"level":"info","message":"Получение заданий для пользователя ID: 1","timestamp":"2026-03-21 00:30:42"}
{"level":"info","message":"Получение ожидающих приглашений пользователя","timestamp":"2026-03-21 00:30:42","userId":1}
{"level":"info","message":"Получение заданий для пользователя ID: 1","timestamp":"2026-03-21 00:30:42"}
{"level":"info","message":"Получение ожидающих приглашений пользователя","timestamp":"2026-03-21 00:30:42","userId":1}
{"level":"info","message":"Получение заданий для пользователя ID: 1","timestamp":"2026-03-21 00:30:42"}
{"level":"info","message":"Получение ожидающих приглашений пользователя","timestamp":"2026-03-21 00:30:42","userId":1}
{"level":"info","message":"Получение заданий для пользователя ID: 1","timestamp":"2026-03-21 00:30:42"}
{"level":"info","message":"Получение ожидающих приглашений пользователя","timestamp":"2026-03-21 00:30:42","userId":1}
{"level":"info","message":"Получение ожидающих приглашений пользователя","timestamp":"2026-03-21 00:30:42","userId":1}
{"level":"info","message":"Получение заданий для пользователя ID: 1","timestamp":"2026-03-21 00:30:42"}
{"level":"info","message":"Получение ожидающих приглашений пользователя","timestamp":"2026-03-21 00:30:42","userId":1}
{"level":"info","message":"Получение заданий для пользователя ID: 1","timestamp":"2026-03-21 00:30:42"}
{"level":"info","message":"Получение ожидающих приглашений пользователя","timestamp":"2026-03-21 00:30:42","userId":1}
{"level":"info","message":"Получение ожидающих приглашений пользователя","timestamp":"2026-03-21 00:30:42","userId":1}
{"level":"info","message":"Получение заданий для пользователя ID: 1","timestamp":"2026-03-21 00:30:42"}
{"level":"info","message":"Получение ожидающих приглашений пользователя","timestamp":"2026-03-21 00:30:42","userId":1}
{"level":"info","message":"Получение заданий для пользователя ID: 1","timestamp":"2026-03-21 00:30:42"}
{"level":"info","message":"Получение заданий для пользователя ID: 1","timestamp":"2026-03-21 00:30:42"}
{"level":"info","message":"Получение ожидающих приглашений пользователя","timestamp":"2026-03-21 00:30:42","userId":1}
{"level":"info","message":"Получение заданий для пользователя ID: 1","timestamp":"2026-03-21 00:30:42"}
{"level":"info","message":"Получение заданий для пользователя ID: 1","timestamp":"2026-03-21 00:30:42"}
{"level":"info","message":"Получение ожидающих приглашений пользователя","timestamp":"2026-03-21 00:30:42","userId":1}
{"level":"info","message":"Получение заданий для пользователя ID: 1","timestamp":"2026-03-21 00:30:42"}
{"level":"info","message":"Получение ожидающих приглашений пользователя","timestamp":"2026-03-21 00:30:42","userId":1}
{"level":"info","message":"Получение заданий для пользователя ID: 1","timestamp":"2026-03-21 00:30:42"}
{"level":"info","message":"Получение ожидающих приглашений пользователя","timestamp":"2026-03-21 00:30:42","userId":1}
{"level":"info","message":"Получение заданий для пользователя ID: 1","timestamp":"2026-03-21 00:30:42"}
{"level":"info","message":"Получение ожидающих приглашений пользователя","timestamp":"2026-03-21 00:30:42","userId":1}
{"level":"info","message":"Получение заданий для пользователя ID: 1","timestamp":"2026-03-21 00:30:42"}
{"level":"info","message":"Получение ожидающих приглашений пользователя","timestamp":"2026-03-21 00:30:42","userId":1}
{"level":"info","message":"Получение заданий для пользователя ID: 1","timestamp":"2026-03-21 00:30:42"}
{"level":"info","message":"Получение ожидающих приглашений пользователя","timestamp":"2026-03-21 00:30:42","userId":1}
{"level":"info","message":"Получение заданий для пользователя ID: 1","timestamp":"2026-03-21 00:30:42"}
{"level":"info","message":"Получение ожидающих приглашений пользователя","timestamp":"2026-03-21 00:30:42","userId":1}
{"level":"info","message":"Получение заданий для пользователя ID: 1","timestamp":"2026-03-21 00:30:42"}
{"level":"info","message":"Получение ожидающих приглашений пользователя","timestamp":"2026-03-21 00:30:42","userId":1}
{"level":"info","message":"Получение заданий для пользователя ID: 1","timestamp":"2026-03-21 00:30:42"}
{"level":"info","message":"Получение ожидающих приглашений пользователя","timestamp":"2026-03-21 00:30:42","userId":1}
{"level":"info","message":"Получение заданий для пользователя ID: 1","timestamp":"2026-03-21 00:30:42"}
{"level":"info","message":"Получение ожидающих приглашений пользователя","timestamp":"2026-03-21 00:30:42","userId":1}
{"level":"info","message":"Получение заданий для пользователя ID: 1","timestamp":"2026-03-21 00:30:42"}
{"level":"info","message":"Получение ожидающих приглашений пользователя","timestamp":"2026-03-21 00:30:42","userId":1}
{"level":"info","message":"Получение заданий для пользователя ID: 1","timestamp":"2026-03-21 00:30:42"}
{"level":"info","message":"Получение ожидающих приглашений пользователя","timestamp":"2026-03-21 00:30:42","userId":1}
{"level":"info","message":"Получение заданий для пользователя ID: 1","timestamp":"2026-03-21 00:30:42"}
{"level":"info","message":"Получение ожидающих приглашений пользователя","timestamp":"2026-03-21 00:30:42","userId":1}
{"level":"info","message":"Получение заданий для пользователя ID: 1","timestamp":"2026-03-21 00:30:42"}
{"level":"info","message":"Получение ожидающих приглашений пользователя","timestamp":"2026-03-21 00:30:42","userId":1}
{"level":"info","message":"Получение заданий для пользователя ID: 1","timestamp":"2026-03-21 00:30:42"}
{"level":"info","message":"Получение ожидающих приглашений пользователя","timestamp":"2026-03-21 00:30:42","userId":1}
{"level":"info","message":"Получение заданий для пользователя ID: 1","timestamp":"2026-03-21 00:30:42"}
{"level":"info","message":"Получение ожидающих приглашений пользователя","timestamp":"2026-03-21 00:30:42","userId":1}
{"level":"info","message":"Получение заданий для пользователя ID: 1","timestamp":"2026-03-21 00:30:43"}
{"level":"info","message":"Получение ожидающих приглашений пользователя","timestamp":"2026-03-21 00:30:43","userId":1}
{"level":"info","message":"Получение заданий для пользователя ID: 1","timestamp":"2026-03-21 00:30:43"}
{"level":"info","message":"Получение ожидающих приглашений пользователя","timestamp":"2026-03-21 00:30:43","userId":1}
{"level":"info","message":"Получение заданий для пользователя ID: 1","timestamp":"2026-03-21 00:30:43"}
{"level":"info","message":"Получение ожидающих приглашений пользователя","timestamp":"2026-03-21 00:30:43","userId":1}
{"level":"info","message":"Получение заданий для пользователя ID: 1","timestamp":"2026-03-21 00:30:43"}
{"level":"info","message":"Получение ожидающих приглашений пользователя","timestamp":"2026-03-21 00:30:43","userId":1}
{"level":"info","message":"Получение заданий для пользователя ID: 1","timestamp":"2026-03-21 00:30:43"}
{"level":"info","message":"Получение ожидающих приглашений пользователя","timestamp":"2026-03-21 00:30:43","userId":1}
{"level":"info","message":"Получение заданий для пользователя ID: 1","timestamp":"2026-03-21 00:30:43"}
{"level":"info","message":"Получение ожидающих приглашений пользователя","timestamp":"2026-03-21 00:30:43","userId":1}
{"level":"info","message":"Получение заданий для пользователя ID: 1","timestamp":"2026-03-21 00:30:43"}
{"level":"info","message":"Получение ожидающих приглашений пользователя","timestamp":"2026-03-21 00:30:43","userId":1}
{"level":"info","message":"Получение заданий для пользователя ID: 1","timestamp":"2026-03-21 00:30:43"}
{"level":"info","message":"Получение ожидающих приглашений пользователя","timestamp":"2026-03-21 00:30:43","userId":1}
{"level":"info","message":"Получение заданий для пользователя ID: 1","timestamp":"2026-03-21 00:30:43"}
{"level":"info","message":"Получение ожидающих приглашений пользователя","timestamp":"2026-03-21 00:30:43","userId":1}
{"level":"info","message":"Получение заданий для пользователя ID: 1","timestamp":"2026-03-21 00:30:43"}
{"level":"info","message":"Получение ожидающих приглашений пользователя","timestamp":"2026-03-21 00:30:43","userId":1}
{"level":"info","message":"Получение заданий для пользователя ID: 1","timestamp":"2026-03-21 00:30:43"}
{"level":"info","message":"Получение ожидающих приглашений пользователя","timestamp":"2026-03-21 00:30:43","userId":1}
{"level":"info","message":"Получение заданий для пользователя ID: 1","timestamp":"2026-03-21 00:30:43"}
{"level":"info","message":"Получение ожидающих приглашений пользователя","timestamp":"2026-03-21 00:30:43","userId":1}
{"level":"info","message":"Получение заданий для пользователя ID: 1","timestamp":"2026-03-21 00:30:43"}
{"level":"info","message":"Получение ожидающих приглашений пользователя","timestamp":"2026-03-21 00:30:43","userId":1}
{"level":"info","message":"Получение заданий для пользователя ID: 1","timestamp":"2026-03-21 00:30:43"}
{"level":"info","message":"Получение ожидающих приглашений пользователя","timestamp":"2026-03-21 00:30:43","userId":1}
{"level":"info","message":"Получение заданий для пользователя ID: 1","timestamp":"2026-03-21 00:30:43"}
{"level":"info","message":"Получение ожидающих приглашений пользователя","timestamp":"2026-03-21 00:30:43","userId":1}
{"level":"info","message":"Получение заданий для пользователя ID: 1","timestamp":"2026-03-21 00:30:43"}
{"level":"info","message":"Получение ожидающих приглашений пользователя","timestamp":"2026-03-21 00:30:43","userId":1}
{"level":"info","message":"Получение заданий для пользователя ID: 1","timestamp":"2026-03-21 00:30:43"}
{"level":"info","message":"Получение ожидающих приглашений пользователя","timestamp":"2026-03-21 00:30:43","userId":1}
{"level":"info","message":"Получение заданий для пользователя ID: 1","timestamp":"2026-03-21 00:30:43"}
{"level":"info","message":"Получение ожидающих приглашений пользователя","timestamp":"2026-03-21 00:30:43","userId":1}
{"level":"info","message":"Получение заданий для пользователя ID: 1","timestamp":"2026-03-21 00:30:43"}
{"level":"info","message":"Получение ожидающих приглашений пользователя","timestamp":"2026-03-21 00:30:43","userId":1}
{"level":"info","message":"Получение заданий для пользователя ID: 1","timestamp":"2026-03-21 00:30:43"}
{"level":"info","message":"Получение ожидающих приглашений пользователя","timestamp":"2026-03-21 00:30:43","userId":1}
{"level":"info","message":"Получение заданий для пользователя ID: 1","timestamp":"2026-03-21 00:30:43"}
{"level":"info","message":"Получение ожидающих приглашений пользователя","timestamp":"2026-03-21 00:30:43","userId":1}
{"level":"info","message":"Получение заданий для пользователя ID: 1","timestamp":"2026-03-21 00:30:43"}
{"level":"info","message":"Получение ожидающих приглашений пользователя","timestamp":"2026-03-21 00:30:43","userId":1}
{"level":"info","message":"Получение заданий для пользователя ID: 1","timestamp":"2026-03-21 00:30:43"}
{"level":"info","message":"Получение ожидающих приглашений пользователя","timestamp":"2026-03-21 00:30:43","userId":1}
{"level":"info","message":"Получение заданий для пользователя ID: 1","timestamp":"2026-03-21 00:30:43"}
{"level":"info","message":"Получение ожидающих приглашений пользователя","timestamp":"2026-03-21 00:30:43","userId":1}
{"level":"info","message":"Получение заданий для пользователя ID: 1","timestamp":"2026-03-21 00:30:43"}
{"level":"info","message":"Получение ожидающих приглашений пользователя","timestamp":"2026-03-21 00:30:43","userId":1}
{"level":"info","message":"Получение заданий для пользователя ID: 1","timestamp":"2026-03-21 00:30:43"}
{"level":"info","message":"Получение ожидающих приглашений пользователя","timestamp":"2026-03-21 00:30:43","userId":1}
{"level":"info","message":"Получение заданий для пользователя ID: 1","timestamp":"2026-03-21 00:30:43"}
{"level":"info","message":"Получение ожидающих приглашений пользователя","timestamp":"2026-03-21 00:30:43","userId":1}
{"level":"info","message":"Получение заданий для пользователя ID: 1","timestamp":"2026-03-21 00:30:43"}
{"level":"info","message":"Получение ожидающих приглашений пользователя","timestamp":"2026-03-21 00:30:43","userId":1}
{"level":"info","message":"Получение заданий для пользователя ID: 1","timestamp":"2026-03-21 00:30:43"}
{"level":"info","message":"Получение ожидающих приглашений пользователя","timestamp":"2026-03-21 00:30:43","userId":1}
{"level":"info","message":"Получение заданий для пользователя ID: 1","timestamp":"2026-03-21 00:30:43"}
{"level":"info","message":"Получение ожидающих приглашений пользователя","timestamp":"2026-03-21 00:30:43","userId":1}
{"level":"info","message":"Получение заданий для пользователя ID: 1","timestamp":"2026-03-21 00:30:43"}
{"level":"info","message":"Получение ожидающих приглашений пользователя","timestamp":"2026-03-21 00:30:43","userId":1}
{"level":"info","message":"Получение заданий для пользователя ID: 1","timestamp":"2026-03-21 00:30:43"}
{"level":"info","message":"Получение ожидающих приглашений пользователя","timestamp":"2026-03-21 00:30:43","userId":1}
{"level":"info","message":"Получение заданий для пользователя ID: 1","timestamp":"2026-03-21 00:30:44"}
{"level":"info","message":"Получение ожидающих приглашений пользователя","timestamp":"2026-03-21 00:30:44","userId":1}
{"level":"info","message":"Получение заданий для пользователя ID: 1","timestamp":"2026-03-21 00:30:44"}
{"level":"info","message":"Получение ожидающих приглашений пользователя","timestamp":"2026-03-21 00:30:44","userId":1}
{"level":"info","message":"Получение заданий для пользователя ID: 1","timestamp":"2026-03-21 00:30:44"}
{"level":"info","message":"Получение ожидающих приглашений пользователя","timestamp":"2026-03-21 00:30:44","userId":1}
{"level":"info","message":"Получение заданий для пользователя ID: 1","timestamp":"2026-03-21 00:30:44"}
{"level":"info","message":"Получение ожидающих приглашений пользователя","timestamp":"2026-03-21 00:30:44","userId":1}
{"level":"info","message":"Получение заданий для пользователя ID: 1","timestamp":"2026-03-21 00:30:44"}
{"level":"info","message":"Получение ожидающих приглашений пользователя","timestamp":"2026-03-21 00:30:44","userId":1}
{"level":"info","message":"Получение заданий для пользователя ID: 1","timestamp":"2026-03-21 00:30:44"}
{"level":"info","message":"Получение ожидающих приглашений пользователя","timestamp":"2026-03-21 00:30:44","userId":1}
{"level":"info","message":"Получение заданий для пользователя ID: 1","timestamp":"2026-03-21 00:30:44"}
{"level":"info","message":"Получение ожидающих приглашений пользователя","timestamp":"2026-03-21 00:30:44","userId":1}
{"level":"info","message":"Получение ожидающих приглашений пользователя","timestamp":"2026-03-21 00:30:44","userId":1}
{"level":"info","message":"Получение ожидающих приглашений пользователя","timestamp":"2026-03-21 00:30:44","userId":1}
{"level":"info","message":"Получение заданий для пользователя ID: 1","timestamp":"2026-03-21 00:30:44"}
{"level":"info","message":"Получение ожидающих приглашений пользователя","timestamp":"2026-03-21 00:30:44","userId":1}
{"level":"info","message":"Получение заданий для пользователя ID: 1","timestamp":"2026-03-21 00:30:44"}
{"level":"info","message":"Получение ожидающих приглашений пользователя","timestamp":"2026-03-21 00:30:44","userId":1}
{"level":"info","message":"Получение заданий для пользователя ID: 1","timestamp":"2026-03-21 00:30:44"}
{"level":"info","message":"Получение ожидающих приглашений пользователя","timestamp":"2026-03-21 00:30:44","userId":1}
{"level":"info","message":"Получение ожидающих приглашений пользователя","timestamp":"2026-03-21 00:30:44","userId":1}
{"level":"info","message":"Получение заданий для пользователя ID: 1","timestamp":"2026-03-21 00:30:44"}
{"level":"info","message":"Получение ожидающих приглашений пользователя","timestamp":"2026-03-21 00:30:44","userId":1}
{"level":"info","message":"Получение заданий для пользователя ID: 1","timestamp":"2026-03-21 00:30:44"}
{"level":"info","message":"Получение ожидающих приглашений пользователя","timestamp":"2026-03-21 00:30:44","userId":1}
{"level":"info","message":"Получение ожидающих приглашений пользователя","timestamp":"2026-03-21 00:30:44","userId":1}
{"level":"info","message":"Получение заданий для пользователя ID: 1","timestamp":"2026-03-21 00:30:44"}
{"level":"info","message":"Получение ожидающих приглашений пользователя","timestamp":"2026-03-21 00:30:44","userId":1}
{"level":"info","message":"Получение заданий для пользователя ID: 1","timestamp":"2026-03-21 00:30:44"}
{"level":"info","message":"Получение ожидающих приглашений пользователя","timestamp":"2026-03-21 00:30:44","userId":1}
{"level":"info","message":"Получение ожидающих приглашений пользователя","timestamp":"2026-03-21 00:30:44","userId":1}
{"level":"info","message":"Получение заданий для пользователя ID: 1","timestamp":"2026-03-21 00:30:44"}
{"level":"info","message":"Получение ожидающих приглашений пользователя","timestamp":"2026-03-21 00:30:44","userId":1}
{"level":"info","message":"Получение заданий для пользователя ID: 1","timestamp":"2026-03-21 00:30:44"}
{"level":"info","message":"Получение заданий для пользователя ID: 1","timestamp":"2026-03-21 00:30:44"}
{"level":"info","message":"Получение ожидающих приглашений пользователя","timestamp":"2026-03-21 00:30:44","userId":1}
{"level":"info","message":"Получение заданий для пользователя ID: 1","timestamp":"2026-03-21 00:30:44"}
{"level":"info","message":"Получение заданий для пользователя ID: 1","timestamp":"2026-03-21 00:30:44"}
{"level":"info","message":"Получение заданий для пользователя ID: 1","timestamp":"2026-03-21 00:30:44"}
{"level":"info","message":"Получение заданий для пользователя ID: 1","timestamp":"2026-03-21 00:30:44"}
{"level":"info","message":"Получение ожидающих приглашений пользователя","timestamp":"2026-03-21 00:30:44","userId":1}
{"level":"info","message":"Получение заданий для пользователя ID: 1","timestamp":"2026-03-21 00:30:44"}
{"level":"info","message":"Получение заданий для пользователя ID: 1","timestamp":"2026-03-21 00:30:44"}
{"level":"info","message":"Получение ожидающих приглашений пользователя","timestamp":"2026-03-21 00:30:44","userId":1}
{"level":"info","message":"Получение заданий для пользователя ID: 1","timestamp":"2026-03-21 00:30:44"}
{"level":"info","message":"Получение ожидающих приглашений пользователя","timestamp":"2026-03-21 00:30:44","userId":1}
{"level":"info","message":"Получение заданий для пользователя ID: 1","timestamp":"2026-03-21 00:30:44"}
{"level":"info","message":"Получение ожидающих приглашений пользователя","timestamp":"2026-03-21 00:30:44","userId":1}
{"level":"info","message":"Получение заданий для пользователя ID: 1","timestamp":"2026-03-21 00:30:44"}
{"level":"info","message":"Получение ожидающих приглашений пользователя","timestamp":"2026-03-21 00:30:44","userId":1}
{"level":"info","message":"Получение заданий для пользователя ID: 1","timestamp":"2026-03-21 00:30:44"}
{"level":"info","message":"Получение ожидающих приглашений пользователя","timestamp":"2026-03-21 00:30:44","userId":1}
{"level":"info","message":"Получение заданий для пользователя ID: 1","timestamp":"2026-03-21 00:30:44"}
{"level":"info","message":"Получение ожидающих приглашений пользователя","timestamp":"2026-03-21 00:30:44","userId":1}
{"level":"info","message":"Получение заданий для пользователя ID: 1","timestamp":"2026-03-21 00:30:44"}
{"level":"info","message":"Получение ожидающих приглашений пользователя","timestamp":"2026-03-21 00:30:44","userId":1}
{"level":"info","message":"Получение заданий для пользователя ID: 1","timestamp":"2026-03-21 00:30:44"}
{"level":"info","message":"Получение ожидающих приглашений пользователя","timestamp":"2026-03-21 00:30:44","userId":1}
{"level":"info","message":"Получение заданий для пользователя ID: 1","timestamp":"2026-03-21 00:30:44"}
{"level":"info","message":"Получение ожидающих приглашений пользователя","timestamp":"2026-03-21 00:30:44","userId":1}
{"level":"info","message":"Получение заданий для пользователя ID: 1","timestamp":"2026-03-21 00:30:44"}
{"level":"info","message":"Получение ожидающих приглашений пользователя","timestamp":"2026-03-21 00:30:44","userId":1}
{"level":"info","message":"Получение заданий для пользователя ID: 1","timestamp":"2026-03-21 00:30:44"}
{"level":"info","message":"Получение ожидающих приглашений пользователя","timestamp":"2026-03-21 00:30:44","userId":1}
{"level":"info","message":"Получение заданий для пользователя ID: 1","timestamp":"2026-03-21 00:30:44"}
{"level":"info","message":"Получение ожидающих приглашений пользователя","timestamp":"2026-03-21 00:30:44","userId":1}
{"level":"info","message":"Получение заданий для пользователя ID: 1","timestamp":"2026-03-21 00:30:44"}
{"level":"info","message":"Получение ожидающих приглашений пользователя","timestamp":"2026-03-21 00:30:44","userId":1}
{"level":"info","message":"Получение заданий для пользователя ID: 1","timestamp":"2026-03-21 00:30:44"}
{"level":"info","message":"Получение ожидающих приглашений пользователя","timestamp":"2026-03-21 00:30:44","userId":1}
{"level":"info","message":"Получение заданий для пользователя ID: 1","timestamp":"2026-03-21 00:30:44"}
{"level":"info","message":"Получение ожидающих приглашений пользователя","timestamp":"2026-03-21 00:30:44","userId":1}
{"level":"info","message":"Получение заданий для пользователя ID: 1","timestamp":"2026-03-21 00:30:44"}
{"level":"info","message":"Получение ожидающих приглашений пользователя","timestamp":"2026-03-21 00:30:44","userId":1}
{"level":"info","message":"Получение заданий для пользователя ID: 1","timestamp":"2026-03-21 00:30:44"}
{"level":"info","message":"Получение ожидающих приглашений пользователя","timestamp":"2026-03-21 00:30:44","userId":1}
{"level":"info","message":"Получение заданий для пользователя ID: 1","timestamp":"2026-03-21 00:30:45"}
{"level":"info","message":"Получение ожидающих приглашений пользователя","timestamp":"2026-03-21 00:30:45","userId":1}
{"level":"info","message":"Получение заданий для пользователя ID: 1","timestamp":"2026-03-21 00:30:45"}
{"level":"info","message":"Получение ожидающих приглашений пользователя","timestamp":"2026-03-21 00:30:45","userId":1}
{"level":"info","message":"Получение заданий для пользователя ID: 1","timestamp":"2026-03-21 00:30:45"}
{"level":"info","message":"Получение ожидающих приглашений пользователя","timestamp":"2026-03-21 00:30:45","userId":1}
{"level":"info","message":"Получение заданий для пользователя ID: 1","timestamp":"2026-03-21 00:30:45"}
{"level":"info","message":"Получение ожидающих приглашений пользователя","timestamp":"2026-03-21 00:30:45","userId":1}
{"level":"info","message":"Получение заданий для пользователя ID: 1","timestamp":"2026-03-21 00:30:45"}
{"level":"info","message":"Получение ожидающих приглашений пользователя","timestamp":"2026-03-21 00:30:45","userId":1}
{"level":"info","message":"Получение заданий для пользователя ID: 1","timestamp":"2026-03-21 00:30:45"}
{"level":"info","message":"Получение ожидающих приглашений пользователя","timestamp":"2026-03-21 00:30:45","userId":1}
{"level":"info","message":"Получение заданий для пользователя ID: 1","timestamp":"2026-03-21 00:30:45"}
{"level":"info","message":"Получение ожидающих приглашений пользователя","timestamp":"2026-03-21 00:30:45","userId":1}
{"level":"info","message":"Получение ожидающих приглашений пользователя","timestamp":"2026-03-21 00:30:45","userId":1}
{"level":"info","message":"Получение заданий для пользователя ID: 1","timestamp":"2026-03-21 00:30:45"}
{"level":"info","message":"Получение ожидающих приглашений пользователя","timestamp":"2026-03-21 00:30:45","userId":1}
{"level":"info","message":"Получение заданий для пользователя ID: 1","timestamp":"2026-03-21 00:30:45"}
{"level":"info","message":"Получение ожидающих приглашений пользователя","timestamp":"2026-03-21 00:30:45","userId":1}
{"level":"info","message":"Получение заданий для пользователя ID: 1","timestamp":"2026-03-21 00:30:45"}
{"level":"info","message":"Получение ожидающих приглашений пользователя","timestamp":"2026-03-21 00:30:45","userId":1}
{"level":"info","message":"Получение заданий для пользователя ID: 1","timestamp":"2026-03-21 00:30:45"}
{"level":"info","message":"Получение ожидающих приглашений пользователя","timestamp":"2026-03-21 00:30:45","userId":1}
{"level":"info","message":"Получение заданий для пользователя ID: 1","timestamp":"2026-03-21 00:30:45"}
{"level":"info","message":"Получение ожидающих приглашений пользователя","timestamp":"2026-03-21 00:30:45","userId":1}
{"level":"info","message":"Получение заданий для пользователя ID: 1","timestamp":"2026-03-21 00:30:45"}
{"level":"info","message":"Получение ожидающих приглашений пользователя","timestamp":"2026-03-21 00:30:45","userId":1}
{"level":"info","message":"Получение ожидающих приглашений пользователя","timestamp":"2026-03-21 00:30:45","userId":1}
{"level":"info","message":"Получение заданий для пользователя ID: 1","timestamp":"2026-03-21 00:30:45"}
{"level":"info","message":"Получение ожидающих приглашений пользователя","timestamp":"2026-03-21 00:30:45","userId":1}
{"level":"info","message":"Получение заданий для пользователя ID: 1","timestamp":"2026-03-21 00:30:45"}
{"level":"info","message":"Получение ожидающих приглашений пользователя","timestamp":"2026-03-21 00:30:45","userId":1}
{"level":"info","message":"Получение заданий для пользователя ID: 1","timestamp":"2026-03-21 00:30:45"}
{"level":"info","message":"Получение заданий для пользователя ID: 1","timestamp":"2026-03-21 00:30:45"}
{"level":"info","message":"Получение ожидающих приглашений пользователя","timestamp":"2026-03-21 00:30:45","userId":1}
{"level":"info","message":"Получение заданий для пользователя ID: 1","timestamp":"2026-03-21 00:30:45"}
{"level":"info","message":"Получение заданий для пользователя ID: 1","timestamp":"2026-03-21 00:30:45"}
{"level":"info","message":"Получение ожидающих приглашений пользователя","timestamp":"2026-03-21 00:30:45","userId":1}
{"level":"info","message":"Получение заданий для пользователя ID: 1","timestamp":"2026-03-21 00:30:45"}
{"level":"info","message":"Получение ожидающих приглашений пользователя","timestamp":"2026-03-21 00:30:45","userId":1}
{"level":"info","message":"Получение заданий для пользователя ID: 1","timestamp":"2026-03-21 00:30:45"}
{"level":"info","message":"Получение ожидающих приглашений пользователя","timestamp":"2026-03-21 00:30:45","userId":1}
{"level":"info","message":"Получение заданий для пользователя ID: 1","timestamp":"2026-03-21 00:30:45"}
{"level":"info","message":"Получение ожидающих приглашений пользователя","timestamp":"2026-03-21 00:30:45","userId":1}
{"level":"info","message":"Получение заданий для пользователя ID: 1","timestamp":"2026-03-21 00:30:45"}
{"level":"info","message":"Получение ожидающих приглашений пользователя","timestamp":"2026-03-21 00:30:45","userId":1}
{"level":"info","message":"Получение заданий для пользователя ID: 1","timestamp":"2026-03-21 00:30:45"}
{"level":"info","message":"Получение ожидающих приглашений пользователя","timestamp":"2026-03-21 00:30:45","userId":1}
{"level":"info","message":"Получение заданий для пользователя ID: 1","timestamp":"2026-03-21 00:30:45"}
{"level":"info","message":"Получение ожидающих приглашений пользователя","timestamp":"2026-03-21 00:30:45","userId":1}
{"level":"info","message":"Получение заданий для пользователя ID: 1","timestamp":"2026-03-21 00:30:45"}
{"level":"info","message":"Получение ожидающих приглашений пользователя","timestamp":"2026-03-21 00:30:45","userId":1}
{"level":"info","message":"Получение заданий для пользователя ID: 1","timestamp":"2026-03-21 00:30:45"}
{"level":"info","message":"Получение ожидающих приглашений пользователя","timestamp":"2026-03-21 00:30:45","userId":1}
{"level":"info","message":"Получение заданий для пользователя ID: 1","timestamp":"2026-03-21 00:30:45"}
{"level":"info","message":"Получение ожидающих приглашений пользователя","timestamp":"2026-03-21 00:30:45","userId":1}
{"level":"info","message":"Получение заданий для пользователя ID: 1","timestamp":"2026-03-21 00:30:45"}
{"level":"info","message":"Получение ожидающих приглашений пользователя","timestamp":"2026-03-21 00:30:45","userId":1}
{"level":"info","message":"Получение заданий для пользователя ID: 1","timestamp":"2026-03-21 00:30:45"}
{"level":"info","message":"Получение ожидающих приглашений пользователя","timestamp":"2026-03-21 00:30:45","userId":1}
{"level":"info","message":"Получение заданий для пользователя ID: 1","timestamp":"2026-03-21 00:30:45"}
{"level":"info","message":"Получение ожидающих приглашений пользователя","timestamp":"2026-03-21 00:30:45","userId":1}
{"level":"info","message":"Получение заданий для пользователя ID: 1","timestamp":"2026-03-21 00:30:45"}
{"level":"info","message":"Получение ожидающих приглашений пользователя","timestamp":"2026-03-21 00:30:45","userId":1}
{"level":"info","message":"Получение заданий для пользователя ID: 1","timestamp":"2026-03-21 00:30:45"}
{"level":"info","message":"Получение ожидающих приглашений пользователя","timestamp":"2026-03-21 00:30:45","userId":1}
{"level":"info","message":"Получение заданий для пользователя ID: 1","timestamp":"2026-03-21 00:30:45"}
{"level":"info","message":"Получение ожидающих приглашений пользователя","timestamp":"2026-03-21 00:30:45","userId":1}
{"level":"info","message":"Получение заданий для пользователя ID: 1","timestamp":"2026-03-21 00:30:46"}
{"level":"info","message":"Получение ожидающих приглашений пользователя","timestamp":"2026-03-21 00:30:46","userId":1}
{"level":"info","message":"Получение заданий для пользователя ID: 1","timestamp":"2026-03-21 00:30:46"}
{"level":"info","message":"Получение ожидающих приглашений пользователя","timestamp":"2026-03-21 00:30:46","userId":1}
{"level":"info","message":"Получение заданий для пользователя ID: 1","timestamp":"2026-03-21 00:30:46"}
{"level":"info","message":"Получение ожидающих приглашений пользователя","timestamp":"2026-03-21 00:30:46","userId":1}
{"level":"info","message":"Получение заданий для пользователя ID: 1","timestamp":"2026-03-21 00:30:46"}
{"level":"info","message":"Получение ожидающих приглашений пользователя","timestamp":"2026-03-21 00:30:46","userId":1}
{"level":"info","message":"Получение заданий для пользователя ID: 1","timestamp":"2026-03-21 00:30:46"}
{"level":"info","message":"Получение ожидающих приглашений пользователя","timestamp":"2026-03-21 00:30:46","userId":1}
{"level":"info","message":"Получение заданий для пользователя ID: 1","timestamp":"2026-03-21 00:30:46"}
{"level":"info","message":"Получение ожидающих приглашений пользователя","timestamp":"2026-03-21 00:30:46","userId":1}
{"level":"info","message":"Получение заданий для пользователя ID: 1","timestamp":"2026-03-21 00:30:46"}
{"level":"info","message":"Получение ожидающих приглашений пользователя","timestamp":"2026-03-21 00:30:46","userId":1}
{"level":"info","message":"Получение заданий для пользователя ID: 1","timestamp":"2026-03-21 00:30:46"}
{"level":"info","message":"Получение ожидающих приглашений пользователя","timestamp":"2026-03-21 00:30:46","userId":1}
{"level":"info","message":"Получение заданий для пользователя ID: 1","timestamp":"2026-03-21 00:30:46"}
{"level":"info","message":"Получение ожидающих приглашений пользователя","timestamp":"2026-03-21 00:30:46","userId":1}
{"level":"info","message":"Получение заданий для пользователя ID: 1","timestamp":"2026-03-21 00:30:46"}
{"level":"info","message":"Получение ожидающих приглашений пользователя","timestamp":"2026-03-21 00:30:46","userId":1}
{"level":"info","message":"Получение заданий для пользователя ID: 1","timestamp":"2026-03-21 00:30:46"}
{"level":"info","message":"Получение ожидающих приглашений пользователя","timestamp":"2026-03-21 00:30:46","userId":1}
{"level":"info","message":"Получение заданий для пользователя ID: 1","timestamp":"2026-03-21 00:30:46"}
{"level":"info","message":"Получение ожидающих приглашений пользователя","timestamp":"2026-03-21 00:30:46","userId":1}
{"level":"info","message":"Получение заданий для пользователя ID: 1","timestamp":"2026-03-21 00:30:46"}
{"level":"info","message":"Получение ожидающих приглашений пользователя","timestamp":"2026-03-21 00:30:46","userId":1}
{"level":"info","message":"Получение заданий для пользователя ID: 1","timestamp":"2026-03-21 00:30:46"}
{"level":"info","message":"Получение ожидающих приглашений пользователя","timestamp":"2026-03-21 00:30:46","userId":1}
{"level":"info","message":"Получение заданий для пользователя ID: 1","timestamp":"2026-03-21 00:30:46"}
{"level":"info","message":"Получение ожидающих приглашений пользователя","timestamp":"2026-03-21 00:30:46","userId":1}
{"level":"info","message":"Получение заданий для пользователя ID: 1","timestamp":"2026-03-21 00:30:46"}
{"level":"info","message":"Получение ожидающих приглашений пользователя","timestamp":"2026-03-21 00:30:46","userId":1}
{"level":"info","message":"Получение заданий для пользователя ID: 1","timestamp":"2026-03-21 00:30:46"}
{"level":"info","message":"Получение ожидающих приглашений пользователя","timestamp":"2026-03-21 00:30:46","userId":1}
{"level":"info","message":"Получение заданий для пользователя ID: 1","timestamp":"2026-03-21 00:30:46"}
{"level":"info","message":"Получение ожидающих приглашений пользователя","timestamp":"2026-03-21 00:30:46","userId":1}
{"level":"info","message":"Получение заданий для пользователя ID: 1","timestamp":"2026-03-21 00:30:46"}
{"level":"info","message":"Получение ожидающих приглашений пользователя","timestamp":"2026-03-21 00:30:46","userId":1}
{"level":"info","message":"Получение заданий для пользователя ID: 1","timestamp":"2026-03-21 00:30:46"}
{"level":"info","message":"Получение ожидающих приглашений пользователя","timestamp":"2026-03-21 00:30:46","userId":1}
{"level":"info","message":"Получение заданий для пользователя ID: 1","timestamp":"2026-03-21 00:30:46"}
{"level":"info","message":"Получение ожидающих приглашений пользователя","timestamp":"2026-03-21 00:30:46","userId":1}
{"level":"info","message":"Получение заданий для пользователя ID: 1","timestamp":"2026-03-21 00:30:46"}
{"level":"info","message":"Получение ожидающих приглашений пользователя","timestamp":"2026-03-21 00:30:46","userId":1}
{"level":"info","message":"Получение заданий для пользователя ID: 1","timestamp":"2026-03-21 00:30:46"}
{"level":"info","message":"Получение ожидающих приглашений пользователя","timestamp":"2026-03-21 00:30:46","userId":1}
{"level":"info","message":"Получение заданий для пользователя ID: 1","timestamp":"2026-03-21 00:30:46"}
{"level":"info","message":"Получение ожидающих приглашений пользователя","timestamp":"2026-03-21 00:30:46","userId":1}
{"level":"info","message":"Получение заданий для пользователя ID: 1","timestamp":"2026-03-21 00:30:46"}
{"level":"info","message":"Получение ожидающих приглашений пользователя","timestamp":"2026-03-21 00:30:46","userId":1}
{"level":"info","message":"Получение заданий для пользователя ID: 1","timestamp":"2026-03-21 00:30:46"}
{"level":"info","message":"Получение ожидающих приглашений пользователя","timestamp":"2026-03-21 00:30:46","userId":1}
{"level":"info","message":"Получение заданий для пользователя ID: 1","timestamp":"2026-03-21 00:30:46"}
{"level":"info","message":"Получение ожидающих приглашений пользователя","timestamp":"2026-03-21 00:30:46","userId":1}
{"level":"info","message":"Получение заданий для пользователя ID: 1","timestamp":"2026-03-21 00:30:46"}
{"level":"info","message":"Получение ожидающих приглашений пользователя","timestamp":"2026-03-21 00:30:46","userId":1}
{"level":"info","message":"Получение заданий для пользователя ID: 1","timestamp":"2026-03-21 00:30:46"}
{"level":"info","message":"Получение ожидающих приглашений пользователя","timestamp":"2026-03-21 00:30:46","userId":1}
{"level":"info","message":"Получение заданий для пользователя ID: 1","timestamp":"2026-03-21 00:30:46"}
{"level":"info","message":"Получение ожидающих приглашений пользователя","timestamp":"2026-03-21 00:30:46","userId":1}
{"level":"info","message":"Получение заданий для пользователя ID: 1","timestamp":"2026-03-21 00:30:47"}
{"level":"info","message":"Получение ожидающих приглашений пользователя","timestamp":"2026-03-21 00:30:47","userId":1}
{"level":"info","message":"Получение заданий для пользователя ID: 1","timestamp":"2026-03-21 00:30:47"}
{"level":"info","message":"Получение ожидающих приглашений пользователя","timestamp":"2026-03-21 00:30:47","userId":1}
{"level":"info","message":"Получение заданий для пользователя ID: 1","timestamp":"2026-03-21 00:30:47"}
{"level":"info","message":"Получение ожидающих приглашений пользователя","timestamp":"2026-03-21 00:30:47","userId":1}
{"level":"info","message":"Получение заданий для пользователя ID: 1","timestamp":"2026-03-21 00:30:47"}
{"level":"info","message":"Получение ожидающих приглашений пользователя","timestamp":"2026-03-21 00:30:47","userId":1}
{"level":"info","message":"Получение заданий для пользователя ID: 1","timestamp":"2026-03-21 00:30:47"}
{"level":"info","message":"Получение ожидающих приглашений пользователя","timestamp":"2026-03-21 00:30:47","userId":1}
{"level":"info","message":"Получение заданий для пользователя ID: 1","timestamp":"2026-03-21 00:30:47"}
{"level":"info","message":"Получение ожидающих приглашений пользователя","timestamp":"2026-03-21 00:30:47","userId":1}
{"level":"info","message":"Получение заданий для пользователя ID: 1","timestamp":"2026-03-21 00:30:47"}
{"level":"info","message":"Получение ожидающих приглашений пользователя","timestamp":"2026-03-21 00:30:47","userId":1}
{"level":"info","message":"Получение заданий для пользователя ID: 1","timestamp":"2026-03-21 00:30:47"}
{"level":"info","message":"Получение ожидающих приглашений пользователя","timestamp":"2026-03-21 00:30:47","userId":1}
{"level":"info","message":"Получение заданий для пользователя ID: 1","timestamp":"2026-03-21 00:30:47"}
{"level":"info","message":"Получение ожидающих приглашений пользователя","timestamp":"2026-03-21 00:30:47","userId":1}
{"level":"info","message":"Получение ожидающих приглашений пользователя","timestamp":"2026-03-21 00:30:47","userId":1}
{"level":"info","message":"Получение заданий для пользователя ID: 1","timestamp":"2026-03-21 00:30:47"}
{"level":"info","message":"Получение ожидающих приглашений пользователя","timestamp":"2026-03-21 00:30:47","userId":1}
{"level":"info","message":"Получение ожидающих приглашений пользователя","timestamp":"2026-03-21 00:30:47","userId":1}
{"level":"info","message":"Получение заданий для пользователя ID: 1","timestamp":"2026-03-21 00:30:47"}
{"level":"info","message":"Получение ожидающих приглашений пользователя","timestamp":"2026-03-21 00:30:47","userId":1}
{"level":"info","message":"Получение ожидающих приглашений пользователя","timestamp":"2026-03-21 00:30:47","userId":1}
{"level":"info","message":"Получение заданий для пользователя ID: 1","timestamp":"2026-03-21 00:30:47"}
{"level":"info","message":"Получение ожидающих приглашений пользователя","timestamp":"2026-03-21 00:30:47","userId":1}
{"level":"info","message":"Получение заданий для пользователя ID: 1","timestamp":"2026-03-21 00:30:47"}
{"level":"info","message":"Получение ожидающих приглашений пользователя","timestamp":"2026-03-21 00:30:47","userId":1}
{"level":"info","message":"Получение заданий для пользователя ID: 1","timestamp":"2026-03-21 00:30:47"}
{"level":"info","message":"Получение ожидающих приглашений пользователя","timestamp":"2026-03-21 00:30:47","userId":1}
{"level":"info","message":"Получение ожидающих приглашений пользователя","timestamp":"2026-03-21 00:30:47","userId":1}
{"level":"info","message":"Получение заданий для пользователя ID: 1","timestamp":"2026-03-21 00:30:47"}
{"level":"info","message":"Получение ожидающих приглашений пользователя","timestamp":"2026-03-21 00:30:47","userId":1}
{"level":"info","message":"Получение ожидающих приглашений пользователя","timestamp":"2026-03-21 00:30:47","userId":1}
{"level":"info","message":"Получение заданий для пользователя ID: 1","timestamp":"2026-03-21 00:30:47"}
{"level":"info","message":"Получение ожидающих приглашений пользователя","timestamp":"2026-03-21 00:30:47","userId":1}
{"level":"info","message":"Получение заданий для пользователя ID: 1","timestamp":"2026-03-21 00:30:47"}
{"level":"info","message":"Получение ожидающих приглашений пользователя","timestamp":"2026-03-21 00:30:47","userId":1}
{"level":"info","message":"Получение ожидающих приглашений пользователя","timestamp":"2026-03-21 00:30:47","userId":1}
{"level":"info","message":"Получение заданий для пользователя ID: 1","timestamp":"2026-03-21 00:30:47"}
{"level":"info","message":"Получение заданий для пользователя ID: 1","timestamp":"2026-03-21 00:30:47"}
{"level":"info","message":"Получение заданий для пользователя ID: 1","timestamp":"2026-03-21 00:30:47"}
{"level":"info","message":"Получение заданий для пользователя ID: 1","timestamp":"2026-03-21 00:30:47"}
{"level":"info","message":"Получение ожидающих приглашений пользователя","timestamp":"2026-03-21 00:30:47","userId":1}
{"level":"info","message":"Получение заданий для пользователя ID: 1","timestamp":"2026-03-21 00:30:47"}
{"level":"info","message":"Получение заданий для пользователя ID: 1","timestamp":"2026-03-21 00:30:47"}
{"level":"info","message":"Получение заданий для пользователя ID: 1","timestamp":"2026-03-21 00:30:47"}
{"level":"info","message":"Получение ожидающих приглашений пользователя","timestamp":"2026-03-21 00:30:47","userId":1}
{"level":"info","message":"Получение заданий для пользователя ID: 1","timestamp":"2026-03-21 00:30:47"}
{"level":"info","message":"Получение заданий для пользователя ID: 1","timestamp":"2026-03-21 00:30:47"}
{"level":"info","message":"Получение ожидающих приглашений пользователя","timestamp":"2026-03-21 00:30:47","userId":1}
{"level":"info","message":"Получение заданий для пользователя ID: 1","timestamp":"2026-03-21 00:30:47"}
{"level":"info","message":"Получение ожидающих приглашений пользователя","timestamp":"2026-03-21 00:30:47","userId":1}
{"level":"info","message":"Получение заданий для пользователя ID: 1","timestamp":"2026-03-21 00:30:47"}
{"level":"info","message":"Получение ожидающих приглашений пользователя","timestamp":"2026-03-21 00:30:47","userId":1}
{"level":"info","message":"Получение заданий для пользователя ID: 1","timestamp":"2026-03-21 00:30:47"}
{"level":"info","message":"Получение ожидающих приглашений пользователя","timestamp":"2026-03-21 00:30:47","userId":1}
{"level":"info","message":"Получение заданий для пользователя ID: 1","timestamp":"2026-03-21 00:30:47"}
{"level":"info","message":"Получение ожидающих приглашений пользователя","timestamp":"2026-03-21 00:30:47","userId":1}
{"level":"info","message":"Получение заданий для пользователя ID: 1","timestamp":"2026-03-21 00:30:47"}
{"level":"info","message":"Получение ожидающих приглашений пользователя","timestamp":"2026-03-21 00:30:47","userId":1}
{"level":"info","message":"Получение заданий для пользователя ID: 1","timestamp":"2026-03-21 00:30:47"}
{"level":"info","message":"Получение ожидающих приглашений пользователя","timestamp":"2026-03-21 00:30:47","userId":1}
{"level":"info","message":"Получение заданий для пользователя ID: 1","timestamp":"2026-03-21 00:30:47"}
{"level":"info","message":"Получение ожидающих приглашений пользователя","timestamp":"2026-03-21 00:30:47","userId":1}
{"level":"info","message":"Получение заданий для пользователя ID: 1","timestamp":"2026-03-21 00:30:47"}
{"level":"info","message":"Получение ожидающих приглашений пользователя","timestamp":"2026-03-21 00:30:47","userId":1}
{"level":"info","message":"Получение заданий для пользователя ID: 1","timestamp":"2026-03-21 00:30:47"}
{"level":"info","message":"Получение ожидающих приглашений пользователя","timestamp":"2026-03-21 00:30:47","userId":1}
{"level":"info","message":"Получение заданий для пользователя ID: 1","timestamp":"2026-03-21 00:30:47"}
{"level":"info","message":"Получение ожидающих приглашений пользователя","timestamp":"2026-03-21 00:30:47","userId":1}
{"level":"info","message":"Получение заданий для пользователя ID: 1","timestamp":"2026-03-21 00:30:47"}
{"level":"info","message":"Получение ожидающих приглашений пользователя","timestamp":"2026-03-21 00:30:47","userId":1}
{"level":"info","message":"Получение заданий для пользователя ID: 1","timestamp":"2026-03-21 00:30:47"}
{"level":"info","message":"Получение ожидающих приглашений пользователя","timestamp":"2026-03-21 00:30:47","userId":1}
{"level":"info","message":"Получение заданий для пользователя ID: 1","timestamp":"2026-03-21 00:30:47"}
{"level":"info","message":"Получение ожидающих приглашений пользователя","timestamp":"2026-03-21 00:30:47","userId":1}
{"level":"info","message":"Получение заданий для пользователя ID: 1","timestamp":"2026-03-21 00:30:47"}
{"level":"info","message":"Получение ожидающих приглашений пользователя","timestamp":"2026-03-21 00:30:47","userId":1}
{"level":"info","message":"Получение заданий для пользователя ID: 1","timestamp":"2026-03-21 00:30:47"}
{"level":"info","message":"Получение ожидающих приглашений пользователя","timestamp":"2026-03-21 00:30:47","userId":1}
{"level":"info","message":"Получение заданий для пользователя ID: 1","timestamp":"2026-03-21 00:30:48"}
{"level":"info","message":"Получение ожидающих приглашений пользователя","timestamp":"2026-03-21 00:30:48","userId":1}
{"level":"info","message":"Получение заданий для пользователя ID: 1","timestamp":"2026-03-21 00:30:48"}
{"level":"info","message":"Получение ожидающих приглашений пользователя","timestamp":"2026-03-21 00:30:48","userId":1}
{"level":"info","message":"Получение заданий для пользователя ID: 1","timestamp":"2026-03-21 00:30:48"}
{"level":"info","message":"Получение ожидающих приглашений пользователя","timestamp":"2026-03-21 00:30:48","userId":1}
{"level":"info","message":"Получение заданий для пользователя ID: 1","timestamp":"2026-03-21 00:30:48"}
{"level":"info","message":"Получение ожидающих приглашений пользователя","timestamp":"2026-03-21 00:30:48","userId":1}
{"level":"info","message":"Получение заданий для пользователя ID: 1","timestamp":"2026-03-21 00:30:48"}
{"level":"info","message":"Получение ожидающих приглашений пользователя","timestamp":"2026-03-21 00:30:48","userId":1}
{"level":"info","message":"Получение заданий для пользователя ID: 1","timestamp":"2026-03-21 00:30:48"}
{"level":"info","message":"Получение ожидающих приглашений пользователя","timestamp":"2026-03-21 00:30:48","userId":1}
{"level":"info","message":"Получение ожидающих приглашений пользователя","timestamp":"2026-03-21 00:30:48","userId":1}
{"level":"info","message":"Получение заданий для пользователя ID: 1","timestamp":"2026-03-21 00:30:48"}
{"level":"info","message":"Получение ожидающих приглашений пользователя","timestamp":"2026-03-21 00:30:48","userId":1}
{"level":"info","message":"Получение заданий для пользователя ID: 1","timestamp":"2026-03-21 00:30:48"}
{"level":"info","message":"Получение ожидающих приглашений пользователя","timestamp":"2026-03-21 00:30:48","userId":1}
{"level":"info","message":"Получение заданий для пользователя ID: 1","timestamp":"2026-03-21 00:30:48"}
{"level":"info","message":"Получение ожидающих приглашений пользователя","timestamp":"2026-03-21 00:30:48","userId":1}
{"level":"info","message":"Получение заданий для пользователя ID: 1","timestamp":"2026-03-21 00:30:48"}
{"level":"info","message":"Получение ожидающих приглашений пользователя","timestamp":"2026-03-21 00:30:48","userId":1}
{"level":"info","message":"Получение заданий для пользователя ID: 1","timestamp":"2026-03-21 00:30:48"}
{"level":"info","message":"Получение ожидающих приглашений пользователя","timestamp":"2026-03-21 00:30:48","userId":1}
{"level":"info","message":"Получение заданий для пользователя ID: 1","timestamp":"2026-03-21 00:30:48"}
{"level":"info","message":"Получение ожидающих приглашений пользователя","timestamp":"2026-03-21 00:30:48","userId":1}
{"level":"info","message":"Получение заданий для пользователя ID: 1","timestamp":"2026-03-21 00:30:48"}
{"level":"info","message":"Получение ожидающих приглашений пользователя","timestamp":"2026-03-21 00:30:48","userId":1}
{"level":"info","message":"Получение заданий для пользователя ID: 1","timestamp":"2026-03-21 00:30:48"}
{"level":"info","message":"Получение ожидающих приглашений пользователя","timestamp":"2026-03-21 00:30:48","userId":1}
{"level":"info","message":"Получение заданий для пользователя ID: 1","timestamp":"2026-03-21 00:30:48"}
{"level":"info","message":"Получение ожидающих приглашений пользователя","timestamp":"2026-03-21 00:30:48","userId":1}
{"level":"info","message":"Получение ожидающих приглашений пользователя","timestamp":"2026-03-21 00:30:48","userId":1}
{"level":"info","message":"Получение заданий для пользователя ID: 1","timestamp":"2026-03-21 00:30:48"}
{"level":"info","message":"Получение заданий для пользователя ID: 1","timestamp":"2026-03-21 00:30:48"}
{"level":"info","message":"Получение ожидающих приглашений пользователя","timestamp":"2026-03-21 00:30:48","userId":1}
{"level":"info","message":"Получение заданий для пользователя ID: 1","timestamp":"2026-03-21 00:30:48"}
{"level":"info","message":"Получение заданий для пользователя ID: 1","timestamp":"2026-03-21 00:30:48"}
{"level":"info","message":"Получение ожидающих приглашений пользователя","timestamp":"2026-03-21 00:30:48","userId":1}
{"level":"info","message":"Получение заданий для пользователя ID: 1","timestamp":"2026-03-21 00:30:48"}
{"level":"info","message":"Получение ожидающих приглашений пользователя","timestamp":"2026-03-21 00:30:48","userId":1}
{"level":"info","message":"Получение заданий для пользователя ID: 1","timestamp":"2026-03-21 00:30:48"}
{"level":"info","message":"Получение ожидающих приглашений пользователя","timestamp":"2026-03-21 00:30:48","userId":1}
{"level":"info","message":"Получение заданий для пользователя ID: 1","timestamp":"2026-03-21 00:30:48"}
{"level":"info","message":"Получение ожидающих приглашений пользователя","timestamp":"2026-03-21 00:30:48","userId":1}
{"level":"info","message":"Получение заданий для пользователя ID: 1","timestamp":"2026-03-21 00:30:48"}
{"level":"info","message":"Получение ожидающих приглашений пользователя","timestamp":"2026-03-21 00:30:48","userId":1}
{"level":"info","message":"Получение заданий для пользователя ID: 1","timestamp":"2026-03-21 00:30:48"}
{"level":"info","message":"Получение ожидающих приглашений пользователя","timestamp":"2026-03-21 00:30:48","userId":1}
{"level":"info","message":"Получение заданий для пользователя ID: 1","timestamp":"2026-03-21 00:30:48"}
{"level":"info","message":"Получение ожидающих приглашений пользователя","timestamp":"2026-03-21 00:30:48","userId":1}
{"level":"info","message":"Получение заданий для пользователя ID: 1","timestamp":"2026-03-21 00:30:48"}
{"level":"info","message":"Получение ожидающих приглашений пользователя","timestamp":"2026-03-21 00:30:48","userId":1}
{"level":"info","message":"Получение заданий для пользователя ID: 1","timestamp":"2026-03-21 00:30:48"}
{"level":"info","message":"Получение ожидающих приглашений пользователя","timestamp":"2026-03-21 00:30:48","userId":1}
{"level":"info","message":"Получение заданий для пользователя ID: 1","timestamp":"2026-03-21 00:30:49"}
{"level":"info","message":"Получение ожидающих приглашений пользователя","timestamp":"2026-03-21 00:30:49","userId":1}
{"level":"info","message":"Получение заданий для пользователя ID: 1","timestamp":"2026-03-21 00:30:49"}
{"level":"info","message":"Получение ожидающих приглашений пользователя","timestamp":"2026-03-21 00:30:49","userId":1}
{"level":"info","message":"Получение заданий для пользователя ID: 1","timestamp":"2026-03-21 00:30:49"}
{"level":"info","message":"Получение ожидающих приглашений пользователя","timestamp":"2026-03-21 00:30:49","userId":1}
{"level":"info","message":"Получение заданий для пользователя ID: 1","timestamp":"2026-03-21 00:30:49"}
{"level":"info","message":"Получение ожидающих приглашений пользователя","timestamp":"2026-03-21 00:30:49","userId":1}
{"level":"info","message":"Получение заданий для пользователя ID: 1","timestamp":"2026-03-21 00:30:49"}
{"level":"info","message":"Получение ожидающих приглашений пользователя","timestamp":"2026-03-21 00:30:49","userId":1}
{"level":"info","message":"Получение заданий для пользователя ID: 1","timestamp":"2026-03-21 00:30:49"}
{"level":"info","message":"Получение ожидающих приглашений пользователя","timestamp":"2026-03-21 00:30:49","userId":1}
{"level":"info","message":"Получение заданий для пользователя ID: 1","timestamp":"2026-03-21 00:30:49"}
{"level":"info","message":"Получение ожидающих приглашений пользователя","timestamp":"2026-03-21 00:30:49","userId":1}
{"level":"info","message":"Получение заданий для пользователя ID: 1","timestamp":"2026-03-21 00:30:49"}
{"level":"info","message":"Получение ожидающих приглашений пользователя","timestamp":"2026-03-21 00:30:49","userId":1}
{"level":"info","message":"Получение заданий для пользователя ID: 1","timestamp":"2026-03-21 00:30:49"}
{"level":"info","message":"Получение ожидающих приглашений пользователя","timestamp":"2026-03-21 00:30:49","userId":1}
{"level":"info","message":"Получение заданий для пользователя ID: 1","timestamp":"2026-03-21 00:30:49"}
{"level":"info","message":"Получение ожидающих приглашений пользователя","timestamp":"2026-03-21 00:30:49","userId":1}
{"level":"info","message":"Получение заданий для пользователя ID: 1","timestamp":"2026-03-21 00:30:49"}
{"level":"info","message":"Получение ожидающих приглашений пользователя","timestamp":"2026-03-21 00:30:49","userId":1}
{"level":"info","message":"Получение заданий для пользователя ID: 1","timestamp":"2026-03-21 00:30:49"}
{"level":"info","message":"Получение ожидающих приглашений пользователя","timestamp":"2026-03-21 00:30:49","userId":1}
{"level":"info","message":"Получение заданий для пользователя ID: 1","timestamp":"2026-03-21 00:30:49"}
{"level":"info","message":"Получение ожидающих приглашений пользователя","timestamp":"2026-03-21 00:30:49","userId":1}
{"level":"info","message":"Получение заданий для пользователя ID: 1","timestamp":"2026-03-21 00:30:49"}
{"level":"info","message":"Получение ожидающих приглашений пользователя","timestamp":"2026-03-21 00:30:49","userId":1}
{"level":"info","message":"Получение заданий для пользователя ID: 1","timestamp":"2026-03-21 00:30:49"}
{"level":"info","message":"Получение ожидающих приглашений пользователя","timestamp":"2026-03-21 00:30:49","userId":1}
{"level":"info","message":"Получение заданий для пользователя ID: 1","timestamp":"2026-03-21 00:30:49"}
{"level":"info","message":"Получение ожидающих приглашений пользователя","timestamp":"2026-03-21 00:30:49","userId":1}
{"level":"info","message":"Получение заданий для пользователя ID: 1","timestamp":"2026-03-21 00:30:49"}
{"level":"info","message":"Получение ожидающих приглашений пользователя","timestamp":"2026-03-21 00:30:49","userId":1}
{"level":"info","message":"Получение заданий для пользователя ID: 1","timestamp":"2026-03-21 00:30:49"}
{"level":"info","message":"Получение ожидающих приглашений пользователя","timestamp":"2026-03-21 00:30:49","userId":1}
{"level":"info","message":"Получение заданий для пользователя ID: 1","timestamp":"2026-03-21 00:30:49"}
{"level":"info","message":"Получение ожидающих приглашений пользователя","timestamp":"2026-03-21 00:30:49","userId":1}
{"level":"info","message":"Получение заданий для пользователя ID: 1","timestamp":"2026-03-21 00:30:50"}
{"level":"info","message":"Получение ожидающих приглашений пользователя","timestamp":"2026-03-21 00:30:50","userId":1}
{"level":"info","message":"Получение заданий для пользователя ID: 1","timestamp":"2026-03-21 00:30:50"}
{"level":"info","message":"Получение ожидающих приглашений пользователя","timestamp":"2026-03-21 00:30:50","userId":1}
{"level":"info","message":"Получение заданий для пользователя ID: 1","timestamp":"2026-03-21 00:30:50"}
{"level":"info","message":"Получение ожидающих приглашений пользователя","timestamp":"2026-03-21 00:30:50","userId":1}
{"level":"info","message":"Получение заданий для пользователя ID: 1","timestamp":"2026-03-21 00:30:50"}
{"level":"info","message":"Получение ожидающих приглашений пользователя","timestamp":"2026-03-21 00:30:50","userId":1}
{"level":"info","message":"Получение заданий для пользователя ID: 1","timestamp":"2026-03-21 00:30:50"}
{"level":"info","message":"Получение ожидающих приглашений пользователя","timestamp":"2026-03-21 00:30:50","userId":1}
{"level":"info","message":"Получение заданий для пользователя ID: 1","timestamp":"2026-03-21 00:30:50"}
{"level":"info","message":"Получение ожидающих приглашений пользователя","timestamp":"2026-03-21 00:30:50","userId":1}
{"level":"info","message":"Получение заданий для пользователя ID: 1","timestamp":"2026-03-21 00:30:50"}
{"level":"info","message":"Получение ожидающих приглашений пользователя","timestamp":"2026-03-21 00:30:50","userId":1}
{"level":"info","message":"Получение заданий для пользователя ID: 1","timestamp":"2026-03-21 00:30:50"}
{"level":"info","message":"Получение ожидающих приглашений пользователя","timestamp":"2026-03-21 00:30:50","userId":1}
{"level":"info","message":"Получение заданий для пользователя ID: 1","timestamp":"2026-03-21 00:30:50"}
{"level":"info","message":"Получение ожидающих приглашений пользователя","timestamp":"2026-03-21 00:30:50","userId":1}
{"level":"info","message":"Получение заданий для пользователя ID: 1","timestamp":"2026-03-21 00:30:50"}
{"level":"info","message":"Получение ожидающих приглашений пользователя","timestamp":"2026-03-21 00:30:50","userId":1}
{"level":"info","message":"Получение заданий для пользователя ID: 1","timestamp":"2026-03-21 00:30:50"}
{"level":"info","message":"Получение ожидающих приглашений пользователя","timestamp":"2026-03-21 00:30:50","userId":1}
{"level":"info","message":"Получение заданий для пользователя ID: 1","timestamp":"2026-03-21 00:30:50"}
{"level":"info","message":"Получение ожидающих приглашений пользователя","timestamp":"2026-03-21 00:30:50","userId":1}
{"level":"info","message":"Получение заданий для пользователя ID: 1","timestamp":"2026-03-21 00:30:50"}
{"level":"info","message":"Получение ожидающих приглашений пользователя","timestamp":"2026-03-21 00:30:50","userId":1}
{"level":"info","message":"Получение заданий для пользователя ID: 1","timestamp":"2026-03-21 00:30:50"}
{"level":"info","message":"Получение ожидающих приглашений пользователя","timestamp":"2026-03-21 00:30:50","userId":1}
{"level":"info","message":"Получение ожидающих приглашений пользователя","timestamp":"2026-03-21 00:30:50","userId":1}
{"level":"info","message":"Получение заданий для пользователя ID: 1","timestamp":"2026-03-21 00:30:50"}
{"level":"info","message":"Получение ожидающих приглашений пользователя","timestamp":"2026-03-21 00:30:50","userId":1}
{"level":"info","message":"Получение ожидающих приглашений пользователя","timestamp":"2026-03-21 00:30:50","userId":1}
{"level":"info","message":"Получение заданий для пользователя ID: 1","timestamp":"2026-03-21 00:30:50"}
{"level":"info","message":"Получение ожидающих приглашений пользователя","timestamp":"2026-03-21 00:30:50","userId":1}
{"level":"info","message":"Получение ожидающих приглашений пользователя","timestamp":"2026-03-21 00:30:50","userId":1}
{"level":"info","message":"Получение заданий для пользователя ID: 1","timestamp":"2026-03-21 00:30:50"}
{"level":"info","message":"Получение ожидающих приглашений пользователя","timestamp":"2026-03-21 00:30:50","userId":1}
{"level":"info","message":"Получение заданий для пользователя ID: 1","timestamp":"2026-03-21 00:30:50"}
{"level":"info","message":"Получение ожидающих приглашений пользователя","timestamp":"2026-03-21 00:30:50","userId":1}
{"level":"info","message":"Получение заданий для пользователя ID: 1","timestamp":"2026-03-21 00:30:50"}
{"level":"info","message":"Получение заданий для пользователя ID: 1","timestamp":"2026-03-21 00:30:50"}
{"level":"info","message":"Получение ожидающих приглашений пользователя","timestamp":"2026-03-21 00:30:50","userId":1}
{"level":"info","message":"Получение заданий для пользователя ID: 1","timestamp":"2026-03-21 00:30:50"}
{"level":"info","message":"Получение заданий для пользователя ID: 1","timestamp":"2026-03-21 00:30:50"}
{"level":"info","message":"Получение ожидающих приглашений пользователя","timestamp":"2026-03-21 00:30:50","userId":1}
{"level":"info","message":"Получение заданий для пользователя ID: 1","timestamp":"2026-03-21 00:30:50"}
{"level":"info","message":"Получение заданий для пользователя ID: 1","timestamp":"2026-03-21 00:30:50"}
{"level":"info","message":"Получение ожидающих приглашений пользователя","timestamp":"2026-03-21 00:30:50","userId":1}
{"level":"info","message":"Получение заданий для пользователя ID: 1","timestamp":"2026-03-21 00:30:50"}
{"level":"info","message":"Получение ожидающих приглашений пользователя","timestamp":"2026-03-21 00:30:50","userId":1}
{"level":"info","message":"Получение заданий для пользователя ID: 1","timestamp":"2026-03-21 00:30:50"}
{"level":"info","message":"Получение ожидающих приглашений пользователя","timestamp":"2026-03-21 00:30:50","userId":1}
{"level":"info","message":"Получение заданий для пользователя ID: 1","timestamp":"2026-03-21 00:30:50"}
{"level":"info","message":"Получение ожидающих приглашений пользователя","timestamp":"2026-03-21 00:30:50","userId":1}
{"level":"info","message":"Получение заданий для пользователя ID: 1","timestamp":"2026-03-21 00:30:50"}
{"level":"info","message":"Получение ожидающих приглашений пользователя","timestamp":"2026-03-21 00:30:50","userId":1}
{"level":"info","message":"Получение заданий для пользователя ID: 1","timestamp":"2026-03-21 00:30:50"}
{"level":"info","message":"Получение ожидающих приглашений пользователя","timestamp":"2026-03-21 00:30:50","userId":1}
{"level":"info","message":"Получение заданий для пользователя ID: 1","timestamp":"2026-03-21 00:30:50"}
{"level":"info","message":"Получение ожидающих приглашений пользователя","timestamp":"2026-03-21 00:30:50","userId":1}
{"level":"info","message":"Получение заданий для пользователя ID: 1","timestamp":"2026-03-21 00:30:50"}
{"level":"info","message":"Получение ожидающих приглашений пользователя","timestamp":"2026-03-21 00:30:50","userId":1}
{"level":"info","message":"Получение заданий для пользователя ID: 1","timestamp":"2026-03-21 00:30:50"}
{"level":"info","message":"Получение ожидающих приглашений пользователя","timestamp":"2026-03-21 00:30:50","userId":1}
{"level":"info","message":"Получение заданий для пользователя ID: 1","timestamp":"2026-03-21 00:30:50"}
{"level":"info","message":"Получение ожидающих приглашений пользователя","timestamp":"2026-03-21 00:30:50","userId":1}
{"level":"info","message":"Получение заданий для пользователя ID: 1","timestamp":"2026-03-21 00:30:50"}
{"level":"info","message":"Получение ожидающих приглашений пользователя","timestamp":"2026-03-21 00:30:50","userId":1}
{"level":"info","message":"Получение заданий для пользователя ID: 1","timestamp":"2026-03-21 00:30:50"}
{"level":"info","message":"Получение ожидающих приглашений пользователя","timestamp":"2026-03-21 00:30:50","userId":1}
{"level":"info","message":"Получение заданий для пользователя ID: 1","timestamp":"2026-03-21 00:30:50"}
{"level":"info","message":"Получение ожидающих приглашений пользователя","timestamp":"2026-03-21 00:30:50","userId":1}
{"level":"info","message":"Получение заданий для пользователя ID: 1","timestamp":"2026-03-21 00:30:50"}
{"level":"info","message":"Получение ожидающих приглашений пользователя","timestamp":"2026-03-21 00:30:50","userId":1}
{"level":"info","message":"Получение заданий для пользователя ID: 1","timestamp":"2026-03-21 00:30:50"}
{"level":"info","message":"Получение ожидающих приглашений пользователя","timestamp":"2026-03-21 00:30:50","userId":1}
{"level":"info","message":"Получение заданий для пользователя ID: 1","timestamp":"2026-03-21 00:30:50"}
{"level":"info","message":"Получение ожидающих приглашений пользователя","timestamp":"2026-03-21 00:30:50","userId":1}
{"level":"info","message":"Получение заданий для пользователя ID: 1","timestamp":"2026-03-21 00:30:50"}
{"level":"info","message":"Получение ожидающих приглашений пользователя","timestamp":"2026-03-21 00:30:50","userId":1}
{"level":"info","message":"Получение заданий для пользователя ID: 1","timestamp":"2026-03-21 00:30:50"}
{"level":"info","message":"Получение ожидающих приглашений пользователя","timestamp":"2026-03-21 00:30:50","userId":1}
{"level":"info","message":"Получение заданий для пользователя ID: 1","timestamp":"2026-03-21 00:30:51"}
{"level":"info","message":"Получение ожидающих приглашений пользователя","timestamp":"2026-03-21 00:30:51","userId":1}
{"level":"info","message":"Получение заданий для пользователя ID: 1","timestamp":"2026-03-21 00:30:51"}
{"level":"info","message":"Получение ожидающих приглашений пользователя","timestamp":"2026-03-21 00:30:51","userId":1}
{"level":"info","message":"Получение заданий для пользователя ID: 1","timestamp":"2026-03-21 00:30:51"}
{"level":"info","message":"Получение ожидающих приглашений пользователя","timestamp":"2026-03-21 00:30:51","userId":1}
{"level":"info","message":"Получение заданий для пользователя ID: 1","timestamp":"2026-03-21 00:30:51"}
{"level":"info","message":"Получение ожидающих приглашений пользователя","timestamp":"2026-03-21 00:30:51","userId":1}
{"level":"info","message":"Получение заданий для пользователя ID: 1","timestamp":"2026-03-21 00:30:51"}
{"level":"info","message":"Получение ожидающих приглашений пользователя","timestamp":"2026-03-21 00:30:51","userId":1}
{"level":"info","message":"Получение ожидающих приглашений пользователя","timestamp":"2026-03-21 00:30:51","userId":1}
{"level":"info","message":"Получение заданий для пользователя ID: 1","timestamp":"2026-03-21 00:30:51"}
{"level":"info","message":"Получение ожидающих приглашений пользователя","timestamp":"2026-03-21 00:30:51","userId":1}
{"level":"info","message":"Получение ожидающих приглашений пользователя","timestamp":"2026-03-21 00:30:51","userId":1}
{"level":"info","message":"Получение заданий для пользователя ID: 1","timestamp":"2026-03-21 00:30:51"}
{"level":"info","message":"Получение ожидающих приглашений пользователя","timestamp":"2026-03-21 00:30:51","userId":1}
{"level":"info","message":"Получение заданий для пользователя ID: 1","timestamp":"2026-03-21 00:30:51"}
{"level":"info","message":"Получение ожидающих приглашений пользователя","timestamp":"2026-03-21 00:30:51","userId":1}
{"level":"info","message":"Получение ожидающих приглашений пользователя","timestamp":"2026-03-21 00:30:51","userId":1}
{"level":"info","message":"Получение заданий для пользователя ID: 1","timestamp":"2026-03-21 00:30:51"}
{"level":"info","message":"Получение ожидающих приглашений пользователя","timestamp":"2026-03-21 00:30:51","userId":1}
{"level":"info","message":"Получение заданий для пользователя ID: 1","timestamp":"2026-03-21 00:30:51"}
{"level":"info","message":"Получение ожидающих приглашений пользователя","timestamp":"2026-03-21 00:30:51","userId":1}
{"level":"info","message":"Получение заданий для пользователя ID: 1","timestamp":"2026-03-21 00:30:51"}
{"level":"info","message":"Получение ожидающих приглашений пользователя","timestamp":"2026-03-21 00:30:51","userId":1}
{"level":"info","message":"Получение ожидающих приглашений пользователя","timestamp":"2026-03-21 00:30:51","userId":1}
{"level":"info","message":"Получение заданий для пользователя ID: 1","timestamp":"2026-03-21 00:30:51"}
{"level":"info","message":"Получение заданий для пользователя ID: 1","timestamp":"2026-03-21 00:30:51"}
{"level":"info","message":"Получение ожидающих приглашений пользователя","timestamp":"2026-03-21 00:30:51","userId":1}
{"level":"info","message":"Получение ожидающих приглашений пользователя","timestamp":"2026-03-21 00:30:51","userId":1}
{"level":"info","message":"Получение заданий для пользователя ID: 1","timestamp":"2026-03-21 00:30:51"}
{"level":"info","message":"Получение ожидающих приглашений пользователя","timestamp":"2026-03-21 00:30:51","userId":1}
{"level":"info","message":"Получение заданий для пользователя ID: 1","timestamp":"2026-03-21 00:30:51"}
{"level":"info","message":"Получение заданий для пользователя ID: 1","timestamp":"2026-03-21 00:30:51"}
{"level":"info","message":"Получение ожидающих приглашений пользователя","timestamp":"2026-03-21 00:30:51","userId":1}
{"level":"info","message":"Получение заданий для пользователя ID: 1","timestamp":"2026-03-21 00:30:51"}
{"level":"info","message":"Получение ожидающих приглашений пользователя","timestamp":"2026-03-21 00:30:51","userId":1}
{"level":"info","message":"Получение заданий для пользователя ID: 1","timestamp":"2026-03-21 00:30:51"}
{"level":"info","message":"Получение заданий для пользователя ID: 1","timestamp":"2026-03-21 00:30:51"}
{"level":"info","message":"Получение ожидающих приглашений пользователя","timestamp":"2026-03-21 00:30:51","userId":1}
{"level":"info","message":"Получение заданий для пользователя ID: 1","timestamp":"2026-03-21 00:30:51"}
{"level":"info","message":"Получение ожидающих приглашений пользователя","timestamp":"2026-03-21 00:30:51","userId":1}
{"level":"info","message":"Получение заданий для пользователя ID: 1","timestamp":"2026-03-21 00:30:51"}
{"level":"info","message":"Получение заданий для пользователя ID: 1","timestamp":"2026-03-21 00:30:51"}
{"level":"info","message":"Получение заданий для пользователя ID: 1","timestamp":"2026-03-21 00:30:51"}
{"level":"info","message":"Получение ожидающих приглашений пользователя","timestamp":"2026-03-21 00:30:51","userId":1}
{"level":"info","message":"Получение заданий для пользователя ID: 1","timestamp":"2026-03-21 00:30:51"}
{"level":"info","message":"Получение ожидающих приглашений пользователя","timestamp":"2026-03-21 00:30:51","userId":1}
{"level":"info","message":"Получение заданий для пользователя ID: 1","timestamp":"2026-03-21 00:30:51"}
{"level":"info","message":"Получение ожидающих приглашений пользователя","timestamp":"2026-03-21 00:30:51","userId":1}
{"level":"info","message":"Получение заданий для пользователя ID: 1","timestamp":"2026-03-21 00:30:51"}
{"level":"info","message":"Получение ожидающих приглашений пользователя","timestamp":"2026-03-21 00:30:51","userId":1}
{"level":"info","message":"Получение заданий для пользователя ID: 1","timestamp":"2026-03-21 00:30:51"}
{"level":"info","message":"Получение ожидающих приглашений пользователя","timestamp":"2026-03-21 00:30:51","userId":1}
{"level":"info","message":"Получение заданий для пользователя ID: 1","timestamp":"2026-03-21 00:30:51"}
{"level":"info","message":"Получение ожидающих приглашений пользователя","timestamp":"2026-03-21 00:30:51","userId":1}
{"level":"info","message":"Получение заданий для пользователя ID: 1","timestamp":"2026-03-21 00:30:51"}
{"level":"info","message":"Получение ожидающих приглашений пользователя","timestamp":"2026-03-21 00:30:51","userId":1}
{"level":"info","message":"Получение заданий для пользователя ID: 1","timestamp":"2026-03-21 00:30:51"}
{"level":"info","message":"Получение ожидающих приглашений пользователя","timestamp":"2026-03-21 00:30:51","userId":1}
{"level":"info","message":"Получение заданий для пользователя ID: 1","timestamp":"2026-03-21 00:30:51"}
{"level":"info","message":"Получение ожидающих приглашений пользователя","timestamp":"2026-03-21 00:30:51","userId":1}
{"level":"info","message":"Получение заданий для пользователя ID: 1","timestamp":"2026-03-21 00:30:52"}
{"level":"info","message":"Получение ожидающих приглашений пользователя","timestamp":"2026-03-21 00:30:52","userId":1}
{"level":"info","message":"Получение заданий для пользователя ID: 1","timestamp":"2026-03-21 00:30:52"}
{"level":"info","message":"Получение ожидающих приглашений пользователя","timestamp":"2026-03-21 00:30:52","userId":1}
{"level":"info","message":"Получение заданий для пользователя ID: 1","timestamp":"2026-03-21 00:30:52"}
{"level":"info","message":"Получение ожидающих приглашений пользователя","timestamp":"2026-03-21 00:30:52","userId":1}
{"level":"info","message":"Получение заданий для пользователя ID: 1","timestamp":"2026-03-21 00:30:52"}
{"level":"info","message":"Получение ожидающих приглашений пользователя","timestamp":"2026-03-21 00:30:52","userId":1}
{"level":"info","message":"Получение заданий для пользователя ID: 1","timestamp":"2026-03-21 00:30:52"}
{"level":"info","message":"Получение ожидающих приглашений пользователя","timestamp":"2026-03-21 00:30:52","userId":1}
{"level":"info","message":"Получение заданий для пользователя ID: 1","timestamp":"2026-03-21 00:30:52"}
{"level":"info","message":"Получение ожидающих приглашений пользователя","timestamp":"2026-03-21 00:30:52","userId":1}
{"level":"info","message":"Получение ожидающих приглашений пользователя","timestamp":"2026-03-21 00:30:52","userId":1}
{"level":"info","message":"Получение заданий для пользователя ID: 1","timestamp":"2026-03-21 00:30:52"}
{"level":"info","message":"Получение заданий для пользователя ID: 1","timestamp":"2026-03-21 00:30:52"}
{"level":"info","message":"Получение ожидающих приглашений пользователя","timestamp":"2026-03-21 00:30:52","userId":1}
{"level":"info","message":"Получение ожидающих приглашений пользователя","timestamp":"2026-03-21 00:30:52","userId":1}
{"level":"info","message":"Получение заданий для пользователя ID: 1","timestamp":"2026-03-21 00:30:52"}
{"level":"info","message":"Получение ожидающих приглашений пользователя","timestamp":"2026-03-21 00:30:52","userId":1}
{"level":"info","message":"Получение заданий для пользователя ID: 1","timestamp":"2026-03-21 00:30:52"}
{"level":"info","message":"Получение ожидающих приглашений пользователя","timestamp":"2026-03-21 00:30:52","userId":1}
{"level":"info","message":"Получение заданий для пользователя ID: 1","timestamp":"2026-03-21 00:30:52"}
{"level":"info","message":"Получение ожидающих приглашений пользователя","timestamp":"2026-03-21 00:30:52","userId":1}
{"level":"info","message":"Получение заданий для пользователя ID: 1","timestamp":"2026-03-21 00:30:52"}
{"level":"info","message":"Получение ожидающих приглашений пользователя","timestamp":"2026-03-21 00:30:52","userId":1}
{"level":"info","message":"Получение ожидающих приглашений пользователя","timestamp":"2026-03-21 00:30:52","userId":1}
{"level":"info","message":"Получение заданий для пользователя ID: 1","timestamp":"2026-03-21 00:30:52"}
{"level":"info","message":"Получение ожидающих приглашений пользователя","timestamp":"2026-03-21 00:30:52","userId":1}
{"level":"info","message":"Получение заданий для пользователя ID: 1","timestamp":"2026-03-21 00:30:52"}
{"level":"info","message":"Получение ожидающих приглашений пользователя","timestamp":"2026-03-21 00:30:52","userId":1}
{"level":"info","message":"Получение заданий для пользователя ID: 1","timestamp":"2026-03-21 00:30:52"}
{"level":"info","message":"Получение ожидающих приглашений пользователя","timestamp":"2026-03-21 00:30:52","userId":1}
{"level":"info","message":"Получение ожидающих приглашений пользователя","timestamp":"2026-03-21 00:30:52","userId":1}
{"level":"info","message":"Получение заданий для пользователя ID: 1","timestamp":"2026-03-21 00:30:52"}
{"level":"info","message":"Получение ожидающих приглашений пользователя","timestamp":"2026-03-21 00:30:52","userId":1}
{"level":"info","message":"Получение ожидающих приглашений пользователя","timestamp":"2026-03-21 00:30:52","userId":1}
{"level":"info","message":"Получение заданий для пользователя ID: 1","timestamp":"2026-03-21 00:30:52"}
{"level":"info","message":"Получение ожидающих приглашений пользователя","timestamp":"2026-03-21 00:30:52","userId":1}
{"level":"info","message":"Получение заданий для пользователя ID: 1","timestamp":"2026-03-21 00:30:52"}
{"level":"info","message":"Получение заданий для пользователя ID: 1","timestamp":"2026-03-21 00:30:52"}
{"level":"info","message":"Получение заданий для пользователя ID: 1","timestamp":"2026-03-21 00:30:52"}
{"level":"info","message":"Получение ожидающих приглашений пользователя","timestamp":"2026-03-21 00:30:52","userId":1}
{"level":"info","message":"Получение заданий для пользователя ID: 1","timestamp":"2026-03-21 00:30:52"}
{"level":"info","message":"Получение заданий для пользователя ID: 1","timestamp":"2026-03-21 00:30:52"}
{"level":"info","message":"Получение ожидающих приглашений пользователя","timestamp":"2026-03-21 00:30:52","userId":1}
{"level":"info","message":"Получение заданий для пользователя ID: 1","timestamp":"2026-03-21 00:30:52"}
{"level":"info","message":"Получение заданий для пользователя ID: 1","timestamp":"2026-03-21 00:30:52"}
{"level":"info","message":"Получение ожидающих приглашений пользователя","timestamp":"2026-03-21 00:30:52","userId":1}
{"level":"info","message":"Получение заданий для пользователя ID: 1","timestamp":"2026-03-21 00:30:52"}
{"level":"info","message":"Получение ожидающих приглашений пользователя","timestamp":"2026-03-21 00:30:52","userId":1}
{"level":"info","message":"Получение заданий для пользователя ID: 1","timestamp":"2026-03-21 00:30:52"}
{"level":"info","message":"Получение ожидающих приглашений пользователя","timestamp":"2026-03-21 00:30:52","userId":1}
{"level":"info","message":"Получение заданий для пользователя ID: 1","timestamp":"2026-03-21 00:30:52"}
{"level":"info","message":"Получение ожидающих приглашений пользователя","timestamp":"2026-03-21 00:30:52","userId":1}
{"level":"info","message":"Получение заданий для пользователя ID: 1","timestamp":"2026-03-21 00:30:52"}
{"level":"info","message":"Получение ожидающих приглашений пользователя","timestamp":"2026-03-21 00:30:52","userId":1}
{"level":"info","message":"Получение заданий для пользователя ID: 1","timestamp":"2026-03-21 00:30:52"}
{"level":"info","message":"Получение ожидающих приглашений пользователя","timestamp":"2026-03-21 00:30:52","userId":1}
{"level":"info","message":"Получение заданий для пользователя ID: 1","timestamp":"2026-03-21 00:30:52"}
{"level":"info","message":"Получение ожидающих приглашений пользователя","timestamp":"2026-03-21 00:30:52","userId":1}
{"level":"info","message":"Получение заданий для пользователя ID: 1","timestamp":"2026-03-21 00:30:52"}
{"level":"info","message":"Получение ожидающих приглашений пользователя","timestamp":"2026-03-21 00:30:52","userId":1}
{"level":"info","message":"Получение заданий для пользователя ID: 1","timestamp":"2026-03-21 00:30:52"}
{"level":"info","message":"Получение ожидающих приглашений пользователя","timestamp":"2026-03-21 00:30:52","userId":1}
{"level":"info","message":"Получение заданий для пользователя ID: 1","timestamp":"2026-03-21 00:30:52"}
{"level":"info","message":"Получение ожидающих приглашений пользователя","timestamp":"2026-03-21 00:30:52","userId":1}
{"level":"info","message":"Получение заданий для пользователя ID: 1","timestamp":"2026-03-21 00:30:52"}
{"level":"info","message":"Получение ожидающих приглашений пользователя","timestamp":"2026-03-21 00:30:52","userId":1}
{"level":"info","message":"Получение заданий для пользователя ID: 1","timestamp":"2026-03-21 00:30:52"}
{"level":"info","message":"Получение ожидающих приглашений пользователя","timestamp":"2026-03-21 00:30:52","userId":1}
{"level":"info","message":"Получение заданий для пользователя ID: 1","timestamp":"2026-03-21 00:30:52"}
{"level":"info","message":"Получение ожидающих приглашений пользователя","timestamp":"2026-03-21 00:30:52","userId":1}
{"level":"info","message":"Получение заданий для пользователя ID: 1","timestamp":"2026-03-21 00:30:52"}
{"level":"info","message":"Получение ожидающих приглашений пользователя","timestamp":"2026-03-21 00:30:52","userId":1}
{"level":"info","message":"Получение заданий для пользователя ID: 1","timestamp":"2026-03-21 00:30:52"}
{"level":"info","message":"Получение ожидающих приглашений пользователя","timestamp":"2026-03-21 00:30:53","userId":1}
{"level":"info","message":"Получение заданий для пользователя ID: 1","timestamp":"2026-03-21 00:30:53"}
{"level":"info","message":"Получение ожидающих приглашений пользователя","timestamp":"2026-03-21 00:30:53","userId":1}
{"level":"info","message":"Получение заданий для пользователя ID: 1","timestamp":"2026-03-21 00:30:53"}
{"level":"info","message":"Получение ожидающих приглашений пользователя","timestamp":"2026-03-21 00:30:53","userId":1}
{"level":"info","message":"Получение заданий для пользователя ID: 1","timestamp":"2026-03-21 00:30:53"}
{"level":"info","message":"Получение ожидающих приглашений пользователя","timestamp":"2026-03-21 00:30:53","userId":1}
{"level":"info","message":"Получение заданий для пользователя ID: 1","timestamp":"2026-03-21 00:30:53"}
{"level":"info","message":"Получение ожидающих приглашений пользователя","timestamp":"2026-03-21 00:30:53","userId":1}
{"level":"info","message":"Получение заданий для пользователя ID: 1","timestamp":"2026-03-21 00:30:53"}
{"level":"info","message":"Получение ожидающих приглашений пользователя","timestamp":"2026-03-21 00:30:53","userId":1}
{"level":"info","message":"Получение заданий для пользователя ID: 1","timestamp":"2026-03-21 00:30:53"}
{"level":"info","message":"Получение ожидающих приглашений пользователя","timestamp":"2026-03-21 00:30:53","userId":1}
{"level":"info","message":"Получение заданий для пользователя ID: 1","timestamp":"2026-03-21 00:30:53"}
{"level":"info","message":"Получение ожидающих приглашений пользователя","timestamp":"2026-03-21 00:30:53","userId":1}
{"level":"info","message":"Получение заданий для пользователя ID: 1","timestamp":"2026-03-21 00:30:53"}
{"level":"info","message":"Получение ожидающих приглашений пользователя","timestamp":"2026-03-21 00:30:53","userId":1}
{"level":"info","message":"Получение заданий для пользователя ID: 1","timestamp":"2026-03-21 00:30:53"}
{"level":"info","message":"Получение ожидающих приглашений пользователя","timestamp":"2026-03-21 00:30:53","userId":1}
{"level":"info","message":"Получение заданий для пользователя ID: 1","timestamp":"2026-03-21 00:30:53"}
{"level":"info","message":"Получение ожидающих приглашений пользователя","timestamp":"2026-03-21 00:30:53","userId":1}
{"level":"info","message":"Получение ожидающих приглашений пользователя","timestamp":"2026-03-21 00:30:53","userId":1}
{"level":"info","message":"Получение заданий для пользователя ID: 1","timestamp":"2026-03-21 00:30:53"}
{"level":"info","message":"Получение ожидающих приглашений пользователя","timestamp":"2026-03-21 00:30:53","userId":1}
{"level":"info","message":"Получение ожидающих приглашений пользователя","timestamp":"2026-03-21 00:30:53","userId":1}
{"level":"info","message":"Получение заданий для пользователя ID: 1","timestamp":"2026-03-21 00:30:53"}
{"level":"info","message":"Получение ожидающих приглашений пользователя","timestamp":"2026-03-21 00:30:53","userId":1}
{"level":"info","message":"Получение ожидающих приглашений пользователя","timestamp":"2026-03-21 00:30:53","userId":1}
{"level":"info","message":"Получение заданий для пользователя ID: 1","timestamp":"2026-03-21 00:30:53"}
{"level":"info","message":"Получение ожидающих приглашений пользователя","timestamp":"2026-03-21 00:30:53","userId":1}
{"level":"info","message":"Получение ожидающих приглашений пользователя","timestamp":"2026-03-21 00:30:53","userId":1}
{"level":"info","message":"Получение заданий для пользователя ID: 1","timestamp":"2026-03-21 00:30:53"}
{"level":"info","message":"Получение ожидающих приглашений пользователя","timestamp":"2026-03-21 00:30:53","userId":1}
{"level":"info","message":"Получение заданий для пользователя ID: 1","timestamp":"2026-03-21 00:30:53"}
{"level":"info","message":"Получение ожидающих приглашений пользователя","timestamp":"2026-03-21 00:30:53","userId":1}
{"level":"info","message":"Получение заданий для пользователя ID: 1","timestamp":"2026-03-21 00:30:53"}
{"level":"info","message":"Получение ожидающих приглашений пользователя","timestamp":"2026-03-21 00:30:53","userId":1}
{"level":"info","message":"Получение ожидающих приглашений пользователя","timestamp":"2026-03-21 00:30:53","userId":1}
{"level":"info","message":"Получение заданий для пользователя ID: 1","timestamp":"2026-03-21 00:30:53"}
{"level":"info","message":"Получение ожидающих приглашений пользователя","timestamp":"2026-03-21 00:30:53","userId":1}
{"level":"info","message":"Получение ожидающих приглашений пользователя","timestamp":"2026-03-21 00:30:53","userId":1}
{"level":"info","message":"Получение заданий для пользователя ID: 1","timestamp":"2026-03-21 00:30:53"}
{"level":"info","message":"Получение ожидающих приглашений пользователя","timestamp":"2026-03-21 00:30:53","userId":1}
{"level":"info","message":"Получение заданий для пользователя ID: 1","timestamp":"2026-03-21 00:30:53"}
{"level":"info","message":"Получение заданий для пользователя ID: 1","timestamp":"2026-03-21 00:30:53"}
{"level":"info","message":"Получение заданий для пользователя ID: 1","timestamp":"2026-03-21 00:30:53"}
{"level":"info","message":"Получение ожидающих приглашений пользователя","timestamp":"2026-03-21 00:30:53","userId":1}
{"level":"info","message":"Получение заданий для пользователя ID: 1","timestamp":"2026-03-21 00:30:53"}
{"level":"info","message":"Получение заданий для пользователя ID: 1","timestamp":"2026-03-21 00:30:53"}
{"level":"info","message":"Получение ожидающих приглашений пользователя","timestamp":"2026-03-21 00:30:53","userId":1}
{"level":"info","message":"Получение заданий для пользователя ID: 1","timestamp":"2026-03-21 00:30:53"}
{"level":"info","message":"Получение заданий для пользователя ID: 1","timestamp":"2026-03-21 00:30:53"}
{"level":"info","message":"Получение заданий для пользователя ID: 1","timestamp":"2026-03-21 00:30:53"}
{"level":"info","message":"Получение ожидающих приглашений пользователя","timestamp":"2026-03-21 00:30:53","userId":1}
{"level":"info","message":"Получение заданий для пользователя ID: 1","timestamp":"2026-03-21 00:30:53"}
{"level":"info","message":"Получение заданий для пользователя ID: 1","timestamp":"2026-03-21 00:30:53"}
{"level":"info","message":"Получение ожидающих приглашений пользователя","timestamp":"2026-03-21 00:30:53","userId":1}
{"level":"info","message":"Получение заданий для пользователя ID: 1","timestamp":"2026-03-21 00:30:53"}
{"level":"info","message":"Получение ожидающих приглашений пользователя","timestamp":"2026-03-21 00:30:53","userId":1}
{"level":"info","message":"Получение заданий для пользователя ID: 1","timestamp":"2026-03-21 00:30:53"}
{"level":"info","message":"Получение ожидающих приглашений пользователя","timestamp":"2026-03-21 00:30:53","userId":1}
{"level":"info","message":"Получение заданий для пользователя ID: 1","timestamp":"2026-03-21 00:30:53"}
{"level":"info","message":"Получение ожидающих приглашений пользователя","timestamp":"2026-03-21 00:30:53","userId":1}
{"level":"info","message":"Получение заданий для пользователя ID: 1","timestamp":"2026-03-21 00:30:53"}
{"level":"info","message":"Получение ожидающих приглашений пользователя","timestamp":"2026-03-21 00:30:53","userId":1}
{"level":"info","message":"Получение заданий для пользователя ID: 1","timestamp":"2026-03-21 00:30:53"}
{"level":"info","message":"Получение ожидающих приглашений пользователя","timestamp":"2026-03-21 00:30:53","userId":1}
{"level":"info","message":"Получение заданий для пользователя ID: 1","timestamp":"2026-03-21 00:30:53"}
{"level":"info","message":"Получение ожидающих приглашений пользователя","timestamp":"2026-03-21 00:30:53","userId":1}
{"level":"info","message":"Получение заданий для пользователя ID: 1","timestamp":"2026-03-21 00:30:53"}
{"level":"info","message":"Получение ожидающих приглашений пользователя","timestamp":"2026-03-21 00:30:53","userId":1}
{"level":"info","message":"Получение заданий для пользователя ID: 1","timestamp":"2026-03-21 00:30:54"}
{"level":"info","message":"Получение ожидающих приглашений пользователя","timestamp":"2026-03-21 00:30:54","userId":1}
{"level":"info","message":"Получение заданий для пользователя ID: 1","timestamp":"2026-03-21 00:30:54"}
{"level":"info","message":"Получение ожидающих приглашений пользователя","timestamp":"2026-03-21 00:30:54","userId":1}
{"level":"info","message":"Получение заданий для пользователя ID: 1","timestamp":"2026-03-21 00:30:54"}
{"level":"info","message":"Получение ожидающих приглашений пользователя","timestamp":"2026-03-21 00:30:54","userId":1}
{"level":"info","message":"Получение заданий для пользователя ID: 1","timestamp":"2026-03-21 00:30:54"}
{"level":"info","message":"Получение ожидающих приглашений пользователя","timestamp":"2026-03-21 00:30:54","userId":1}
{"level":"info","message":"Получение заданий для пользователя ID: 1","timestamp":"2026-03-21 00:30:54"}
{"level":"info","message":"Получение ожидающих приглашений пользователя","timestamp":"2026-03-21 00:30:54","userId":1}
{"level":"info","message":"Получение заданий для пользователя ID: 1","timestamp":"2026-03-21 00:30:54"}
{"level":"info","message":"Получение ожидающих приглашений пользователя","timestamp":"2026-03-21 00:30:54","userId":1}
{"level":"info","message":"Получение заданий для пользователя ID: 1","timestamp":"2026-03-21 00:30:54"}
{"level":"info","message":"Получение ожидающих приглашений пользователя","timestamp":"2026-03-21 00:30:54","userId":1}
{"level":"info","message":"Получение заданий для пользователя ID: 1","timestamp":"2026-03-21 00:30:54"}
{"level":"info","message":"Получение ожидающих приглашений пользователя","timestamp":"2026-03-21 00:30:54","userId":1}
{"level":"info","message":"Получение заданий для пользователя ID: 1","timestamp":"2026-03-21 00:30:54"}
{"level":"info","message":"Получение ожидающих приглашений пользователя","timestamp":"2026-03-21 00:30:54","userId":1}
{"level":"info","message":"Получение заданий для пользователя ID: 1","timestamp":"2026-03-21 00:30:54"}
{"level":"info","message":"Получение ожидающих приглашений пользователя","timestamp":"2026-03-21 00:30:54","userId":1}
{"level":"info","message":"Получение заданий для пользователя ID: 1","timestamp":"2026-03-21 00:30:54"}
{"level":"info","message":"Получение ожидающих приглашений пользователя","timestamp":"2026-03-21 00:30:54","userId":1}
{"level":"info","message":"Получение заданий для пользователя ID: 1","timestamp":"2026-03-21 00:30:54"}
{"level":"info","message":"Получение ожидающих приглашений пользователя","timestamp":"2026-03-21 00:30:54","userId":1}
{"level":"info","message":"Получение заданий для пользователя ID: 1","timestamp":"2026-03-21 00:30:54"}
{"level":"info","message":"Получение ожидающих приглашений пользователя","timestamp":"2026-03-21 00:30:54","userId":1}
{"level":"info","message":"Получение заданий для пользователя ID: 1","timestamp":"2026-03-21 00:30:54"}
{"level":"info","message":"Получение ожидающих приглашений пользователя","timestamp":"2026-03-21 00:30:54","userId":1}
{"level":"info","message":"Получение заданий для пользователя ID: 1","timestamp":"2026-03-21 00:30:54"}
{"level":"info","message":"Получение ожидающих приглашений пользователя","timestamp":"2026-03-21 00:30:54","userId":1}
{"level":"info","message":"Получение заданий для пользователя ID: 1","timestamp":"2026-03-21 00:30:54"}
{"level":"info","message":"Получение ожидающих приглашений пользователя","timestamp":"2026-03-21 00:30:54","userId":1}
{"level":"info","message":"Получение заданий для пользователя ID: 1","timestamp":"2026-03-21 00:30:54"}
{"level":"info","message":"Получение ожидающих приглашений пользователя","timestamp":"2026-03-21 00:30:54","userId":1}
{"level":"info","message":"Получение заданий для пользователя ID: 1","timestamp":"2026-03-21 00:30:54"}
{"level":"info","message":"Получение ожидающих приглашений пользователя","timestamp":"2026-03-21 00:30:54","userId":1}
{"level":"info","message":"Получение заданий для пользователя ID: 1","timestamp":"2026-03-21 00:30:54"}
{"level":"info","message":"Получение ожидающих приглашений пользователя","timestamp":"2026-03-21 00:30:54","userId":1}
{"level":"info","message":"Получение заданий для пользователя ID: 1","timestamp":"2026-03-21 00:30:54"}
{"level":"info","message":"Получение ожидающих приглашений пользователя","timestamp":"2026-03-21 00:30:54","userId":1}
{"level":"info","message":"Получение заданий для пользователя ID: 1","timestamp":"2026-03-21 00:30:54"}
{"level":"info","message":"Получение ожидающих приглашений пользователя","timestamp":"2026-03-21 00:30:54","userId":1}
{"level":"info","message":"Получение заданий для пользователя ID: 1","timestamp":"2026-03-21 00:30:54"}
{"level":"info","message":"Получение ожидающих приглашений пользователя","timestamp":"2026-03-21 00:30:54","userId":1}
{"level":"info","message":"Получение заданий для пользователя ID: 1","timestamp":"2026-03-21 00:30:54"}
{"level":"info","message":"Получение ожидающих приглашений пользователя","timestamp":"2026-03-21 00:30:54","userId":1}
{"level":"info","message":"Получение заданий для пользователя ID: 1","timestamp":"2026-03-21 00:30:54"}
{"level":"info","message":"Получение ожидающих приглашений пользователя","timestamp":"2026-03-21 00:30:54","userId":1}
{"level":"info","message":"Получение заданий для пользователя ID: 1","timestamp":"2026-03-21 00:30:55"}
{"level":"info","message":"Получение ожидающих приглашений пользователя","timestamp":"2026-03-21 00:30:55","userId":1}
{"level":"info","message":"Получение заданий для пользователя ID: 1","timestamp":"2026-03-21 00:30:55"}
{"level":"info","message":"Получение ожидающих приглашений пользователя","timestamp":"2026-03-21 00:30:55","userId":1}
{"level":"info","message":"Получение заданий для пользователя ID: 1","timestamp":"2026-03-21 00:30:55"}
{"level":"info","message":"Получение ожидающих приглашений пользователя","timestamp":"2026-03-21 00:30:55","userId":1}
{"level":"info","message":"Получение заданий для пользователя ID: 1","timestamp":"2026-03-21 00:30:55"}
{"level":"info","message":"Получение ожидающих приглашений пользователя","timestamp":"2026-03-21 00:30:55","userId":1}
{"level":"info","message":"Получение заданий для пользователя ID: 1","timestamp":"2026-03-21 00:30:55"}
{"level":"info","message":"Получение ожидающих приглашений пользователя","timestamp":"2026-03-21 00:30:55","userId":1}
{"level":"info","message":"Получение заданий для пользователя ID: 1","timestamp":"2026-03-21 00:30:55"}
{"level":"info","message":"Получение ожидающих приглашений пользователя","timestamp":"2026-03-21 00:30:55","userId":1}
{"level":"info","message":"Получение заданий для пользователя ID: 1","timestamp":"2026-03-21 00:30:55"}
{"level":"info","message":"Получение ожидающих приглашений пользователя","timestamp":"2026-03-21 00:30:55","userId":1}
{"level":"info","message":"Получение заданий для пользователя ID: 1","timestamp":"2026-03-21 00:30:55"}
{"level":"info","message":"Получение ожидающих приглашений пользователя","timestamp":"2026-03-21 00:30:55","userId":1}
{"level":"info","message":"Получение заданий для пользователя ID: 1","timestamp":"2026-03-21 00:30:55"}
{"level":"info","message":"Получение ожидающих приглашений пользователя","timestamp":"2026-03-21 00:30:55","userId":1}
{"level":"info","message":"Получение заданий для пользователя ID: 1","timestamp":"2026-03-21 00:30:55"}
{"level":"info","message":"Получение ожидающих приглашений пользователя","timestamp":"2026-03-21 00:30:55","userId":1}
{"level":"info","message":"Получение заданий для пользователя ID: 1","timestamp":"2026-03-21 00:30:55"}
{"level":"info","message":"Получение ожидающих приглашений пользователя","timestamp":"2026-03-21 00:30:55","userId":1}
{"level":"info","message":"Получение заданий для пользователя ID: 1","timestamp":"2026-03-21 00:30:55"}
{"level":"info","message":"Получение ожидающих приглашений пользователя","timestamp":"2026-03-21 00:30:55","userId":1}
{"level":"info","message":"Получение заданий для пользователя ID: 1","timestamp":"2026-03-21 00:30:55"}
{"level":"info","message":"Получение ожидающих приглашений пользователя","timestamp":"2026-03-21 00:30:55","userId":1}
{"level":"info","message":"Получение заданий для пользователя ID: 1","timestamp":"2026-03-21 00:30:55"}
{"level":"info","message":"Получение ожидающих приглашений пользователя","timestamp":"2026-03-21 00:30:55","userId":1}
{"level":"info","message":"Получение заданий для пользователя ID: 1","timestamp":"2026-03-21 00:30:55"}
{"level":"info","message":"Получение ожидающих приглашений пользователя","timestamp":"2026-03-21 00:30:55","userId":1}
{"level":"info","message":"Получение заданий для пользователя ID: 1","timestamp":"2026-03-21 00:30:55"}
{"level":"info","message":"Получение ожидающих приглашений пользователя","timestamp":"2026-03-21 00:30:55","userId":1}
{"level":"info","message":"Получение заданий для пользователя ID: 1","timestamp":"2026-03-21 00:30:56"}
{"level":"info","message":"Получение ожидающих приглашений пользователя","timestamp":"2026-03-21 00:30:56","userId":1}
{"level":"info","message":"Получение заданий для пользователя ID: 1","timestamp":"2026-03-21 00:30:56"}
{"level":"info","message":"Получение ожидающих приглашений пользователя","timestamp":"2026-03-21 00:30:56","userId":1}
{"level":"info","message":"Получение заданий для пользователя ID: 1","timestamp":"2026-03-21 00:30:56"}
{"level":"info","message":"Получение ожидающих приглашений пользователя","timestamp":"2026-03-21 00:30:56","userId":1}
{"level":"info","message":"Получение заданий для пользователя ID: 1","timestamp":"2026-03-21 00:30:56"}
{"level":"info","message":"Получение ожидающих приглашений пользователя","timestamp":"2026-03-21 00:30:56","userId":1}
{"level":"info","message":"Получение заданий для пользователя ID: 1","timestamp":"2026-03-21 00:30:56"}
{"level":"info","message":"Получение ожидающих приглашений пользователя","timestamp":"2026-03-21 00:30:56","userId":1}
{"level":"info","message":"Получение заданий для пользователя ID: 1","timestamp":"2026-03-21 00:30:56"}
{"level":"info","message":"Получение ожидающих приглашений пользователя","timestamp":"2026-03-21 00:30:56","userId":1}
{"level":"info","message":"Получение заданий для пользователя ID: 1","timestamp":"2026-03-21 00:30:56"}
{"level":"info","message":"Получение ожидающих приглашений пользователя","timestamp":"2026-03-21 00:30:56","userId":1}
{"level":"info","message":"Получение заданий для пользователя ID: 1","timestamp":"2026-03-21 00:30:56"}
{"level":"info","message":"Получение ожидающих приглашений пользователя","timestamp":"2026-03-21 00:30:56","userId":1}
{"level":"info","message":"Получение заданий для пользователя ID: 1","timestamp":"2026-03-21 00:30:56"}
{"level":"info","message":"Получение ожидающих приглашений пользователя","timestamp":"2026-03-21 00:30:56","userId":1}
{"level":"info","message":"Получение заданий для пользователя ID: 1","timestamp":"2026-03-21 00:30:56"}
{"level":"info","message":"Получение ожидающих приглашений пользователя","timestamp":"2026-03-21 00:30:56","userId":1}
{"level":"info","message":"Получение заданий для пользователя ID: 1","timestamp":"2026-03-21 00:30:56"}
{"level":"info","message":"Получение ожидающих приглашений пользователя","timestamp":"2026-03-21 00:30:56","userId":1}
{"level":"info","message":"Получение заданий для пользователя ID: 1","timestamp":"2026-03-21 00:30:56"}
{"level":"info","message":"Получение ожидающих приглашений пользователя","timestamp":"2026-03-21 00:30:56","userId":1}
{"level":"info","message":"Получение заданий для пользователя ID: 1","timestamp":"2026-03-21 00:30:56"}
{"level":"info","message":"Получение ожидающих приглашений пользователя","timestamp":"2026-03-21 00:30:56","userId":1}
{"level":"info","message":"Получение заданий для пользователя ID: 1","timestamp":"2026-03-21 00:30:56"}
{"level":"info","message":"Получение ожидающих приглашений пользователя","timestamp":"2026-03-21 00:30:56","userId":1}
{"level":"info","message":"Получение заданий для пользователя ID: 1","timestamp":"2026-03-21 00:30:56"}
{"level":"info","message":"Получение ожидающих приглашений пользователя","timestamp":"2026-03-21 00:30:56","userId":1}
{"level":"info","message":"Получение заданий для пользователя ID: 1","timestamp":"2026-03-21 00:30:56"}
{"level":"info","message":"Получение ожидающих приглашений пользователя","timestamp":"2026-03-21 00:30:56","userId":1}
{"level":"info","message":"Получение заданий для пользователя ID: 1","timestamp":"2026-03-21 00:30:56"}
{"level":"info","message":"Получение ожидающих приглашений пользователя","timestamp":"2026-03-21 00:30:56","userId":1}
{"level":"info","message":"Получение заданий для пользователя ID: 1","timestamp":"2026-03-21 00:30:56"}
{"level":"info","message":"Получение ожидающих приглашений пользователя","timestamp":"2026-03-21 00:30:56","userId":1}
{"level":"info","message":"Получение заданий для пользователя ID: 1","timestamp":"2026-03-21 00:30:56"}
{"level":"info","message":"Получение ожидающих приглашений пользователя","timestamp":"2026-03-21 00:30:56","userId":1}
{"level":"info","message":"Получение заданий для пользователя ID: 1","timestamp":"2026-03-21 00:30:56"}
{"level":"info","message":"Получение ожидающих приглашений пользователя","timestamp":"2026-03-21 00:30:56","userId":1}
{"level":"info","message":"Получение заданий для пользователя ID: 1","timestamp":"2026-03-21 00:30:56"}
{"level":"info","message":"Получение ожидающих приглашений пользователя","timestamp":"2026-03-21 00:30:56","userId":1}
{"level":"info","message":"Получение заданий для пользователя ID: 1","timestamp":"2026-03-21 00:30:56"}
{"level":"info","message":"Получение ожидающих приглашений пользователя","timestamp":"2026-03-21 00:30:56","userId":1}
{"level":"info","message":"Получение заданий для пользователя ID: 1","timestamp":"2026-03-21 00:30:56"}
{"level":"info","message":"Получение ожидающих приглашений пользователя","timestamp":"2026-03-21 00:30:56","userId":1}
{"level":"info","message":"Получение заданий для пользователя ID: 1","timestamp":"2026-03-21 00:30:56"}
{"level":"info","message":"Получение ожидающих приглашений пользователя","timestamp":"2026-03-21 00:30:56","userId":1}
{"level":"info","message":"Получение заданий для пользователя ID: 1","timestamp":"2026-03-21 00:30:56"}
{"level":"info","message":"Получение ожидающих приглашений пользователя","timestamp":"2026-03-21 00:30:56","userId":1}
{"level":"info","message":"Получение заданий для пользователя ID: 1","timestamp":"2026-03-21 00:30:56"}
{"level":"info","message":"Получение ожидающих приглашений пользователя","timestamp":"2026-03-21 00:30:56","userId":1}
{"level":"info","message":"Получение заданий для пользователя ID: 1","timestamp":"2026-03-21 00:30:56"}
{"level":"info","message":"Получение ожидающих приглашений пользователя","timestamp":"2026-03-21 00:30:56","userId":1}
{"level":"info","message":"Получение заданий для пользователя ID: 1","timestamp":"2026-03-21 00:30:56"}
{"level":"info","message":"Получение ожидающих приглашений пользователя","timestamp":"2026-03-21 00:30:56","userId":1}
{"level":"info","message":"Получение заданий для пользователя ID: 1","timestamp":"2026-03-21 00:30:57"}
{"level":"info","message":"Получение ожидающих приглашений пользователя","timestamp":"2026-03-21 00:30:57","userId":1}
{"level":"info","message":"Получение заданий для пользователя ID: 1","timestamp":"2026-03-21 00:30:57"}
{"level":"info","message":"Получение ожидающих приглашений пользователя","timestamp":"2026-03-21 00:30:57","userId":1}
{"level":"info","message":"Получение заданий для пользователя ID: 1","timestamp":"2026-03-21 00:30:57"}
{"level":"info","message":"Получение ожидающих приглашений пользователя","timestamp":"2026-03-21 00:30:57","userId":1}
{"level":"info","message":"Получение заданий для пользователя ID: 1","timestamp":"2026-03-21 00:30:57"}
{"level":"info","message":"Получение ожидающих приглашений пользователя","timestamp":"2026-03-21 00:30:57","userId":1}
{"level":"info","message":"Получение заданий для пользователя ID: 1","timestamp":"2026-03-21 00:30:57"}
{"level":"info","message":"Получение ожидающих приглашений пользователя","timestamp":"2026-03-21 00:30:57","userId":1}
{"level":"info","message":"Получение заданий для пользователя ID: 1","timestamp":"2026-03-21 00:30:57"}
{"level":"info","message":"Получение ожидающих приглашений пользователя","timestamp":"2026-03-21 00:30:57","userId":1}
{"level":"info","message":"Получение заданий для пользователя ID: 1","timestamp":"2026-03-21 00:30:57"}
{"level":"info","message":"Получение ожидающих приглашений пользователя","timestamp":"2026-03-21 00:30:57","userId":1}
{"level":"info","message":"Получение заданий для пользователя ID: 1","timestamp":"2026-03-21 00:30:57"}
{"level":"info","message":"Получение ожидающих приглашений пользователя","timestamp":"2026-03-21 00:30:57","userId":1}
{"level":"info","message":"Получение заданий для пользователя ID: 1","timestamp":"2026-03-21 00:30:57"}
{"level":"info","message":"Получение ожидающих приглашений пользователя","timestamp":"2026-03-21 00:30:57","userId":1}
{"level":"info","message":"Получение заданий для пользователя ID: 1","timestamp":"2026-03-21 00:30:57"}
{"level":"info","message":"Получение ожидающих приглашений пользователя","timestamp":"2026-03-21 00:30:57","userId":1}
{"level":"info","message":"Получение заданий для пользователя ID: 1","timestamp":"2026-03-21 00:30:57"}
{"level":"info","message":"Получение ожидающих приглашений пользователя","timestamp":"2026-03-21 00:30:57","userId":1}
{"level":"info","message":"Получение заданий для пользователя ID: 1","timestamp":"2026-03-21 00:30:57"}
{"level":"info","message":"Получение ожидающих приглашений пользователя","timestamp":"2026-03-21 00:30:57","userId":1}
{"level":"info","message":"Получение заданий для пользователя ID: 1","timestamp":"2026-03-21 00:30:57"}
{"level":"info","message":"Получение ожидающих приглашений пользователя","timestamp":"2026-03-21 00:30:57","userId":1}
{"level":"info","message":"Получение заданий для пользователя ID: 1","timestamp":"2026-03-21 00:30:57"}
{"level":"info","message":"Получение ожидающих приглашений пользователя","timestamp":"2026-03-21 00:30:57","userId":1}
{"level":"info","message":"Получение заданий для пользователя ID: 1","timestamp":"2026-03-21 00:30:57"}
{"level":"info","message":"Получение ожидающих приглашений пользователя","timestamp":"2026-03-21 00:30:57","userId":1}
{"level":"info","message":"Получение заданий для пользователя ID: 1","timestamp":"2026-03-21 00:30:57"}
{"level":"info","message":"Получение ожидающих приглашений пользователя","timestamp":"2026-03-21 00:30:57","userId":1}
{"level":"info","message":"Получение заданий для пользователя ID: 1","timestamp":"2026-03-21 00:30:57"}
{"level":"info","message":"Получение ожидающих приглашений пользователя","timestamp":"2026-03-21 00:30:57","userId":1}
{"level":"info","message":"Получение ожидающих приглашений пользователя","timestamp":"2026-03-21 00:30:57","userId":1}
{"level":"info","message":"Получение заданий для пользователя ID: 1","timestamp":"2026-03-21 00:30:57"}
{"level":"info","message":"Получение ожидающих приглашений пользователя","timestamp":"2026-03-21 00:30:57","userId":1}
{"level":"info","message":"Получение заданий для пользователя ID: 1","timestamp":"2026-03-21 00:30:57"}
{"level":"info","message":"Получение ожидающих приглашений пользователя","timestamp":"2026-03-21 00:30:57","userId":1}
{"level":"info","message":"Получение заданий для пользователя ID: 1","timestamp":"2026-03-21 00:30:57"}
{"level":"info","message":"Получение ожидающих приглашений пользователя","timestamp":"2026-03-21 00:30:57","userId":1}
{"level":"info","message":"Получение заданий для пользователя ID: 1","timestamp":"2026-03-21 00:30:57"}
{"level":"info","message":"Получение ожидающих приглашений пользователя","timestamp":"2026-03-21 00:30:57","userId":1}
{"level":"info","message":"Получение заданий для пользователя ID: 1","timestamp":"2026-03-21 00:30:57"}
{"level":"info","message":"Получение ожидающих приглашений пользователя","timestamp":"2026-03-21 00:30:57","userId":1}
{"level":"info","message":"Получение заданий для пользователя ID: 1","timestamp":"2026-03-21 00:30:57"}
{"level":"info","message":"Получение ожидающих приглашений пользователя","timestamp":"2026-03-21 00:30:57","userId":1}
{"level":"info","message":"Получение заданий для пользователя ID: 1","timestamp":"2026-03-21 00:30:57"}
{"level":"info","message":"Получение заданий для пользователя ID: 1","timestamp":"2026-03-21 00:30:57"}
{"level":"info","message":"Получение ожидающих приглашений пользователя","timestamp":"2026-03-21 00:30:57","userId":1}
{"level":"info","message":"Получение заданий для пользователя ID: 1","timestamp":"2026-03-21 00:30:57"}
{"level":"info","message":"Получение ожидающих приглашений пользователя","timestamp":"2026-03-21 00:30:57","userId":1}
{"level":"info","message":"Получение заданий для пользователя ID: 1","timestamp":"2026-03-21 00:30:57"}
{"level":"info","message":"Получение ожидающих приглашений пользователя","timestamp":"2026-03-21 00:30:57","userId":1}
{"level":"info","message":"Получение заданий для пользователя ID: 1","timestamp":"2026-03-21 00:30:57"}
{"level":"info","message":"Получение ожидающих приглашений пользователя","timestamp":"2026-03-21 00:30:57","userId":1}
{"level":"info","message":"Получение заданий для пользователя ID: 1","timestamp":"2026-03-21 00:30:57"}
{"level":"info","message":"Получение ожидающих приглашений пользователя","timestamp":"2026-03-21 00:30:57","userId":1}
{"level":"info","message":"Получение заданий для пользователя ID: 1","timestamp":"2026-03-21 00:30:57"}
{"level":"info","message":"Получение ожидающих приглашений пользователя","timestamp":"2026-03-21 00:30:57","userId":1}
{"level":"info","message":"Получение заданий для пользователя ID: 1","timestamp":"2026-03-21 00:30:57"}
{"level":"info","message":"Получение ожидающих приглашений пользователя","timestamp":"2026-03-21 00:30:57","userId":1}
{"level":"info","message":"Получение заданий для пользователя ID: 1","timestamp":"2026-03-21 00:30:57"}
{"level":"info","message":"Получение ожидающих приглашений пользователя","timestamp":"2026-03-21 00:30:57","userId":1}
{"level":"info","message":"Получение заданий для пользователя ID: 1","timestamp":"2026-03-21 00:30:58"}
{"level":"info","message":"Получение ожидающих приглашений пользователя","timestamp":"2026-03-21 00:30:58","userId":1}
{"level":"info","message":"Получение заданий для пользователя ID: 1","timestamp":"2026-03-21 00:30:58"}
{"level":"info","message":"Получение ожидающих приглашений пользователя","timestamp":"2026-03-21 00:30:58","userId":1}
{"level":"info","message":"Получение заданий для пользователя ID: 1","timestamp":"2026-03-21 00:30:58"}
{"level":"info","message":"Получение ожидающих приглашений пользователя","timestamp":"2026-03-21 00:30:58","userId":1}
{"level":"info","message":"Получение заданий для пользователя ID: 1","timestamp":"2026-03-21 00:30:58"}
{"level":"info","message":"Получение ожидающих приглашений пользователя","timestamp":"2026-03-21 00:30:58","userId":1}
{"level":"info","message":"Получение заданий для пользователя ID: 1","timestamp":"2026-03-21 00:30:58"}
{"level":"info","message":"Получение ожидающих приглашений пользователя","timestamp":"2026-03-21 00:30:58","userId":1}
{"level":"info","message":"Получение заданий для пользователя ID: 1","timestamp":"2026-03-21 00:30:58"}
{"level":"info","message":"Получение ожидающих приглашений пользователя","timestamp":"2026-03-21 00:30:58","userId":1}
{"level":"info","message":"Получение заданий для пользователя ID: 1","timestamp":"2026-03-21 00:30:58"}
{"level":"info","message":"Получение ожидающих приглашений пользователя","timestamp":"2026-03-21 00:30:58","userId":1}
{"level":"info","message":"Получение заданий для пользователя ID: 1","timestamp":"2026-03-21 00:30:58"}
{"level":"info","message":"Получение ожидающих приглашений пользователя","timestamp":"2026-03-21 00:30:58","userId":1}
{"level":"info","message":"Получение заданий для пользователя ID: 1","timestamp":"2026-03-21 00:30:58"}
{"level":"info","message":"Получение ожидающих приглашений пользователя","timestamp":"2026-03-21 00:30:58","userId":1}
{"level":"info","message":"Получение заданий для пользователя ID: 1","timestamp":"2026-03-21 00:30:58"}
{"level":"info","message":"Получение ожидающих приглашений пользователя","timestamp":"2026-03-21 00:30:58","userId":1}
{"level":"info","message":"Получение заданий для пользователя ID: 1","timestamp":"2026-03-21 00:30:58"}
{"level":"info","message":"Получение ожидающих приглашений пользователя","timestamp":"2026-03-21 00:30:58","userId":1}
{"level":"info","message":"Получение заданий для пользователя ID: 1","timestamp":"2026-03-21 00:30:58"}
{"level":"info","message":"Получение ожидающих приглашений пользователя","timestamp":"2026-03-21 00:30:58","userId":1}
{"level":"info","message":"Получение заданий для пользователя ID: 1","timestamp":"2026-03-21 00:30:58"}
{"level":"info","message":"Получение ожидающих приглашений пользователя","timestamp":"2026-03-21 00:30:58","userId":1}
{"level":"info","message":"Получение заданий для пользователя ID: 1","timestamp":"2026-03-21 00:30:58"}
{"level":"info","message":"Получение ожидающих приглашений пользователя","timestamp":"2026-03-21 00:30:58","userId":1}
{"level":"info","message":"Получение заданий для пользователя ID: 1","timestamp":"2026-03-21 00:30:58"}
{"level":"info","message":"Получение ожидающих приглашений пользователя","timestamp":"2026-03-21 00:30:58","userId":1}
{"level":"info","message":"Получение заданий для пользователя ID: 1","timestamp":"2026-03-21 00:30:58"}
{"level":"info","message":"Получение ожидающих приглашений пользователя","timestamp":"2026-03-21 00:30:58","userId":1}
{"level":"info","message":"Получение заданий для пользователя ID: 1","timestamp":"2026-03-21 00:30:58"}
{"level":"info","message":"Получение ожидающих приглашений пользователя","timestamp":"2026-03-21 00:30:58","userId":1}
{"level":"info","message":"Получение заданий для пользователя ID: 1","timestamp":"2026-03-21 00:30:58"}
{"level":"info","message":"Получение ожидающих приглашений пользователя","timestamp":"2026-03-21 00:30:58","userId":1}
{"level":"info","message":"Получение ожидающих приглашений пользователя","timestamp":"2026-03-21 00:30:58","userId":1}
{"level":"info","message":"Получение заданий для пользователя ID: 1","timestamp":"2026-03-21 00:30:58"}
{"level":"info","message":"Получение ожидающих приглашений пользователя","timestamp":"2026-03-21 00:30:58","userId":1}
{"level":"info","message":"Получение заданий для пользователя ID: 1","timestamp":"2026-03-21 00:30:58"}
{"level":"info","message":"Получение ожидающих приглашений пользователя","timestamp":"2026-03-21 00:30:58","userId":1}
{"level":"info","message":"Получение заданий для пользователя ID: 1","timestamp":"2026-03-21 00:30:58"}
{"level":"info","message":"Получение ожидающих приглашений пользователя","timestamp":"2026-03-21 00:30:58","userId":1}
{"level":"info","message":"Получение заданий для пользователя ID: 1","timestamp":"2026-03-21 00:30:58"}
{"level":"info","message":"Получение ожидающих приглашений пользователя","timestamp":"2026-03-21 00:30:58","userId":1}
{"level":"info","message":"Получение заданий для пользователя ID: 1","timestamp":"2026-03-21 00:30:58"}
{"level":"info","message":"Получение заданий для пользователя ID: 1","timestamp":"2026-03-21 00:30:58"}
{"level":"info","message":"Получение ожидающих приглашений пользователя","timestamp":"2026-03-21 00:30:58","userId":1}
{"level":"info","message":"Получение заданий для пользователя ID: 1","timestamp":"2026-03-21 00:30:58"}
{"level":"info","message":"Получение ожидающих приглашений пользователя","timestamp":"2026-03-21 00:30:58","userId":1}
{"level":"info","message":"Получение заданий для пользователя ID: 1","timestamp":"2026-03-21 00:30:58"}
{"level":"info","message":"Получение ожидающих приглашений пользователя","timestamp":"2026-03-21 00:30:58","userId":1}
{"level":"info","message":"Получение заданий для пользователя ID: 1","timestamp":"2026-03-21 00:30:58"}
{"level":"info","message":"Получение ожидающих приглашений пользователя","timestamp":"2026-03-21 00:30:58","userId":1}
{"level":"info","message":"Получение заданий для пользователя ID: 1","timestamp":"2026-03-21 00:30:58"}
{"level":"info","message":"Получение ожидающих приглашений пользователя","timestamp":"2026-03-21 00:30:58","userId":1}
{"level":"info","message":"Получение заданий для пользователя ID: 1","timestamp":"2026-03-21 00:30:58"}
{"level":"info","message":"Получение ожидающих приглашений пользователя","timestamp":"2026-03-21 00:30:58","userId":1}
{"level":"info","message":"Получение заданий для пользователя ID: 1","timestamp":"2026-03-21 00:30:58"}
{"level":"info","message":"Получение ожидающих приглашений пользователя","timestamp":"2026-03-21 00:30:58","userId":1}
{"level":"info","message":"Получение заданий для пользователя ID: 1","timestamp":"2026-03-21 00:30:58"}
{"level":"info","message":"Получение ожидающих приглашений пользователя","timestamp":"2026-03-21 00:30:58","userId":1}
{"level":"info","message":"Получение заданий для пользователя ID: 1","timestamp":"2026-03-21 00:30:58"}
{"level":"info","message":"Получение ожидающих приглашений пользователя","timestamp":"2026-03-21 00:30:58","userId":1}
{"level":"info","message":"Получение заданий для пользователя ID: 1","timestamp":"2026-03-21 00:30:58"}
{"level":"info","message":"Получение ожидающих приглашений пользователя","timestamp":"2026-03-21 00:30:58","userId":1}
{"level":"info","message":"Получение заданий для пользователя ID: 1","timestamp":"2026-03-21 00:30:59"}
{"level":"info","message":"Получение ожидающих приглашений пользователя","timestamp":"2026-03-21 00:30:59","userId":1}
{"level":"info","message":"Получение заданий для пользователя ID: 1","timestamp":"2026-03-21 00:30:59"}
{"level":"info","message":"Получение ожидающих приглашений пользователя","timestamp":"2026-03-21 00:30:59","userId":1}
{"level":"info","message":"Получение заданий для пользователя ID: 1","timestamp":"2026-03-21 00:30:59"}
{"level":"info","message":"Получение ожидающих приглашений пользователя","timestamp":"2026-03-21 00:30:59","userId":1}
{"level":"info","message":"Получение заданий для пользователя ID: 1","timestamp":"2026-03-21 00:30:59"}
{"level":"info","message":"Получение ожидающих приглашений пользователя","timestamp":"2026-03-21 00:30:59","userId":1}
{"level":"info","message":"Получение заданий для пользователя ID: 1","timestamp":"2026-03-21 00:30:59"}
{"level":"info","message":"Получение ожидающих приглашений пользователя","timestamp":"2026-03-21 00:30:59","userId":1}
{"level":"info","message":"Получение заданий для пользователя ID: 1","timestamp":"2026-03-21 00:30:59"}
{"level":"info","message":"Получение ожидающих приглашений пользователя","timestamp":"2026-03-21 00:30:59","userId":1}
{"level":"info","message":"Получение заданий для пользователя ID: 1","timestamp":"2026-03-21 00:30:59"}
{"level":"info","message":"Получение ожидающих приглашений пользователя","timestamp":"2026-03-21 00:30:59","userId":1}
{"level":"info","message":"Получение заданий для пользователя ID: 1","timestamp":"2026-03-21 00:30:59"}
{"level":"info","message":"Получение ожидающих приглашений пользователя","timestamp":"2026-03-21 00:30:59","userId":1}
{"level":"info","message":"Получение заданий для пользователя ID: 1","timestamp":"2026-03-21 00:30:59"}
{"level":"info","message":"Получение ожидающих приглашений пользователя","timestamp":"2026-03-21 00:30:59","userId":1}
{"level":"info","message":"Получение заданий для пользователя ID: 1","timestamp":"2026-03-21 00:30:59"}
{"level":"info","message":"Получение ожидающих приглашений пользователя","timestamp":"2026-03-21 00:30:59","userId":1}
{"level":"info","message":"Получение заданий для пользователя ID: 1","timestamp":"2026-03-21 00:30:59"}
{"level":"info","message":"Получение ожидающих приглашений пользователя","timestamp":"2026-03-21 00:30:59","userId":1}
{"level":"info","message":"Получение заданий для пользователя ID: 1","timestamp":"2026-03-21 00:30:59"}
{"level":"info","message":"Получение ожидающих приглашений пользователя","timestamp":"2026-03-21 00:30:59","userId":1}
{"level":"info","message":"Получение ожидающих приглашений пользователя","timestamp":"2026-03-21 00:30:59","userId":1}
{"level":"info","message":"Получение заданий для пользователя ID: 1","timestamp":"2026-03-21 00:30:59"}
{"level":"info","message":"Получение ожидающих приглашений пользователя","timestamp":"2026-03-21 00:30:59","userId":1}
{"level":"info","message":"Получение заданий для пользователя ID: 1","timestamp":"2026-03-21 00:30:59"}
{"level":"info","message":"Получение ожидающих приглашений пользователя","timestamp":"2026-03-21 00:30:59","userId":1}
{"level":"info","message":"Получение ожидающих приглашений пользователя","timestamp":"2026-03-21 00:30:59","userId":1}
{"level":"info","message":"Получение заданий для пользователя ID: 1","timestamp":"2026-03-21 00:30:59"}
{"level":"info","message":"Получение ожидающих приглашений пользователя","timestamp":"2026-03-21 00:30:59","userId":1}
{"level":"info","message":"Получение заданий для пользователя ID: 1","timestamp":"2026-03-21 00:30:59"}
{"level":"info","message":"Получение ожидающих приглашений пользователя","timestamp":"2026-03-21 00:30:59","userId":1}
{"level":"info","message":"Получение заданий для пользователя ID: 1","timestamp":"2026-03-21 00:30:59"}
{"level":"info","message":"Получение ожидающих приглашений пользователя","timestamp":"2026-03-21 00:30:59","userId":1}
{"level":"info","message":"Получение заданий для пользователя ID: 1","timestamp":"2026-03-21 00:30:59"}
{"level":"info","message":"Получение ожидающих приглашений пользователя","timestamp":"2026-03-21 00:30:59","userId":1}
{"level":"info","message":"Получение заданий для пользователя ID: 1","timestamp":"2026-03-21 00:30:59"}
{"level":"info","message":"Получение ожидающих приглашений пользователя","timestamp":"2026-03-21 00:30:59","userId":1}
{"level":"info","message":"Получение заданий для пользователя ID: 1","timestamp":"2026-03-21 00:30:59"}
{"level":"info","message":"Получение ожидающих приглашений пользователя","timestamp":"2026-03-21 00:30:59","userId":1}
{"level":"info","message":"Получение ожидающих приглашений пользователя","timestamp":"2026-03-21 00:30:59","userId":1}
{"level":"info","message":"Получение заданий для пользователя ID: 1","timestamp":"2026-03-21 00:30:59"}
{"level":"info","message":"Получение заданий для пользователя ID: 1","timestamp":"2026-03-21 00:30:59"}
{"level":"info","message":"Получение заданий для пользователя ID: 1","timestamp":"2026-03-21 00:30:59"}
{"level":"info","message":"Получение ожидающих приглашений пользователя","timestamp":"2026-03-21 00:30:59","userId":1}
{"level":"info","message":"Получение заданий для пользователя ID: 1","timestamp":"2026-03-21 00:30:59"}
{"level":"info","message":"Получение заданий для пользователя ID: 1","timestamp":"2026-03-21 00:30:59"}
{"level":"info","message":"Получение ожидающих приглашений пользователя","timestamp":"2026-03-21 00:30:59","userId":1}
{"level":"info","message":"Получение заданий для пользователя ID: 1","timestamp":"2026-03-21 00:30:59"}
{"level":"info","message":"Получение ожидающих приглашений пользователя","timestamp":"2026-03-21 00:30:59","userId":1}
{"level":"info","message":"Получение заданий для пользователя ID: 1","timestamp":"2026-03-21 00:30:59"}
{"level":"info","message":"Получение ожидающих приглашений пользователя","timestamp":"2026-03-21 00:30:59","userId":1}
{"level":"info","message":"Получение заданий для пользователя ID: 1","timestamp":"2026-03-21 00:30:59"}
{"level":"info","message":"Получение ожидающих приглашений пользователя","timestamp":"2026-03-21 00:30:59","userId":1}
{"level":"info","message":"Получение заданий для пользователя ID: 1","timestamp":"2026-03-21 00:30:59"}
{"level":"info","message":"Получение ожидающих приглашений пользователя","timestamp":"2026-03-21 00:30:59","userId":1}
{"level":"info","message":"Получение заданий для пользователя ID: 1","timestamp":"2026-03-21 00:31:00"}
{"level":"info","message":"Получение ожидающих приглашений пользователя","timestamp":"2026-03-21 00:31:00","userId":1}
{"level":"info","message":"Получение заданий для пользователя ID: 1","timestamp":"2026-03-21 00:31:00"}
{"level":"info","message":"Получение ожидающих приглашений пользователя","timestamp":"2026-03-21 00:31:00","userId":1}
{"level":"info","message":"Получение заданий для пользователя ID: 1","timestamp":"2026-03-21 00:31:00"}
{"level":"info","message":"Получение ожидающих приглашений пользователя","timestamp":"2026-03-21 00:31:00","userId":1}
{"level":"info","message":"Получение заданий для пользователя ID: 1","timestamp":"2026-03-21 00:31:00"}
{"level":"info","message":"Получение ожидающих приглашений пользователя","timestamp":"2026-03-21 00:31:00","userId":1}
{"level":"info","message":"Получение заданий для пользователя ID: 1","timestamp":"2026-03-21 00:31:00"}
{"level":"info","message":"Получение ожидающих приглашений пользователя","timestamp":"2026-03-21 00:31:00","userId":1}
{"level":"info","message":"Получение заданий для пользователя ID: 1","timestamp":"2026-03-21 00:31:00"}
{"level":"info","message":"Получение ожидающих приглашений пользователя","timestamp":"2026-03-21 00:31:00","userId":1}
{"level":"info","message":"Получение заданий для пользователя ID: 1","timestamp":"2026-03-21 00:31:00"}
{"level":"info","message":"Получение ожидающих приглашений пользователя","timestamp":"2026-03-21 00:31:00","userId":1}
{"level":"info","message":"Получение заданий для пользователя ID: 1","timestamp":"2026-03-21 00:31:00"}
{"level":"info","message":"Получение ожидающих приглашений пользователя","timestamp":"2026-03-21 00:31:00","userId":1}
{"level":"info","message":"Получение заданий для пользователя ID: 1","timestamp":"2026-03-21 00:31:00"}
{"level":"info","message":"Получение ожидающих приглашений пользователя","timestamp":"2026-03-21 00:31:00","userId":1}
{"level":"info","message":"Получение заданий для пользователя ID: 1","timestamp":"2026-03-21 00:31:00"}
{"level":"info","message":"Получение ожидающих приглашений пользователя","timestamp":"2026-03-21 00:31:00","userId":1}
{"level":"info","message":"Получение заданий для пользователя ID: 1","timestamp":"2026-03-21 00:31:00"}
{"level":"info","message":"Получение ожидающих приглашений пользователя","timestamp":"2026-03-21 00:31:00","userId":1}
{"level":"info","message":"Получение заданий для пользователя ID: 1","timestamp":"2026-03-21 00:31:00"}
{"level":"info","message":"Получение ожидающих приглашений пользователя","timestamp":"2026-03-21 00:31:00","userId":1}
{"level":"info","message":"Получение заданий для пользователя ID: 1","timestamp":"2026-03-21 00:31:00"}
{"level":"info","message":"Получение ожидающих приглашений пользователя","timestamp":"2026-03-21 00:31:00","userId":1}
{"level":"info","message":"Получение заданий для пользователя ID: 1","timestamp":"2026-03-21 00:31:00"}
{"level":"info","message":"Получение ожидающих приглашений пользователя","timestamp":"2026-03-21 00:31:00","userId":1}
{"level":"info","message":"Получение заданий для пользователя ID: 1","timestamp":"2026-03-21 00:31:00"}
{"level":"info","message":"Получение ожидающих приглашений пользователя","timestamp":"2026-03-21 00:31:00","userId":1}
{"level":"info","message":"Получение заданий для пользователя ID: 1","timestamp":"2026-03-21 00:31:00"}
{"level":"info","message":"Получение ожидающих приглашений пользователя","timestamp":"2026-03-21 00:31:00","userId":1}
{"level":"info","message":"Получение заданий для пользователя ID: 1","timestamp":"2026-03-21 00:31:00"}
{"level":"info","message":"Получение ожидающих приглашений пользователя","timestamp":"2026-03-21 00:31:00","userId":1}
{"level":"info","message":"Получение заданий для пользователя ID: 1","timestamp":"2026-03-21 00:31:00"}
{"level":"info","message":"Получение ожидающих приглашений пользователя","timestamp":"2026-03-21 00:31:00","userId":1}
{"level":"info","message":"Получение заданий для пользователя ID: 1","timestamp":"2026-03-21 00:31:00"}
{"level":"info","message":"Получение ожидающих приглашений пользователя","timestamp":"2026-03-21 00:31:00","userId":1}
{"level":"info","message":"Получение заданий для пользователя ID: 1","timestamp":"2026-03-21 00:31:00"}
{"level":"info","message":"Получение ожидающих приглашений пользователя","timestamp":"2026-03-21 00:31:00","userId":1}
{"level":"info","message":"Получение ожидающих приглашений пользователя","timestamp":"2026-03-21 00:31:00","userId":1}
{"level":"info","message":"Получение ожидающих приглашений пользователя","timestamp":"2026-03-21 00:31:00","userId":1}
{"level":"info","message":"Получение заданий для пользователя ID: 1","timestamp":"2026-03-21 00:31:00"}
{"level":"info","message":"Получение ожидающих приглашений пользователя","timestamp":"2026-03-21 00:31:00","userId":1}
{"level":"info","message":"Получение заданий для пользователя ID: 1","timestamp":"2026-03-21 00:31:00"}
{"level":"info","message":"Получение ожидающих приглашений пользователя","timestamp":"2026-03-21 00:31:00","userId":1}
{"level":"info","message":"Получение ожидающих приглашений пользователя","timestamp":"2026-03-21 00:31:00","userId":1}
{"level":"info","message":"Получение заданий для пользователя ID: 1","timestamp":"2026-03-21 00:31:00"}
{"level":"info","message":"Получение ожидающих приглашений пользователя","timestamp":"2026-03-21 00:31:00","userId":1}
{"level":"info","message":"Получение заданий для пользователя ID: 1","timestamp":"2026-03-21 00:31:00"}
{"level":"info","message":"Получение ожидающих приглашений пользователя","timestamp":"2026-03-21 00:31:00","userId":1}
{"level":"info","message":"Получение заданий для пользователя ID: 1","timestamp":"2026-03-21 00:31:00"}
{"level":"info","message":"Получение заданий для пользователя ID: 1","timestamp":"2026-03-21 00:31:00"}
{"level":"info","message":"Получение заданий для пользователя ID: 1","timestamp":"2026-03-21 00:31:00"}
{"level":"info","message":"Получение заданий для пользователя ID: 1","timestamp":"2026-03-21 00:31:00"}
{"level":"info","message":"Получение ожидающих приглашений пользователя","timestamp":"2026-03-21 00:31:00","userId":1}
{"level":"info","message":"Получение заданий для пользователя ID: 1","timestamp":"2026-03-21 00:31:00"}
{"level":"info","message":"Получение ожидающих приглашений пользователя","timestamp":"2026-03-21 00:31:00","userId":1}
{"level":"info","message":"Получение заданий для пользователя ID: 1","timestamp":"2026-03-21 00:31:00"}
{"level":"info","message":"Получение ожидающих приглашений пользователя","timestamp":"2026-03-21 00:31:00","userId":1}
{"level":"info","message":"Получение заданий для пользователя ID: 1","timestamp":"2026-03-21 00:31:00"}
{"level":"info","message":"Получение ожидающих приглашений пользователя","timestamp":"2026-03-21 00:31:00","userId":1}
{"level":"info","message":"Получение заданий для пользователя ID: 1","timestamp":"2026-03-21 00:31:00"}
{"level":"info","message":"Получение ожидающих приглашений пользователя","timestamp":"2026-03-21 00:31:00","userId":1}
{"level":"info","message":"Получение заданий для пользователя ID: 1","timestamp":"2026-03-21 00:31:00"}
{"level":"info","message":"Получение ожидающих приглашений пользователя","timestamp":"2026-03-21 00:31:00","userId":1}
{"level":"info","message":"Получение заданий для пользователя ID: 1","timestamp":"2026-03-21 00:31:00"}
{"level":"info","message":"Получение ожидающих приглашений пользователя","timestamp":"2026-03-21 00:31:00","userId":1}
{"level":"info","message":"Получение заданий для пользователя ID: 1","timestamp":"2026-03-21 00:31:01"}
{"level":"info","message":"Получение ожидающих приглашений пользователя","timestamp":"2026-03-21 00:31:01","userId":1}
{"level":"info","message":"Получение заданий для пользователя ID: 1","timestamp":"2026-03-21 00:31:01"}
{"level":"info","message":"Получение ожидающих приглашений пользователя","timestamp":"2026-03-21 00:31:01","userId":1}
{"level":"info","message":"Получение заданий для пользователя ID: 1","timestamp":"2026-03-21 00:31:01"}
{"level":"info","message":"Получение ожидающих приглашений пользователя","timestamp":"2026-03-21 00:31:01","userId":1}
{"level":"info","message":"Получение заданий для пользователя ID: 1","timestamp":"2026-03-21 00:31:01"}
{"level":"info","message":"Получение ожидающих приглашений пользователя","timestamp":"2026-03-21 00:31:01","userId":1}
{"level":"info","message":"Получение заданий для пользователя ID: 1","timestamp":"2026-03-21 00:31:01"}
{"level":"info","message":"Получение ожидающих приглашений пользователя","timestamp":"2026-03-21 00:31:01","userId":1}
{"level":"info","message":"Получение заданий для пользователя ID: 1","timestamp":"2026-03-21 00:31:01"}
{"level":"info","message":"Получение ожидающих приглашений пользователя","timestamp":"2026-03-21 00:31:01","userId":1}
{"level":"info","message":"Получение заданий для пользователя ID: 1","timestamp":"2026-03-21 00:31:01"}
{"level":"info","message":"Получение ожидающих приглашений пользователя","timestamp":"2026-03-21 00:31:01","userId":1}
{"level":"info","message":"Получение заданий для пользователя ID: 1","timestamp":"2026-03-21 00:31:01"}
{"level":"info","message":"Получение ожидающих приглашений пользователя","timestamp":"2026-03-21 00:31:01","userId":1}
{"level":"info","message":"Получение заданий для пользователя ID: 1","timestamp":"2026-03-21 00:31:01"}
{"level":"info","message":"Получение ожидающих приглашений пользователя","timestamp":"2026-03-21 00:31:01","userId":1}
{"level":"info","message":"Получение заданий для пользователя ID: 1","timestamp":"2026-03-21 00:31:01"}
{"level":"info","message":"Получение ожидающих приглашений пользователя","timestamp":"2026-03-21 00:31:01","userId":1}
{"level":"info","message":"Получение заданий для пользователя ID: 1","timestamp":"2026-03-21 00:31:01"}
{"level":"info","message":"Получение ожидающих приглашений пользователя","timestamp":"2026-03-21 00:31:01","userId":1}
{"level":"info","message":"Получение заданий для пользователя ID: 1","timestamp":"2026-03-21 00:31:01"}
{"level":"info","message":"Получение ожидающих приглашений пользователя","timestamp":"2026-03-21 00:31:01","userId":1}
{"level":"info","message":"Получение заданий для пользователя ID: 1","timestamp":"2026-03-21 00:31:01"}
{"level":"info","message":"Получение ожидающих приглашений пользователя","timestamp":"2026-03-21 00:31:01","userId":1}
{"level":"info","message":"Получение заданий для пользователя ID: 1","timestamp":"2026-03-21 00:31:01"}
{"level":"info","message":"Получение ожидающих приглашений пользователя","timestamp":"2026-03-21 00:31:01","userId":1}
{"level":"info","message":"Получение заданий для пользователя ID: 1","timestamp":"2026-03-21 00:31:01"}
{"level":"info","message":"Получение ожидающих приглашений пользователя","timestamp":"2026-03-21 00:31:01","userId":1}
{"level":"info","message":"Получение заданий для пользователя ID: 1","timestamp":"2026-03-21 00:31:01"}
{"level":"info","message":"Получение ожидающих приглашений пользователя","timestamp":"2026-03-21 00:31:01","userId":1}
{"level":"info","message":"Получение заданий для пользователя ID: 1","timestamp":"2026-03-21 00:31:01"}
{"level":"info","message":"Получение ожидающих приглашений пользователя","timestamp":"2026-03-21 00:31:01","userId":1}
{"level":"info","message":"Получение заданий для пользователя ID: 1","timestamp":"2026-03-21 00:31:01"}
{"level":"info","message":"Получение ожидающих приглашений пользователя","timestamp":"2026-03-21 00:31:01","userId":1}
{"level":"info","message":"Получение заданий для пользователя ID: 1","timestamp":"2026-03-21 00:31:01"}
{"level":"info","message":"Получение ожидающих приглашений пользователя","timestamp":"2026-03-21 00:31:01","userId":1}
{"level":"info","message":"Получение ожидающих приглашений пользователя","timestamp":"2026-03-21 00:31:01","userId":1}
{"level":"info","message":"Получение заданий для пользователя ID: 1","timestamp":"2026-03-21 00:31:01"}
{"level":"info","message":"Получение ожидающих приглашений пользователя","timestamp":"2026-03-21 00:31:01","userId":1}
{"level":"info","message":"Получение заданий для пользователя ID: 1","timestamp":"2026-03-21 00:31:01"}
{"level":"info","message":"Получение ожидающих приглашений пользователя","timestamp":"2026-03-21 00:31:01","userId":1}
{"level":"info","message":"Получение ожидающих приглашений пользователя","timestamp":"2026-03-21 00:31:01","userId":1}
{"level":"info","message":"Получение заданий для пользователя ID: 1","timestamp":"2026-03-21 00:31:01"}
{"level":"info","message":"Получение ожидающих приглашений пользователя","timestamp":"2026-03-21 00:31:01","userId":1}
{"level":"info","message":"Получение ожидающих приглашений пользователя","timestamp":"2026-03-21 00:31:01","userId":1}
{"level":"info","message":"Получение заданий для пользователя ID: 1","timestamp":"2026-03-21 00:31:01"}
{"level":"info","message":"Получение ожидающих приглашений пользователя","timestamp":"2026-03-21 00:31:01","userId":1}
{"level":"info","message":"Получение заданий для пользователя ID: 1","timestamp":"2026-03-21 00:31:01"}
{"level":"info","message":"Получение ожидающих приглашений пользователя","timestamp":"2026-03-21 00:31:01","userId":1}
{"level":"info","message":"Получение ожидающих приглашений пользователя","timestamp":"2026-03-21 00:31:01","userId":1}
{"level":"info","message":"Получение заданий для пользователя ID: 1","timestamp":"2026-03-21 00:31:01"}
{"level":"info","message":"Получение заданий для пользователя ID: 1","timestamp":"2026-03-21 00:31:01"}
{"level":"info","message":"Получение заданий для пользователя ID: 1","timestamp":"2026-03-21 00:31:01"}
{"level":"info","message":"Получение ожидающих приглашений пользователя","timestamp":"2026-03-21 00:31:01","userId":1}
{"level":"info","message":"Получение заданий для пользователя ID: 1","timestamp":"2026-03-21 00:31:01"}
{"level":"info","message":"Получение заданий для пользователя ID: 1","timestamp":"2026-03-21 00:31:01"}
{"level":"info","message":"Получение ожидающих приглашений пользователя","timestamp":"2026-03-21 00:31:01","userId":1}
{"level":"info","message":"Получение заданий для пользователя ID: 1","timestamp":"2026-03-21 00:31:01"}
{"level":"info","message":"Получение заданий для пользователя ID: 1","timestamp":"2026-03-21 00:31:01"}
{"level":"info","message":"Получение ожидающих приглашений пользователя","timestamp":"2026-03-21 00:31:01","userId":1}
{"level":"info","message":"Получение заданий для пользователя ID: 1","timestamp":"2026-03-21 00:31:01"}
{"level":"info","message":"Получение ожидающих приглашений пользователя","timestamp":"2026-03-21 00:31:01","userId":1}
{"level":"info","message":"Получение заданий для пользователя ID: 1","timestamp":"2026-03-21 00:31:01"}
{"level":"info","message":"Получение ожидающих приглашений пользователя","timestamp":"2026-03-21 00:31:01","userId":1}
{"level":"info","message":"Получение заданий для пользователя ID: 1","timestamp":"2026-03-21 00:31:01"}
{"level":"info","message":"Получение ожидающих приглашений пользователя","timestamp":"2026-03-21 00:31:01","userId":1}
{"level":"info","message":"Получение заданий для пользователя ID: 1","timestamp":"2026-03-21 00:31:01"}
{"level":"info","message":"Получение ожидающих приглашений пользователя","timestamp":"2026-03-21 00:31:01","userId":1}
{"level":"info","message":"Получение заданий для пользователя ID: 1","timestamp":"2026-03-21 00:31:01"}
{"level":"info","message":"Получение ожидающих приглашений пользователя","timestamp":"2026-03-21 00:31:01","userId":1}
{"level":"info","message":"Получение заданий для пользователя ID: 1","timestamp":"2026-03-21 00:31:02"}
{"level":"info","message":"Получение ожидающих приглашений пользователя","timestamp":"2026-03-21 00:31:02","userId":1}
{"level":"info","message":"Получение заданий для пользователя ID: 1","timestamp":"2026-03-21 00:31:02"}
{"level":"info","message":"Получение ожидающих приглашений пользователя","timestamp":"2026-03-21 00:31:02","userId":1}
{"level":"info","message":"Получение заданий для пользователя ID: 1","timestamp":"2026-03-21 00:31:02"}
{"level":"info","message":"Получение ожидающих приглашений пользователя","timestamp":"2026-03-21 00:31:02","userId":1}
{"level":"info","message":"Получение заданий для пользователя ID: 1","timestamp":"2026-03-21 00:31:02"}
{"level":"info","message":"Получение ожидающих приглашений пользователя","timestamp":"2026-03-21 00:31:02","userId":1}
{"level":"info","message":"Получение заданий для пользователя ID: 1","timestamp":"2026-03-21 00:31:02"}
{"level":"info","message":"Получение ожидающих приглашений пользователя","timestamp":"2026-03-21 00:31:02","userId":1}
{"level":"info","message":"Получение заданий для пользователя ID: 1","timestamp":"2026-03-21 00:31:02"}
{"level":"info","message":"Получение ожидающих приглашений пользователя","timestamp":"2026-03-21 00:31:02","userId":1}
{"level":"info","message":"Получение заданий для пользователя ID: 1","timestamp":"2026-03-21 00:31:02"}
{"level":"info","message":"Получение ожидающих приглашений пользователя","timestamp":"2026-03-21 00:31:02","userId":1}
{"level":"info","message":"Получение заданий для пользователя ID: 1","timestamp":"2026-03-21 00:31:02"}
{"level":"info","message":"Получение ожидающих приглашений пользователя","timestamp":"2026-03-21 00:31:02","userId":1}
{"level":"info","message":"Получение заданий для пользователя ID: 1","timestamp":"2026-03-21 00:31:02"}
{"level":"info","message":"Получение ожидающих приглашений пользователя","timestamp":"2026-03-21 00:31:02","userId":1}
{"level":"info","message":"Получение заданий для пользователя ID: 1","timestamp":"2026-03-21 00:31:02"}
{"level":"info","message":"Получение ожидающих приглашений пользователя","timestamp":"2026-03-21 00:31:02","userId":1}
{"level":"info","message":"Получение заданий для пользователя ID: 1","timestamp":"2026-03-21 00:31:02"}
{"level":"info","message":"Получение ожидающих приглашений пользователя","timestamp":"2026-03-21 00:31:02","userId":1}
{"level":"info","message":"Получение заданий для пользователя ID: 1","timestamp":"2026-03-21 00:31:02"}
{"level":"info","message":"Получение ожидающих приглашений пользователя","timestamp":"2026-03-21 00:31:02","userId":1}
{"level":"info","message":"Получение заданий для пользователя ID: 1","timestamp":"2026-03-21 00:31:02"}
{"level":"info","message":"Получение ожидающих приглашений пользователя","timestamp":"2026-03-21 00:31:02","userId":1}
{"level":"info","message":"Получение заданий для пользователя ID: 1","timestamp":"2026-03-21 00:31:02"}
{"level":"info","message":"Получение ожидающих приглашений пользователя","timestamp":"2026-03-21 00:31:02","userId":1}
{"level":"info","message":"Получение заданий для пользователя ID: 1","timestamp":"2026-03-21 00:31:02"}
{"level":"info","message":"Получение ожидающих приглашений пользователя","timestamp":"2026-03-21 00:31:02","userId":1}
{"level":"info","message":"Получение заданий для пользователя ID: 1","timestamp":"2026-03-21 00:31:02"}
{"level":"info","message":"Получение ожидающих приглашений пользователя","timestamp":"2026-03-21 00:31:02","userId":1}
{"level":"info","message":"Получение заданий для пользователя ID: 1","timestamp":"2026-03-21 00:31:02"}
{"level":"info","message":"Получение ожидающих приглашений пользователя","timestamp":"2026-03-21 00:31:02","userId":1}
{"level":"info","message":"Получение заданий для пользователя ID: 1","timestamp":"2026-03-21 00:31:02"}
{"level":"info","message":"Получение ожидающих приглашений пользователя","timestamp":"2026-03-21 00:31:02","userId":1}
{"level":"info","message":"Получение заданий для пользователя ID: 1","timestamp":"2026-03-21 00:31:02"}
{"level":"info","message":"Получение ожидающих приглашений пользователя","timestamp":"2026-03-21 00:31:02","userId":1}
{"level":"info","message":"Получение заданий для пользователя ID: 1","timestamp":"2026-03-21 00:31:02"}
{"level":"info","message":"Получение ожидающих приглашений пользователя","timestamp":"2026-03-21 00:31:02","userId":1}
{"level":"info","message":"Получение заданий для пользователя ID: 1","timestamp":"2026-03-21 00:31:02"}
{"level":"info","message":"Получение ожидающих приглашений пользователя","timestamp":"2026-03-21 00:31:02","userId":1}
{"level":"info","message":"Получение заданий для пользователя ID: 1","timestamp":"2026-03-21 00:31:02"}
{"level":"info","message":"Получение ожидающих приглашений пользователя","timestamp":"2026-03-21 00:31:02","userId":1}
{"level":"info","message":"Получение заданий для пользователя ID: 1","timestamp":"2026-03-21 00:31:02"}
{"level":"info","message":"Получение ожидающих приглашений пользователя","timestamp":"2026-03-21 00:31:02","userId":1}
{"level":"info","message":"Получение заданий для пользователя ID: 1","timestamp":"2026-03-21 00:31:02"}
{"level":"info","message":"Получение ожидающих приглашений пользователя","timestamp":"2026-03-21 00:31:02","userId":1}
{"level":"info","message":"Получение заданий для пользователя ID: 1","timestamp":"2026-03-21 00:31:02"}
{"level":"info","message":"Получение ожидающих приглашений пользователя","timestamp":"2026-03-21 00:31:02","userId":1}
{"level":"info","message":"Получение заданий для пользователя ID: 1","timestamp":"2026-03-21 00:31:03"}
{"level":"info","message":"Получение ожидающих приглашений пользователя","timestamp":"2026-03-21 00:31:03","userId":1}
{"level":"info","message":"Получение заданий для пользователя ID: 1","timestamp":"2026-03-21 00:31:03"}
{"level":"info","message":"Получение ожидающих приглашений пользователя","timestamp":"2026-03-21 00:31:03","userId":1}
{"level":"info","message":"Получение заданий для пользователя ID: 1","timestamp":"2026-03-21 00:31:03"}
{"level":"info","message":"Получение ожидающих приглашений пользователя","timestamp":"2026-03-21 00:31:03","userId":1}
{"level":"info","message":"Получение заданий для пользователя ID: 1","timestamp":"2026-03-21 00:31:03"}
{"level":"info","message":"Получение ожидающих приглашений пользователя","timestamp":"2026-03-21 00:31:03","userId":1}
{"level":"info","message":"Получение заданий для пользователя ID: 1","timestamp":"2026-03-21 00:31:03"}
{"level":"info","message":"Получение ожидающих приглашений пользователя","timestamp":"2026-03-21 00:31:03","userId":1}
{"level":"info","message":"Получение заданий для пользователя ID: 1","timestamp":"2026-03-21 00:31:03"}
{"level":"info","message":"Получение ожидающих приглашений пользователя","timestamp":"2026-03-21 00:31:03","userId":1}
{"level":"info","message":"Получение заданий для пользователя ID: 1","timestamp":"2026-03-21 00:31:03"}
{"level":"info","message":"Получение ожидающих приглашений пользователя","timestamp":"2026-03-21 00:31:03","userId":1}
{"level":"info","message":"Получение заданий для пользователя ID: 1","timestamp":"2026-03-21 00:31:03"}
{"level":"info","message":"Получение ожидающих приглашений пользователя","timestamp":"2026-03-21 00:31:03","userId":1}
{"level":"info","message":"Получение заданий для пользователя ID: 1","timestamp":"2026-03-21 00:31:03"}
{"level":"info","message":"Получение ожидающих приглашений пользователя","timestamp":"2026-03-21 00:31:03","userId":1}
{"level":"info","message":"Получение заданий для пользователя ID: 1","timestamp":"2026-03-21 00:31:03"}
{"level":"info","message":"Получение ожидающих приглашений пользователя","timestamp":"2026-03-21 00:31:03","userId":1}
{"level":"info","message":"Получение заданий для пользователя ID: 1","timestamp":"2026-03-21 00:31:03"}
{"level":"info","message":"Получение ожидающих приглашений пользователя","timestamp":"2026-03-21 00:31:03","userId":1}
{"level":"info","message":"Получение заданий для пользователя ID: 1","timestamp":"2026-03-21 00:31:03"}
{"level":"info","message":"Получение ожидающих приглашений пользователя","timestamp":"2026-03-21 00:31:03","userId":1}
{"level":"info","message":"Получение заданий для пользователя ID: 1","timestamp":"2026-03-21 00:31:03"}
{"level":"info","message":"Получение ожидающих приглашений пользователя","timestamp":"2026-03-21 00:31:03","userId":1}
{"level":"info","message":"Получение заданий для пользователя ID: 1","timestamp":"2026-03-21 00:31:03"}
{"level":"info","message":"Получение ожидающих приглашений пользователя","timestamp":"2026-03-21 00:31:03","userId":1}
{"level":"info","message":"Получение заданий для пользователя ID: 1","timestamp":"2026-03-21 00:31:03"}
{"level":"info","message":"Получение ожидающих приглашений пользователя","timestamp":"2026-03-21 00:31:03","userId":1}
{"level":"info","message":"Получение заданий для пользователя ID: 1","timestamp":"2026-03-21 00:31:03"}
{"level":"info","message":"Получение ожидающих приглашений пользователя","timestamp":"2026-03-21 00:31:03","userId":1}
{"level":"info","message":"Получение заданий для пользователя ID: 1","timestamp":"2026-03-21 00:31:03"}
{"level":"info","message":"Получение ожидающих приглашений пользователя","timestamp":"2026-03-21 00:31:03","userId":1}
{"level":"info","message":"Получение заданий для пользователя ID: 1","timestamp":"2026-03-21 00:31:03"}
{"level":"info","message":"Получение ожидающих приглашений пользователя","timestamp":"2026-03-21 00:31:03","userId":1}
{"level":"info","message":"Получение заданий для пользователя ID: 1","timestamp":"2026-03-21 00:31:03"}
{"level":"info","message":"Получение ожидающих приглашений пользователя","timestamp":"2026-03-21 00:31:03","userId":1}
{"level":"info","message":"Получение заданий для пользователя ID: 1","timestamp":"2026-03-21 00:31:03"}
{"level":"info","message":"Получение ожидающих приглашений пользователя","timestamp":"2026-03-21 00:31:03","userId":1}
{"level":"info","message":"Получение ожидающих приглашений пользователя","timestamp":"2026-03-21 00:31:03","userId":1}
{"level":"info","message":"Получение ожидающих приглашений пользователя","timestamp":"2026-03-21 00:31:03","userId":1}
{"level":"info","message":"Получение заданий для пользователя ID: 1","timestamp":"2026-03-21 00:31:03"}
{"level":"info","message":"Получение ожидающих приглашений пользователя","timestamp":"2026-03-21 00:31:03","userId":1}
{"level":"info","message":"Получение ожидающих приглашений пользователя","timestamp":"2026-03-21 00:31:03","userId":1}
{"level":"info","message":"Получение заданий для пользователя ID: 1","timestamp":"2026-03-21 00:31:03"}
{"level":"info","message":"Получение ожидающих приглашений пользователя","timestamp":"2026-03-21 00:31:03","userId":1}
{"level":"info","message":"Получение заданий для пользователя ID: 1","timestamp":"2026-03-21 00:31:03"}
{"level":"info","message":"Получение ожидающих приглашений пользователя","timestamp":"2026-03-21 00:31:03","userId":1}
{"level":"info","message":"Получение ожидающих приглашений пользователя","timestamp":"2026-03-21 00:31:03","userId":1}
{"level":"info","message":"Получение заданий для пользователя ID: 1","timestamp":"2026-03-21 00:31:03"}
{"level":"info","message":"Получение ожидающих приглашений пользователя","timestamp":"2026-03-21 00:31:03","userId":1}
{"level":"info","message":"Получение заданий для пользователя ID: 1","timestamp":"2026-03-21 00:31:03"}
{"level":"info","message":"Получение заданий для пользователя ID: 1","timestamp":"2026-03-21 00:31:03"}
{"level":"info","message":"Получение ожидающих приглашений пользователя","timestamp":"2026-03-21 00:31:03","userId":1}
{"level":"info","message":"Получение заданий для пользователя ID: 1","timestamp":"2026-03-21 00:31:03"}
{"level":"info","message":"Получение заданий для пользователя ID: 1","timestamp":"2026-03-21 00:31:03"}
{"level":"info","message":"Получение ожидающих приглашений пользователя","timestamp":"2026-03-21 00:31:03","userId":1}
{"level":"info","message":"Получение заданий для пользователя ID: 1","timestamp":"2026-03-21 00:31:03"}
{"level":"info","message":"Получение заданий для пользователя ID: 1","timestamp":"2026-03-21 00:31:03"}
{"level":"info","message":"Получение заданий для пользователя ID: 1","timestamp":"2026-03-21 00:31:03"}
{"level":"info","message":"Получение ожидающих приглашений пользователя","timestamp":"2026-03-21 00:31:03","userId":1}
{"level":"info","message":"Получение заданий для пользователя ID: 1","timestamp":"2026-03-21 00:31:03"}
{"level":"info","message":"Получение ожидающих приглашений пользователя","timestamp":"2026-03-21 00:31:03","userId":1}
{"level":"info","message":"Получение заданий для пользователя ID: 1","timestamp":"2026-03-21 00:31:03"}
{"level":"info","message":"Получение ожидающих приглашений пользователя","timestamp":"2026-03-21 00:31:03","userId":1}
{"level":"info","message":"Получение заданий для пользователя ID: 1","timestamp":"2026-03-21 00:31:03"}
{"level":"info","message":"Получение ожидающих приглашений пользователя","timestamp":"2026-03-21 00:31:03","userId":1}
{"level":"info","message":"Получение заданий для пользователя ID: 1","timestamp":"2026-03-21 00:31:03"}
{"level":"info","message":"Получение ожидающих приглашений пользователя","timestamp":"2026-03-21 00:31:03","userId":1}
{"level":"info","message":"Получение заданий для пользователя ID: 1","timestamp":"2026-03-21 00:31:04"}
{"level":"info","message":"Получение ожидающих приглашений пользователя","timestamp":"2026-03-21 00:31:04","userId":1}
{"level":"info","message":"Получение заданий для пользователя ID: 1","timestamp":"2026-03-21 00:31:04"}
{"level":"info","message":"Получение ожидающих приглашений пользователя","timestamp":"2026-03-21 00:31:04","userId":1}
{"level":"info","message":"Получение заданий для пользователя ID: 1","timestamp":"2026-03-21 00:31:04"}
{"level":"info","message":"Получение ожидающих приглашений пользователя","timestamp":"2026-03-21 00:31:04","userId":1}
{"level":"info","message":"Получение заданий для пользователя ID: 1","timestamp":"2026-03-21 00:31:04"}
{"level":"info","message":"Получение ожидающих приглашений пользователя","timestamp":"2026-03-21 00:31:04","userId":1}
{"level":"info","message":"Получение заданий для пользователя ID: 1","timestamp":"2026-03-21 00:31:04"}
{"level":"info","message":"Получение ожидающих приглашений пользователя","timestamp":"2026-03-21 00:31:04","userId":1}
{"level":"info","message":"Получение заданий для пользователя ID: 1","timestamp":"2026-03-21 00:31:04"}
{"level":"info","message":"Получение ожидающих приглашений пользователя","timestamp":"2026-03-21 00:31:04","userId":1}
{"level":"info","message":"Получение заданий для пользователя ID: 1","timestamp":"2026-03-21 00:31:04"}
{"level":"info","message":"Получение ожидающих приглашений пользователя","timestamp":"2026-03-21 00:31:04","userId":1}
{"level":"info","message":"Получение заданий для пользователя ID: 1","timestamp":"2026-03-21 00:31:04"}
{"level":"info","message":"Получение ожидающих приглашений пользователя","timestamp":"2026-03-21 00:31:04","userId":1}
{"level":"info","message":"Получение заданий для пользователя ID: 1","timestamp":"2026-03-21 00:31:04"}
{"level":"info","message":"Получение ожидающих приглашений пользователя","timestamp":"2026-03-21 00:31:04","userId":1}
{"level":"info","message":"Получение заданий для пользователя ID: 1","timestamp":"2026-03-21 00:31:04"}
{"level":"info","message":"Получение ожидающих приглашений пользователя","timestamp":"2026-03-21 00:31:04","userId":1}
{"level":"info","message":"Получение заданий для пользователя ID: 1","timestamp":"2026-03-21 00:31:04"}
{"level":"info","message":"Получение ожидающих приглашений пользователя","timestamp":"2026-03-21 00:31:04","userId":1}
{"level":"info","message":"Получение заданий для пользователя ID: 1","timestamp":"2026-03-21 00:31:04"}
{"level":"info","message":"Получение ожидающих приглашений пользователя","timestamp":"2026-03-21 00:31:04","userId":1}
{"level":"info","message":"Получение заданий для пользователя ID: 1","timestamp":"2026-03-21 00:31:04"}
{"level":"info","message":"Получение ожидающих приглашений пользователя","timestamp":"2026-03-21 00:31:04","userId":1}
{"level":"info","message":"Получение заданий для пользователя ID: 1","timestamp":"2026-03-21 00:31:04"}
{"level":"info","message":"Получение ожидающих приглашений пользователя","timestamp":"2026-03-21 00:31:04","userId":1}
{"level":"info","message":"Получение заданий для пользователя ID: 1","timestamp":"2026-03-21 00:31:04"}
{"level":"info","message":"Получение ожидающих приглашений пользователя","timestamp":"2026-03-21 00:31:04","userId":1}
{"level":"info","message":"Получение заданий для пользователя ID: 1","timestamp":"2026-03-21 00:31:04"}
{"level":"info","message":"Получение ожидающих приглашений пользователя","timestamp":"2026-03-21 00:31:04","userId":1}
{"level":"info","message":"Получение заданий для пользователя ID: 1","timestamp":"2026-03-21 00:31:04"}
{"level":"info","message":"Получение ожидающих приглашений пользователя","timestamp":"2026-03-21 00:31:04","userId":1}
{"level":"info","message":"Получение заданий для пользователя ID: 1","timestamp":"2026-03-21 00:31:04"}
{"level":"info","message":"Получение ожидающих приглашений пользователя","timestamp":"2026-03-21 00:31:04","userId":1}
{"level":"info","message":"Получение заданий для пользователя ID: 1","timestamp":"2026-03-21 00:31:04"}
{"level":"info","message":"Получение ожидающих приглашений пользователя","timestamp":"2026-03-21 00:31:04","userId":1}
{"level":"info","message":"Получение ожидающих приглашений пользователя","timestamp":"2026-03-21 00:31:04","userId":1}
{"level":"info","message":"Получение заданий для пользователя ID: 1","timestamp":"2026-03-21 00:31:04"}
{"level":"info","message":"Получение ожидающих приглашений пользователя","timestamp":"2026-03-21 00:31:04","userId":1}
{"level":"info","message":"Получение заданий для пользователя ID: 1","timestamp":"2026-03-21 00:31:04"}
{"level":"info","message":"Получение ожидающих приглашений пользователя","timestamp":"2026-03-21 00:31:04","userId":1}
{"level":"info","message":"Получение ожидающих приглашений пользователя","timestamp":"2026-03-21 00:31:04","userId":1}
{"level":"info","message":"Получение заданий для пользователя ID: 1","timestamp":"2026-03-21 00:31:04"}
{"level":"info","message":"Получение заданий для пользователя ID: 1","timestamp":"2026-03-21 00:31:04"}
{"level":"info","message":"Получение ожидающих приглашений пользователя","timestamp":"2026-03-21 00:31:04","userId":1}
{"level":"info","message":"Получение ожидающих приглашений пользователя","timestamp":"2026-03-21 00:31:04","userId":1}
{"level":"info","message":"Получение заданий для пользователя ID: 1","timestamp":"2026-03-21 00:31:04"}
{"level":"info","message":"Получение ожидающих приглашений пользователя","timestamp":"2026-03-21 00:31:04","userId":1}
{"level":"info","message":"Получение заданий для пользователя ID: 1","timestamp":"2026-03-21 00:31:04"}
{"level":"info","message":"Получение ожидающих приглашений пользователя","timestamp":"2026-03-21 00:31:04","userId":1}
{"level":"info","message":"Получение ожидающих приглашений пользователя","timestamp":"2026-03-21 00:31:04","userId":1}
{"level":"info","message":"Получение заданий для пользователя ID: 1","timestamp":"2026-03-21 00:31:04"}
{"level":"info","message":"Получение ожидающих приглашений пользователя","timestamp":"2026-03-21 00:31:04","userId":1}
{"level":"info","message":"Получение заданий для пользователя ID: 1","timestamp":"2026-03-21 00:31:04"}
{"level":"info","message":"Получение ожидающих приглашений пользователя","timestamp":"2026-03-21 00:31:04","userId":1}
{"level":"info","message":"Получение ожидающих приглашений пользователя","timestamp":"2026-03-21 00:31:04","userId":1}
{"level":"info","message":"Получение заданий для пользователя ID: 1","timestamp":"2026-03-21 00:31:04"}
{"level":"info","message":"Получение ожидающих приглашений пользователя","timestamp":"2026-03-21 00:31:04","userId":1}
{"level":"info","message":"Получение заданий для пользователя ID: 1","timestamp":"2026-03-21 00:31:04"}
{"level":"info","message":"Получение ожидающих приглашений пользователя","timestamp":"2026-03-21 00:31:04","userId":1}
{"level":"info","message":"Получение заданий для пользователя ID: 1","timestamp":"2026-03-21 00:31:04"}
{"level":"info","message":"Получение заданий для пользователя ID: 1","timestamp":"2026-03-21 00:31:04"}
{"level":"info","message":"Получение заданий для пользователя ID: 1","timestamp":"2026-03-21 00:31:04"}
{"level":"info","message":"Получение ожидающих приглашений пользователя","timestamp":"2026-03-21 00:31:04","userId":1}
{"level":"info","message":"Получение заданий для пользователя ID: 1","timestamp":"2026-03-21 00:31:04"}
{"level":"info","message":"Получение заданий для пользователя ID: 1","timestamp":"2026-03-21 00:31:04"}
{"level":"info","message":"Получение заданий для пользователя ID: 1","timestamp":"2026-03-21 00:31:04"}
{"level":"info","message":"Получение ожидающих приглашений пользователя","timestamp":"2026-03-21 00:31:04","userId":1}
{"level":"info","message":"Получение заданий для пользователя ID: 1","timestamp":"2026-03-21 00:31:04"}
{"level":"info","message":"Получение ожидающих приглашений пользователя","timestamp":"2026-03-21 00:31:04","userId":1}
{"level":"info","message":"Получение заданий для пользователя ID: 1","timestamp":"2026-03-21 00:31:04"}
{"level":"info","message":"Получение ожидающих приглашений пользователя","timestamp":"2026-03-21 00:31:04","userId":1}
{"level":"info","message":"Получение заданий для пользователя ID: 1","timestamp":"2026-03-21 00:31:04"}
{"level":"info","message":"Получение ожидающих приглашений пользователя","timestamp":"2026-03-21 00:31:04","userId":1}
{"level":"info","message":"Получение заданий для пользователя ID: 1","timestamp":"2026-03-21 00:31:04"}
{"level":"info","message":"Получение ожидающих приглашений пользователя","timestamp":"2026-03-21 00:31:04","userId":1}
{"level":"info","message":"Получение заданий для пользователя ID: 1","timestamp":"2026-03-21 00:31:05"}
{"level":"info","message":"Получение ожидающих приглашений пользователя","timestamp":"2026-03-21 00:31:05","userId":1}
{"level":"info","message":"Получение заданий для пользователя ID: 1","timestamp":"2026-03-21 00:31:05"}
{"level":"info","message":"Получение ожидающих приглашений пользователя","timestamp":"2026-03-21 00:31:05","userId":1}
{"level":"info","message":"Получение заданий для пользователя ID: 1","timestamp":"2026-03-21 00:31:05"}
{"level":"info","message":"Получение ожидающих приглашений пользователя","timestamp":"2026-03-21 00:31:05","userId":1}
{"level":"info","message":"Получение заданий для пользователя ID: 1","timestamp":"2026-03-21 00:31:05"}
{"level":"info","message":"Получение ожидающих приглашений пользователя","timestamp":"2026-03-21 00:31:05","userId":1}
{"level":"info","message":"Получение заданий для пользователя ID: 1","timestamp":"2026-03-21 00:31:05"}
{"level":"info","message":"Получение ожидающих приглашений пользователя","timestamp":"2026-03-21 00:31:05","userId":1}
{"level":"info","message":"Получение заданий для пользователя ID: 1","timestamp":"2026-03-21 00:31:05"}
{"level":"info","message":"Получение ожидающих приглашений пользователя","timestamp":"2026-03-21 00:31:05","userId":1}
{"level":"info","message":"Получение заданий для пользователя ID: 1","timestamp":"2026-03-21 00:31:05"}
{"level":"info","message":"Получение ожидающих приглашений пользователя","timestamp":"2026-03-21 00:31:05","userId":1}
{"level":"info","message":"Получение заданий для пользователя ID: 1","timestamp":"2026-03-21 00:31:05"}
{"level":"info","message":"Получение ожидающих приглашений пользователя","timestamp":"2026-03-21 00:31:05","userId":1}
{"level":"info","message":"Получение заданий для пользователя ID: 1","timestamp":"2026-03-21 00:31:05"}
{"level":"info","message":"Получение ожидающих приглашений пользователя","timestamp":"2026-03-21 00:31:05","userId":1}
{"level":"info","message":"Получение заданий для пользователя ID: 1","timestamp":"2026-03-21 00:31:05"}
{"level":"info","message":"Получение ожидающих приглашений пользователя","timestamp":"2026-03-21 00:31:05","userId":1}
{"level":"info","message":"Получение заданий для пользователя ID: 1","timestamp":"2026-03-21 00:31:05"}
{"level":"info","message":"Получение ожидающих приглашений пользователя","timestamp":"2026-03-21 00:31:05","userId":1}
{"level":"info","message":"Получение заданий для пользователя ID: 1","timestamp":"2026-03-21 00:31:05"}
{"level":"info","message":"Получение ожидающих приглашений пользователя","timestamp":"2026-03-21 00:31:05","userId":1}
{"level":"info","message":"Получение заданий для пользователя ID: 1","timestamp":"2026-03-21 00:31:05"}
{"level":"info","message":"Получение ожидающих приглашений пользователя","timestamp":"2026-03-21 00:31:05","userId":1}
{"level":"info","message":"Получение заданий для пользователя ID: 1","timestamp":"2026-03-21 00:31:05"}
{"level":"info","message":"Получение ожидающих приглашений пользователя","timestamp":"2026-03-21 00:31:05","userId":1}
{"level":"info","message":"Получение заданий для пользователя ID: 1","timestamp":"2026-03-21 00:31:05"}
{"level":"info","message":"Получение ожидающих приглашений пользователя","timestamp":"2026-03-21 00:31:05","userId":1}
{"level":"info","message":"Получение заданий для пользователя ID: 1","timestamp":"2026-03-21 00:31:05"}
{"level":"info","message":"Получение ожидающих приглашений пользователя","timestamp":"2026-03-21 00:31:05","userId":1}
{"level":"info","message":"Получение заданий для пользователя ID: 1","timestamp":"2026-03-21 00:31:05"}
{"level":"info","message":"Получение ожидающих приглашений пользователя","timestamp":"2026-03-21 00:31:05","userId":1}
{"level":"info","message":"Получение заданий для пользователя ID: 1","timestamp":"2026-03-21 00:31:05"}
{"level":"info","message":"Получение ожидающих приглашений пользователя","timestamp":"2026-03-21 00:31:05","userId":1}
{"level":"info","message":"Получение заданий для пользователя ID: 1","timestamp":"2026-03-21 00:31:05"}
{"level":"info","message":"Получение ожидающих приглашений пользователя","timestamp":"2026-03-21 00:31:05","userId":1}
{"level":"info","message":"Получение заданий для пользователя ID: 1","timestamp":"2026-03-21 00:31:05"}
{"level":"info","message":"Получение ожидающих приглашений пользователя","timestamp":"2026-03-21 00:31:05","userId":1}
{"level":"info","message":"Получение заданий для пользователя ID: 1","timestamp":"2026-03-21 00:31:05"}
{"level":"info","message":"Получение ожидающих приглашений пользователя","timestamp":"2026-03-21 00:31:05","userId":1}
{"level":"info","message":"Получение заданий для пользователя ID: 1","timestamp":"2026-03-21 00:31:05"}
{"level":"info","message":"Получение ожидающих приглашений пользователя","timestamp":"2026-03-21 00:31:05","userId":1}
{"level":"info","message":"Получение заданий для пользователя ID: 1","timestamp":"2026-03-21 00:31:05"}
{"level":"info","message":"Получение ожидающих приглашений пользователя","timestamp":"2026-03-21 00:31:05","userId":1}
{"level":"info","message":"Получение заданий для пользователя ID: 1","timestamp":"2026-03-21 00:31:05"}
{"level":"info","message":"Получение ожидающих приглашений пользователя","timestamp":"2026-03-21 00:31:05","userId":1}
{"level":"info","message":"Получение заданий для пользователя ID: 1","timestamp":"2026-03-21 00:31:05"}
{"level":"info","message":"Получение ожидающих приглашений пользователя","timestamp":"2026-03-21 00:31:05","userId":1}
{"level":"info","message":"Получение заданий для пользователя ID: 1","timestamp":"2026-03-21 00:31:06"}
{"level":"info","message":"Получение ожидающих приглашений пользователя","timestamp":"2026-03-21 00:31:06","userId":1}
{"level":"info","message":"Получение заданий для пользователя ID: 1","timestamp":"2026-03-21 00:31:06"}
{"level":"info","message":"Получение ожидающих приглашений пользователя","timestamp":"2026-03-21 00:31:06","userId":1}
{"level":"info","message":"Получение заданий для пользователя ID: 1","timestamp":"2026-03-21 00:31:06"}
{"level":"info","message":"Получение ожидающих приглашений пользователя","timestamp":"2026-03-21 00:31:06","userId":1}
{"level":"info","message":"Получение заданий для пользователя ID: 1","timestamp":"2026-03-21 00:31:06"}
{"level":"info","message":"Получение ожидающих приглашений пользователя","timestamp":"2026-03-21 00:31:06","userId":1}
{"level":"info","message":"Получение заданий для пользователя ID: 1","timestamp":"2026-03-21 00:31:06"}
{"level":"info","message":"Получение ожидающих приглашений пользователя","timestamp":"2026-03-21 00:31:06","userId":1}
{"level":"info","message":"Получение заданий для пользователя ID: 1","timestamp":"2026-03-21 00:31:06"}
{"level":"info","message":"Получение ожидающих приглашений пользователя","timestamp":"2026-03-21 00:31:06","userId":1}
{"level":"info","message":"Получение заданий для пользователя ID: 1","timestamp":"2026-03-21 00:31:06"}
{"level":"info","message":"Получение ожидающих приглашений пользователя","timestamp":"2026-03-21 00:31:06","userId":1}
{"level":"info","message":"Получение заданий для пользователя ID: 1","timestamp":"2026-03-21 00:31:06"}
{"level":"info","message":"Получение ожидающих приглашений пользователя","timestamp":"2026-03-21 00:31:06","userId":1}
{"level":"info","message":"Получение заданий для пользователя ID: 1","timestamp":"2026-03-21 00:31:06"}
{"level":"info","message":"Получение ожидающих приглашений пользователя","timestamp":"2026-03-21 00:31:06","userId":1}
{"level":"info","message":"Получение заданий для пользователя ID: 1","timestamp":"2026-03-21 00:31:06"}
{"level":"info","message":"Получение ожидающих приглашений пользователя","timestamp":"2026-03-21 00:31:06","userId":1}
{"level":"info","message":"Получение заданий для пользователя ID: 1","timestamp":"2026-03-21 00:31:06"}
{"level":"info","message":"Получение ожидающих приглашений пользователя","timestamp":"2026-03-21 00:31:06","userId":1}
{"level":"info","message":"Получение заданий для пользователя ID: 1","timestamp":"2026-03-21 00:31:06"}
{"level":"info","message":"Получение ожидающих приглашений пользователя","timestamp":"2026-03-21 00:31:06","userId":1}
{"level":"info","message":"Получение заданий для пользователя ID: 1","timestamp":"2026-03-21 00:31:06"}
{"level":"info","message":"Получение ожидающих приглашений пользователя","timestamp":"2026-03-21 00:31:06","userId":1}
{"level":"info","message":"Получение заданий для пользователя ID: 1","timestamp":"2026-03-21 00:31:06"}
{"level":"info","message":"Получение ожидающих приглашений пользователя","timestamp":"2026-03-21 00:31:06","userId":1}
{"level":"info","message":"Получение заданий для пользователя ID: 1","timestamp":"2026-03-21 00:31:06"}
{"level":"info","message":"Получение ожидающих приглашений пользователя","timestamp":"2026-03-21 00:31:06","userId":1}
{"level":"info","message":"Получение заданий для пользователя ID: 1","timestamp":"2026-03-21 00:31:06"}
{"level":"info","message":"Получение ожидающих приглашений пользователя","timestamp":"2026-03-21 00:31:06","userId":1}
{"level":"info","message":"Получение заданий для пользователя ID: 1","timestamp":"2026-03-21 00:31:06"}
{"level":"info","message":"Получение ожидающих приглашений пользователя","timestamp":"2026-03-21 00:31:06","userId":1}
{"level":"info","message":"Получение заданий для пользователя ID: 1","timestamp":"2026-03-21 00:31:06"}
{"level":"info","message":"Получение ожидающих приглашений пользователя","timestamp":"2026-03-21 00:31:06","userId":1}
{"level":"info","message":"Получение заданий для пользователя ID: 1","timestamp":"2026-03-21 00:31:06"}
{"level":"info","message":"Получение ожидающих приглашений пользователя","timestamp":"2026-03-21 00:31:06","userId":1}
{"level":"info","message":"Получение заданий для пользователя ID: 1","timestamp":"2026-03-21 00:31:06"}
{"level":"info","message":"Получение ожидающих приглашений пользователя","timestamp":"2026-03-21 00:31:06","userId":1}
{"level":"info","message":"Получение заданий для пользователя ID: 1","timestamp":"2026-03-21 00:31:06"}
{"level":"info","message":"Получение ожидающих приглашений пользователя","timestamp":"2026-03-21 00:31:06","userId":1}
{"level":"info","message":"Получение заданий для пользователя ID: 1","timestamp":"2026-03-21 00:31:06"}
{"level":"info","message":"Получение ожидающих приглашений пользователя","timestamp":"2026-03-21 00:31:06","userId":1}
{"level":"info","message":"Получение заданий для пользователя ID: 1","timestamp":"2026-03-21 00:31:06"}
{"level":"info","message":"Получение ожидающих приглашений пользователя","timestamp":"2026-03-21 00:31:06","userId":1}
{"level":"info","message":"Получение ожидающих приглашений пользователя","timestamp":"2026-03-21 00:31:06","userId":1}
{"level":"info","message":"Получение заданий для пользователя ID: 1","timestamp":"2026-03-21 00:31:06"}
{"level":"info","message":"Получение заданий для пользователя ID: 1","timestamp":"2026-03-21 00:31:06"}
{"level":"info","message":"Получение ожидающих приглашений пользователя","timestamp":"2026-03-21 00:31:06","userId":1}
{"level":"info","message":"Получение ожидающих приглашений пользователя","timestamp":"2026-03-21 00:31:06","userId":1}
{"level":"info","message":"Получение заданий для пользователя ID: 1","timestamp":"2026-03-21 00:31:06"}
{"level":"info","message":"Получение ожидающих приглашений пользователя","timestamp":"2026-03-21 00:31:06","userId":1}
{"level":"info","message":"Получение ожидающих приглашений пользователя","timestamp":"2026-03-21 00:31:06","userId":1}
{"level":"info","message":"Получение заданий для пользователя ID: 1","timestamp":"2026-03-21 00:31:06"}
{"level":"info","message":"Получение ожидающих приглашений пользователя","timestamp":"2026-03-21 00:31:06","userId":1}
{"level":"info","message":"Получение ожидающих приглашений пользователя","timestamp":"2026-03-21 00:31:06","userId":1}
{"level":"info","message":"Получение заданий для пользователя ID: 1","timestamp":"2026-03-21 00:31:06"}
{"level":"info","message":"Получение заданий для пользователя ID: 1","timestamp":"2026-03-21 00:31:06"}
{"level":"info","message":"Получение заданий для пользователя ID: 1","timestamp":"2026-03-21 00:31:06"}
{"level":"info","message":"Получение заданий для пользователя ID: 1","timestamp":"2026-03-21 00:31:06"}
{"level":"info","message":"Получение ожидающих приглашений пользователя","timestamp":"2026-03-21 00:31:06","userId":1}
{"level":"info","message":"Получение заданий для пользователя ID: 1","timestamp":"2026-03-21 00:31:06"}
{"level":"info","message":"Получение ожидающих приглашений пользователя","timestamp":"2026-03-21 00:31:06","userId":1}
{"level":"info","message":"Получение заданий для пользователя ID: 1","timestamp":"2026-03-21 00:31:06"}
{"level":"info","message":"Получение ожидающих приглашений пользователя","timestamp":"2026-03-21 00:31:06","userId":1}
{"level":"info","message":"Получение заданий для пользователя ID: 1","timestamp":"2026-03-21 00:31:06"}
{"level":"info","message":"Получение ожидающих приглашений пользователя","timestamp":"2026-03-21 00:31:06","userId":1}
{"level":"info","message":"Получение заданий для пользователя ID: 1","timestamp":"2026-03-21 00:31:06"}
{"level":"info","message":"Получение ожидающих приглашений пользователя","timestamp":"2026-03-21 00:31:06","userId":1}
{"level":"info","message":"Получение заданий для пользователя ID: 1","timestamp":"2026-03-21 00:31:06"}
{"level":"info","message":"Получение ожидающих приглашений пользователя","timestamp":"2026-03-21 00:31:06","userId":1}
{"level":"info","message":"Получение заданий для пользователя ID: 1","timestamp":"2026-03-21 00:31:06"}
{"level":"info","message":"Получение ожидающих приглашений пользователя","timestamp":"2026-03-21 00:31:06","userId":1}
{"level":"info","message":"Получение заданий для пользователя ID: 1","timestamp":"2026-03-21 00:31:07"}
{"level":"info","message":"Получение ожидающих приглашений пользователя","timestamp":"2026-03-21 00:31:07","userId":1}
{"level":"info","message":"Получение заданий для пользователя ID: 1","timestamp":"2026-03-21 00:31:07"}
{"level":"info","message":"Получение ожидающих приглашений пользователя","timestamp":"2026-03-21 00:31:07","userId":1}
{"level":"info","message":"Получение заданий для пользователя ID: 1","timestamp":"2026-03-21 00:31:07"}
{"level":"info","message":"Получение ожидающих приглашений пользователя","timestamp":"2026-03-21 00:31:07","userId":1}
{"level":"info","message":"Получение заданий для пользователя ID: 1","timestamp":"2026-03-21 00:31:07"}
{"level":"info","message":"Получение ожидающих приглашений пользователя","timestamp":"2026-03-21 00:31:07","userId":1}
{"level":"info","message":"Получение заданий для пользователя ID: 1","timestamp":"2026-03-21 00:31:07"}
{"level":"info","message":"Получение ожидающих приглашений пользователя","timestamp":"2026-03-21 00:31:07","userId":1}
{"level":"info","message":"Получение заданий для пользователя ID: 1","timestamp":"2026-03-21 00:31:07"}
{"level":"info","message":"Получение ожидающих приглашений пользователя","timestamp":"2026-03-21 00:31:07","userId":1}
{"level":"info","message":"Получение заданий для пользователя ID: 1","timestamp":"2026-03-21 00:31:07"}
{"level":"info","message":"Получение ожидающих приглашений пользователя","timestamp":"2026-03-21 00:31:07","userId":1}
{"level":"info","message":"Получение заданий для пользователя ID: 1","timestamp":"2026-03-21 00:31:07"}
{"level":"info","message":"Получение ожидающих приглашений пользователя","timestamp":"2026-03-21 00:31:07","userId":1}
{"level":"info","message":"Получение заданий для пользователя ID: 1","timestamp":"2026-03-21 00:31:07"}
{"level":"info","message":"Получение ожидающих приглашений пользователя","timestamp":"2026-03-21 00:31:07","userId":1}
{"level":"info","message":"Получение заданий для пользователя ID: 1","timestamp":"2026-03-21 00:31:07"}
{"level":"info","message":"Получение ожидающих приглашений пользователя","timestamp":"2026-03-21 00:31:07","userId":1}
{"level":"info","message":"Получение заданий для пользователя ID: 1","timestamp":"2026-03-21 00:31:07"}
{"level":"info","message":"Получение ожидающих приглашений пользователя","timestamp":"2026-03-21 00:31:07","userId":1}
{"level":"info","message":"Получение заданий для пользователя ID: 1","timestamp":"2026-03-21 00:31:07"}
{"level":"info","message":"Получение ожидающих приглашений пользователя","timestamp":"2026-03-21 00:31:07","userId":1}
{"level":"info","message":"Получение заданий для пользователя ID: 1","timestamp":"2026-03-21 00:31:07"}
{"level":"info","message":"Получение ожидающих приглашений пользователя","timestamp":"2026-03-21 00:31:07","userId":1}
{"level":"info","message":"Получение заданий для пользователя ID: 1","timestamp":"2026-03-21 00:31:07"}
{"level":"info","message":"Получение ожидающих приглашений пользователя","timestamp":"2026-03-21 00:31:07","userId":1}
{"level":"info","message":"Получение заданий для пользователя ID: 1","timestamp":"2026-03-21 00:31:07"}
{"level":"info","message":"Получение ожидающих приглашений пользователя","timestamp":"2026-03-21 00:31:07","userId":1}
{"level":"info","message":"Получение заданий для пользователя ID: 1","timestamp":"2026-03-21 00:31:07"}
{"level":"info","message":"Получение ожидающих приглашений пользователя","timestamp":"2026-03-21 00:31:07","userId":1}
{"level":"info","message":"Получение ожидающих приглашений пользователя","timestamp":"2026-03-21 00:31:07","userId":1}
{"level":"info","message":"Получение заданий для пользователя ID: 1","timestamp":"2026-03-21 00:31:07"}
{"level":"info","message":"Получение заданий для пользователя ID: 1","timestamp":"2026-03-21 00:31:07"}
{"level":"info","message":"Получение ожидающих приглашений пользователя","timestamp":"2026-03-21 00:31:07","userId":1}
{"level":"info","message":"Получение заданий для пользователя ID: 1","timestamp":"2026-03-21 00:31:07"}
{"level":"info","message":"Получение ожидающих приглашений пользователя","timestamp":"2026-03-21 00:31:07","userId":1}
{"level":"info","message":"Получение заданий для пользователя ID: 1","timestamp":"2026-03-21 00:31:07"}
{"level":"info","message":"Получение ожидающих приглашений пользователя","timestamp":"2026-03-21 00:31:07","userId":1}
{"level":"info","message":"Получение ожидающих приглашений пользователя","timestamp":"2026-03-21 00:31:07","userId":1}
{"level":"info","message":"Получение ожидающих приглашений пользователя","timestamp":"2026-03-21 00:31:07","userId":1}
{"level":"info","message":"Получение заданий для пользователя ID: 1","timestamp":"2026-03-21 00:31:07"}
{"level":"info","message":"Получение ожидающих приглашений пользователя","timestamp":"2026-03-21 00:31:07","userId":1}
{"level":"info","message":"Получение заданий для пользователя ID: 1","timestamp":"2026-03-21 00:31:07"}
{"level":"info","message":"Получение ожидающих приглашений пользователя","timestamp":"2026-03-21 00:31:07","userId":1}
{"level":"info","message":"Получение заданий для пользователя ID: 1","timestamp":"2026-03-21 00:31:07"}
{"level":"info","message":"Получение ожидающих приглашений пользователя","timestamp":"2026-03-21 00:31:07","userId":1}
{"level":"info","message":"Получение заданий для пользователя ID: 1","timestamp":"2026-03-21 00:31:07"}
{"level":"info","message":"Получение ожидающих приглашений пользователя","timestamp":"2026-03-21 00:31:07","userId":1}
{"level":"info","message":"Получение заданий для пользователя ID: 1","timestamp":"2026-03-21 00:31:07"}
{"level":"info","message":"Получение ожидающих приглашений пользователя","timestamp":"2026-03-21 00:31:07","userId":1}
{"level":"info","message":"Получение заданий для пользователя ID: 1","timestamp":"2026-03-21 00:31:07"}
{"level":"info","message":"Получение ожидающих приглашений пользователя","timestamp":"2026-03-21 00:31:07","userId":1}
{"level":"info","message":"Получение заданий для пользователя ID: 1","timestamp":"2026-03-21 00:31:07"}
{"level":"info","message":"Получение ожидающих приглашений пользователя","timestamp":"2026-03-21 00:31:07","userId":1}
{"level":"info","message":"Получение заданий для пользователя ID: 1","timestamp":"2026-03-21 00:31:07"}
{"level":"info","message":"Получение ожидающих приглашений пользователя","timestamp":"2026-03-21 00:31:07","userId":1}
{"level":"info","message":"Получение заданий для пользователя ID: 1","timestamp":"2026-03-21 00:31:07"}
{"level":"info","message":"Получение ожидающих приглашений пользователя","timestamp":"2026-03-21 00:31:07","userId":1}
{"level":"info","message":"Получение заданий для пользователя ID: 1","timestamp":"2026-03-21 00:31:07"}
{"level":"info","message":"Получение ожидающих приглашений пользователя","timestamp":"2026-03-21 00:31:07","userId":1}
{"level":"info","message":"Получение заданий для пользователя ID: 1","timestamp":"2026-03-21 00:31:07"}
{"level":"info","message":"Получение ожидающих приглашений пользователя","timestamp":"2026-03-21 00:31:07","userId":1}
{"level":"info","message":"Получение заданий для пользователя ID: 1","timestamp":"2026-03-21 00:31:07"}
{"level":"info","message":"Получение ожидающих приглашений пользователя","timestamp":"2026-03-21 00:31:07","userId":1}
{"level":"info","message":"Получение заданий для пользователя ID: 1","timestamp":"2026-03-21 00:31:07"}
{"level":"info","message":"Получение ожидающих приглашений пользователя","timestamp":"2026-03-21 00:31:07","userId":1}
{"level":"info","message":"Получение ожидающих приглашений пользователя","timestamp":"2026-03-21 00:31:07","userId":1}
{"level":"info","message":"Получение заданий для пользователя ID: 1","timestamp":"2026-03-21 00:31:07"}
{"level":"info","message":"Получение заданий для пользователя ID: 1","timestamp":"2026-03-21 00:31:07"}
{"level":"info","message":"Получение ожидающих приглашений пользователя","timestamp":"2026-03-21 00:31:07","userId":1}
{"level":"info","message":"Получение заданий для пользователя ID: 1","timestamp":"2026-03-21 00:31:07"}
{"level":"info","message":"Получение заданий для пользователя ID: 1","timestamp":"2026-03-21 00:31:07"}
{"level":"info","message":"Получение заданий для пользователя ID: 1","timestamp":"2026-03-21 00:31:07"}
{"level":"info","message":"Получение ожидающих приглашений пользователя","timestamp":"2026-03-21 00:31:07","userId":1}
{"level":"info","message":"Получение заданий для пользователя ID: 1","timestamp":"2026-03-21 00:31:07"}
{"level":"info","message":"Получение ожидающих приглашений пользователя","timestamp":"2026-03-21 00:31:07","userId":1}
{"level":"info","message":"Получение заданий для пользователя ID: 1","timestamp":"2026-03-21 00:31:07"}
{"level":"info","message":"Получение ожидающих приглашений пользователя","timestamp":"2026-03-21 00:31:07","userId":1}
{"level":"info","message":"Получение заданий для пользователя ID: 1","timestamp":"2026-03-21 00:31:07"}
{"level":"info","message":"Получение ожидающих приглашений пользователя","timestamp":"2026-03-21 00:31:07","userId":1}
{"level":"info","message":"Получение заданий для пользователя ID: 1","timestamp":"2026-03-21 00:31:07"}
{"level":"info","message":"Получение ожидающих приглашений пользователя","timestamp":"2026-03-21 00:31:07","userId":1}
{"level":"info","message":"Получение заданий для пользователя ID: 1","timestamp":"2026-03-21 00:31:08"}
{"level":"info","message":"Получение ожидающих приглашений пользователя","timestamp":"2026-03-21 00:31:08","userId":1}
{"level":"info","message":"Получение заданий для пользователя ID: 1","timestamp":"2026-03-21 00:31:08"}
{"level":"info","message":"Получение ожидающих приглашений пользователя","timestamp":"2026-03-21 00:31:08","userId":1}
{"level":"info","message":"Получение заданий для пользователя ID: 1","timestamp":"2026-03-21 00:31:08"}
{"level":"info","message":"Получение ожидающих приглашений пользователя","timestamp":"2026-03-21 00:31:08","userId":1}
{"level":"info","message":"Получение заданий для пользователя ID: 1","timestamp":"2026-03-21 00:31:08"}
{"level":"info","message":"Получение ожидающих приглашений пользователя","timestamp":"2026-03-21 00:31:08","userId":1}
{"level":"info","message":"Получение заданий для пользователя ID: 1","timestamp":"2026-03-21 00:31:08"}
{"level":"info","message":"Получение ожидающих приглашений пользователя","timestamp":"2026-03-21 00:31:08","userId":1}
{"level":"info","message":"Получение заданий для пользователя ID: 1","timestamp":"2026-03-21 00:31:08"}
{"level":"info","message":"Получение ожидающих приглашений пользователя","timestamp":"2026-03-21 00:31:08","userId":1}
{"level":"info","message":"Получение заданий для пользователя ID: 1","timestamp":"2026-03-21 00:31:08"}
{"level":"info","message":"Получение ожидающих приглашений пользователя","timestamp":"2026-03-21 00:31:08","userId":1}
{"level":"info","message":"Получение заданий для пользователя ID: 1","timestamp":"2026-03-21 00:31:08"}
{"level":"info","message":"Получение ожидающих приглашений пользователя","timestamp":"2026-03-21 00:31:08","userId":1}
{"level":"info","message":"Получение заданий для пользователя ID: 1","timestamp":"2026-03-21 00:31:08"}
{"level":"info","message":"Получение ожидающих приглашений пользователя","timestamp":"2026-03-21 00:31:08","userId":1}
{"level":"info","message":"Получение заданий для пользователя ID: 1","timestamp":"2026-03-21 00:31:08"}
{"level":"info","message":"Получение ожидающих приглашений пользователя","timestamp":"2026-03-21 00:31:08","userId":1}
{"level":"info","message":"Получение заданий для пользователя ID: 1","timestamp":"2026-03-21 00:31:08"}
{"level":"info","message":"Получение ожидающих приглашений пользователя","timestamp":"2026-03-21 00:31:08","userId":1}
{"level":"info","message":"Получение заданий для пользователя ID: 1","timestamp":"2026-03-21 00:31:08"}
{"level":"info","message":"Получение ожидающих приглашений пользователя","timestamp":"2026-03-21 00:31:08","userId":1}
{"level":"info","message":"Получение заданий для пользователя ID: 1","timestamp":"2026-03-21 00:31:08"}
{"level":"info","message":"Получение ожидающих приглашений пользователя","timestamp":"2026-03-21 00:31:08","userId":1}
{"level":"info","message":"Получение заданий для пользователя ID: 1","timestamp":"2026-03-21 00:31:08"}
{"level":"info","message":"Получение ожидающих приглашений пользователя","timestamp":"2026-03-21 00:31:08","userId":1}
{"level":"info","message":"Получение заданий для пользователя ID: 1","timestamp":"2026-03-21 00:31:08"}
{"level":"info","message":"Получение ожидающих приглашений пользователя","timestamp":"2026-03-21 00:31:08","userId":1}
{"level":"info","message":"Получение заданий для пользователя ID: 1","timestamp":"2026-03-21 00:31:08"}
{"level":"info","message":"Получение ожидающих приглашений пользователя","timestamp":"2026-03-21 00:31:08","userId":1}
{"level":"info","message":"Получение заданий для пользователя ID: 1","timestamp":"2026-03-21 00:31:08"}
{"level":"info","message":"Получение ожидающих приглашений пользователя","timestamp":"2026-03-21 00:31:08","userId":1}
{"level":"info","message":"Получение заданий для пользователя ID: 1","timestamp":"2026-03-21 00:31:08"}
{"level":"info","message":"Получение ожидающих приглашений пользователя","timestamp":"2026-03-21 00:31:08","userId":1}
{"level":"info","message":"Получение заданий для пользователя ID: 1","timestamp":"2026-03-21 00:31:08"}
{"level":"info","message":"Получение ожидающих приглашений пользователя","timestamp":"2026-03-21 00:31:08","userId":1}
{"level":"info","message":"Получение заданий для пользователя ID: 1","timestamp":"2026-03-21 00:31:08"}
{"level":"info","message":"Получение ожидающих приглашений пользователя","timestamp":"2026-03-21 00:31:08","userId":1}
{"level":"info","message":"Получение заданий для пользователя ID: 1","timestamp":"2026-03-21 00:31:08"}
{"level":"info","message":"Получение ожидающих приглашений пользователя","timestamp":"2026-03-21 00:31:08","userId":1}
{"level":"info","message":"Получение заданий для пользователя ID: 1","timestamp":"2026-03-21 00:31:08"}
{"level":"info","message":"Получение ожидающих приглашений пользователя","timestamp":"2026-03-21 00:31:08","userId":1}
{"level":"info","message":"Получение заданий для пользователя ID: 1","timestamp":"2026-03-21 00:31:08"}
{"level":"info","message":"Получение ожидающих приглашений пользователя","timestamp":"2026-03-21 00:31:08","userId":1}
{"level":"info","message":"Получение заданий для пользователя ID: 1","timestamp":"2026-03-21 00:31:08"}
{"level":"info","message":"Получение ожидающих приглашений пользователя","timestamp":"2026-03-21 00:31:08","userId":1}
{"level":"info","message":"Получение заданий для пользователя ID: 1","timestamp":"2026-03-21 00:31:08"}
{"level":"info","message":"Получение ожидающих приглашений пользователя","timestamp":"2026-03-21 00:31:08","userId":1}
{"level":"info","message":"Получение заданий для пользователя ID: 1","timestamp":"2026-03-21 00:31:08"}
{"level":"info","message":"Получение ожидающих приглашений пользователя","timestamp":"2026-03-21 00:31:08","userId":1}
{"level":"info","message":"Получение заданий для пользователя ID: 1","timestamp":"2026-03-21 00:31:08"}
{"level":"info","message":"Получение ожидающих приглашений пользователя","timestamp":"2026-03-21 00:31:08","userId":1}
{"level":"info","message":"Получение заданий для пользователя ID: 1","timestamp":"2026-03-21 00:31:09"}
{"level":"info","message":"Получение ожидающих приглашений пользователя","timestamp":"2026-03-21 00:31:09","userId":1}
{"level":"info","message":"Получение заданий для пользователя ID: 1","timestamp":"2026-03-21 00:31:09"}
{"level":"info","message":"Получение ожидающих приглашений пользователя","timestamp":"2026-03-21 00:31:09","userId":1}
{"level":"info","message":"Получение заданий для пользователя ID: 1","timestamp":"2026-03-21 00:31:09"}
{"level":"info","message":"Получение ожидающих приглашений пользователя","timestamp":"2026-03-21 00:31:09","userId":1}
{"level":"info","message":"Получение заданий для пользователя ID: 1","timestamp":"2026-03-21 00:31:09"}
{"level":"info","message":"Получение ожидающих приглашений пользователя","timestamp":"2026-03-21 00:31:09","userId":1}
{"level":"info","message":"Получение заданий для пользователя ID: 1","timestamp":"2026-03-21 00:31:09"}
{"level":"info","message":"Получение ожидающих приглашений пользователя","timestamp":"2026-03-21 00:31:09","userId":1}
{"level":"info","message":"Получение заданий для пользователя ID: 1","timestamp":"2026-03-21 00:31:09"}
{"level":"info","message":"Получение ожидающих приглашений пользователя","timestamp":"2026-03-21 00:31:09","userId":1}
{"level":"info","message":"Получение заданий для пользователя ID: 1","timestamp":"2026-03-21 00:31:09"}
{"level":"info","message":"Получение ожидающих приглашений пользователя","timestamp":"2026-03-21 00:31:09","userId":1}
{"level":"info","message":"Получение заданий для пользователя ID: 1","timestamp":"2026-03-21 00:31:09"}
{"level":"info","message":"Получение ожидающих приглашений пользователя","timestamp":"2026-03-21 00:31:09","userId":1}
{"level":"info","message":"Получение заданий для пользователя ID: 1","timestamp":"2026-03-21 00:31:09"}
{"level":"info","message":"Получение ожидающих приглашений пользователя","timestamp":"2026-03-21 00:31:09","userId":1}
{"level":"info","message":"Получение заданий для пользователя ID: 1","timestamp":"2026-03-21 00:31:09"}
{"level":"info","message":"Получение ожидающих приглашений пользователя","timestamp":"2026-03-21 00:31:09","userId":1}
{"level":"info","message":"Получение заданий для пользователя ID: 1","timestamp":"2026-03-21 00:31:09"}
{"level":"info","message":"Получение ожидающих приглашений пользователя","timestamp":"2026-03-21 00:31:09","userId":1}
{"level":"info","message":"Получение заданий для пользователя ID: 1","timestamp":"2026-03-21 00:31:09"}
{"level":"info","message":"Получение ожидающих приглашений пользователя","timestamp":"2026-03-21 00:31:09","userId":1}
{"level":"info","message":"Получение заданий для пользователя ID: 1","timestamp":"2026-03-21 00:31:09"}
{"level":"info","message":"Получение ожидающих приглашений пользователя","timestamp":"2026-03-21 00:31:09","userId":1}
{"level":"info","message":"Получение заданий для пользователя ID: 1","timestamp":"2026-03-21 00:31:09"}
{"level":"info","message":"Получение ожидающих приглашений пользователя","timestamp":"2026-03-21 00:31:09","userId":1}
{"level":"info","message":"Получение заданий для пользователя ID: 1","timestamp":"2026-03-21 00:31:09"}
{"level":"info","message":"Получение ожидающих приглашений пользователя","timestamp":"2026-03-21 00:31:09","userId":1}
{"level":"info","message":"Получение заданий для пользователя ID: 1","timestamp":"2026-03-21 00:31:09"}
{"level":"info","message":"Получение ожидающих приглашений пользователя","timestamp":"2026-03-21 00:31:09","userId":1}
{"level":"info","message":"Получение заданий для пользователя ID: 1","timestamp":"2026-03-21 00:31:09"}
{"level":"info","message":"Получение ожидающих приглашений пользователя","timestamp":"2026-03-21 00:31:09","userId":1}
{"level":"info","message":"Получение заданий для пользователя ID: 1","timestamp":"2026-03-21 00:31:09"}
{"level":"info","message":"Получение ожидающих приглашений пользователя","timestamp":"2026-03-21 00:31:09","userId":1}
{"level":"info","message":"Получение заданий для пользователя ID: 1","timestamp":"2026-03-21 00:31:09"}
{"level":"info","message":"Получение ожидающих приглашений пользователя","timestamp":"2026-03-21 00:31:09","userId":1}
{"level":"info","message":"Получение заданий для пользователя ID: 1","timestamp":"2026-03-21 00:31:09"}
{"level":"info","message":"Получение ожидающих приглашений пользователя","timestamp":"2026-03-21 00:31:09","userId":1}
{"level":"info","message":"Получение заданий для пользователя ID: 1","timestamp":"2026-03-21 00:31:09"}
{"level":"info","message":"Получение ожидающих приглашений пользователя","timestamp":"2026-03-21 00:31:09","userId":1}
{"level":"info","message":"Получение заданий для пользователя ID: 1","timestamp":"2026-03-21 00:31:09"}
{"level":"info","message":"Получение ожидающих приглашений пользователя","timestamp":"2026-03-21 00:31:09","userId":1}
{"level":"info","message":"Получение ожидающих приглашений пользователя","timestamp":"2026-03-21 00:31:09","userId":1}
{"level":"info","message":"Получение заданий для пользователя ID: 1","timestamp":"2026-03-21 00:31:09"}
{"level":"info","message":"Получение ожидающих приглашений пользователя","timestamp":"2026-03-21 00:31:09","userId":1}
{"level":"info","message":"Получение ожидающих приглашений пользователя","timestamp":"2026-03-21 00:31:09","userId":1}
{"level":"info","message":"Получение заданий для пользователя ID: 1","timestamp":"2026-03-21 00:31:09"}
{"level":"info","message":"Получение ожидающих приглашений пользователя","timestamp":"2026-03-21 00:31:09","userId":1}
{"level":"info","message":"Получение заданий для пользователя ID: 1","timestamp":"2026-03-21 00:31:09"}
{"level":"info","message":"Получение ожидающих приглашений пользователя","timestamp":"2026-03-21 00:31:09","userId":1}
{"level":"info","message":"Получение ожидающих приглашений пользователя","timestamp":"2026-03-21 00:31:09","userId":1}
{"level":"info","message":"Получение заданий для пользователя ID: 1","timestamp":"2026-03-21 00:31:09"}
{"level":"info","message":"Получение ожидающих приглашений пользователя","timestamp":"2026-03-21 00:31:09","userId":1}
{"level":"info","message":"Получение заданий для пользователя ID: 1","timestamp":"2026-03-21 00:31:09"}
{"level":"info","message":"Получение ожидающих приглашений пользователя","timestamp":"2026-03-21 00:31:09","userId":1}
{"level":"info","message":"Получение ожидающих приглашений пользователя","timestamp":"2026-03-21 00:31:09","userId":1}
{"level":"info","message":"Получение заданий для пользователя ID: 1","timestamp":"2026-03-21 00:31:09"}
{"level":"info","message":"Получение ожидающих приглашений пользователя","timestamp":"2026-03-21 00:31:09","userId":1}
{"level":"info","message":"Получение заданий для пользователя ID: 1","timestamp":"2026-03-21 00:31:09"}
{"level":"info","message":"Получение ожидающих приглашений пользователя","timestamp":"2026-03-21 00:31:09","userId":1}
{"level":"info","message":"Получение заданий для пользователя ID: 1","timestamp":"2026-03-21 00:31:09"}
{"level":"info","message":"Получение ожидающих приглашений пользователя","timestamp":"2026-03-21 00:31:09","userId":1}
{"level":"info","message":"Получение ожидающих приглашений пользователя","timestamp":"2026-03-21 00:31:09","userId":1}
{"level":"info","message":"Получение заданий для пользователя ID: 1","timestamp":"2026-03-21 00:31:09"}
{"level":"info","message":"Получение ожидающих приглашений пользователя","timestamp":"2026-03-21 00:31:09","userId":1}
{"level":"info","message":"Получение ожидающих приглашений пользователя","timestamp":"2026-03-21 00:31:09","userId":1}
{"level":"info","message":"Получение заданий для пользователя ID: 1","timestamp":"2026-03-21 00:31:09"}
{"level":"info","message":"Получение ожидающих приглашений пользователя","timestamp":"2026-03-21 00:31:09","userId":1}
{"level":"info","message":"Получение заданий для пользователя ID: 1","timestamp":"2026-03-21 00:31:09"}
{"level":"info","message":"Получение заданий для пользователя ID: 1","timestamp":"2026-03-21 00:31:09"}
{"level":"info","message":"Получение ожидающих приглашений пользователя","timestamp":"2026-03-21 00:31:09","userId":1}
{"level":"info","message":"Получение заданий для пользователя ID: 1","timestamp":"2026-03-21 00:31:09"}
{"level":"info","message":"Получение заданий для пользователя ID: 1","timestamp":"2026-03-21 00:31:09"}
{"level":"info","message":"Получение ожидающих приглашений пользователя","timestamp":"2026-03-21 00:31:09","userId":1}
{"level":"info","message":"Получение заданий для пользователя ID: 1","timestamp":"2026-03-21 00:31:09"}
{"level":"info","message":"Получение заданий для пользователя ID: 1","timestamp":"2026-03-21 00:31:09"}
{"level":"info","message":"Получение ожидающих приглашений пользователя","timestamp":"2026-03-21 00:31:09","userId":1}
{"level":"info","message":"Получение заданий для пользователя ID: 1","timestamp":"2026-03-21 00:31:09"}
{"level":"info","message":"Получение заданий для пользователя ID: 1","timestamp":"2026-03-21 00:31:09"}
{"level":"info","message":"Получение ожидающих приглашений пользователя","timestamp":"2026-03-21 00:31:09","userId":1}
{"level":"info","message":"Получение заданий для пользователя ID: 1","timestamp":"2026-03-21 00:31:09"}
{"level":"info","message":"Получение заданий для пользователя ID: 1","timestamp":"2026-03-21 00:31:09"}
{"level":"info","message":"Получение заданий для пользователя ID: 1","timestamp":"2026-03-21 00:31:09"}
{"level":"info","message":"Получение ожидающих приглашений пользователя","timestamp":"2026-03-21 00:31:09","userId":1}
{"level":"info","message":"Получение заданий для пользователя ID: 1","timestamp":"2026-03-21 00:31:09"}
{"level":"info","message":"Получение ожидающих приглашений пользователя","timestamp":"2026-03-21 00:31:09","userId":1}
{"level":"info","message":"Получение заданий для пользователя ID: 1","timestamp":"2026-03-21 00:31:10"}
{"level":"info","message":"Получение ожидающих приглашений пользователя","timestamp":"2026-03-21 00:31:10","userId":1}
{"level":"info","message":"Получение заданий для пользователя ID: 1","timestamp":"2026-03-21 00:31:10"}
{"level":"info","message":"Получение ожидающих приглашений пользователя","timestamp":"2026-03-21 00:31:10","userId":1}
{"level":"info","message":"Получение заданий для пользователя ID: 1","timestamp":"2026-03-21 00:31:10"}
{"level":"info","message":"Получение ожидающих приглашений пользователя","timestamp":"2026-03-21 00:31:10","userId":1}
{"level":"info","message":"Получение заданий для пользователя ID: 1","timestamp":"2026-03-21 00:31:10"}
{"level":"info","message":"Получение ожидающих приглашений пользователя","timestamp":"2026-03-21 00:31:10","userId":1}
{"level":"info","message":"Получение заданий для пользователя ID: 1","timestamp":"2026-03-21 00:31:10"}
{"level":"info","message":"Получение ожидающих приглашений пользователя","timestamp":"2026-03-21 00:31:10","userId":1}
{"level":"info","message":"Получение заданий для пользователя ID: 1","timestamp":"2026-03-21 00:31:10"}
{"level":"info","message":"Получение ожидающих приглашений пользователя","timestamp":"2026-03-21 00:31:10","userId":1}
{"level":"info","message":"Получение заданий для пользователя ID: 1","timestamp":"2026-03-21 00:31:10"}
{"level":"info","message":"Получение ожидающих приглашений пользователя","timestamp":"2026-03-21 00:31:10","userId":1}
{"level":"info","message":"Получение заданий для пользователя ID: 1","timestamp":"2026-03-21 00:31:10"}
{"level":"info","message":"Получение ожидающих приглашений пользователя","timestamp":"2026-03-21 00:31:10","userId":1}
{"level":"info","message":"Получение заданий для пользователя ID: 1","timestamp":"2026-03-21 00:31:10"}
{"level":"info","message":"Получение ожидающих приглашений пользователя","timestamp":"2026-03-21 00:31:10","userId":1}
{"level":"info","message":"Получение заданий для пользователя ID: 1","timestamp":"2026-03-21 00:31:10"}
{"level":"info","message":"Получение ожидающих приглашений пользователя","timestamp":"2026-03-21 00:31:10","userId":1}
{"level":"info","message":"Получение заданий для пользователя ID: 1","timestamp":"2026-03-21 00:31:10"}
{"level":"info","message":"Получение ожидающих приглашений пользователя","timestamp":"2026-03-21 00:31:10","userId":1}
{"level":"info","message":"Получение заданий для пользователя ID: 1","timestamp":"2026-03-21 00:31:10"}
{"level":"info","message":"Получение ожидающих приглашений пользователя","timestamp":"2026-03-21 00:31:10","userId":1}
{"level":"info","message":"Получение заданий для пользователя ID: 1","timestamp":"2026-03-21 00:31:10"}
{"level":"info","message":"Получение ожидающих приглашений пользователя","timestamp":"2026-03-21 00:31:10","userId":1}
{"level":"info","message":"Получение заданий для пользователя ID: 1","timestamp":"2026-03-21 00:31:10"}
{"level":"info","message":"Получение ожидающих приглашений пользователя","timestamp":"2026-03-21 00:31:10","userId":1}
{"level":"info","message":"Получение заданий для пользователя ID: 1","timestamp":"2026-03-21 00:31:10"}
{"level":"info","message":"Получение ожидающих приглашений пользователя","timestamp":"2026-03-21 00:31:10","userId":1}
{"level":"info","message":"Получение заданий для пользователя ID: 1","timestamp":"2026-03-21 00:31:10"}
{"level":"info","message":"Получение ожидающих приглашений пользователя","timestamp":"2026-03-21 00:31:10","userId":1}
{"level":"info","message":"Получение заданий для пользователя ID: 1","timestamp":"2026-03-21 00:31:10"}
{"level":"info","message":"Получение ожидающих приглашений пользователя","timestamp":"2026-03-21 00:31:10","userId":1}
{"level":"info","message":"Получение заданий для пользователя ID: 1","timestamp":"2026-03-21 00:31:10"}
{"level":"info","message":"Получение ожидающих приглашений пользователя","timestamp":"2026-03-21 00:31:10","userId":1}
{"level":"info","message":"Получение заданий для пользователя ID: 1","timestamp":"2026-03-21 00:31:10"}
{"level":"info","message":"Получение ожидающих приглашений пользователя","timestamp":"2026-03-21 00:31:10","userId":1}
{"level":"info","message":"Получение заданий для пользователя ID: 1","timestamp":"2026-03-21 00:31:10"}
{"level":"info","message":"Получение ожидающих приглашений пользователя","timestamp":"2026-03-21 00:31:10","userId":1}
{"level":"info","message":"Получение заданий для пользователя ID: 1","timestamp":"2026-03-21 00:31:10"}
{"level":"info","message":"Получение ожидающих приглашений пользователя","timestamp":"2026-03-21 00:31:10","userId":1}
{"level":"info","message":"Получение заданий для пользователя ID: 1","timestamp":"2026-03-21 00:31:10"}
{"level":"info","message":"Получение ожидающих приглашений пользователя","timestamp":"2026-03-21 00:31:10","userId":1}
{"level":"info","message":"Получение ожидающих приглашений пользователя","timestamp":"2026-03-21 00:31:10","userId":1}
{"level":"info","message":"Получение заданий для пользователя ID: 1","timestamp":"2026-03-21 00:31:10"}
{"level":"info","message":"Получение ожидающих приглашений пользователя","timestamp":"2026-03-21 00:31:10","userId":1}
{"level":"info","message":"Получение заданий для пользователя ID: 1","timestamp":"2026-03-21 00:31:10"}
{"level":"info","message":"Получение ожидающих приглашений пользователя","timestamp":"2026-03-21 00:31:10","userId":1}
{"level":"info","message":"Получение заданий для пользователя ID: 1","timestamp":"2026-03-21 00:31:10"}
{"level":"info","message":"Получение ожидающих приглашений пользователя","timestamp":"2026-03-21 00:31:10","userId":1}
{"level":"info","message":"Получение заданий для пользователя ID: 1","timestamp":"2026-03-21 00:31:10"}
{"level":"info","message":"Получение ожидающих приглашений пользователя","timestamp":"2026-03-21 00:31:10","userId":1}
{"level":"info","message":"Получение заданий для пользователя ID: 1","timestamp":"2026-03-21 00:31:10"}
{"level":"info","message":"Получение ожидающих приглашений пользователя","timestamp":"2026-03-21 00:31:10","userId":1}
{"level":"info","message":"Получение заданий для пользователя ID: 1","timestamp":"2026-03-21 00:31:10"}
{"level":"info","message":"Получение ожидающих приглашений пользователя","timestamp":"2026-03-21 00:31:10","userId":1}
{"level":"info","message":"Получение заданий для пользователя ID: 1","timestamp":"2026-03-21 00:31:10"}
{"level":"info","message":"Получение ожидающих приглашений пользователя","timestamp":"2026-03-21 00:31:10","userId":1}
{"level":"info","message":"Получение заданий для пользователя ID: 1","timestamp":"2026-03-21 00:31:10"}
{"level":"info","message":"Получение заданий для пользователя ID: 1","timestamp":"2026-03-21 00:31:10"}
{"level":"info","message":"Получение ожидающих приглашений пользователя","timestamp":"2026-03-21 00:31:10","userId":1}
{"level":"info","message":"Получение заданий для пользователя ID: 1","timestamp":"2026-03-21 00:31:10"}
{"level":"info","message":"Получение ожидающих приглашений пользователя","timestamp":"2026-03-21 00:31:10","userId":1}
{"level":"info","message":"Получение ожидающих приглашений пользователя","timestamp":"2026-03-21 00:31:10","userId":1}
{"level":"info","message":"Получение заданий для пользователя ID: 1","timestamp":"2026-03-21 00:31:10"}
{"level":"info","message":"Получение заданий для пользователя ID: 1","timestamp":"2026-03-21 00:31:10"}
{"level":"info","message":"Получение ожидающих приглашений пользователя","timestamp":"2026-03-21 00:31:10","userId":1}
{"level":"info","message":"Получение заданий для пользователя ID: 1","timestamp":"2026-03-21 00:31:10"}
{"level":"info","message":"Получение ожидающих приглашений пользователя","timestamp":"2026-03-21 00:31:10","userId":1}
{"level":"info","message":"Получение заданий для пользователя ID: 1","timestamp":"2026-03-21 00:31:10"}
{"level":"info","message":"Получение ожидающих приглашений пользователя","timestamp":"2026-03-21 00:31:10","userId":1}
{"level":"info","message":"Получение заданий для пользователя ID: 1","timestamp":"2026-03-21 00:31:11"}
{"level":"info","message":"Получение ожидающих приглашений пользователя","timestamp":"2026-03-21 00:31:11","userId":1}
{"level":"info","message":"Получение заданий для пользователя ID: 1","timestamp":"2026-03-21 00:31:11"}
{"level":"info","message":"Получение ожидающих приглашений пользователя","timestamp":"2026-03-21 00:31:11","userId":1}
{"level":"info","message":"Получение заданий для пользователя ID: 1","timestamp":"2026-03-21 00:31:11"}
{"level":"info","message":"Получение ожидающих приглашений пользователя","timestamp":"2026-03-21 00:31:11","userId":1}
{"level":"info","message":"Получение заданий для пользователя ID: 1","timestamp":"2026-03-21 00:31:11"}
{"level":"info","message":"Получение ожидающих приглашений пользователя","timestamp":"2026-03-21 00:31:11","userId":1}
{"level":"info","message":"Получение заданий для пользователя ID: 1","timestamp":"2026-03-21 00:31:11"}
{"level":"info","message":"Получение ожидающих приглашений пользователя","timestamp":"2026-03-21 00:31:11","userId":1}
{"level":"info","message":"Получение заданий для пользователя ID: 1","timestamp":"2026-03-21 00:31:11"}
{"level":"info","message":"Получение ожидающих приглашений пользователя","timestamp":"2026-03-21 00:31:11","userId":1}
{"level":"info","message":"Получение заданий для пользователя ID: 1","timestamp":"2026-03-21 00:31:11"}
{"level":"info","message":"Получение ожидающих приглашений пользователя","timestamp":"2026-03-21 00:31:11","userId":1}
{"level":"info","message":"Получение заданий для пользователя ID: 1","timestamp":"2026-03-21 00:31:11"}
{"level":"info","message":"Получение ожидающих приглашений пользователя","timestamp":"2026-03-21 00:31:11","userId":1}
{"level":"info","message":"Получение заданий для пользователя ID: 1","timestamp":"2026-03-21 00:31:11"}
{"level":"info","message":"Получение ожидающих приглашений пользователя","timestamp":"2026-03-21 00:31:11","userId":1}
{"level":"info","message":"Получение заданий для пользователя ID: 1","timestamp":"2026-03-21 00:31:11"}
{"level":"info","message":"Получение ожидающих приглашений пользователя","timestamp":"2026-03-21 00:31:11","userId":1}
{"level":"info","message":"Получение заданий для пользователя ID: 1","timestamp":"2026-03-21 00:31:11"}
{"level":"info","message":"Получение ожидающих приглашений пользователя","timestamp":"2026-03-21 00:31:11","userId":1}
{"level":"info","message":"Получение заданий для пользователя ID: 1","timestamp":"2026-03-21 00:31:11"}
{"level":"info","message":"Получение ожидающих приглашений пользователя","timestamp":"2026-03-21 00:31:11","userId":1}
{"level":"info","message":"Получение заданий для пользователя ID: 1","timestamp":"2026-03-21 00:31:11"}
{"level":"info","message":"Получение ожидающих приглашений пользователя","timestamp":"2026-03-21 00:31:11","userId":1}
{"level":"info","message":"Получение заданий для пользователя ID: 1","timestamp":"2026-03-21 00:31:11"}
{"level":"info","message":"Получение ожидающих приглашений пользователя","timestamp":"2026-03-21 00:31:11","userId":1}
{"level":"info","message":"Получение заданий для пользователя ID: 1","timestamp":"2026-03-21 00:31:11"}
{"level":"info","message":"Получение ожидающих приглашений пользователя","timestamp":"2026-03-21 00:31:11","userId":1}
{"level":"info","message":"Получение заданий для пользователя ID: 1","timestamp":"2026-03-21 00:31:11"}
{"level":"info","message":"Получение ожидающих приглашений пользователя","timestamp":"2026-03-21 00:31:11","userId":1}
{"level":"info","message":"Получение заданий для пользователя ID: 1","timestamp":"2026-03-21 00:31:11"}
{"level":"info","message":"Получение ожидающих приглашений пользователя","timestamp":"2026-03-21 00:31:11","userId":1}
{"level":"info","message":"Получение заданий для пользователя ID: 1","timestamp":"2026-03-21 00:31:11"}
{"level":"info","message":"Получение ожидающих приглашений пользователя","timestamp":"2026-03-21 00:31:11","userId":1}
{"level":"info","message":"Получение заданий для пользователя ID: 1","timestamp":"2026-03-21 00:31:11"}
{"level":"info","message":"Получение ожидающих приглашений пользователя","timestamp":"2026-03-21 00:31:11","userId":1}
{"level":"info","message":"Получение заданий для пользователя ID: 1","timestamp":"2026-03-21 00:31:11"}
{"level":"info","message":"Получение ожидающих приглашений пользователя","timestamp":"2026-03-21 00:31:11","userId":1}
{"level":"info","message":"Получение заданий для пользователя ID: 1","timestamp":"2026-03-21 00:31:11"}
{"level":"info","message":"Получение ожидающих приглашений пользователя","timestamp":"2026-03-21 00:31:11","userId":1}
{"level":"info","message":"Получение заданий для пользователя ID: 1","timestamp":"2026-03-21 00:31:11"}
{"level":"info","message":"Получение ожидающих приглашений пользователя","timestamp":"2026-03-21 00:31:11","userId":1}
{"level":"info","message":"Получение заданий для пользователя ID: 1","timestamp":"2026-03-21 00:31:11"}
{"level":"info","message":"Получение ожидающих приглашений пользователя","timestamp":"2026-03-21 00:31:11","userId":1}
{"level":"info","message":"Получение заданий для пользователя ID: 1","timestamp":"2026-03-21 00:31:11"}
{"level":"info","message":"Получение ожидающих приглашений пользователя","timestamp":"2026-03-21 00:31:11","userId":1}
{"level":"info","message":"Получение заданий для пользователя ID: 1","timestamp":"2026-03-21 00:31:11"}
{"level":"info","message":"Получение ожидающих приглашений пользователя","timestamp":"2026-03-21 00:31:11","userId":1}
{"level":"info","message":"Получение заданий для пользователя ID: 1","timestamp":"2026-03-21 00:31:12"}
{"level":"info","message":"Получение ожидающих приглашений пользователя","timestamp":"2026-03-21 00:31:12","userId":1}
{"level":"info","message":"Получение заданий для пользователя ID: 1","timestamp":"2026-03-21 00:31:12"}
{"level":"info","message":"Получение ожидающих приглашений пользователя","timestamp":"2026-03-21 00:31:12","userId":1}
{"level":"info","message":"Получение заданий для пользователя ID: 1","timestamp":"2026-03-21 00:31:12"}
{"level":"info","message":"Получение ожидающих приглашений пользователя","timestamp":"2026-03-21 00:31:12","userId":1}
{"level":"info","message":"Получение заданий для пользователя ID: 1","timestamp":"2026-03-21 00:31:12"}
{"level":"info","message":"Получение ожидающих приглашений пользователя","timestamp":"2026-03-21 00:31:12","userId":1}
{"level":"info","message":"Получение заданий для пользователя ID: 1","timestamp":"2026-03-21 00:31:12"}
{"level":"info","message":"Получение ожидающих приглашений пользователя","timestamp":"2026-03-21 00:31:12","userId":1}
{"level":"info","message":"Получение заданий для пользователя ID: 1","timestamp":"2026-03-21 00:31:12"}
{"level":"info","message":"Получение ожидающих приглашений пользователя","timestamp":"2026-03-21 00:31:12","userId":1}
{"level":"info","message":"Получение заданий для пользователя ID: 1","timestamp":"2026-03-21 00:31:12"}
{"level":"info","message":"Получение ожидающих приглашений пользователя","timestamp":"2026-03-21 00:31:12","userId":1}
{"level":"info","message":"Получение заданий для пользователя ID: 1","timestamp":"2026-03-21 00:31:12"}
{"level":"info","message":"Получение ожидающих приглашений пользователя","timestamp":"2026-03-21 00:31:12","userId":1}
{"level":"info","message":"Получение заданий для пользователя ID: 1","timestamp":"2026-03-21 00:31:12"}
{"level":"info","message":"Получение ожидающих приглашений пользователя","timestamp":"2026-03-21 00:31:12","userId":1}
{"level":"info","message":"Получение заданий для пользователя ID: 1","timestamp":"2026-03-21 00:31:12"}
{"level":"info","message":"Получение ожидающих приглашений пользователя","timestamp":"2026-03-21 00:31:12","userId":1}
{"level":"info","message":"Получение заданий для пользователя ID: 1","timestamp":"2026-03-21 00:31:12"}
{"level":"info","message":"Получение ожидающих приглашений пользователя","timestamp":"2026-03-21 00:31:12","userId":1}
{"level":"info","message":"Получение заданий для пользователя ID: 1","timestamp":"2026-03-21 00:31:12"}
{"level":"info","message":"Получение ожидающих приглашений пользователя","timestamp":"2026-03-21 00:31:12","userId":1}
{"level":"info","message":"Получение заданий для пользователя ID: 1","timestamp":"2026-03-21 00:31:12"}
{"level":"info","message":"Получение ожидающих приглашений пользователя","timestamp":"2026-03-21 00:31:12","userId":1}
{"level":"info","message":"Получение заданий для пользователя ID: 1","timestamp":"2026-03-21 00:31:12"}
{"level":"info","message":"Получение ожидающих приглашений пользователя","timestamp":"2026-03-21 00:31:12","userId":1}
{"level":"info","message":"Получение заданий для пользователя ID: 1","timestamp":"2026-03-21 00:31:12"}
{"level":"info","message":"Получение ожидающих приглашений пользователя","timestamp":"2026-03-21 00:31:12","userId":1}
{"level":"info","message":"Получение заданий для пользователя ID: 1","timestamp":"2026-03-21 00:31:12"}
{"level":"info","message":"Получение ожидающих приглашений пользователя","timestamp":"2026-03-21 00:31:12","userId":1}
{"level":"info","message":"Получение заданий для пользователя ID: 1","timestamp":"2026-03-21 00:31:12"}
{"level":"info","message":"Получение ожидающих приглашений пользователя","timestamp":"2026-03-21 00:31:12","userId":1}
{"level":"info","message":"Получение заданий для пользователя ID: 1","timestamp":"2026-03-21 00:31:12"}
{"level":"info","message":"Получение ожидающих приглашений пользователя","timestamp":"2026-03-21 00:31:12","userId":1}
{"level":"info","message":"Получение заданий для пользователя ID: 1","timestamp":"2026-03-21 00:31:12"}
{"level":"info","message":"Получение ожидающих приглашений пользователя","timestamp":"2026-03-21 00:31:12","userId":1}
{"level":"info","message":"Получение заданий для пользователя ID: 1","timestamp":"2026-03-21 00:31:12"}
{"level":"info","message":"Получение ожидающих приглашений пользователя","timestamp":"2026-03-21 00:31:12","userId":1}
{"level":"info","message":"Получение заданий для пользователя ID: 1","timestamp":"2026-03-21 00:31:12"}
{"level":"info","message":"Получение ожидающих приглашений пользователя","timestamp":"2026-03-21 00:31:12","userId":1}
{"level":"info","message":"Получение заданий для пользователя ID: 1","timestamp":"2026-03-21 00:31:12"}
{"level":"info","message":"Получение ожидающих приглашений пользователя","timestamp":"2026-03-21 00:31:12","userId":1}
{"level":"info","message":"Получение заданий для пользователя ID: 1","timestamp":"2026-03-21 00:31:12"}
{"level":"info","message":"Получение ожидающих приглашений пользователя","timestamp":"2026-03-21 00:31:12","userId":1}
{"level":"info","message":"Получение ожидающих приглашений пользователя","timestamp":"2026-03-21 00:31:12","userId":1}
{"level":"info","message":"Получение заданий для пользователя ID: 1","timestamp":"2026-03-21 00:31:12"}
{"level":"info","message":"Получение ожидающих приглашений пользователя","timestamp":"2026-03-21 00:31:12","userId":1}
{"level":"info","message":"Получение заданий для пользователя ID: 1","timestamp":"2026-03-21 00:31:12"}
{"level":"info","message":"Получение ожидающих приглашений пользователя","timestamp":"2026-03-21 00:31:12","userId":1}
{"level":"info","message":"Получение ожидающих приглашений пользователя","timestamp":"2026-03-21 00:31:12","userId":1}
{"level":"info","message":"Получение заданий для пользователя ID: 1","timestamp":"2026-03-21 00:31:12"}
{"level":"info","message":"Получение ожидающих приглашений пользователя","timestamp":"2026-03-21 00:31:12","userId":1}
{"level":"info","message":"Получение заданий для пользователя ID: 1","timestamp":"2026-03-21 00:31:12"}
{"level":"info","message":"Получение ожидающих приглашений пользователя","timestamp":"2026-03-21 00:31:12","userId":1}
{"level":"info","message":"Получение заданий для пользователя ID: 1","timestamp":"2026-03-21 00:31:12"}
{"level":"info","message":"Получение ожидающих приглашений пользователя","timestamp":"2026-03-21 00:31:12","userId":1}
{"level":"info","message":"Получение ожидающих приглашений пользователя","timestamp":"2026-03-21 00:31:12","userId":1}
{"level":"info","message":"Получение заданий для пользователя ID: 1","timestamp":"2026-03-21 00:31:12"}
{"level":"info","message":"Получение заданий для пользователя ID: 1","timestamp":"2026-03-21 00:31:12"}
{"level":"info","message":"Получение заданий для пользователя ID: 1","timestamp":"2026-03-21 00:31:12"}
{"level":"info","message":"Получение ожидающих приглашений пользователя","timestamp":"2026-03-21 00:31:12","userId":1}
{"level":"info","message":"Получение заданий для пользователя ID: 1","timestamp":"2026-03-21 00:31:12"}
{"level":"info","message":"Получение заданий для пользователя ID: 1","timestamp":"2026-03-21 00:31:12"}
{"level":"info","message":"Получение ожидающих приглашений пользователя","timestamp":"2026-03-21 00:31:12","userId":1}
{"level":"info","message":"Получение заданий для пользователя ID: 1","timestamp":"2026-03-21 00:31:12"}
{"level":"info","message":"Получение ожидающих приглашений пользователя","timestamp":"2026-03-21 00:31:12","userId":1}
{"level":"info","message":"Получение заданий для пользователя ID: 1","timestamp":"2026-03-21 00:31:12"}
{"level":"info","message":"Получение ожидающих приглашений пользователя","timestamp":"2026-03-21 00:31:12","userId":1}
{"level":"info","message":"Получение заданий для пользователя ID: 1","timestamp":"2026-03-21 00:31:12"}
{"level":"info","message":"Получение ожидающих приглашений пользователя","timestamp":"2026-03-21 00:31:13","userId":1}
{"level":"info","message":"Получение заданий для пользователя ID: 1","timestamp":"2026-03-21 00:31:13"}
{"level":"info","message":"Получение ожидающих приглашений пользователя","timestamp":"2026-03-21 00:31:13","userId":1}
{"level":"info","message":"Получение заданий для пользователя ID: 1","timestamp":"2026-03-21 00:31:13"}
{"level":"info","message":"Получение ожидающих приглашений пользователя","timestamp":"2026-03-21 00:31:13","userId":1}
{"level":"info","message":"Получение заданий для пользователя ID: 1","timestamp":"2026-03-21 00:31:13"}
{"level":"info","message":"Получение ожидающих приглашений пользователя","timestamp":"2026-03-21 00:31:13","userId":1}
{"level":"info","message":"Получение заданий для пользователя ID: 1","timestamp":"2026-03-21 00:31:13"}
{"level":"info","message":"Получение ожидающих приглашений пользователя","timestamp":"2026-03-21 00:31:13","userId":1}
{"level":"info","message":"Получение заданий для пользователя ID: 1","timestamp":"2026-03-21 00:31:13"}
{"level":"info","message":"Получение ожидающих приглашений пользователя","timestamp":"2026-03-21 00:31:13","userId":1}
{"level":"info","message":"Получение заданий для пользователя ID: 1","timestamp":"2026-03-21 00:31:13"}
{"level":"info","message":"Получение ожидающих приглашений пользователя","timestamp":"2026-03-21 00:31:13","userId":1}
{"level":"info","message":"Получение заданий для пользователя ID: 1","timestamp":"2026-03-21 00:31:13"}
{"level":"info","message":"Получение ожидающих приглашений пользователя","timestamp":"2026-03-21 00:31:13","userId":1}
{"level":"info","message":"Получение заданий для пользователя ID: 1","timestamp":"2026-03-21 00:31:13"}
{"level":"info","message":"Получение ожидающих приглашений пользователя","timestamp":"2026-03-21 00:31:13","userId":1}
{"level":"info","message":"Получение заданий для пользователя ID: 1","timestamp":"2026-03-21 00:31:13"}
{"level":"info","message":"Получение ожидающих приглашений пользователя","timestamp":"2026-03-21 00:31:13","userId":1}
{"level":"info","message":"Получение заданий для пользователя ID: 1","timestamp":"2026-03-21 00:31:13"}
{"level":"info","message":"Получение ожидающих приглашений пользователя","timestamp":"2026-03-21 00:31:13","userId":1}
{"level":"info","message":"Получение заданий для пользователя ID: 1","timestamp":"2026-03-21 00:31:13"}
{"level":"info","message":"Получение ожидающих приглашений пользователя","timestamp":"2026-03-21 00:31:13","userId":1}
{"level":"info","message":"Получение заданий для пользователя ID: 1","timestamp":"2026-03-21 00:31:13"}
{"level":"info","message":"Получение ожидающих приглашений пользователя","timestamp":"2026-03-21 00:31:13","userId":1}
{"level":"info","message":"Получение заданий для пользователя ID: 1","timestamp":"2026-03-21 00:31:13"}
{"level":"info","message":"Получение ожидающих приглашений пользователя","timestamp":"2026-03-21 00:31:13","userId":1}
{"level":"info","message":"Получение заданий для пользователя ID: 1","timestamp":"2026-03-21 00:31:13"}
{"level":"info","message":"Получение ожидающих приглашений пользователя","timestamp":"2026-03-21 00:31:13","userId":1}
{"level":"info","message":"Получение заданий для пользователя ID: 1","timestamp":"2026-03-21 00:31:13"}
{"level":"info","message":"Получение ожидающих приглашений пользователя","timestamp":"2026-03-21 00:31:13","userId":1}
{"level":"info","message":"Получение заданий для пользователя ID: 1","timestamp":"2026-03-21 00:31:13"}
{"level":"info","message":"Получение ожидающих приглашений пользователя","timestamp":"2026-03-21 00:31:13","userId":1}
{"level":"info","message":"Получение заданий для пользователя ID: 1","timestamp":"2026-03-21 00:31:13"}
{"level":"info","message":"Получение ожидающих приглашений пользователя","timestamp":"2026-03-21 00:31:13","userId":1}
{"level":"info","message":"Получение заданий для пользователя ID: 1","timestamp":"2026-03-21 00:31:13"}
{"level":"info","message":"Получение ожидающих приглашений пользователя","timestamp":"2026-03-21 00:31:13","userId":1}
{"level":"info","message":"Получение заданий для пользователя ID: 1","timestamp":"2026-03-21 00:31:13"}
{"level":"info","message":"Получение ожидающих приглашений пользователя","timestamp":"2026-03-21 00:31:13","userId":1}
{"level":"info","message":"Получение заданий для пользователя ID: 1","timestamp":"2026-03-21 00:31:13"}
{"level":"info","message":"Получение ожидающих приглашений пользователя","timestamp":"2026-03-21 00:31:13","userId":1}
{"level":"info","message":"Получение заданий для пользователя ID: 1","timestamp":"2026-03-21 00:31:13"}
{"level":"info","message":"Получение ожидающих приглашений пользователя","timestamp":"2026-03-21 00:31:13","userId":1}
{"level":"info","message":"Получение ожидающих приглашений пользователя","timestamp":"2026-03-21 00:31:13","userId":1}
{"level":"info","message":"Получение заданий для пользователя ID: 1","timestamp":"2026-03-21 00:31:13"}
{"level":"info","message":"Получение ожидающих приглашений пользователя","timestamp":"2026-03-21 00:31:13","userId":1}
{"level":"info","message":"Получение ожидающих приглашений пользователя","timestamp":"2026-03-21 00:31:13","userId":1}
{"level":"info","message":"Получение заданий для пользователя ID: 1","timestamp":"2026-03-21 00:31:13"}
{"level":"info","message":"Получение ожидающих приглашений пользователя","timestamp":"2026-03-21 00:31:13","userId":1}
{"level":"info","message":"Получение заданий для пользователя ID: 1","timestamp":"2026-03-21 00:31:13"}
{"level":"info","message":"Получение ожидающих приглашений пользователя","timestamp":"2026-03-21 00:31:13","userId":1}
{"level":"info","message":"Получение заданий для пользователя ID: 1","timestamp":"2026-03-21 00:31:13"}
{"level":"info","message":"Получение ожидающих приглашений пользователя","timestamp":"2026-03-21 00:31:13","userId":1}
{"level":"info","message":"Получение ожидающих приглашений пользователя","timestamp":"2026-03-21 00:31:13","userId":1}
{"level":"info","message":"Получение заданий для пользователя ID: 1","timestamp":"2026-03-21 00:31:13"}
{"level":"info","message":"Получение ожидающих приглашений пользователя","timestamp":"2026-03-21 00:31:13","userId":1}
{"level":"info","message":"Получение заданий для пользователя ID: 1","timestamp":"2026-03-21 00:31:13"}
{"level":"info","message":"Получение ожидающих приглашений пользователя","timestamp":"2026-03-21 00:31:13","userId":1}
{"level":"info","message":"Получение заданий для пользователя ID: 1","timestamp":"2026-03-21 00:31:13"}
{"level":"info","message":"Получение ожидающих приглашений пользователя","timestamp":"2026-03-21 00:31:13","userId":1}
{"level":"info","message":"Получение ожидающих приглашений пользователя","timestamp":"2026-03-21 00:31:13","userId":1}
{"level":"info","message":"Получение заданий для пользователя ID: 1","timestamp":"2026-03-21 00:31:13"}
{"level":"info","message":"Получение ожидающих приглашений пользователя","timestamp":"2026-03-21 00:31:13","userId":1}
{"level":"info","message":"Получение заданий для пользователя ID: 1","timestamp":"2026-03-21 00:31:13"}
{"level":"info","message":"Получение ожидающих приглашений пользователя","timestamp":"2026-03-21 00:31:13","userId":1}
{"level":"info","message":"Получение ожидающих приглашений пользователя","timestamp":"2026-03-21 00:31:13","userId":1}
{"level":"info","message":"Получение заданий для пользователя ID: 1","timestamp":"2026-03-21 00:31:13"}
{"level":"info","message":"Получение ожидающих приглашений пользователя","timestamp":"2026-03-21 00:31:13","userId":1}
{"level":"info","message":"Получение заданий для пользователя ID: 1","timestamp":"2026-03-21 00:31:13"}
{"level":"info","message":"Получение ожидающих приглашений пользователя","timestamp":"2026-03-21 00:31:13","userId":1}
{"level":"info","message":"Получение заданий для пользователя ID: 1","timestamp":"2026-03-21 00:31:13"}
{"level":"info","message":"Получение ожидающих приглашений пользователя","timestamp":"2026-03-21 00:31:13","userId":1}
{"level":"info","message":"Получение заданий для пользователя ID: 1","timestamp":"2026-03-21 00:31:13"}
{"level":"info","message":"Получение заданий для пользователя ID: 1","timestamp":"2026-03-21 00:31:13"}
{"level":"info","message":"Получение ожидающих приглашений пользователя","timestamp":"2026-03-21 00:31:13","userId":1}
{"level":"info","message":"Получение заданий для пользователя ID: 1","timestamp":"2026-03-21 00:31:13"}
{"level":"info","message":"Получение заданий для пользователя ID: 1","timestamp":"2026-03-21 00:31:13"}
{"level":"info","message":"Получение заданий для пользователя ID: 1","timestamp":"2026-03-21 00:31:13"}
{"level":"info","message":"Получение ожидающих приглашений пользователя","timestamp":"2026-03-21 00:31:13","userId":1}
{"level":"info","message":"Получение заданий для пользователя ID: 1","timestamp":"2026-03-21 00:31:13"}
{"level":"info","message":"Получение заданий для пользователя ID: 1","timestamp":"2026-03-21 00:31:13"}
{"level":"info","message":"Получение заданий для пользователя ID: 1","timestamp":"2026-03-21 00:31:13"}
{"level":"info","message":"Получение ожидающих приглашений пользователя","timestamp":"2026-03-21 00:31:13","userId":1}
{"level":"info","message":"Получение заданий для пользователя ID: 1","timestamp":"2026-03-21 00:31:14"}
{"level":"info","message":"Получение ожидающих приглашений пользователя","timestamp":"2026-03-21 00:31:14","userId":1}
{"level":"info","message":"Получение заданий для пользователя ID: 1","timestamp":"2026-03-21 00:31:14"}
{"level":"info","message":"Получение ожидающих приглашений пользователя","timestamp":"2026-03-21 00:31:14","userId":1}
{"level":"info","message":"Получение заданий для пользователя ID: 1","timestamp":"2026-03-21 00:31:14"}
{"level":"info","message":"Получение ожидающих приглашений пользователя","timestamp":"2026-03-21 00:31:14","userId":1}
{"level":"info","message":"Получение заданий для пользователя ID: 1","timestamp":"2026-03-21 00:31:14"}
{"level":"info","message":"Получение ожидающих приглашений пользователя","timestamp":"2026-03-21 00:31:14","userId":1}
{"level":"info","message":"Получение заданий для пользователя ID: 1","timestamp":"2026-03-21 00:31:14"}
{"level":"info","message":"Получение ожидающих приглашений пользователя","timestamp":"2026-03-21 00:31:14","userId":1}
{"level":"info","message":"Получение заданий для пользователя ID: 1","timestamp":"2026-03-21 00:31:14"}
{"level":"info","message":"Получение ожидающих приглашений пользователя","timestamp":"2026-03-21 00:31:14","userId":1}
{"level":"info","message":"Получение заданий для пользователя ID: 1","timestamp":"2026-03-21 00:31:14"}
{"level":"info","message":"Получение ожидающих приглашений пользователя","timestamp":"2026-03-21 00:31:14","userId":1}
{"level":"info","message":"Получение заданий для пользователя ID: 1","timestamp":"2026-03-21 00:31:14"}
{"level":"info","message":"Получение ожидающих приглашений пользователя","timestamp":"2026-03-21 00:31:14","userId":1}
{"level":"info","message":"Получение заданий для пользователя ID: 1","timestamp":"2026-03-21 00:31:14"}
{"level":"info","message":"Получение ожидающих приглашений пользователя","timestamp":"2026-03-21 00:31:14","userId":1}
{"level":"info","message":"Получение заданий для пользователя ID: 1","timestamp":"2026-03-21 00:31:14"}
{"level":"info","message":"Получение ожидающих приглашений пользователя","timestamp":"2026-03-21 00:31:14","userId":1}
{"level":"info","message":"Получение заданий для пользователя ID: 1","timestamp":"2026-03-21 00:31:14"}
{"level":"info","message":"Получение ожидающих приглашений пользователя","timestamp":"2026-03-21 00:31:14","userId":1}
{"level":"info","message":"Получение заданий для пользователя ID: 1","timestamp":"2026-03-21 00:31:14"}
{"level":"info","message":"Получение ожидающих приглашений пользователя","timestamp":"2026-03-21 00:31:14","userId":1}
{"level":"info","message":"Получение заданий для пользователя ID: 1","timestamp":"2026-03-21 00:31:14"}
{"level":"info","message":"Получение ожидающих приглашений пользователя","timestamp":"2026-03-21 00:31:14","userId":1}
{"level":"info","message":"Получение заданий для пользователя ID: 1","timestamp":"2026-03-21 00:31:14"}
{"level":"info","message":"Получение ожидающих приглашений пользователя","timestamp":"2026-03-21 00:31:14","userId":1}
{"level":"info","message":"Получение заданий для пользователя ID: 1","timestamp":"2026-03-21 00:31:14"}
{"level":"info","message":"Получение ожидающих приглашений пользователя","timestamp":"2026-03-21 00:31:14","userId":1}
{"level":"info","message":"Получение заданий для пользователя ID: 1","timestamp":"2026-03-21 00:31:14"}
{"level":"info","message":"Получение ожидающих приглашений пользователя","timestamp":"2026-03-21 00:31:14","userId":1}
{"level":"info","message":"Получение заданий для пользователя ID: 1","timestamp":"2026-03-21 00:31:14"}
{"level":"info","message":"Получение ожидающих приглашений пользователя","timestamp":"2026-03-21 00:31:14","userId":1}
{"level":"info","message":"Получение заданий для пользователя ID: 1","timestamp":"2026-03-21 00:31:14"}
{"level":"info","message":"Получение ожидающих приглашений пользователя","timestamp":"2026-03-21 00:31:14","userId":1}
{"level":"info","message":"Получение заданий для пользователя ID: 1","timestamp":"2026-03-21 00:31:14"}
{"level":"info","message":"Получение ожидающих приглашений пользователя","timestamp":"2026-03-21 00:31:14","userId":1}
{"level":"info","message":"Получение заданий для пользователя ID: 1","timestamp":"2026-03-21 00:31:14"}
{"level":"info","message":"Получение ожидающих приглашений пользователя","timestamp":"2026-03-21 00:31:14","userId":1}
{"level":"info","message":"Получение заданий для пользователя ID: 1","timestamp":"2026-03-21 00:31:14"}
{"level":"info","message":"Получение ожидающих приглашений пользователя","timestamp":"2026-03-21 00:31:14","userId":1}
{"level":"info","message":"Получение заданий для пользователя ID: 1","timestamp":"2026-03-21 00:31:14"}
{"level":"info","message":"Получение ожидающих приглашений пользователя","timestamp":"2026-03-21 00:31:14","userId":1}
{"level":"info","message":"Получение заданий для пользователя ID: 1","timestamp":"2026-03-21 00:31:14"}
{"level":"info","message":"Получение ожидающих приглашений пользователя","timestamp":"2026-03-21 00:31:14","userId":1}
{"level":"info","message":"Получение заданий для пользователя ID: 1","timestamp":"2026-03-21 00:31:14"}
{"level":"info","message":"Получение ожидающих приглашений пользователя","timestamp":"2026-03-21 00:31:14","userId":1}
{"level":"info","message":"Получение заданий для пользователя ID: 1","timestamp":"2026-03-21 00:31:14"}
{"level":"info","message":"Получение ожидающих приглашений пользователя","timestamp":"2026-03-21 00:31:14","userId":1}
{"level":"info","message":"Получение ожидающих приглашений пользователя","timestamp":"2026-03-21 00:31:14","userId":1}
{"level":"info","message":"Получение заданий для пользователя ID: 1","timestamp":"2026-03-21 00:31:14"}
{"level":"info","message":"Получение ожидающих приглашений пользователя","timestamp":"2026-03-21 00:31:14","userId":1}
{"level":"info","message":"Получение ожидающих приглашений пользователя","timestamp":"2026-03-21 00:31:14","userId":1}
{"level":"info","message":"Получение заданий для пользователя ID: 1","timestamp":"2026-03-21 00:31:14"}
{"level":"info","message":"Получение ожидающих приглашений пользователя","timestamp":"2026-03-21 00:31:14","userId":1}
{"level":"info","message":"Получение заданий для пользователя ID: 1","timestamp":"2026-03-21 00:31:14"}
{"level":"info","message":"Получение ожидающих приглашений пользователя","timestamp":"2026-03-21 00:31:14","userId":1}
{"level":"info","message":"Получение заданий для пользователя ID: 1","timestamp":"2026-03-21 00:31:14"}
{"level":"info","message":"Получение ожидающих приглашений пользователя","timestamp":"2026-03-21 00:31:14","userId":1}
{"level":"info","message":"Получение заданий для пользователя ID: 1","timestamp":"2026-03-21 00:31:14"}
{"level":"info","message":"Получение ожидающих приглашений пользователя","timestamp":"2026-03-21 00:31:14","userId":1}
{"level":"info","message":"Получение ожидающих приглашений пользователя","timestamp":"2026-03-21 00:31:14","userId":1}
{"level":"info","message":"Получение заданий для пользователя ID: 1","timestamp":"2026-03-21 00:31:14"}
{"level":"info","message":"Получение ожидающих приглашений пользователя","timestamp":"2026-03-21 00:31:14","userId":1}
{"level":"info","message":"Получение заданий для пользователя ID: 1","timestamp":"2026-03-21 00:31:14"}
{"level":"info","message":"Получение ожидающих приглашений пользователя","timestamp":"2026-03-21 00:31:14","userId":1}
{"level":"info","message":"Получение заданий для пользователя ID: 1","timestamp":"2026-03-21 00:31:14"}
{"level":"info","message":"Получение заданий для пользователя ID: 1","timestamp":"2026-03-21 00:31:14"}
{"level":"info","message":"Получение заданий для пользователя ID: 1","timestamp":"2026-03-21 00:31:14"}
{"level":"info","message":"Получение ожидающих приглашений пользователя","timestamp":"2026-03-21 00:31:14","userId":1}
{"level":"info","message":"Получение заданий для пользователя ID: 1","timestamp":"2026-03-21 00:31:14"}
{"level":"info","message":"Получение заданий для пользователя ID: 1","timestamp":"2026-03-21 00:31:14"}
{"level":"info","message":"Получение ожидающих приглашений пользователя","timestamp":"2026-03-21 00:31:14","userId":1}
{"level":"info","message":"Получение заданий для пользователя ID: 1","timestamp":"2026-03-21 00:31:14"}
{"level":"info","message":"Получение ожидающих приглашений пользователя","timestamp":"2026-03-21 00:31:14","userId":1}
{"level":"info","message":"Получение заданий для пользователя ID: 1","timestamp":"2026-03-21 00:31:14"}
{"level":"info","message":"Получение ожидающих приглашений пользователя","timestamp":"2026-03-21 00:31:14","userId":1}
{"level":"info","message":"Получение заданий для пользователя ID: 1","timestamp":"2026-03-21 00:31:15"}
{"level":"info","message":"Получение ожидающих приглашений пользователя","timestamp":"2026-03-21 00:31:15","userId":1}
{"level":"info","message":"Получение заданий для пользователя ID: 1","timestamp":"2026-03-21 00:31:15"}
{"level":"info","message":"Получение ожидающих приглашений пользователя","timestamp":"2026-03-21 00:31:15","userId":1}
{"level":"info","message":"Получение заданий для пользователя ID: 1","timestamp":"2026-03-21 00:31:15"}
{"level":"info","message":"Получение ожидающих приглашений пользователя","timestamp":"2026-03-21 00:31:15","userId":1}
{"level":"info","message":"Получение заданий для пользователя ID: 1","timestamp":"2026-03-21 00:31:15"}
{"level":"info","message":"Получение ожидающих приглашений пользователя","timestamp":"2026-03-21 00:31:15","userId":1}
{"level":"info","message":"Получение заданий для пользователя ID: 1","timestamp":"2026-03-21 00:31:15"}
{"level":"info","message":"Получение ожидающих приглашений пользователя","timestamp":"2026-03-21 00:31:15","userId":1}
{"level":"info","message":"Получение заданий для пользователя ID: 1","timestamp":"2026-03-21 00:31:15"}
{"level":"info","message":"Получение ожидающих приглашений пользователя","timestamp":"2026-03-21 00:31:15","userId":1}
{"level":"info","message":"Получение заданий для пользователя ID: 1","timestamp":"2026-03-21 00:31:15"}
{"level":"info","message":"Получение ожидающих приглашений пользователя","timestamp":"2026-03-21 00:31:15","userId":1}
{"level":"info","message":"Получение заданий для пользователя ID: 1","timestamp":"2026-03-21 00:31:15"}
{"level":"info","message":"Получение ожидающих приглашений пользователя","timestamp":"2026-03-21 00:31:15","userId":1}
{"level":"info","message":"Получение заданий для пользователя ID: 1","timestamp":"2026-03-21 00:31:15"}
{"level":"info","message":"Получение ожидающих приглашений пользователя","timestamp":"2026-03-21 00:31:15","userId":1}
{"level":"info","message":"Получение заданий для пользователя ID: 1","timestamp":"2026-03-21 00:31:15"}
{"level":"info","message":"Получение ожидающих приглашений пользователя","timestamp":"2026-03-21 00:31:15","userId":1}
{"level":"info","message":"Получение заданий для пользователя ID: 1","timestamp":"2026-03-21 00:31:15"}
{"level":"info","message":"Получение ожидающих приглашений пользователя","timestamp":"2026-03-21 00:31:15","userId":1}
{"level":"info","message":"Получение заданий для пользователя ID: 1","timestamp":"2026-03-21 00:31:15"}
{"level":"info","message":"Получение ожидающих приглашений пользователя","timestamp":"2026-03-21 00:31:15","userId":1}
{"level":"info","message":"Получение заданий для пользователя ID: 1","timestamp":"2026-03-21 00:31:15"}
{"level":"info","message":"Получение ожидающих приглашений пользователя","timestamp":"2026-03-21 00:31:15","userId":1}
{"level":"info","message":"Получение заданий для пользователя ID: 1","timestamp":"2026-03-21 00:31:15"}
{"level":"info","message":"Получение ожидающих приглашений пользователя","timestamp":"2026-03-21 00:31:15","userId":1}
{"level":"info","message":"Получение заданий для пользователя ID: 1","timestamp":"2026-03-21 00:31:15"}
{"level":"info","message":"Получение ожидающих приглашений пользователя","timestamp":"2026-03-21 00:31:15","userId":1}
{"level":"info","message":"Получение заданий для пользователя ID: 1","timestamp":"2026-03-21 00:31:15"}
{"level":"info","message":"Получение ожидающих приглашений пользователя","timestamp":"2026-03-21 00:31:15","userId":1}
{"level":"info","message":"Получение заданий для пользователя ID: 1","timestamp":"2026-03-21 00:31:15"}
{"level":"info","message":"Получение ожидающих приглашений пользователя","timestamp":"2026-03-21 00:31:15","userId":1}
{"level":"info","message":"Получение заданий для пользователя ID: 1","timestamp":"2026-03-21 00:31:15"}
{"level":"info","message":"Получение ожидающих приглашений пользователя","timestamp":"2026-03-21 00:31:15","userId":1}
{"level":"info","message":"Получение заданий для пользователя ID: 1","timestamp":"2026-03-21 00:31:15"}
{"level":"info","message":"Получение ожидающих приглашений пользователя","timestamp":"2026-03-21 00:31:15","userId":1}
{"level":"info","message":"Получение заданий для пользователя ID: 1","timestamp":"2026-03-21 00:31:15"}
{"level":"info","message":"Получение ожидающих приглашений пользователя","timestamp":"2026-03-21 00:31:15","userId":1}
{"level":"info","message":"Получение заданий для пользователя ID: 1","timestamp":"2026-03-21 00:31:15"}
{"level":"info","message":"Получение ожидающих приглашений пользователя","timestamp":"2026-03-21 00:31:15","userId":1}
{"level":"info","message":"Получение заданий для пользователя ID: 1","timestamp":"2026-03-21 00:31:15"}
{"level":"info","message":"Получение ожидающих приглашений пользователя","timestamp":"2026-03-21 00:31:15","userId":1}
{"level":"info","message":"Получение ожидающих приглашений пользователя","timestamp":"2026-03-21 00:31:15","userId":1}
{"level":"info","message":"Получение заданий для пользователя ID: 1","timestamp":"2026-03-21 00:31:15"}
{"level":"info","message":"Получение ожидающих приглашений пользователя","timestamp":"2026-03-21 00:31:15","userId":1}
{"level":"info","message":"Получение заданий для пользователя ID: 1","timestamp":"2026-03-21 00:31:15"}
{"level":"info","message":"Получение ожидающих приглашений пользователя","timestamp":"2026-03-21 00:31:15","userId":1}
{"level":"info","message":"Получение заданий для пользователя ID: 1","timestamp":"2026-03-21 00:31:15"}
{"level":"info","message":"Получение ожидающих приглашений пользователя","timestamp":"2026-03-21 00:31:15","userId":1}
{"level":"info","message":"Получение заданий для пользователя ID: 1","timestamp":"2026-03-21 00:31:15"}
{"level":"info","message":"Получение ожидающих приглашений пользователя","timestamp":"2026-03-21 00:31:15","userId":1}
{"level":"info","message":"Получение заданий для пользователя ID: 1","timestamp":"2026-03-21 00:31:15"}
{"level":"info","message":"Получение ожидающих приглашений пользователя","timestamp":"2026-03-21 00:31:15","userId":1}
{"level":"info","message":"Получение заданий для пользователя ID: 1","timestamp":"2026-03-21 00:31:15"}
{"level":"info","message":"Получение заданий для пользователя ID: 1","timestamp":"2026-03-21 00:31:15"}
{"level":"info","message":"Получение ожидающих приглашений пользователя","timestamp":"2026-03-21 00:31:15","userId":1}
{"level":"info","message":"Получение заданий для пользователя ID: 1","timestamp":"2026-03-21 00:31:15"}
{"level":"info","message":"Получение ожидающих приглашений пользователя","timestamp":"2026-03-21 00:31:15","userId":1}
{"level":"info","message":"Получение заданий для пользователя ID: 1","timestamp":"2026-03-21 00:31:16"}
{"level":"info","message":"Получение ожидающих приглашений пользователя","timestamp":"2026-03-21 00:31:16","userId":1}
{"level":"info","message":"Получение заданий для пользователя ID: 1","timestamp":"2026-03-21 00:31:16"}
{"level":"info","message":"Получение ожидающих приглашений пользователя","timestamp":"2026-03-21 00:31:16","userId":1}
{"level":"info","message":"Получение заданий для пользователя ID: 1","timestamp":"2026-03-21 00:31:16"}
{"level":"info","message":"Получение ожидающих приглашений пользователя","timestamp":"2026-03-21 00:31:16","userId":1}
{"level":"info","message":"Получение заданий для пользователя ID: 1","timestamp":"2026-03-21 00:31:16"}
{"level":"info","message":"Получение ожидающих приглашений пользователя","timestamp":"2026-03-21 00:31:16","userId":1}
{"level":"info","message":"Получение заданий для пользователя ID: 1","timestamp":"2026-03-21 00:31:16"}
{"level":"info","message":"Получение ожидающих приглашений пользователя","timestamp":"2026-03-21 00:31:16","userId":1}
{"level":"info","message":"Получение заданий для пользователя ID: 1","timestamp":"2026-03-21 00:31:16"}
{"level":"info","message":"Получение ожидающих приглашений пользователя","timestamp":"2026-03-21 00:31:16","userId":1}
{"level":"info","message":"Получение заданий для пользователя ID: 1","timestamp":"2026-03-21 00:31:16"}
{"level":"info","message":"Получение ожидающих приглашений пользователя","timestamp":"2026-03-21 00:31:16","userId":1}
{"level":"info","message":"Получение заданий для пользователя ID: 1","timestamp":"2026-03-21 00:31:16"}
{"level":"info","message":"Получение ожидающих приглашений пользователя","timestamp":"2026-03-21 00:31:16","userId":1}
{"level":"info","message":"Получение заданий для пользователя ID: 1","timestamp":"2026-03-21 00:31:16"}
{"level":"info","message":"Получение ожидающих приглашений пользователя","timestamp":"2026-03-21 00:31:16","userId":1}
{"level":"info","message":"Получение заданий для пользователя ID: 1","timestamp":"2026-03-21 00:31:16"}
{"level":"info","message":"Получение ожидающих приглашений пользователя","timestamp":"2026-03-21 00:31:16","userId":1}
{"level":"info","message":"Получение заданий для пользователя ID: 1","timestamp":"2026-03-21 00:31:16"}
{"level":"info","message":"Получение ожидающих приглашений пользователя","timestamp":"2026-03-21 00:31:16","userId":1}
{"level":"info","message":"Получение заданий для пользователя ID: 1","timestamp":"2026-03-21 00:31:16"}
{"level":"info","message":"Получение ожидающих приглашений пользователя","timestamp":"2026-03-21 00:31:16","userId":1}
{"level":"info","message":"Получение заданий для пользователя ID: 1","timestamp":"2026-03-21 00:31:16"}
{"level":"info","message":"Получение ожидающих приглашений пользователя","timestamp":"2026-03-21 00:31:16","userId":1}
{"level":"info","message":"Получение заданий для пользователя ID: 1","timestamp":"2026-03-21 00:31:16"}
{"level":"info","message":"Получение ожидающих приглашений пользователя","timestamp":"2026-03-21 00:31:16","userId":1}
{"level":"info","message":"Получение заданий для пользователя ID: 1","timestamp":"2026-03-21 00:31:16"}
{"level":"info","message":"Получение ожидающих приглашений пользователя","timestamp":"2026-03-21 00:31:16","userId":1}
{"level":"info","message":"Получение заданий для пользователя ID: 1","timestamp":"2026-03-21 00:31:16"}
{"level":"info","message":"Получение ожидающих приглашений пользователя","timestamp":"2026-03-21 00:31:16","userId":1}
{"level":"info","message":"Получение заданий для пользователя ID: 1","timestamp":"2026-03-21 00:31:16"}
{"level":"info","message":"Получение ожидающих приглашений пользователя","timestamp":"2026-03-21 00:31:16","userId":1}
{"level":"info","message":"Получение заданий для пользователя ID: 1","timestamp":"2026-03-21 00:31:16"}
{"level":"info","message":"Получение ожидающих приглашений пользователя","timestamp":"2026-03-21 00:31:16","userId":1}
{"level":"info","message":"Получение заданий для пользователя ID: 1","timestamp":"2026-03-21 00:31:16"}
{"level":"info","message":"Получение ожидающих приглашений пользователя","timestamp":"2026-03-21 00:31:16","userId":1}
{"level":"info","message":"Получение заданий для пользователя ID: 1","timestamp":"2026-03-21 00:31:16"}
{"level":"info","message":"Получение ожидающих приглашений пользователя","timestamp":"2026-03-21 00:31:16","userId":1}
{"level":"info","message":"Получение заданий для пользователя ID: 1","timestamp":"2026-03-21 00:31:16"}
{"level":"info","message":"Получение ожидающих приглашений пользователя","timestamp":"2026-03-21 00:31:16","userId":1}
{"level":"info","message":"Получение заданий для пользователя ID: 1","timestamp":"2026-03-21 00:31:16"}
{"level":"info","message":"Получение ожидающих приглашений пользователя","timestamp":"2026-03-21 00:31:16","userId":1}
{"level":"info","message":"Получение заданий для пользователя ID: 1","timestamp":"2026-03-21 00:31:16"}
{"level":"info","message":"Получение ожидающих приглашений пользователя","timestamp":"2026-03-21 00:31:16","userId":1}
{"level":"info","message":"Получение ожидающих приглашений пользователя","timestamp":"2026-03-21 00:31:16","userId":1}
{"level":"info","message":"Получение ожидающих приглашений пользователя","timestamp":"2026-03-21 00:31:16","userId":1}
{"level":"info","message":"Получение заданий для пользователя ID: 1","timestamp":"2026-03-21 00:31:16"}
{"level":"info","message":"Получение ожидающих приглашений пользователя","timestamp":"2026-03-21 00:31:16","userId":1}
{"level":"info","message":"Получение заданий для пользователя ID: 1","timestamp":"2026-03-21 00:31:16"}
{"level":"info","message":"Получение ожидающих приглашений пользователя","timestamp":"2026-03-21 00:31:16","userId":1}
{"level":"info","message":"Получение заданий для пользователя ID: 1","timestamp":"2026-03-21 00:31:16"}
{"level":"info","message":"Получение ожидающих приглашений пользователя","timestamp":"2026-03-21 00:31:16","userId":1}
{"level":"info","message":"Получение ожидающих приглашений пользователя","timestamp":"2026-03-21 00:31:16","userId":1}
{"level":"info","message":"Получение заданий для пользователя ID: 1","timestamp":"2026-03-21 00:31:16"}
{"level":"info","message":"Получение ожидающих приглашений пользователя","timestamp":"2026-03-21 00:31:16","userId":1}
{"level":"info","message":"Получение заданий для пользователя ID: 1","timestamp":"2026-03-21 00:31:16"}
{"level":"info","message":"Получение ожидающих приглашений пользователя","timestamp":"2026-03-21 00:31:16","userId":1}
{"level":"info","message":"Получение заданий для пользователя ID: 1","timestamp":"2026-03-21 00:31:16"}
{"level":"info","message":"Получение ожидающих приглашений пользователя","timestamp":"2026-03-21 00:31:16","userId":1}
{"level":"info","message":"Получение ожидающих приглашений пользователя","timestamp":"2026-03-21 00:31:16","userId":1}
{"level":"info","message":"Получение заданий для пользователя ID: 1","timestamp":"2026-03-21 00:31:16"}
{"level":"info","message":"Получение заданий для пользователя ID: 1","timestamp":"2026-03-21 00:31:16"}
{"level":"info","message":"Получение заданий для пользователя ID: 1","timestamp":"2026-03-21 00:31:16"}
{"level":"info","message":"Получение ожидающих приглашений пользователя","timestamp":"2026-03-21 00:31:16","userId":1}
{"level":"info","message":"Получение заданий для пользователя ID: 1","timestamp":"2026-03-21 00:31:16"}
{"level":"info","message":"Получение заданий для пользователя ID: 1","timestamp":"2026-03-21 00:31:16"}
{"level":"info","message":"Получение ожидающих приглашений пользователя","timestamp":"2026-03-21 00:31:16","userId":1}
{"level":"info","message":"Получение заданий для пользователя ID: 1","timestamp":"2026-03-21 00:31:16"}
{"level":"info","message":"Получение заданий для пользователя ID: 1","timestamp":"2026-03-21 00:31:16"}
{"level":"info","message":"Получение ожидающих приглашений пользователя","timestamp":"2026-03-21 00:31:16","userId":1}
{"level":"info","message":"Получение заданий для пользователя ID: 1","timestamp":"2026-03-21 00:31:16"}
{"level":"info","message":"Получение ожидающих приглашений пользователя","timestamp":"2026-03-21 00:31:16","userId":1}
{"level":"info","message":"Получение заданий для пользователя ID: 1","timestamp":"2026-03-21 00:31:17"}
{"level":"info","message":"Получение ожидающих приглашений пользователя","timestamp":"2026-03-21 00:31:17","userId":1}
{"level":"info","message":"Получение заданий для пользователя ID: 1","timestamp":"2026-03-21 00:31:17"}
{"level":"info","message":"Получение ожидающих приглашений пользователя","timestamp":"2026-03-21 00:31:17","userId":1}
{"level":"info","message":"Получение заданий для пользователя ID: 1","timestamp":"2026-03-21 00:31:17"}
{"level":"info","message":"Получение ожидающих приглашений пользователя","timestamp":"2026-03-21 00:31:17","userId":1}
{"level":"info","message":"Получение заданий для пользователя ID: 1","timestamp":"2026-03-21 00:31:17"}
{"level":"info","message":"Получение ожидающих приглашений пользователя","timestamp":"2026-03-21 00:31:17","userId":1}
{"level":"info","message":"Получение заданий для пользователя ID: 1","timestamp":"2026-03-21 00:31:17"}
{"level":"info","message":"Получение ожидающих приглашений пользователя","timestamp":"2026-03-21 00:31:17","userId":1}
{"level":"info","message":"Получение заданий для пользователя ID: 1","timestamp":"2026-03-21 00:31:17"}
{"level":"info","message":"Получение ожидающих приглашений пользователя","timestamp":"2026-03-21 00:31:17","userId":1}
{"level":"info","message":"Получение заданий для пользователя ID: 1","timestamp":"2026-03-21 00:31:17"}
{"level":"info","message":"Получение ожидающих приглашений пользователя","timestamp":"2026-03-21 00:31:17","userId":1}
{"level":"info","message":"Получение заданий для пользователя ID: 1","timestamp":"2026-03-21 00:31:17"}
{"level":"info","message":"Получение ожидающих приглашений пользователя","timestamp":"2026-03-21 00:31:17","userId":1}
{"level":"info","message":"Получение заданий для пользователя ID: 1","timestamp":"2026-03-21 00:31:17"}
{"level":"info","message":"Получение ожидающих приглашений пользователя","timestamp":"2026-03-21 00:31:17","userId":1}
{"level":"info","message":"Получение заданий для пользователя ID: 1","timestamp":"2026-03-21 00:31:17"}
{"level":"info","message":"Получение ожидающих приглашений пользователя","timestamp":"2026-03-21 00:31:17","userId":1}
{"level":"info","message":"Получение заданий для пользователя ID: 1","timestamp":"2026-03-21 00:31:17"}
{"level":"info","message":"Получение ожидающих приглашений пользователя","timestamp":"2026-03-21 00:31:17","userId":1}
{"level":"info","message":"Получение заданий для пользователя ID: 1","timestamp":"2026-03-21 00:31:17"}
{"level":"info","message":"Получение ожидающих приглашений пользователя","timestamp":"2026-03-21 00:31:17","userId":1}
{"level":"info","message":"Получение заданий для пользователя ID: 1","timestamp":"2026-03-21 00:31:17"}
{"level":"info","message":"Получение ожидающих приглашений пользователя","timestamp":"2026-03-21 00:31:17","userId":1}
{"level":"info","message":"Получение заданий для пользователя ID: 1","timestamp":"2026-03-21 00:31:17"}
{"level":"info","message":"Получение ожидающих приглашений пользователя","timestamp":"2026-03-21 00:31:17","userId":1}
{"level":"info","message":"Получение заданий для пользователя ID: 1","timestamp":"2026-03-21 00:31:17"}
{"level":"info","message":"Получение ожидающих приглашений пользователя","timestamp":"2026-03-21 00:31:17","userId":1}
{"level":"info","message":"Получение заданий для пользователя ID: 1","timestamp":"2026-03-21 00:31:17"}
{"level":"info","message":"Получение ожидающих приглашений пользователя","timestamp":"2026-03-21 00:31:17","userId":1}
{"level":"info","message":"Получение заданий для пользователя ID: 1","timestamp":"2026-03-21 00:31:17"}
{"level":"info","message":"Получение ожидающих приглашений пользователя","timestamp":"2026-03-21 00:31:17","userId":1}
{"level":"info","message":"Получение заданий для пользователя ID: 1","timestamp":"2026-03-21 00:31:17"}
{"level":"info","message":"Получение ожидающих приглашений пользователя","timestamp":"2026-03-21 00:31:17","userId":1}
{"level":"info","message":"Получение заданий для пользователя ID: 1","timestamp":"2026-03-21 00:31:17"}
{"level":"info","message":"Получение ожидающих приглашений пользователя","timestamp":"2026-03-21 00:31:17","userId":1}
{"level":"info","message":"Получение заданий для пользователя ID: 1","timestamp":"2026-03-21 00:31:17"}
{"level":"info","message":"Получение ожидающих приглашений пользователя","timestamp":"2026-03-21 00:31:17","userId":1}
{"level":"info","message":"Получение заданий для пользователя ID: 1","timestamp":"2026-03-21 00:31:17"}
{"level":"info","message":"Получение ожидающих приглашений пользователя","timestamp":"2026-03-21 00:31:17","userId":1}
{"level":"info","message":"Получение заданий для пользователя ID: 1","timestamp":"2026-03-21 00:31:17"}
{"level":"info","message":"Получение ожидающих приглашений пользователя","timestamp":"2026-03-21 00:31:17","userId":1}
{"level":"info","message":"Получение заданий для пользователя ID: 1","timestamp":"2026-03-21 00:31:17"}
{"level":"info","message":"Получение ожидающих приглашений пользователя","timestamp":"2026-03-21 00:31:17","userId":1}
{"level":"info","message":"Получение заданий для пользователя ID: 1","timestamp":"2026-03-21 00:31:17"}
{"level":"info","message":"Получение ожидающих приглашений пользователя","timestamp":"2026-03-21 00:31:17","userId":1}
{"level":"info","message":"Получение ожидающих приглашений пользователя","timestamp":"2026-03-21 00:31:17","userId":1}
{"level":"info","message":"Получение заданий для пользователя ID: 1","timestamp":"2026-03-21 00:31:17"}
{"level":"info","message":"Получение ожидающих приглашений пользователя","timestamp":"2026-03-21 00:31:17","userId":1}
{"level":"info","message":"Получение заданий для пользователя ID: 1","timestamp":"2026-03-21 00:31:17"}
{"level":"info","message":"Получение ожидающих приглашений пользователя","timestamp":"2026-03-21 00:31:17","userId":1}
{"level":"info","message":"Получение заданий для пользователя ID: 1","timestamp":"2026-03-21 00:31:17"}
{"level":"info","message":"Получение ожидающих приглашений пользователя","timestamp":"2026-03-21 00:31:17","userId":1}
{"level":"info","message":"Получение заданий для пользователя ID: 1","timestamp":"2026-03-21 00:31:17"}
{"level":"info","message":"Получение заданий для пользователя ID: 1","timestamp":"2026-03-21 00:31:17"}
{"level":"info","message":"Получение ожидающих приглашений пользователя","timestamp":"2026-03-21 00:31:17","userId":1}
{"level":"info","message":"Получение заданий для пользователя ID: 1","timestamp":"2026-03-21 00:31:17"}
{"level":"info","message":"Получение ожидающих приглашений пользователя","timestamp":"2026-03-21 00:31:17","userId":1}
{"level":"info","message":"Получение заданий для пользователя ID: 1","timestamp":"2026-03-21 00:31:18"}
{"level":"info","message":"Получение ожидающих приглашений пользователя","timestamp":"2026-03-21 00:31:18","userId":1}
{"level":"info","message":"Получение заданий для пользователя ID: 1","timestamp":"2026-03-21 00:31:18"}
{"level":"info","message":"Получение ожидающих приглашений пользователя","timestamp":"2026-03-21 00:31:18","userId":1}
{"level":"info","message":"Получение заданий для пользователя ID: 1","timestamp":"2026-03-21 00:31:18"}
{"level":"info","message":"Получение ожидающих приглашений пользователя","timestamp":"2026-03-21 00:31:18","userId":1}
{"level":"info","message":"Получение заданий для пользователя ID: 1","timestamp":"2026-03-21 00:31:18"}
{"level":"info","message":"Получение ожидающих приглашений пользователя","timestamp":"2026-03-21 00:31:18","userId":1}
{"level":"info","message":"Получение заданий для пользователя ID: 1","timestamp":"2026-03-21 00:31:18"}
{"level":"info","message":"Получение ожидающих приглашений пользователя","timestamp":"2026-03-21 00:31:18","userId":1}
{"level":"info","message":"Получение заданий для пользователя ID: 1","timestamp":"2026-03-21 00:31:18"}
{"level":"info","message":"Получение ожидающих приглашений пользователя","timestamp":"2026-03-21 00:31:18","userId":1}
{"level":"info","message":"Получение заданий для пользователя ID: 1","timestamp":"2026-03-21 00:31:18"}
{"level":"info","message":"Получение ожидающих приглашений пользователя","timestamp":"2026-03-21 00:31:18","userId":1}
{"level":"info","message":"Получение заданий для пользователя ID: 1","timestamp":"2026-03-21 00:31:18"}
{"level":"info","message":"Получение ожидающих приглашений пользователя","timestamp":"2026-03-21 00:31:18","userId":1}
{"level":"info","message":"Получение заданий для пользователя ID: 1","timestamp":"2026-03-21 00:31:18"}
{"level":"info","message":"Получение ожидающих приглашений пользователя","timestamp":"2026-03-21 00:31:18","userId":1}
{"level":"info","message":"Получение заданий для пользователя ID: 1","timestamp":"2026-03-21 00:31:18"}
{"level":"info","message":"Получение ожидающих приглашений пользователя","timestamp":"2026-03-21 00:31:18","userId":1}
{"level":"info","message":"Получение заданий для пользователя ID: 1","timestamp":"2026-03-21 00:31:18"}
{"level":"info","message":"Получение ожидающих приглашений пользователя","timestamp":"2026-03-21 00:31:18","userId":1}
{"level":"info","message":"Получение заданий для пользователя ID: 1","timestamp":"2026-03-21 00:31:18"}
{"level":"info","message":"Получение ожидающих приглашений пользователя","timestamp":"2026-03-21 00:31:18","userId":1}
{"level":"info","message":"Получение заданий для пользователя ID: 1","timestamp":"2026-03-21 00:31:18"}
{"level":"info","message":"Получение ожидающих приглашений пользователя","timestamp":"2026-03-21 00:31:18","userId":1}
{"level":"info","message":"Получение заданий для пользователя ID: 1","timestamp":"2026-03-21 00:31:18"}
{"level":"info","message":"Получение ожидающих приглашений пользователя","timestamp":"2026-03-21 00:31:18","userId":1}
{"level":"info","message":"Получение заданий для пользователя ID: 1","timestamp":"2026-03-21 00:31:18"}
{"level":"info","message":"Получение ожидающих приглашений пользователя","timestamp":"2026-03-21 00:31:18","userId":1}
{"level":"info","message":"Получение заданий для пользователя ID: 1","timestamp":"2026-03-21 00:31:18"}
{"level":"info","message":"Получение ожидающих приглашений пользователя","timestamp":"2026-03-21 00:31:18","userId":1}
{"level":"info","message":"Получение заданий для пользователя ID: 1","timestamp":"2026-03-21 00:31:18"}
{"level":"info","message":"Получение ожидающих приглашений пользователя","timestamp":"2026-03-21 00:31:18","userId":1}
{"level":"info","message":"Получение заданий для пользователя ID: 1","timestamp":"2026-03-21 00:31:18"}
{"level":"info","message":"Получение ожидающих приглашений пользователя","timestamp":"2026-03-21 00:31:18","userId":1}
{"level":"info","message":"Получение заданий для пользователя ID: 1","timestamp":"2026-03-21 00:31:18"}
{"level":"info","message":"Получение ожидающих приглашений пользователя","timestamp":"2026-03-21 00:31:18","userId":1}
{"level":"info","message":"Получение заданий для пользователя ID: 1","timestamp":"2026-03-21 00:31:18"}
{"level":"info","message":"Получение ожидающих приглашений пользователя","timestamp":"2026-03-21 00:31:18","userId":1}
{"level":"info","message":"Получение заданий для пользователя ID: 1","timestamp":"2026-03-21 00:31:18"}
{"level":"info","message":"Получение ожидающих приглашений пользователя","timestamp":"2026-03-21 00:31:18","userId":1}
{"level":"info","message":"Получение заданий для пользователя ID: 1","timestamp":"2026-03-21 00:31:18"}
{"level":"info","message":"Получение ожидающих приглашений пользователя","timestamp":"2026-03-21 00:31:18","userId":1}
{"level":"info","message":"Получение заданий для пользователя ID: 1","timestamp":"2026-03-21 00:31:18"}
{"level":"info","message":"Получение ожидающих приглашений пользователя","timestamp":"2026-03-21 00:31:18","userId":1}
{"level":"info","message":"Получение заданий для пользователя ID: 1","timestamp":"2026-03-21 00:31:18"}
{"level":"info","message":"Получение ожидающих приглашений пользователя","timestamp":"2026-03-21 00:31:18","userId":1}
{"level":"info","message":"Получение заданий для пользователя ID: 1","timestamp":"2026-03-21 00:31:18"}
{"level":"info","message":"Получение ожидающих приглашений пользователя","timestamp":"2026-03-21 00:31:18","userId":1}
{"level":"info","message":"Получение заданий для пользователя ID: 1","timestamp":"2026-03-21 00:31:18"}
{"level":"info","message":"Получение ожидающих приглашений пользователя","timestamp":"2026-03-21 00:31:18","userId":1}
{"level":"info","message":"Получение заданий для пользователя ID: 1","timestamp":"2026-03-21 00:31:18"}
{"level":"info","message":"Получение ожидающих приглашений пользователя","timestamp":"2026-03-21 00:31:18","userId":1}
{"level":"info","message":"Получение заданий для пользователя ID: 1","timestamp":"2026-03-21 00:31:19"}
{"level":"info","message":"Получение ожидающих приглашений пользователя","timestamp":"2026-03-21 00:31:19","userId":1}
{"level":"info","message":"Получение заданий для пользователя ID: 1","timestamp":"2026-03-21 00:31:19"}
{"level":"info","message":"Получение ожидающих приглашений пользователя","timestamp":"2026-03-21 00:31:19","userId":1}
{"level":"info","message":"Получение заданий для пользователя ID: 1","timestamp":"2026-03-21 00:31:19"}
{"level":"info","message":"Получение ожидающих приглашений пользователя","timestamp":"2026-03-21 00:31:19","userId":1}
{"level":"info","message":"Получение заданий для пользователя ID: 1","timestamp":"2026-03-21 00:31:19"}
{"level":"info","message":"Получение ожидающих приглашений пользователя","timestamp":"2026-03-21 00:31:19","userId":1}
{"level":"info","message":"Получение заданий для пользователя ID: 1","timestamp":"2026-03-21 00:31:19"}
{"level":"info","message":"Получение ожидающих приглашений пользователя","timestamp":"2026-03-21 00:31:19","userId":1}
{"level":"info","message":"Получение заданий для пользователя ID: 1","timestamp":"2026-03-21 00:31:19"}
{"level":"info","message":"Получение ожидающих приглашений пользователя","timestamp":"2026-03-21 00:31:19","userId":1}
{"level":"info","message":"Получение заданий для пользователя ID: 1","timestamp":"2026-03-21 00:31:19"}
{"level":"info","message":"Получение ожидающих приглашений пользователя","timestamp":"2026-03-21 00:31:19","userId":1}
{"level":"info","message":"Получение заданий для пользователя ID: 1","timestamp":"2026-03-21 00:31:19"}
{"level":"info","message":"Получение ожидающих приглашений пользователя","timestamp":"2026-03-21 00:31:19","userId":1}
{"level":"info","message":"Получение заданий для пользователя ID: 1","timestamp":"2026-03-21 00:31:19"}
{"level":"info","message":"Получение ожидающих приглашений пользователя","timestamp":"2026-03-21 00:31:19","userId":1}
{"level":"info","message":"Получение заданий для пользователя ID: 1","timestamp":"2026-03-21 00:31:19"}
{"level":"info","message":"Получение ожидающих приглашений пользователя","timestamp":"2026-03-21 00:31:19","userId":1}
{"level":"info","message":"Получение заданий для пользователя ID: 1","timestamp":"2026-03-21 00:31:19"}
{"level":"info","message":"Получение ожидающих приглашений пользователя","timestamp":"2026-03-21 00:31:19","userId":1}
{"level":"info","message":"Получение заданий для пользователя ID: 1","timestamp":"2026-03-21 00:31:19"}
{"level":"info","message":"Получение ожидающих приглашений пользователя","timestamp":"2026-03-21 00:31:19","userId":1}
{"level":"info","message":"Получение заданий для пользователя ID: 1","timestamp":"2026-03-21 00:31:19"}
{"level":"info","message":"Получение ожидающих приглашений пользователя","timestamp":"2026-03-21 00:31:19","userId":1}
{"level":"info","message":"Получение заданий для пользователя ID: 1","timestamp":"2026-03-21 00:31:19"}
{"level":"info","message":"Получение ожидающих приглашений пользователя","timestamp":"2026-03-21 00:31:19","userId":1}
{"level":"info","message":"Получение заданий для пользователя ID: 1","timestamp":"2026-03-21 00:31:19"}
{"level":"info","message":"Получение ожидающих приглашений пользователя","timestamp":"2026-03-21 00:31:19","userId":1}
{"level":"info","message":"Получение заданий для пользователя ID: 1","timestamp":"2026-03-21 00:31:19"}
{"level":"info","message":"Получение ожидающих приглашений пользователя","timestamp":"2026-03-21 00:31:19","userId":1}
{"level":"info","message":"Получение заданий для пользователя ID: 1","timestamp":"2026-03-21 00:31:20"}
{"level":"info","message":"Получение ожидающих приглашений пользователя","timestamp":"2026-03-21 00:31:20","userId":1}
{"level":"info","message":"Получение заданий для пользователя ID: 1","timestamp":"2026-03-21 00:31:20"}
{"level":"info","message":"Получение ожидающих приглашений пользователя","timestamp":"2026-03-21 00:31:20","userId":1}
{"level":"info","message":"Получение заданий для пользователя ID: 1","timestamp":"2026-03-21 00:31:20"}
{"level":"info","message":"Получение ожидающих приглашений пользователя","timestamp":"2026-03-21 00:31:20","userId":1}
{"level":"info","message":"Получение заданий для пользователя ID: 1","timestamp":"2026-03-21 00:31:20"}
{"level":"info","message":"Получение ожидающих приглашений пользователя","timestamp":"2026-03-21 00:31:20","userId":1}
{"level":"info","message":"Получение заданий для пользователя ID: 1","timestamp":"2026-03-21 00:31:20"}
{"level":"info","message":"Получение ожидающих приглашений пользователя","timestamp":"2026-03-21 00:31:20","userId":1}
{"level":"info","message":"Получение заданий для пользователя ID: 1","timestamp":"2026-03-21 00:31:20"}
{"level":"info","message":"Получение ожидающих приглашений пользователя","timestamp":"2026-03-21 00:31:20","userId":1}
{"level":"info","message":"Получение заданий для пользователя ID: 1","timestamp":"2026-03-21 00:31:20"}
{"level":"info","message":"Получение ожидающих приглашений пользователя","timestamp":"2026-03-21 00:31:20","userId":1}
{"level":"info","message":"Получение заданий для пользователя ID: 1","timestamp":"2026-03-21 00:31:20"}
{"level":"info","message":"Получение ожидающих приглашений пользователя","timestamp":"2026-03-21 00:31:20","userId":1}
{"level":"info","message":"Получение заданий для пользователя ID: 1","timestamp":"2026-03-21 00:31:20"}
{"level":"info","message":"Получение ожидающих приглашений пользователя","timestamp":"2026-03-21 00:31:20","userId":1}
{"level":"info","message":"Получение заданий для пользователя ID: 1","timestamp":"2026-03-21 00:31:20"}
{"level":"info","message":"Получение ожидающих приглашений пользователя","timestamp":"2026-03-21 00:31:20","userId":1}
{"level":"info","message":"Получение заданий для пользователя ID: 1","timestamp":"2026-03-21 00:31:20"}
{"level":"info","message":"Получение ожидающих приглашений пользователя","timestamp":"2026-03-21 00:31:20","userId":1}
{"level":"info","message":"Получение заданий для пользователя ID: 1","timestamp":"2026-03-21 00:31:20"}
{"level":"info","message":"Получение ожидающих приглашений пользователя","timestamp":"2026-03-21 00:31:20","userId":1}
{"level":"info","message":"Получение заданий для пользователя ID: 1","timestamp":"2026-03-21 00:31:20"}
{"level":"info","message":"Получение ожидающих приглашений пользователя","timestamp":"2026-03-21 00:31:20","userId":1}
{"level":"info","message":"Получение заданий для пользователя ID: 1","timestamp":"2026-03-21 00:31:20"}
{"level":"info","message":"Получение ожидающих приглашений пользователя","timestamp":"2026-03-21 00:31:20","userId":1}
{"level":"info","message":"Получение заданий для пользователя ID: 1","timestamp":"2026-03-21 00:31:20"}
{"level":"info","message":"Получение ожидающих приглашений пользователя","timestamp":"2026-03-21 00:31:20","userId":1}
{"level":"info","message":"Получение заданий для пользователя ID: 1","timestamp":"2026-03-21 00:31:20"}
{"level":"info","message":"Получение ожидающих приглашений пользователя","timestamp":"2026-03-21 00:31:20","userId":1}
{"level":"info","message":"Получение заданий для пользователя ID: 1","timestamp":"2026-03-21 00:31:20"}
{"level":"info","message":"Получение ожидающих приглашений пользователя","timestamp":"2026-03-21 00:31:20","userId":1}
{"level":"info","message":"Получение заданий для пользователя ID: 1","timestamp":"2026-03-21 00:31:20"}
{"level":"info","message":"Получение ожидающих приглашений пользователя","timestamp":"2026-03-21 00:31:20","userId":1}
{"level":"info","message":"Получение заданий для пользователя ID: 1","timestamp":"2026-03-21 00:31:20"}
{"level":"info","message":"Получение ожидающих приглашений пользователя","timestamp":"2026-03-21 00:31:20","userId":1}
{"level":"info","message":"Получение заданий для пользователя ID: 1","timestamp":"2026-03-21 00:31:20"}
{"level":"info","message":"Получение ожидающих приглашений пользователя","timestamp":"2026-03-21 00:31:20","userId":1}
{"level":"info","message":"Получение заданий для пользователя ID: 1","timestamp":"2026-03-21 00:31:20"}
{"level":"info","message":"Получение ожидающих приглашений пользователя","timestamp":"2026-03-21 00:31:20","userId":1}
{"level":"info","message":"Получение заданий для пользователя ID: 1","timestamp":"2026-03-21 00:31:20"}
{"level":"info","message":"Получение ожидающих приглашений пользователя","timestamp":"2026-03-21 00:31:20","userId":1}
{"level":"info","message":"Получение заданий для пользователя ID: 1","timestamp":"2026-03-21 00:31:20"}
{"level":"info","message":"Получение ожидающих приглашений пользователя","timestamp":"2026-03-21 00:31:20","userId":1}
{"level":"info","message":"Получение заданий для пользователя ID: 1","timestamp":"2026-03-21 00:31:20"}
{"level":"info","message":"Получение ожидающих приглашений пользователя","timestamp":"2026-03-21 00:31:20","userId":1}
{"level":"info","message":"Получение заданий для пользователя ID: 1","timestamp":"2026-03-21 00:31:20"}
{"level":"info","message":"Получение ожидающих приглашений пользователя","timestamp":"2026-03-21 00:31:20","userId":1}
{"level":"info","message":"Получение заданий для пользователя ID: 1","timestamp":"2026-03-21 00:31:21"}
{"level":"info","message":"Получение ожидающих приглашений пользователя","timestamp":"2026-03-21 00:31:21","userId":1}
{"level":"info","message":"Получение заданий для пользователя ID: 1","timestamp":"2026-03-21 00:31:21"}
{"level":"info","message":"Получение ожидающих приглашений пользователя","timestamp":"2026-03-21 00:31:21","userId":1}
{"level":"info","message":"Получение заданий для пользователя ID: 1","timestamp":"2026-03-21 00:31:21"}
{"level":"info","message":"Получение ожидающих приглашений пользователя","timestamp":"2026-03-21 00:31:21","userId":1}
{"level":"info","message":"Получение заданий для пользователя ID: 1","timestamp":"2026-03-21 00:31:21"}
{"level":"info","message":"Получение ожидающих приглашений пользователя","timestamp":"2026-03-21 00:31:21","userId":1}
{"level":"info","message":"Получение заданий для пользователя ID: 1","timestamp":"2026-03-21 00:31:21"}
{"level":"info","message":"Получение ожидающих приглашений пользователя","timestamp":"2026-03-21 00:31:21","userId":1}
{"level":"info","message":"Получение заданий для пользователя ID: 1","timestamp":"2026-03-21 00:31:21"}
{"level":"info","message":"Получение ожидающих приглашений пользователя","timestamp":"2026-03-21 00:31:21","userId":1}
{"level":"info","message":"Получение заданий для пользователя ID: 1","timestamp":"2026-03-21 00:31:21"}
{"level":"info","message":"Получение ожидающих приглашений пользователя","timestamp":"2026-03-21 00:31:21","userId":1}
{"level":"info","message":"Получение заданий для пользователя ID: 1","timestamp":"2026-03-21 00:31:21"}
{"level":"info","message":"Получение ожидающих приглашений пользователя","timestamp":"2026-03-21 00:31:21","userId":1}
{"level":"info","message":"Получение заданий для пользователя ID: 1","timestamp":"2026-03-21 00:31:21"}
{"level":"info","message":"Получение ожидающих приглашений пользователя","timestamp":"2026-03-21 00:31:21","userId":1}
{"level":"info","message":"Получение заданий для пользователя ID: 1","timestamp":"2026-03-21 00:31:21"}
{"level":"info","message":"Получение ожидающих приглашений пользователя","timestamp":"2026-03-21 00:31:21","userId":1}
{"level":"info","message":"Получение заданий для пользователя ID: 1","timestamp":"2026-03-21 00:31:21"}
{"level":"info","message":"Получение ожидающих приглашений пользователя","timestamp":"2026-03-21 00:31:21","userId":1}
{"level":"info","message":"Получение заданий для пользователя ID: 1","timestamp":"2026-03-21 00:31:21"}
{"level":"info","message":"Получение ожидающих приглашений пользователя","timestamp":"2026-03-21 00:31:21","userId":1}
{"level":"info","message":"Получение заданий для пользователя ID: 1","timestamp":"2026-03-21 00:31:21"}
{"level":"info","message":"Получение ожидающих приглашений пользователя","timestamp":"2026-03-21 00:31:21","userId":1}
{"level":"info","message":"Получение заданий для пользователя ID: 1","timestamp":"2026-03-21 00:31:21"}
{"level":"info","message":"Получение ожидающих приглашений пользователя","timestamp":"2026-03-21 00:31:21","userId":1}
{"level":"info","message":"Получение заданий для пользователя ID: 1","timestamp":"2026-03-21 00:31:21"}
{"level":"info","message":"Получение ожидающих приглашений пользователя","timestamp":"2026-03-21 00:31:21","userId":1}
{"level":"info","message":"Получение заданий для пользователя ID: 1","timestamp":"2026-03-21 00:31:21"}
{"level":"info","message":"Получение ожидающих приглашений пользователя","timestamp":"2026-03-21 00:31:21","userId":1}
{"level":"info","message":"Получение заданий для пользователя ID: 1","timestamp":"2026-03-21 00:31:21"}
{"level":"info","message":"Получение ожидающих приглашений пользователя","timestamp":"2026-03-21 00:31:21","userId":1}
{"level":"info","message":"Получение заданий для пользователя ID: 1","timestamp":"2026-03-21 00:31:21"}
{"level":"info","message":"Получение ожидающих приглашений пользователя","timestamp":"2026-03-21 00:31:21","userId":1}
{"level":"info","message":"Получение заданий для пользователя ID: 1","timestamp":"2026-03-21 00:31:21"}
{"level":"info","message":"Получение ожидающих приглашений пользователя","timestamp":"2026-03-21 00:31:21","userId":1}
{"level":"info","message":"Получение заданий для пользователя ID: 1","timestamp":"2026-03-21 00:31:21"}
{"level":"info","message":"Получение ожидающих приглашений пользователя","timestamp":"2026-03-21 00:31:21","userId":1}
{"level":"info","message":"Получение заданий для пользователя ID: 1","timestamp":"2026-03-21 00:31:21"}
{"level":"info","message":"Получение ожидающих приглашений пользователя","timestamp":"2026-03-21 00:31:21","userId":1}
{"level":"info","message":"Получение заданий для пользователя ID: 1","timestamp":"2026-03-21 00:31:21"}
{"level":"info","message":"Получение ожидающих приглашений пользователя","timestamp":"2026-03-21 00:31:21","userId":1}
{"level":"info","message":"Получение заданий для пользователя ID: 1","timestamp":"2026-03-21 00:31:21"}
{"level":"info","message":"Получение ожидающих приглашений пользователя","timestamp":"2026-03-21 00:31:21","userId":1}
{"level":"info","message":"Получение заданий для пользователя ID: 1","timestamp":"2026-03-21 00:31:21"}
{"level":"info","message":"Получение ожидающих приглашений пользователя","timestamp":"2026-03-21 00:31:21","userId":1}
{"level":"info","message":"Получение заданий для пользователя ID: 1","timestamp":"2026-03-21 00:31:21"}
{"level":"info","message":"Получение ожидающих приглашений пользователя","timestamp":"2026-03-21 00:31:21","userId":1}
{"level":"info","message":"Получение заданий для пользователя ID: 1","timestamp":"2026-03-21 00:31:21"}
{"level":"info","message":"Получение ожидающих приглашений пользователя","timestamp":"2026-03-21 00:31:21","userId":1}
{"level":"info","message":"Получение заданий для пользователя ID: 1","timestamp":"2026-03-21 00:31:21"}
{"level":"info","message":"Получение ожидающих приглашений пользователя","timestamp":"2026-03-21 00:31:21","userId":1}
{"level":"info","message":"Получение заданий для пользователя ID: 1","timestamp":"2026-03-21 00:31:21"}
{"level":"info","message":"Получение ожидающих приглашений пользователя","timestamp":"2026-03-21 00:31:21","userId":1}
{"level":"info","message":"Получение заданий для пользователя ID: 1","timestamp":"2026-03-21 00:31:22"}
{"level":"info","message":"Получение ожидающих приглашений пользователя","timestamp":"2026-03-21 00:31:22","userId":1}
{"level":"info","message":"Получение заданий для пользователя ID: 1","timestamp":"2026-03-21 00:31:22"}
{"level":"info","message":"Получение ожидающих приглашений пользователя","timestamp":"2026-03-21 00:31:22","userId":1}
{"level":"info","message":"Получение заданий для пользователя ID: 1","timestamp":"2026-03-21 00:31:22"}
{"level":"info","message":"Получение ожидающих приглашений пользователя","timestamp":"2026-03-21 00:31:22","userId":1}
{"level":"info","message":"Получение заданий для пользователя ID: 1","timestamp":"2026-03-21 00:31:22"}
{"level":"info","message":"Получение ожидающих приглашений пользователя","timestamp":"2026-03-21 00:31:22","userId":1}
{"level":"info","message":"Получение заданий для пользователя ID: 1","timestamp":"2026-03-21 00:31:22"}
{"level":"info","message":"Получение ожидающих приглашений пользователя","timestamp":"2026-03-21 00:31:22","userId":1}
{"level":"info","message":"Получение заданий для пользователя ID: 1","timestamp":"2026-03-21 00:31:22"}
{"level":"info","message":"Получение ожидающих приглашений пользователя","timestamp":"2026-03-21 00:31:22","userId":1}
{"level":"info","message":"Получение заданий для пользователя ID: 1","timestamp":"2026-03-21 00:31:22"}
{"level":"info","message":"Получение ожидающих приглашений пользователя","timestamp":"2026-03-21 00:31:22","userId":1}
{"level":"info","message":"Получение заданий для пользователя ID: 1","timestamp":"2026-03-21 00:31:22"}
{"level":"info","message":"Получение ожидающих приглашений пользователя","timestamp":"2026-03-21 00:31:22","userId":1}
{"level":"info","message":"Получение заданий для пользователя ID: 1","timestamp":"2026-03-21 00:31:22"}
{"level":"info","message":"Получение ожидающих приглашений пользователя","timestamp":"2026-03-21 00:31:22","userId":1}
{"level":"info","message":"Получение заданий для пользователя ID: 1","timestamp":"2026-03-21 00:31:22"}
{"level":"info","message":"Получение ожидающих приглашений пользователя","timestamp":"2026-03-21 00:31:22","userId":1}
{"level":"info","message":"Получение заданий для пользователя ID: 1","timestamp":"2026-03-21 00:31:22"}
{"level":"info","message":"Получение ожидающих приглашений пользователя","timestamp":"2026-03-21 00:31:22","userId":1}
{"level":"info","message":"Получение заданий для пользователя ID: 1","timestamp":"2026-03-21 00:31:22"}
{"level":"info","message":"Получение ожидающих приглашений пользователя","timestamp":"2026-03-21 00:31:22","userId":1}
{"level":"info","message":"Получение заданий для пользователя ID: 1","timestamp":"2026-03-21 00:31:22"}
{"level":"info","message":"Получение ожидающих приглашений пользователя","timestamp":"2026-03-21 00:31:22","userId":1}
{"level":"info","message":"Получение заданий для пользователя ID: 1","timestamp":"2026-03-21 00:31:22"}
{"level":"info","message":"Получение ожидающих приглашений пользователя","timestamp":"2026-03-21 00:31:22","userId":1}
{"level":"info","message":"Получение заданий для пользователя ID: 1","timestamp":"2026-03-21 00:31:22"}
{"level":"info","message":"Получение ожидающих приглашений пользователя","timestamp":"2026-03-21 00:31:22","userId":1}
{"level":"info","message":"Получение заданий для пользователя ID: 1","timestamp":"2026-03-21 00:31:22"}
{"level":"info","message":"Получение ожидающих приглашений пользователя","timestamp":"2026-03-21 00:31:22","userId":1}
{"level":"info","message":"Получение заданий для пользователя ID: 1","timestamp":"2026-03-21 00:31:22"}
{"level":"info","message":"Получение ожидающих приглашений пользователя","timestamp":"2026-03-21 00:31:22","userId":1}
{"level":"info","message":"Получение заданий для пользователя ID: 1","timestamp":"2026-03-21 00:31:22"}
{"level":"info","message":"Получение ожидающих приглашений пользователя","timestamp":"2026-03-21 00:31:22","userId":1}
{"level":"info","message":"Получение заданий для пользователя ID: 1","timestamp":"2026-03-21 00:31:22"}
{"level":"info","message":"Получение ожидающих приглашений пользователя","timestamp":"2026-03-21 00:31:22","userId":1}
{"level":"info","message":"Получение заданий для пользователя ID: 1","timestamp":"2026-03-21 00:31:22"}
{"level":"info","message":"Получение ожидающих приглашений пользователя","timestamp":"2026-03-21 00:31:22","userId":1}
{"level":"info","message":"Получение заданий для пользователя ID: 1","timestamp":"2026-03-21 00:31:22"}
{"level":"info","message":"Получение ожидающих приглашений пользователя","timestamp":"2026-03-21 00:31:22","userId":1}
{"level":"info","message":"Получение заданий для пользователя ID: 1","timestamp":"2026-03-21 00:31:22"}
{"level":"info","message":"Получение ожидающих приглашений пользователя","timestamp":"2026-03-21 00:31:22","userId":1}
{"level":"info","message":"Получение заданий для пользователя ID: 1","timestamp":"2026-03-21 00:31:22"}
{"level":"info","message":"Получение ожидающих приглашений пользователя","timestamp":"2026-03-21 00:31:22","userId":1}
{"level":"info","message":"Получение заданий для пользователя ID: 1","timestamp":"2026-03-21 00:31:22"}
{"level":"info","message":"Получение ожидающих приглашений пользователя","timestamp":"2026-03-21 00:31:22","userId":1}
{"level":"info","message":"Получение заданий для пользователя ID: 1","timestamp":"2026-03-21 00:31:22"}
{"level":"info","message":"Получение ожидающих приглашений пользователя","timestamp":"2026-03-21 00:31:22","userId":1}
{"level":"info","message":"Получение заданий для пользователя ID: 1","timestamp":"2026-03-21 00:31:22"}
{"level":"info","message":"Получение ожидающих приглашений пользователя","timestamp":"2026-03-21 00:31:22","userId":1}
{"level":"info","message":"Получение заданий для пользователя ID: 1","timestamp":"2026-03-21 00:31:22"}
{"level":"info","message":"Получение ожидающих приглашений пользователя","timestamp":"2026-03-21 00:31:22","userId":1}
{"level":"info","message":"Получение заданий для пользователя ID: 1","timestamp":"2026-03-21 00:31:22"}
{"level":"info","message":"Получение ожидающих приглашений пользователя","timestamp":"2026-03-21 00:31:22","userId":1}
{"level":"info","message":"Получение ожидающих приглашений пользователя","timestamp":"2026-03-21 00:31:22","userId":1}
{"level":"info","message":"Получение заданий для пользователя ID: 1","timestamp":"2026-03-21 00:31:22"}
{"level":"info","message":"Получение ожидающих приглашений пользователя","timestamp":"2026-03-21 00:31:22","userId":1}
{"level":"info","message":"Получение ожидающих приглашений пользователя","timestamp":"2026-03-21 00:31:22","userId":1}
{"level":"info","message":"Получение заданий для пользователя ID: 1","timestamp":"2026-03-21 00:31:22"}
{"level":"info","message":"Получение заданий для пользователя ID: 1","timestamp":"2026-03-21 00:31:22"}
{"level":"info","message":"Получение заданий для пользователя ID: 1","timestamp":"2026-03-21 00:31:23"}
{"level":"info","message":"Получение ожидающих приглашений пользователя","timestamp":"2026-03-21 00:31:23","userId":1}
{"level":"info","message":"Получение заданий для пользователя ID: 1","timestamp":"2026-03-21 00:31:23"}
{"level":"info","message":"Получение ожидающих приглашений пользователя","timestamp":"2026-03-21 00:31:23","userId":1}
{"level":"info","message":"Получение заданий для пользователя ID: 1","timestamp":"2026-03-21 00:31:23"}
{"level":"info","message":"Получение ожидающих приглашений пользователя","timestamp":"2026-03-21 00:31:23","userId":1}
{"level":"info","message":"Получение заданий для пользователя ID: 1","timestamp":"2026-03-21 00:31:23"}
{"level":"info","message":"Получение ожидающих приглашений пользователя","timestamp":"2026-03-21 00:31:23","userId":1}
{"level":"info","message":"Получение заданий для пользователя ID: 1","timestamp":"2026-03-21 00:31:23"}
{"level":"info","message":"Получение ожидающих приглашений пользователя","timestamp":"2026-03-21 00:31:23","userId":1}
{"level":"info","message":"Получение заданий для пользователя ID: 1","timestamp":"2026-03-21 00:31:23"}
{"level":"info","message":"Получение ожидающих приглашений пользователя","timestamp":"2026-03-21 00:31:23","userId":1}
{"level":"info","message":"Получение заданий для пользователя ID: 1","timestamp":"2026-03-21 00:31:23"}
{"level":"info","message":"Получение ожидающих приглашений пользователя","timestamp":"2026-03-21 00:31:23","userId":1}
{"level":"info","message":"Получение заданий для пользователя ID: 1","timestamp":"2026-03-21 00:31:23"}
{"level":"info","message":"Получение ожидающих приглашений пользователя","timestamp":"2026-03-21 00:31:23","userId":1}
{"level":"info","message":"Получение заданий для пользователя ID: 1","timestamp":"2026-03-21 00:31:23"}
{"level":"info","message":"Получение ожидающих приглашений пользователя","timestamp":"2026-03-21 00:31:23","userId":1}
{"level":"info","message":"Получение заданий для пользователя ID: 1","timestamp":"2026-03-21 00:31:23"}
{"level":"info","message":"Получение ожидающих приглашений пользователя","timestamp":"2026-03-21 00:31:23","userId":1}
{"level":"info","message":"Получение заданий для пользователя ID: 1","timestamp":"2026-03-21 00:31:23"}
{"level":"info","message":"Получение ожидающих приглашений пользователя","timestamp":"2026-03-21 00:31:23","userId":1}
{"level":"info","message":"Получение заданий для пользователя ID: 1","timestamp":"2026-03-21 00:31:23"}
{"level":"info","message":"Получение ожидающих приглашений пользователя","timestamp":"2026-03-21 00:31:23","userId":1}
{"level":"info","message":"Получение заданий для пользователя ID: 1","timestamp":"2026-03-21 00:31:23"}
{"level":"info","message":"Получение ожидающих приглашений пользователя","timestamp":"2026-03-21 00:31:23","userId":1}
{"level":"info","message":"Получение заданий для пользователя ID: 1","timestamp":"2026-03-21 00:31:23"}
{"level":"info","message":"Получение ожидающих приглашений пользователя","timestamp":"2026-03-21 00:31:23","userId":1}
{"level":"info","message":"Получение заданий для пользователя ID: 1","timestamp":"2026-03-21 00:31:23"}
{"level":"info","message":"Получение ожидающих приглашений пользователя","timestamp":"2026-03-21 00:31:23","userId":1}
{"level":"info","message":"Получение заданий для пользователя ID: 1","timestamp":"2026-03-21 00:31:23"}
{"level":"info","message":"Получение ожидающих приглашений пользователя","timestamp":"2026-03-21 00:31:23","userId":1}
{"level":"info","message":"Получение заданий для пользователя ID: 1","timestamp":"2026-03-21 00:31:23"}
{"level":"info","message":"Получение ожидающих приглашений пользователя","timestamp":"2026-03-21 00:31:23","userId":1}
{"level":"info","message":"Получение заданий для пользователя ID: 1","timestamp":"2026-03-21 00:31:23"}
{"level":"info","message":"Получение ожидающих приглашений пользователя","timestamp":"2026-03-21 00:31:23","userId":1}
{"level":"info","message":"Получение заданий для пользователя ID: 1","timestamp":"2026-03-21 00:31:23"}
{"level":"info","message":"Получение ожидающих приглашений пользователя","timestamp":"2026-03-21 00:31:23","userId":1}
{"level":"info","message":"Получение заданий для пользователя ID: 1","timestamp":"2026-03-21 00:31:23"}
{"level":"info","message":"Получение ожидающих приглашений пользователя","timestamp":"2026-03-21 00:31:23","userId":1}
{"level":"info","message":"Получение заданий для пользователя ID: 1","timestamp":"2026-03-21 00:31:23"}
{"level":"info","message":"Получение ожидающих приглашений пользователя","timestamp":"2026-03-21 00:31:23","userId":1}
{"level":"info","message":"Получение заданий для пользователя ID: 1","timestamp":"2026-03-21 00:31:23"}
{"level":"info","message":"Получение ожидающих приглашений пользователя","timestamp":"2026-03-21 00:31:23","userId":1}
{"level":"info","message":"Получение заданий для пользователя ID: 1","timestamp":"2026-03-21 00:31:23"}
{"level":"info","message":"Получение ожидающих приглашений пользователя","timestamp":"2026-03-21 00:31:23","userId":1}
{"level":"info","message":"Получение заданий для пользователя ID: 1","timestamp":"2026-03-21 00:31:23"}
{"level":"info","message":"Получение ожидающих приглашений пользователя","timestamp":"2026-03-21 00:31:23","userId":1}
{"level":"info","message":"Получение заданий для пользователя ID: 1","timestamp":"2026-03-21 00:31:23"}
{"level":"info","message":"Получение ожидающих приглашений пользователя","timestamp":"2026-03-21 00:31:23","userId":1}
{"level":"info","message":"Получение заданий для пользователя ID: 1","timestamp":"2026-03-21 00:31:23"}
{"level":"info","message":"Получение ожидающих приглашений пользователя","timestamp":"2026-03-21 00:31:23","userId":1}
{"level":"info","message":"Получение заданий для пользователя ID: 1","timestamp":"2026-03-21 00:31:23"}
{"level":"info","message":"Получение ожидающих приглашений пользователя","timestamp":"2026-03-21 00:31:24","userId":1}
{"level":"info","message":"Получение заданий для пользователя ID: 1","timestamp":"2026-03-21 00:31:24"}
{"level":"info","message":"Получение ожидающих приглашений пользователя","timestamp":"2026-03-21 00:31:24","userId":1}
{"level":"info","message":"Получение заданий для пользователя ID: 1","timestamp":"2026-03-21 00:31:24"}
{"level":"info","message":"Получение ожидающих приглашений пользователя","timestamp":"2026-03-21 00:31:24","userId":1}
{"level":"info","message":"Получение заданий для пользователя ID: 1","timestamp":"2026-03-21 00:31:24"}
{"level":"info","message":"Получение ожидающих приглашений пользователя","timestamp":"2026-03-21 00:31:24","userId":1}
{"level":"info","message":"Получение заданий для пользователя ID: 1","timestamp":"2026-03-21 00:31:24"}
{"level":"info","message":"Получение ожидающих приглашений пользователя","timestamp":"2026-03-21 00:31:24","userId":1}
{"level":"info","message":"Получение заданий для пользователя ID: 1","timestamp":"2026-03-21 00:31:24"}
{"level":"info","message":"Получение ожидающих приглашений пользователя","timestamp":"2026-03-21 00:31:24","userId":1}
{"level":"info","message":"Получение заданий для пользователя ID: 1","timestamp":"2026-03-21 00:31:24"}
{"level":"info","message":"Получение ожидающих приглашений пользователя","timestamp":"2026-03-21 00:31:24","userId":1}
{"level":"info","message":"Получение заданий для пользователя ID: 1","timestamp":"2026-03-21 00:31:24"}
{"level":"info","message":"Получение ожидающих приглашений пользователя","timestamp":"2026-03-21 00:31:24","userId":1}
{"level":"info","message":"Получение заданий для пользователя ID: 1","timestamp":"2026-03-21 00:31:24"}
{"level":"info","message":"Получение ожидающих приглашений пользователя","timestamp":"2026-03-21 00:31:24","userId":1}
{"level":"info","message":"Получение заданий для пользователя ID: 1","timestamp":"2026-03-21 00:31:24"}
{"level":"info","message":"Получение ожидающих приглашений пользователя","timestamp":"2026-03-21 00:31:24","userId":1}
{"level":"info","message":"Получение заданий для пользователя ID: 1","timestamp":"2026-03-21 00:31:24"}
{"level":"info","message":"Получение ожидающих приглашений пользователя","timestamp":"2026-03-21 00:31:24","userId":1}
{"level":"info","message":"Получение заданий для пользователя ID: 1","timestamp":"2026-03-21 00:31:24"}
{"level":"info","message":"Получение ожидающих приглашений пользователя","timestamp":"2026-03-21 00:31:24","userId":1}
{"level":"info","message":"Получение заданий для пользователя ID: 1","timestamp":"2026-03-21 00:31:24"}
{"level":"info","message":"Получение ожидающих приглашений пользователя","timestamp":"2026-03-21 00:31:24","userId":1}
{"level":"info","message":"Получение заданий для пользователя ID: 1","timestamp":"2026-03-21 00:31:24"}
{"level":"info","message":"Получение ожидающих приглашений пользователя","timestamp":"2026-03-21 00:31:24","userId":1}
{"level":"info","message":"Получение заданий для пользователя ID: 1","timestamp":"2026-03-21 00:31:24"}
{"level":"info","message":"Получение ожидающих приглашений пользователя","timestamp":"2026-03-21 00:31:24","userId":1}
{"level":"info","message":"Получение заданий для пользователя ID: 1","timestamp":"2026-03-21 00:31:24"}
{"level":"info","message":"Получение ожидающих приглашений пользователя","timestamp":"2026-03-21 00:31:24","userId":1}
{"level":"info","message":"Получение заданий для пользователя ID: 1","timestamp":"2026-03-21 00:31:24"}
{"level":"info","message":"Получение ожидающих приглашений пользователя","timestamp":"2026-03-21 00:31:24","userId":1}
{"level":"info","message":"Получение заданий для пользователя ID: 1","timestamp":"2026-03-21 00:31:24"}
{"level":"info","message":"Получение ожидающих приглашений пользователя","timestamp":"2026-03-21 00:31:24","userId":1}
{"level":"info","message":"Получение заданий для пользователя ID: 1","timestamp":"2026-03-21 00:31:24"}
{"level":"info","message":"Получение ожидающих приглашений пользователя","timestamp":"2026-03-21 00:31:24","userId":1}
{"level":"info","message":"Получение заданий для пользователя ID: 1","timestamp":"2026-03-21 00:31:24"}
{"level":"info","message":"Получение ожидающих приглашений пользователя","timestamp":"2026-03-21 00:31:24","userId":1}
{"level":"info","message":"Получение заданий для пользователя ID: 1","timestamp":"2026-03-21 00:31:24"}
{"level":"info","message":"Получение ожидающих приглашений пользователя","timestamp":"2026-03-21 00:31:24","userId":1}
{"level":"info","message":"Получение заданий для пользователя ID: 1","timestamp":"2026-03-21 00:31:25"}
{"level":"info","message":"Получение ожидающих приглашений пользователя","timestamp":"2026-03-21 00:31:25","userId":1}
{"level":"info","message":"Получение заданий для пользователя ID: 1","timestamp":"2026-03-21 00:31:25"}
{"level":"info","message":"Получение ожидающих приглашений пользователя","timestamp":"2026-03-21 00:31:25","userId":1}
{"level":"info","message":"Получение заданий для пользователя ID: 1","timestamp":"2026-03-21 00:31:25"}
{"level":"info","message":"Получение ожидающих приглашений пользователя","timestamp":"2026-03-21 00:31:25","userId":1}
{"assignmentId":32,"level":"info","message":"Получение состава команды проекта","timestamp":"2026-03-21 00:31:25"}
{"level":"info","message":"Получение заданий для пользователя ID: 1","timestamp":"2026-03-21 00:31:31"}
{"level":"info","message":"Получение ожидающих приглашений пользователя","timestamp":"2026-03-21 00:31:31","userId":1}
{"level":"info","message":"Получение ожидающих приглашений пользователя","timestamp":"2026-03-21 00:31:31","userId":1}
{"level":"info","message":"Получение заданий для пользователя ID: 1","timestamp":"2026-03-21 00:31:31"}
{"level":"info","message":"Получение ожидающих приглашений пользователя","timestamp":"2026-03-21 00:31:31","userId":1}
{"level":"info","message":"Получение заданий для пользователя ID: 1","timestamp":"2026-03-21 00:31:31"}
{"assignmentId":32,"level":"info","message":"Получение состава команды проекта","timestamp":"2026-03-21 00:31:31"}
{"assignmentId":32,"level":"info","message":"Получение состава команды проекта","timestamp":"2026-03-21 00:31:31"}
{"level":"info","message":"Получение заданий для пользователя ID: 1","timestamp":"2026-03-21 00:31:31"}
{"level":"info","message":"Получение ожидающих приглашений пользователя","timestamp":"2026-03-21 00:31:31","userId":1}
{"assignmentId":32,"level":"info","message":"Получение состава команды проекта","timestamp":"2026-03-21 00:31:31"}
{"level":"info","message":"Получение ожидающих приглашений пользователя","timestamp":"2026-03-21 00:31:31","userId":1}
{"level":"info","message":"Получение заданий для пользователя ID: 1","timestamp":"2026-03-21 00:31:31"}
{"assignmentId":32,"level":"info","message":"Получение состава команды проекта","timestamp":"2026-03-21 00:31:31"}
{"level":"info","message":"Получение заданий для пользователя ID: 1","timestamp":"2026-03-21 00:31:55"}
{"level":"info","message":"Получение ожидающих приглашений пользователя","timestamp":"2026-03-21 00:31:55","userId":1}
{"level":"info","message":"Получение заданий для пользователя ID: 1","timestamp":"2026-03-21 00:31:55"}
{"level":"info","message":"Получение ожидающих приглашений пользователя","timestamp":"2026-03-21 00:31:55","userId":1}
{"level":"info","message":"Получение заданий для пользователя ID: 1","timestamp":"2026-03-21 00:31:55"}
{"level":"info","message":"Получение ожидающих приглашений пользователя","timestamp":"2026-03-21 00:31:55","userId":1}
{"level":"info","message":"Получение заданий для пользователя ID: 1","timestamp":"2026-03-21 00:31:57"}
{"level":"info","message":"Получение заданий для пользователя ID: 1","timestamp":"2026-03-21 00:31:57"}
{"level":"info","message":"Получение ожидающих приглашений пользователя","timestamp":"2026-03-21 00:31:57","userId":1}
{"level":"info","message":"Получение заданий для пользователя ID: 1","timestamp":"2026-03-21 00:31:57"}
{"level":"info","message":"Получение ожидающих приглашений пользователя","timestamp":"2026-03-21 00:31:57","userId":1}
{"level":"info","message":"Получение ожидающих приглашений пользователя","timestamp":"2026-03-21 00:31:57","userId":1}
{"level":"info","message":"Получение ожидающих приглашений пользователя","timestamp":"2026-03-21 00:31:57","userId":1}
{"level":"info","message":"Получение заданий для пользователя ID: 1","timestamp":"2026-03-21 00:31:57"}
{"assignmentId":32,"level":"info","message":"Получение состава команды проекта","timestamp":"2026-03-21 00:31:57"}
{"assignmentId":32,"level":"info","message":"Получение состава команды проекта","timestamp":"2026-03-21 00:31:57"}
{"level":"info","message":"Получение заданий для пользователя ID: 1","timestamp":"2026-03-21 00:31:57"}
{"level":"info","message":"Получение ожидающих приглашений пользователя","timestamp":"2026-03-21 00:31:57","userId":1}
{"assignmentId":32,"level":"info","message":"Получение состава команды проекта","timestamp":"2026-03-21 00:31:57"}
{"assignmentId":32,"level":"info","message":"Получение состава команды проекта","timestamp":"2026-03-21 00:31:57"}
{"assignmentId":32,"level":"info","message":"Получение состава команды проекта","timestamp":"2026-03-21 00:31:57"}
{"level":"info","message":"Получение заданий для пользователя ID: 1","timestamp":"2026-03-21 00:32:02"}
{"level":"info","message":"Получение ожидающих приглашений пользователя","timestamp":"2026-03-21 00:32:02","userId":1}
{"level":"info","message":"Получение заданий для пользователя ID: 1","timestamp":"2026-03-21 00:32:02"}
{"level":"info","message":"Получение ожидающих приглашений пользователя","timestamp":"2026-03-21 00:32:02","userId":1}
{"level":"info","message":"Получение заданий для пользователя ID: 1","timestamp":"2026-03-21 00:32:02"}
{"level":"info","message":"Получение ожидающих приглашений пользователя","timestamp":"2026-03-21 00:32:02","userId":1}
{"level":"info","message":"Получение ожидающих приглашений пользователя","timestamp":"2026-03-21 00:32:28","userId":1}
{"level":"info","message":"Получение заданий для пользователя ID: 1","timestamp":"2026-03-21 00:32:28"}
{"level":"info","message":"Получение ожидающих приглашений пользователя","timestamp":"2026-03-21 00:32:28","userId":1}
{"level":"info","message":"Получение заданий для пользователя ID: 1","timestamp":"2026-03-21 00:32:28"}
{"level":"info","message":"Получение ожидающих приглашений пользователя","timestamp":"2026-03-21 00:32:28","userId":1}
{"level":"info","message":"Получение заданий для пользователя ID: 1","timestamp":"2026-03-21 00:32:28"}
{"level":"info","message":"Получение заданий для пользователя ID: 1","timestamp":"2026-03-21 00:32:33"}
{"level":"info","message":"Получение ожидающих приглашений пользователя","timestamp":"2026-03-21 00:32:33","userId":1}
{"level":"info","message":"Получение заданий для пользователя ID: 1","timestamp":"2026-03-21 00:32:33"}
{"level":"info","message":"Получение ожидающих приглашений пользователя","timestamp":"2026-03-21 00:32:33","userId":1}
{"level":"info","message":"Получение заданий для пользователя ID: 1","timestamp":"2026-03-21 00:32:33"}
{"level":"info","message":"Получение ожидающих приглашений пользователя","timestamp":"2026-03-21 00:32:33","userId":1}
{"level":"info","message":"Получение ожидающих приглашений пользователя","timestamp":"2026-03-21 00:32:59","userId":1}
{"level":"info","message":"Получение заданий для пользователя ID: 1","timestamp":"2026-03-21 00:32:59"}
{"level":"info","message":"Получение заданий для пользователя ID: 1","timestamp":"2026-03-21 00:32:59"}
{"level":"info","message":"Получение ожидающих приглашений пользователя","timestamp":"2026-03-21 00:32:59","userId":1}
{"level":"info","message":"Получение заданий для пользователя ID: 1","timestamp":"2026-03-21 00:32:59"}
{"level":"info","message":"Получение ожидающих приглашений пользователя","timestamp":"2026-03-21 00:32:59","userId":1}
{"level":"info","message":"Получение заданий для пользователя ID: 1","timestamp":"2026-03-21 00:33:04"}
{"level":"info","message":"Получение ожидающих приглашений пользователя","timestamp":"2026-03-21 00:33:04","userId":1}
{"level":"info","message":"Получение заданий для пользователя ID: 1","timestamp":"2026-03-21 00:33:04"}
{"level":"info","message":"Получение ожидающих приглашений пользователя","timestamp":"2026-03-21 00:33:04","userId":1}
{"level":"info","message":"Получение заданий для пользователя ID: 1","timestamp":"2026-03-21 00:33:04"}
{"level":"info","message":"Получение ожидающих приглашений пользователя","timestamp":"2026-03-21 00:33:04","userId":1}
{"level":"info","message":"Получение заданий для пользователя ID: 1","timestamp":"2026-03-21 00:33:30"}
{"level":"info","message":"Получение ожидающих приглашений пользователя","timestamp":"2026-03-21 00:33:30","userId":1}
{"level":"info","message":"Получение заданий для пользователя ID: 1","timestamp":"2026-03-21 00:33:30"}
{"level":"info","message":"Получение ожидающих приглашений пользователя","timestamp":"2026-03-21 00:33:30","userId":1}
{"level":"info","message":"Получение заданий для пользователя ID: 1","timestamp":"2026-03-21 00:33:30"}
{"level":"info","message":"Получение ожидающих приглашений пользователя","timestamp":"2026-03-21 00:33:30","userId":1}
{"level":"info","message":"Получение заданий для пользователя ID: 1","timestamp":"2026-03-21 00:33:35"}
{"level":"info","message":"Получение ожидающих приглашений пользователя","timestamp":"2026-03-21 00:33:35","userId":1}
{"level":"info","message":"Получение заданий для пользователя ID: 1","timestamp":"2026-03-21 00:33:35"}
{"level":"info","message":"Получение ожидающих приглашений пользователя","timestamp":"2026-03-21 00:33:35","userId":1}
{"level":"info","message":"Получение заданий для пользователя ID: 1","timestamp":"2026-03-21 00:33:35"}
{"level":"info","message":"Получение ожидающих приглашений пользователя","timestamp":"2026-03-21 00:33:35","userId":1}
{"level":"info","message":"Получение заданий для пользователя ID: 1","timestamp":"2026-03-21 00:34:01"}
{"level":"info","message":"Получение ожидающих приглашений пользователя","timestamp":"2026-03-21 00:34:01","userId":1}
{"level":"info","message":"Получение ожидающих приглашений пользователя","timestamp":"2026-03-21 00:34:01","userId":1}
{"level":"info","message":"Получение заданий для пользователя ID: 1","timestamp":"2026-03-21 00:34:01"}
{"level":"info","message":"Получение заданий для пользователя ID: 1","timestamp":"2026-03-21 00:34:01"}
{"level":"info","message":"Получение ожидающих приглашений пользователя","timestamp":"2026-03-21 00:34:01","userId":1}
{"level":"info","message":"Получение заданий для пользователя ID: 1","timestamp":"2026-03-21 00:34:06"}
{"level":"info","message":"Получение ожидающих приглашений пользователя","timestamp":"2026-03-21 00:34:06","userId":1}
{"level":"info","message":"Получение заданий для пользователя ID: 1","timestamp":"2026-03-21 00:34:06"}
{"level":"info","message":"Получение ожидающих приглашений пользователя","timestamp":"2026-03-21 00:34:06","userId":1}
{"level":"info","message":"Получение заданий для пользователя ID: 1","timestamp":"2026-03-21 00:34:06"}
{"level":"info","message":"Получение ожидающих приглашений пользователя","timestamp":"2026-03-21 00:34:06","userId":1}
{"level":"info","message":"Получение заданий для пользователя ID: 1","timestamp":"2026-03-21 00:34:32"}
{"level":"info","message":"Получение ожидающих приглашений пользователя","timestamp":"2026-03-21 00:34:32","userId":1}
{"level":"info","message":"Получение заданий для пользователя ID: 1","timestamp":"2026-03-21 00:34:32"}
{"level":"info","message":"Получение ожидающих приглашений пользователя","timestamp":"2026-03-21 00:34:32","userId":1}
{"level":"info","message":"Получение заданий для пользователя ID: 1","timestamp":"2026-03-21 00:34:32"}
{"level":"info","message":"Получение ожидающих приглашений пользователя","timestamp":"2026-03-21 00:34:32","userId":1}
{"level":"info","message":"Получение заданий для пользователя ID: 1","timestamp":"2026-03-21 00:34:37"}
{"level":"info","message":"Получение ожидающих приглашений пользователя","timestamp":"2026-03-21 00:34:37","userId":1}
{"level":"info","message":"Получение заданий для пользователя ID: 1","timestamp":"2026-03-21 00:34:37"}
{"level":"info","message":"Получение ожидающих приглашений пользователя","timestamp":"2026-03-21 00:34:37","userId":1}
{"level":"info","message":"Получение заданий для пользователя ID: 1","timestamp":"2026-03-21 00:34:37"}
{"level":"info","message":"Получение ожидающих приглашений пользователя","timestamp":"2026-03-21 00:34:37","userId":1}
{"level":"info","message":"Получение заданий для пользователя ID: 1","timestamp":"2026-03-21 00:35:03"}
{"level":"info","message":"Получение ожидающих приглашений пользователя","timestamp":"2026-03-21 00:35:03","userId":1}
{"level":"info","message":"Получение ожидающих приглашений пользователя","timestamp":"2026-03-21 00:35:03","userId":1}
{"level":"info","message":"Получение заданий для пользователя ID: 1","timestamp":"2026-03-21 00:35:03"}
{"level":"info","message":"Получение заданий для пользователя ID: 1","timestamp":"2026-03-21 00:35:03"}
{"level":"info","message":"Получение ожидающих приглашений пользователя","timestamp":"2026-03-21 00:35:03","userId":1}
{"level":"info","message":"Получение заданий для пользователя ID: 1","timestamp":"2026-03-21 00:35:08"}
{"level":"info","message":"Получение ожидающих приглашений пользователя","timestamp":"2026-03-21 00:35:08","userId":1}
{"level":"info","message":"Получение заданий для пользователя ID: 1","timestamp":"2026-03-21 00:35:08"}
{"level":"info","message":"Получение ожидающих приглашений пользователя","timestamp":"2026-03-21 00:35:08","userId":1}
{"level":"info","message":"Получение заданий для пользователя ID: 1","timestamp":"2026-03-21 00:35:08"}
{"level":"info","message":"Получение ожидающих приглашений пользователя","timestamp":"2026-03-21 00:35:08","userId":1}
{"level":"info","message":"Получение ожидающих приглашений пользователя","timestamp":"2026-03-21 00:35:33","userId":1}
{"level":"info","message":"Получение заданий для пользователя ID: 1","timestamp":"2026-03-21 00:35:33"}
{"level":"info","message":"Получение ожидающих приглашений пользователя","timestamp":"2026-03-21 00:35:33","userId":1}
{"level":"info","message":"Получение заданий для пользователя ID: 1","timestamp":"2026-03-21 00:35:33"}
{"level":"info","message":"Получение заданий для пользователя ID: 1","timestamp":"2026-03-21 00:35:33"}
{"level":"info","message":"Получение ожидающих приглашений пользователя","timestamp":"2026-03-21 00:35:33","userId":1}
{"level":"info","message":"Получение заданий для пользователя ID: 1","timestamp":"2026-03-21 00:35:34"}
{"level":"info","message":"Получение ожидающих приглашений пользователя","timestamp":"2026-03-21 00:35:34","userId":1}
{"level":"info","message":"Получение ожидающих приглашений пользователя","timestamp":"2026-03-21 00:35:34","userId":1}
{"level":"info","message":"Получение ожидающих приглашений пользователя","timestamp":"2026-03-21 00:35:34","userId":1}
{"level":"info","message":"Получение заданий для пользователя ID: 1","timestamp":"2026-03-21 00:35:34"}
{"level":"info","message":"Получение ожидающих приглашений пользователя","timestamp":"2026-03-21 00:35:34","userId":1}
{"level":"info","message":"Получение заданий для пользователя ID: 1","timestamp":"2026-03-21 00:35:34"}
{"level":"info","message":"Получение заданий для пользователя ID: 1","timestamp":"2026-03-21 00:35:34"}
{"assignmentId":32,"level":"info","message":"Получение состава команды проекта","timestamp":"2026-03-21 00:35:34"}
{"assignmentId":32,"level":"info","message":"Получение состава команды проекта","timestamp":"2026-03-21 00:35:34"}
{"level":"info","message":"Получение заданий для пользователя ID: 1","timestamp":"2026-03-21 00:35:34"}
{"level":"info","message":"Получение ожидающих приглашений пользователя","timestamp":"2026-03-21 00:35:34","userId":1}
{"assignmentId":32,"level":"info","message":"Получение состава команды проекта","timestamp":"2026-03-21 00:35:34"}
{"assignmentId":32,"level":"info","message":"Получение состава команды проекта","timestamp":"2026-03-21 00:35:34"}
{"assignmentId":32,"level":"info","message":"Получение состава команды проекта","timestamp":"2026-03-21 00:35:34"}
{"level":"info","message":"Получение заданий для пользователя ID: 1","timestamp":"2026-03-21 00:35:39"}
{"level":"info","message":"Получение ожидающих приглашений пользователя","timestamp":"2026-03-21 00:35:39","userId":1}
{"level":"info","message":"Получение заданий для пользователя ID: 1","timestamp":"2026-03-21 00:35:39"}
{"level":"info","message":"Получение ожидающих приглашений пользователя","timestamp":"2026-03-21 00:35:39","userId":1}
{"level":"info","message":"Получение заданий для пользователя ID: 1","timestamp":"2026-03-21 00:35:39"}
{"level":"info","message":"Получение ожидающих приглашений пользователя","timestamp":"2026-03-21 00:35:39","userId":1}
{"level":"info","message":"Получение ожидающих приглашений пользователя","timestamp":"2026-03-21 00:35:59","userId":2}
{"level":"info","message":"Получение заданий для пользователя ID: 2","timestamp":"2026-03-21 00:35:59"}
{"level":"info","message":"Получение ожидающих приглашений пользователя","timestamp":"2026-03-21 00:35:59","userId":2}
{"level":"info","message":"Получение ожидающих приглашений пользователя","timestamp":"2026-03-21 00:35:59","userId":2}
{"level":"info","message":"Получение ожидающих приглашений пользователя","timestamp":"2026-03-21 00:35:59","userId":2}
{"level":"info","message":"Получение заданий для пользователя ID: 2","timestamp":"2026-03-21 00:35:59"}
{"level":"info","message":"Получение ожидающих приглашений пользователя","timestamp":"2026-03-21 00:35:59","userId":2}
{"level":"info","message":"Получение заданий для пользователя ID: 2","timestamp":"2026-03-21 00:35:59"}
{"level":"info","message":"Получение заданий для пользователя ID: 2","timestamp":"2026-03-21 00:35:59"}
{"level":"info","message":"Получение заданий для пользователя ID: 2","timestamp":"2026-03-21 00:35:59"}
{"assignmentId":26,"level":"info","message":"Получение состава команды проекта","timestamp":"2026-03-21 00:35:59"}
{"assignmentId":26,"level":"info","message":"Получение состава команды проекта","timestamp":"2026-03-21 00:35:59"}
{"assignmentId":26,"level":"info","message":"Получение состава команды проекта","timestamp":"2026-03-21 00:35:59"}
{"assignmentId":26,"level":"info","message":"Получение состава команды проекта","timestamp":"2026-03-21 00:35:59"}
{"assignmentId":26,"level":"info","message":"Получение состава команды проекта","timestamp":"2026-03-21 00:35:59"}
{"level":"info","message":"Получение заданий для пользователя ID: 2","timestamp":"2026-03-21 00:36:06"}
{"level":"info","message":"Получение ожидающих приглашений пользователя","timestamp":"2026-03-21 00:36:06","userId":2}
{"level":"info","message":"Получение ожидающих приглашений пользователя","timestamp":"2026-03-21 00:36:06","userId":2}
{"level":"info","message":"Получение заданий для пользователя ID: 2","timestamp":"2026-03-21 00:36:06"}
{"level":"info","message":"Получение ожидающих приглашений пользователя","timestamp":"2026-03-21 00:36:06","userId":2}
{"level":"info","message":"Получение заданий для пользователя ID: 2","timestamp":"2026-03-21 00:36:06"}
{"assignmentId":26,"level":"info","message":"Получение состава команды проекта","timestamp":"2026-03-21 00:36:06"}
{"assignmentId":26,"level":"info","message":"Получение состава команды проекта","timestamp":"2026-03-21 00:36:06"}
{"level":"info","message":"Получение заданий для пользователя ID: 2","timestamp":"2026-03-21 00:36:06"}
{"level":"info","message":"Получение ожидающих приглашений пользователя","timestamp":"2026-03-21 00:36:06","userId":2}
{"assignmentId":26,"level":"info","message":"Получение состава команды проекта","timestamp":"2026-03-21 00:36:06"}
{"level":"info","message":"Получение ожидающих приглашений пользователя","timestamp":"2026-03-21 00:36:06","userId":2}
{"level":"info","message":"Получение заданий для пользователя ID: 2","timestamp":"2026-03-21 00:36:06"}
{"assignmentId":26,"level":"info","message":"Получение состава команды проекта","timestamp":"2026-03-21 00:36:06"}
{"assignmentId":26,"level":"info","message":"Получение состава команды проекта","timestamp":"2026-03-21 00:36:06"}
{"level":"info","message":"Получение заданий для пользователя ID: 2","timestamp":"2026-03-21 00:36:10"}
{"level":"info","message":"Получение ожидающих приглашений пользователя","timestamp":"2026-03-21 00:36:10","userId":2}
{"level":"info","message":"Получение заданий для пользователя ID: 2","timestamp":"2026-03-21 00:36:10"}
{"level":"info","message":"Получение ожидающих приглашений пользователя","timestamp":"2026-03-21 00:36:10","userId":2}
{"level":"info","message":"Получение заданий для пользователя ID: 2","timestamp":"2026-03-21 00:36:10"}
{"level":"info","message":"Получение ожидающих приглашений пользователя","timestamp":"2026-03-21 00:36:10","userId":2}
{"level":"info","message":"Получение заданий для пользователя ID: 3","timestamp":"2026-03-21 00:36:13"}
{"level":"info","message":"Получение ожидающих приглашений пользователя","timestamp":"2026-03-21 00:36:13","userId":3}
{"level":"info","message":"Получение заданий для пользователя ID: 3","timestamp":"2026-03-21 00:36:13"}
{"level":"info","message":"Получение ожидающих приглашений пользователя","timestamp":"2026-03-21 00:36:13","userId":3}
{"level":"info","message":"Получение ожидающих приглашений пользователя","timestamp":"2026-03-21 00:36:13","userId":3}
{"level":"info","message":"Получение заданий для пользователя ID: 3","timestamp":"2026-03-21 00:36:13"}
{"assignmentId":35,"level":"info","message":"Получение состава команды проекта","timestamp":"2026-03-21 00:36:13"}
{"assignmentId":35,"level":"info","message":"Получение состава команды проекта","timestamp":"2026-03-21 00:36:13"}
{"assignmentId":35,"level":"info","message":"Получение состава команды проекта","timestamp":"2026-03-21 00:36:13"}
{"level":"info","message":"Получение заданий для пользователя ID: 3","timestamp":"2026-03-21 00:36:13"}
{"level":"info","message":"Получение ожидающих приглашений пользователя","timestamp":"2026-03-21 00:36:13","userId":3}
{"level":"info","message":"Получение ожидающих приглашений пользователя","timestamp":"2026-03-21 00:36:13","userId":3}
{"level":"info","message":"Получение заданий для пользователя ID: 3","timestamp":"2026-03-21 00:36:13"}
{"assignmentId":35,"level":"info","message":"Получение состава команды проекта","timestamp":"2026-03-21 00:36:13"}
{"level":"info","message":"Получение заданий для пользователя ID: 3","timestamp":"2026-03-21 00:36:41"}
{"level":"info","message":"Получение ожидающих приглашений пользователя","timestamp":"2026-03-21 00:36:41","userId":3}
{"level":"info","message":"Получение заданий для пользователя ID: 3","timestamp":"2026-03-21 00:36:41"}
{"level":"info","message":"Получение ожидающих приглашений пользователя","timestamp":"2026-03-21 00:36:41","userId":3}
{"level":"info","message":"Получение заданий для пользователя ID: 3","timestamp":"2026-03-21 00:36:41"}
{"level":"info","message":"Получение ожидающих приглашений пользователя","timestamp":"2026-03-21 00:36:41","userId":3}
{"level":"info","message":"Получение заданий для пользователя ID: 3","timestamp":"2026-03-21 00:36:43"}
{"level":"info","message":"Получение ожидающих приглашений пользователя","timestamp":"2026-03-21 00:36:43","userId":3}
{"level":"info","message":"Получение заданий для пользователя ID: 3","timestamp":"2026-03-21 00:36:43"}
{"level":"info","message":"Получение ожидающих приглашений пользователя","timestamp":"2026-03-21 00:36:43","userId":3}
{"level":"info","message":"Получение заданий для пользователя ID: 3","timestamp":"2026-03-21 00:36:43"}
{"level":"info","message":"Получение ожидающих приглашений пользователя","timestamp":"2026-03-21 00:36:43","userId":3}
{"assignmentId":35,"level":"info","message":"Создание задачи в задании","taskTitle":"123","timestamp":"2026-03-21 00:36:51"}
{"assignmentId":35,"level":"info","message":"Задача успешно создана","taskId":181,"timestamp":"2026-03-21 00:36:51"}
{"level":"info","message":"Получение заданий для пользователя ID: 3","timestamp":"2026-03-21 00:36:51"}
{"level":"info","message":"Получение заданий для пользователя ID: 3","timestamp":"2026-03-21 00:36:51"}
{"level":"info","message":"Получение ожидающих приглашений пользователя","timestamp":"2026-03-21 00:36:51","userId":3}
{"level":"info","message":"Получение заданий для пользователя ID: 3","timestamp":"2026-03-21 00:36:54"}
{"level":"info","message":"Получение заданий для пользователя ID: 3","timestamp":"2026-03-21 00:36:54"}
{"level":"info","message":"Получение заданий для пользователя ID: 3","timestamp":"2026-03-21 00:36:54"}
{"level":"info","message":"Получение ожидающих приглашений пользователя","timestamp":"2026-03-21 00:36:54","userId":3}
{"level":"info","message":"Получение ожидающих приглашений пользователя","timestamp":"2026-03-21 00:36:54","userId":3}
{"level":"info","message":"Получение ожидающих приглашений пользователя","timestamp":"2026-03-21 00:36:54","userId":3}
{"assignmentId":35,"level":"info","message":"Получение состава команды проекта","timestamp":"2026-03-21 00:36:54"}
{"assignmentId":35,"level":"info","message":"Получение состава команды проекта","timestamp":"2026-03-21 00:36:54"}
{"level":"info","message":"Получение заданий для пользователя ID: 3","timestamp":"2026-03-21 00:36:54"}
{"level":"info","message":"Получение ожидающих приглашений пользователя","timestamp":"2026-03-21 00:36:54","userId":3}
{"assignmentId":35,"level":"info","message":"Получение состава команды проекта","timestamp":"2026-03-21 00:36:54"}
{"level":"info","message":"Получение ожидающих приглашений пользователя","timestamp":"2026-03-21 00:36:54","userId":3}
{"level":"info","message":"Получение заданий для пользователя ID: 3","timestamp":"2026-03-21 00:36:54"}
{"assignmentId":35,"level":"info","message":"Получение состава команды проекта","timestamp":"2026-03-21 00:36:54"}
{"level":"info","message":"Получение ожидающих приглашений пользователя","timestamp":"2026-03-21 00:37:12","userId":3}
{"level":"info","message":"Получение заданий для пользователя ID: 3","timestamp":"2026-03-21 00:37:12"}
{"level":"info","message":"Получение ожидающих приглашений пользователя","timestamp":"2026-03-21 00:37:12","userId":3}
{"level":"info","message":"Получение заданий для пользователя ID: 3","timestamp":"2026-03-21 00:37:12"}
{"level":"info","message":"Получение заданий для пользователя ID: 3","timestamp":"2026-03-21 00:37:12"}
{"level":"info","message":"Получение ожидающих приглашений пользователя","timestamp":"2026-03-21 00:37:12","userId":3}
{"level":"info","message":"Получение заданий для пользователя ID: 3","timestamp":"2026-03-21 00:37:25"}
{"level":"info","message":"Получение ожидающих приглашений пользователя","timestamp":"2026-03-21 00:37:25","userId":3}
{"level":"info","message":"Получение ожидающих приглашений пользователя","timestamp":"2026-03-21 00:37:25","userId":3}
{"level":"info","message":"Получение заданий для пользователя ID: 3","timestamp":"2026-03-21 00:37:25"}
{"level":"info","message":"Получение заданий для пользователя ID: 3","timestamp":"2026-03-21 00:37:25"}
{"level":"info","message":"Получение ожидающих приглашений пользователя","timestamp":"2026-03-21 00:37:25","userId":3}
{"level":"info","message":"Получение ожидающих приглашений пользователя","timestamp":"2026-03-21 00:37:43","userId":3}
{"level":"info","message":"Получение заданий для пользователя ID: 3","timestamp":"2026-03-21 00:37:43"}
{"level":"info","message":"Получение ожидающих приглашений пользователя","timestamp":"2026-03-21 00:37:43","userId":3}
{"level":"info","message":"Получение заданий для пользователя ID: 3","timestamp":"2026-03-21 00:37:43"}
{"level":"info","message":"Получение заданий для пользователя ID: 3","timestamp":"2026-03-21 00:37:43"}
{"level":"info","message":"Получение ожидающих приглашений пользователя","timestamp":"2026-03-21 00:37:43","userId":3}
{"level":"info","message":"Получение заданий для пользователя ID: 3","timestamp":"2026-03-21 00:37:56"}
{"level":"info","message":"Получение ожидающих приглашений пользователя","timestamp":"2026-03-21 00:37:56","userId":3}
{"level":"info","message":"Получение заданий для пользователя ID: 3","timestamp":"2026-03-21 00:37:56"}
{"level":"info","message":"Получение ожидающих приглашений пользователя","timestamp":"2026-03-21 00:37:56","userId":3}
{"level":"info","message":"Получение заданий для пользователя ID: 3","timestamp":"2026-03-21 00:37:56"}
{"level":"info","message":"Получение ожидающих приглашений пользователя","timestamp":"2026-03-21 00:37:56","userId":3}
{"assignmentId":35,"level":"info","message":"Получение состава команды проекта","timestamp":"2026-03-21 00:37:59"}
{"assignmentId":32,"level":"info","message":"Получение состава команды проекта","timestamp":"2026-03-21 00:37:59"}
{"level":"info","message":"Получение заданий для пользователя ID: 2","timestamp":"2026-03-21 00:38:19"}
{"level":"info","message":"Получение заданий для пользователя ID: 2","timestamp":"2026-03-21 00:38:19"}
{"level":"info","message":"Получение ожидающих приглашений пользователя","timestamp":"2026-03-21 00:38:19","userId":2}
{"level":"info","message":"Получение ожидающих приглашений пользователя","timestamp":"2026-03-21 00:38:19","userId":2}
{"assignmentId":26,"level":"info","message":"Получение состава команды проекта","timestamp":"2026-03-21 00:38:19"}
{"assignmentId":26,"level":"info","message":"Получение состава команды проекта","timestamp":"2026-03-21 00:38:19"}
{"assignmentId":26,"level":"info","message":"Получение состава команды проекта","timestamp":"2026-03-21 00:38:19"}
{"level":"info","message":"Получение заданий для пользователя ID: 2","timestamp":"2026-03-21 00:38:19"}
{"level":"info","message":"Получение ожидающих приглашений пользователя","timestamp":"2026-03-21 00:38:19","userId":2}
{"level":"info","message":"Получение ожидающих приглашений пользователя","timestamp":"2026-03-21 00:38:19","userId":2}
{"level":"info","message":"Получение заданий для пользователя ID: 2","timestamp":"2026-03-21 00:38:19"}
{"assignmentId":26,"level":"info","message":"Получение состава команды проекта","timestamp":"2026-03-21 00:38:19"}
{"level":"info","message":"Получение заданий для пользователя ID: 2","timestamp":"2026-03-21 00:38:19"}
{"level":"info","message":"Получение ожидающих приглашений пользователя","timestamp":"2026-03-21 00:38:19","userId":2}
{"level":"info","message":"Получение ожидающих приглашений пользователя","timestamp":"2026-03-21 00:38:19","userId":2}
{"level":"info","message":"Получение заданий для пользователя ID: 2","timestamp":"2026-03-21 00:38:19"}
{"level":"info","message":"Получение заданий для пользователя ID: 2","timestamp":"2026-03-21 00:38:30"}
{"level":"info","message":"Получение ожидающих приглашений пользователя","timestamp":"2026-03-21 00:38:30","userId":2}
{"level":"info","message":"Получение ожидающих приглашений пользователя","timestamp":"2026-03-21 00:38:30","userId":2}
{"level":"info","message":"Получение заданий для пользователя ID: 2","timestamp":"2026-03-21 00:38:30"}
{"level":"info","message":"Получение заданий для пользователя ID: 2","timestamp":"2026-03-21 00:38:30"}
{"level":"info","message":"Получение ожидающих приглашений пользователя","timestamp":"2026-03-21 00:38:30","userId":2}
{"level":"info","message":"Получение заданий для пользователя ID: 2","timestamp":"2026-03-21 00:38:50"}
{"level":"info","message":"Получение ожидающих приглашений пользователя","timestamp":"2026-03-21 00:38:50","userId":2}
{"level":"info","message":"Получение заданий для пользователя ID: 2","timestamp":"2026-03-21 00:38:50"}
{"level":"info","message":"Получение ожидающих приглашений пользователя","timestamp":"2026-03-21 00:38:50","userId":2}
{"level":"info","message":"Получение заданий для пользователя ID: 2","timestamp":"2026-03-21 00:38:50"}
{"level":"info","message":"Получение ожидающих приглашений пользователя","timestamp":"2026-03-21 00:38:50","userId":2}
{"level":"info","message":"Получение заданий для пользователя ID: 2","timestamp":"2026-03-21 00:39:01"}
{"level":"info","message":"Получение ожидающих приглашений пользователя","timestamp":"2026-03-21 00:39:01","userId":2}
{"level":"info","message":"Получение ожидающих приглашений пользователя","timestamp":"2026-03-21 00:39:01","userId":2}
{"level":"info","message":"Получение заданий для пользователя ID: 2","timestamp":"2026-03-21 00:39:01"}
{"level":"info","message":"Получение заданий для пользователя ID: 2","timestamp":"2026-03-21 00:39:01"}
{"level":"info","message":"Получение ожидающих приглашений пользователя","timestamp":"2026-03-21 00:39:01","userId":2}
{"level":"info","message":"Получение заданий для пользователя ID: 2","timestamp":"2026-03-21 00:39:21"}
{"level":"info","message":"Получение ожидающих приглашений пользователя","timestamp":"2026-03-21 00:39:21","userId":2}
{"level":"info","message":"Получение заданий для пользователя ID: 2","timestamp":"2026-03-21 00:39:21"}
{"level":"info","message":"Получение ожидающих приглашений пользователя","timestamp":"2026-03-21 00:39:21","userId":2}
{"level":"info","message":"Получение заданий для пользователя ID: 2","timestamp":"2026-03-21 00:39:21"}
{"level":"info","message":"Получение ожидающих приглашений пользователя","timestamp":"2026-03-21 00:39:21","userId":2}
{"level":"info","message":"Получение заданий для пользователя ID: 2","timestamp":"2026-03-21 00:39:32"}
{"level":"info","message":"Получение ожидающих приглашений пользователя","timestamp":"2026-03-21 00:39:32","userId":2}
{"level":"info","message":"Получение заданий для пользователя ID: 2","timestamp":"2026-03-21 00:39:32"}
{"level":"info","message":"Получение ожидающих приглашений пользователя","timestamp":"2026-03-21 00:39:32","userId":2}
{"level":"info","message":"Получение заданий для пользователя ID: 2","timestamp":"2026-03-21 00:39:32"}
{"level":"info","message":"Получение ожидающих приглашений пользователя","timestamp":"2026-03-21 00:39:32","userId":2}
{"level":"info","message":"Получение заданий для пользователя ID: 2","timestamp":"2026-03-21 00:39:43"}
{"level":"info","message":"Получение ожидающих приглашений пользователя","timestamp":"2026-03-21 00:39:43","userId":2}
{"level":"info","message":"Получение ожидающих приглашений пользователя","timestamp":"2026-03-21 00:39:44","userId":2}
{"level":"info","message":"Получение ожидающих приглашений пользователя","timestamp":"2026-03-21 00:39:44","userId":2}
{"level":"info","message":"Получение заданий для пользователя ID: 2","timestamp":"2026-03-21 00:39:44"}
{"level":"info","message":"Получение ожидающих приглашений пользователя","timestamp":"2026-03-21 00:39:44","userId":2}
{"level":"info","message":"Получение ожидающих приглашений пользователя","timestamp":"2026-03-21 00:39:44","userId":2}
{"level":"info","message":"Получение заданий для пользователя ID: 2","timestamp":"2026-03-21 00:39:44"}
{"level":"info","message":"Получение заданий для пользователя ID: 2","timestamp":"2026-03-21 00:39:44"}
{"level":"info","message":"Получение заданий для пользователя ID: 2","timestamp":"2026-03-21 00:39:44"}
{"assignmentId":26,"level":"info","message":"Получение состава команды проекта","timestamp":"2026-03-21 00:39:44"}
{"assignmentId":26,"level":"info","message":"Получение состава команды проекта","timestamp":"2026-03-21 00:39:44"}
{"assignmentId":26,"level":"info","message":"Получение состава команды проекта","timestamp":"2026-03-21 00:39:44"}
{"assignmentId":26,"level":"info","message":"Получение состава команды проекта","timestamp":"2026-03-21 00:39:44"}
{"assignmentId":26,"level":"info","message":"Получение состава команды проекта","timestamp":"2026-03-21 00:39:44"}
{"assignmentId":26,"level":"info","message":"Получение состава команды проекта","timestamp":"2026-03-21 00:39:44"}
{"level":"info","message":"Получение заданий для пользователя ID: 2","timestamp":"2026-03-21 00:39:47"}
{"level":"info","message":"Получение ожидающих приглашений пользователя","timestamp":"2026-03-21 00:39:47","userId":2}
{"level":"info","message":"Получение ожидающих приглашений пользователя","timestamp":"2026-03-21 00:39:47","userId":2}
{"level":"info","message":"Получение заданий для пользователя ID: 2","timestamp":"2026-03-21 00:39:47"}
{"level":"info","message":"Получение заданий для пользователя ID: 2","timestamp":"2026-03-21 00:39:49"}
{"level":"info","message":"Получение заданий для пользователя ID: 2","timestamp":"2026-03-21 00:39:49"}
{"level":"info","message":"Получение заданий для пользователя ID: 2","timestamp":"2026-03-21 00:39:49"}
{"level":"info","message":"Получение заданий для пользователя ID: 2","timestamp":"2026-03-21 00:39:53"}
{"level":"info","message":"Получение ожидающих приглашений пользователя","timestamp":"2026-03-21 00:39:53","userId":2}
{"level":"info","message":"Получение ожидающих приглашений пользователя","timestamp":"2026-03-21 00:39:53","userId":2}
{"level":"info","message":"Получение заданий для пользователя ID: 2","timestamp":"2026-03-21 00:39:53"}
{"level":"info","message":"Получение ожидающих приглашений пользователя","timestamp":"2026-03-21 00:39:53","userId":2}
{"level":"info","message":"Получение ожидающих приглашений пользователя","timestamp":"2026-03-21 00:39:53","userId":2}
{"level":"info","message":"Получение заданий для пользователя ID: 2","timestamp":"2026-03-21 00:39:53"}
{"level":"info","message":"Получение заданий для пользователя ID: 2","timestamp":"2026-03-21 00:39:53"}
{"assignmentId":26,"level":"info","message":"Получение состава команды проекта","timestamp":"2026-03-21 00:39:53"}
{"assignmentId":26,"level":"info","message":"Получение состава команды проекта","timestamp":"2026-03-21 00:39:53"}
{"level":"info","message":"Получение заданий для пользователя ID: 2","timestamp":"2026-03-21 00:39:53"}
{"level":"info","message":"Получение ожидающих приглашений пользователя","timestamp":"2026-03-21 00:39:53","userId":2}
{"assignmentId":26,"level":"info","message":"Получение состава команды проекта","timestamp":"2026-03-21 00:39:53"}
{"assignmentId":26,"level":"info","message":"Получение состава команды проекта","timestamp":"2026-03-21 00:39:53"}
{"assignmentId":26,"level":"info","message":"Получение состава команды проекта","timestamp":"2026-03-21 00:39:53"}
{"level":"info","message":"Получение заданий для пользователя ID: 2","timestamp":"2026-03-21 00:39:57"}
{"level":"info","message":"Получение заданий для пользователя ID: 2","timestamp":"2026-03-21 00:39:57"}
{"level":"info","message":"Получение заданий для пользователя ID: 2","timestamp":"2026-03-21 00:39:57"}
{"level":"info","message":"Получение заданий для пользователя ID: 1","timestamp":"2026-03-21 00:40:42"}
{"level":"info","message":"Получение ожидающих приглашений пользователя","timestamp":"2026-03-21 00:40:42","userId":1}
{"level":"info","message":"Получение ожидающих приглашений пользователя","timestamp":"2026-03-21 00:40:42","userId":1}
{"level":"info","message":"Получение заданий для пользователя ID: 1","timestamp":"2026-03-21 00:40:42"}
{"level":"info","message":"Получение ожидающих приглашений пользователя","timestamp":"2026-03-21 00:40:42","userId":1}
{"level":"info","message":"Получение ожидающих приглашений пользователя","timestamp":"2026-03-21 00:40:42","userId":1}
{"level":"info","message":"Получение заданий для пользователя ID: 1","timestamp":"2026-03-21 00:40:42"}
{"level":"info","message":"Получение заданий для пользователя ID: 1","timestamp":"2026-03-21 00:40:42"}
{"assignmentId":32,"level":"info","message":"Получение состава команды проекта","timestamp":"2026-03-21 00:40:42"}
{"assignmentId":32,"level":"info","message":"Получение состава команды проекта","timestamp":"2026-03-21 00:40:42"}
{"assignmentId":32,"level":"info","message":"Получение состава команды проекта","timestamp":"2026-03-21 00:40:42"}
{"level":"info","message":"Получение заданий для пользователя ID: 1","timestamp":"2026-03-21 00:40:42"}
{"level":"info","message":"Получение ожидающих приглашений пользователя","timestamp":"2026-03-21 00:40:42","userId":1}
{"assignmentId":32,"level":"info","message":"Получение состава команды проекта","timestamp":"2026-03-21 00:40:42"}
{"assignmentId":32,"level":"info","message":"Получение состава команды проекта","timestamp":"2026-03-21 00:40:42"}
{"level":"info","message":"Получение ожидающих приглашений пользователя","timestamp":"2026-03-21 00:41:13","userId":1}
{"level":"info","message":"Получение заданий для пользователя ID: 1","timestamp":"2026-03-21 00:41:13"}
{"level":"info","message":"Получение заданий для пользователя ID: 1","timestamp":"2026-03-21 00:41:13"}
{"level":"info","message":"Получение ожидающих приглашений пользователя","timestamp":"2026-03-21 00:41:13","userId":1}
{"level":"info","message":"Получение заданий для пользователя ID: 1","timestamp":"2026-03-21 00:41:13"}
{"level":"info","message":"Получение ожидающих приглашений пользователя","timestamp":"2026-03-21 00:41:13","userId":1}
{"level":"info","message":"Получение заданий для пользователя ID: 1","timestamp":"2026-03-21 00:41:44"}
{"level":"info","message":"Получение ожидающих приглашений пользователя","timestamp":"2026-03-21 00:41:44","userId":1}
{"level":"info","message":"Получение заданий для пользователя ID: 1","timestamp":"2026-03-21 00:41:44"}
{"level":"info","message":"Получение ожидающих приглашений пользователя","timestamp":"2026-03-21 00:41:44","userId":1}
{"level":"info","message":"Получение заданий для пользователя ID: 1","timestamp":"2026-03-21 00:41:44"}
{"level":"info","message":"Получение ожидающих приглашений пользователя","timestamp":"2026-03-21 00:41:44","userId":1}
{"level":"info","message":"Получение ожидающих приглашений пользователя","timestamp":"2026-03-21 00:42:15","userId":1}
{"level":"info","message":"Получение заданий для пользователя ID: 1","timestamp":"2026-03-21 00:42:15"}
{"level":"info","message":"Получение ожидающих приглашений пользователя","timestamp":"2026-03-21 00:42:15","userId":1}
{"level":"info","message":"Получение заданий для пользователя ID: 1","timestamp":"2026-03-21 00:42:15"}
{"level":"info","message":"Получение заданий для пользователя ID: 1","timestamp":"2026-03-21 00:42:15"}
{"level":"info","message":"Получение ожидающих приглашений пользователя","timestamp":"2026-03-21 00:42:15","userId":1}
{"assignmentId":32,"level":"info","message":"Получение состава команды проекта","timestamp":"2026-03-21 00:42:16"}
{"level":"info","message":"Получение заданий для пользователя ID: 1","timestamp":"2026-03-21 00:42:20"}
{"level":"info","message":"Получение ожидающих приглашений пользователя","timestamp":"2026-03-21 00:42:20","userId":1}
{"level":"info","message":"Получение ожидающих приглашений пользователя","timestamp":"2026-03-21 00:42:20","userId":1}
{"level":"info","message":"Получение ожидающих приглашений пользователя","timestamp":"2026-03-21 00:42:20","userId":1}
{"level":"info","message":"Получение заданий для пользователя ID: 1","timestamp":"2026-03-21 00:42:20"}
{"level":"info","message":"Получение ожидающих приглашений пользователя","timestamp":"2026-03-21 00:42:20","userId":1}
{"level":"info","message":"Получение заданий для пользователя ID: 1","timestamp":"2026-03-21 00:42:20"}
{"level":"info","message":"Получение заданий для пользователя ID: 1","timestamp":"2026-03-21 00:42:20"}
{"assignmentId":32,"level":"info","message":"Получение состава команды проекта","timestamp":"2026-03-21 00:42:20"}
{"assignmentId":32,"level":"info","message":"Получение состава команды проекта","timestamp":"2026-03-21 00:42:20"}
{"assignmentId":32,"level":"info","message":"Получение состава команды проекта","timestamp":"2026-03-21 00:42:20"}
{"level":"info","message":"Получение заданий для пользователя ID: 1","timestamp":"2026-03-21 00:42:20"}
{"level":"info","message":"Получение ожидающих приглашений пользователя","timestamp":"2026-03-21 00:42:20","userId":1}
{"assignmentId":32,"level":"info","message":"Получение состава команды проекта","timestamp":"2026-03-21 00:42:20"}
{"assignmentId":32,"level":"info","message":"Получение состава команды проекта","timestamp":"2026-03-21 00:42:20"}
{"assignmentId":32,"level":"info","message":"Получение состава команды проекта","timestamp":"2026-03-21 00:42:20"}
{"level":"info","message":"Получение заданий для пользователя ID: 1","timestamp":"2026-03-21 00:42:51"}
{"level":"info","message":"Получение ожидающих приглашений пользователя","timestamp":"2026-03-21 00:42:51","userId":1}
{"level":"info","message":"Получение ожидающих приглашений пользователя","timestamp":"2026-03-21 00:42:51","userId":1}
{"level":"info","message":"Получение заданий для пользователя ID: 1","timestamp":"2026-03-21 00:42:51"}
{"level":"info","message":"Получение заданий для пользователя ID: 1","timestamp":"2026-03-21 00:42:51"}
{"level":"info","message":"Получение ожидающих приглашений пользователя","timestamp":"2026-03-21 00:42:51","userId":1}
{"level":"info","message":"Получение заданий для пользователя ID: 1","timestamp":"2026-03-21 00:43:22"}
{"level":"info","message":"Получение ожидающих приглашений пользователя","timestamp":"2026-03-21 00:43:22","userId":1}
{"level":"info","message":"Получение ожидающих приглашений пользователя","timestamp":"2026-03-21 00:43:22","userId":1}
{"level":"info","message":"Получение заданий для пользователя ID: 1","timestamp":"2026-03-21 00:43:22"}
{"level":"info","message":"Получение заданий для пользователя ID: 1","timestamp":"2026-03-21 00:43:22"}
{"level":"info","message":"Получение ожидающих приглашений пользователя","timestamp":"2026-03-21 00:43:22","userId":1}
{"level":"info","message":"Получение ожидающих приглашений пользователя","timestamp":"2026-03-21 00:43:53","userId":1}
{"level":"info","message":"Получение заданий для пользователя ID: 1","timestamp":"2026-03-21 00:43:53"}
{"level":"info","message":"Получение ожидающих приглашений пользователя","timestamp":"2026-03-21 00:43:53","userId":1}
{"level":"info","message":"Получение заданий для пользователя ID: 1","timestamp":"2026-03-21 00:43:53"}
{"level":"info","message":"Получение заданий для пользователя ID: 1","timestamp":"2026-03-21 00:43:53"}
{"level":"info","message":"Получение ожидающих приглашений пользователя","timestamp":"2026-03-21 00:43:53","userId":1}
{"level":"info","message":"Получение заданий для пользователя ID: 1","timestamp":"2026-03-21 00:44:24"}
{"level":"info","message":"Получение ожидающих приглашений пользователя","timestamp":"2026-03-21 00:44:24","userId":1}
{"level":"info","message":"Получение заданий для пользователя ID: 1","timestamp":"2026-03-21 00:44:24"}
{"level":"info","message":"Получение ожидающих приглашений пользователя","timestamp":"2026-03-21 00:44:24","userId":1}
{"level":"info","message":"Получение заданий для пользователя ID: 1","timestamp":"2026-03-21 00:44:24"}
{"level":"info","message":"Получение ожидающих приглашений пользователя","timestamp":"2026-03-21 00:44:24","userId":1}
{"level":"info","message":"Получение ожидающих приглашений пользователя","timestamp":"2026-03-21 00:44:54","userId":1}
{"level":"info","message":"Получение заданий для пользователя ID: 1","timestamp":"2026-03-21 00:44:54"}
{"level":"info","message":"Получение ожидающих приглашений пользователя","timestamp":"2026-03-21 00:44:54","userId":1}
{"level":"info","message":"Получение заданий для пользователя ID: 1","timestamp":"2026-03-21 00:44:54"}
{"level":"info","message":"Получение заданий для пользователя ID: 1","timestamp":"2026-03-21 00:44:54"}
{"level":"info","message":"Получение ожидающих приглашений пользователя","timestamp":"2026-03-21 00:44:54","userId":1}
{"level":"info","message":"Получение заданий для пользователя ID: 1","timestamp":"2026-03-21 00:45:24"}
{"level":"info","message":"Получение ожидающих приглашений пользователя","timestamp":"2026-03-21 00:45:24","userId":1}
{"level":"info","message":"Получение заданий для пользователя ID: 1","timestamp":"2026-03-21 00:45:24"}
{"level":"info","message":"Получение ожидающих приглашений пользователя","timestamp":"2026-03-21 00:45:24","userId":1}
{"level":"info","message":"Получение заданий для пользователя ID: 1","timestamp":"2026-03-21 00:45:24"}
{"level":"info","message":"Получение ожидающих приглашений пользователя","timestamp":"2026-03-21 00:45:24","userId":1}
{"level":"warn","message":"Attempt to set audit user without userId","timestamp":"2026-03-21 00:45:37"}
{"level":"info","message":"Task status updated with audit","newStatus":3,"taskId":180,"timestamp":"2026-03-21 00:45:37"}
{"level":"info","message":"Получение заданий для пользователя ID: 1","timestamp":"2026-03-21 00:45:37"}
{"level":"info","message":"Получение заданий для пользователя ID: 1","timestamp":"2026-03-21 00:45:37"}
{"level":"info","message":"Получение ожидающих приглашений пользователя","timestamp":"2026-03-21 00:45:37","userId":1}
{"level":"info","message":"Получение заданий для пользователя ID: 1","timestamp":"2026-03-21 00:45:39"}
{"level":"info","message":"Получение заданий для пользователя ID: 1","timestamp":"2026-03-21 00:45:39"}
{"level":"info","message":"Получение заданий для пользователя ID: 1","timestamp":"2026-03-21 00:45:39"}
{"level":"info","message":"Получение ожидающих приглашений пользователя","timestamp":"2026-03-21 00:45:39","userId":1}
{"level":"info","message":"Получение ожидающих приглашений пользователя","timestamp":"2026-03-21 00:45:39","userId":1}
{"level":"info","message":"Получение ожидающих приглашений пользователя","timestamp":"2026-03-21 00:45:39","userId":1}
{"level":"info","message":"Получение заданий для пользователя ID: 1","timestamp":"2026-03-21 00:45:39"}
{"level":"info","message":"Получение ожидающих приглашений пользователя","timestamp":"2026-03-21 00:45:39","userId":1}
{"assignmentId":32,"level":"info","message":"Получение состава команды проекта","timestamp":"2026-03-21 00:45:39"}
{"assignmentId":32,"level":"info","message":"Получение состава команды проекта","timestamp":"2026-03-21 00:45:39"}
{"assignmentId":32,"level":"info","message":"Получение состава команды проекта","timestamp":"2026-03-21 00:45:39"}
{"level":"info","message":"Получение заданий для пользователя ID: 1","timestamp":"2026-03-21 00:45:39"}
{"level":"info","message":"Получение ожидающих приглашений пользователя","timestamp":"2026-03-21 00:45:39","userId":1}
{"assignmentId":32,"level":"info","message":"Получение состава команды проекта","timestamp":"2026-03-21 00:45:39"}
{"assignmentId":32,"level":"info","message":"Получение состава команды проекта","timestamp":"2026-03-21 00:45:39"}
{"level":"info","message":"Получение заданий для пользователя ID: 1","timestamp":"2026-03-21 00:46:10"}
{"level":"info","message":"Получение ожидающих приглашений пользователя","timestamp":"2026-03-21 00:46:10","userId":1}
{"level":"info","message":"Получение заданий для пользователя ID: 1","timestamp":"2026-03-21 00:46:10"}
{"level":"info","message":"Получение ожидающих приглашений пользователя","timestamp":"2026-03-21 00:46:10","userId":1}
{"level":"info","message":"Получение заданий для пользователя ID: 1","timestamp":"2026-03-21 00:46:10"}
{"level":"info","message":"Получение ожидающих приглашений пользователя","timestamp":"2026-03-21 00:46:10","userId":1}
{"level":"info","message":"Получение ожидающих приглашений пользователя","timestamp":"2026-03-21 00:46:41","userId":1}
{"level":"info","message":"Получение заданий для пользователя ID: 1","timestamp":"2026-03-21 00:46:41"}
{"level":"info","message":"Получение ожидающих приглашений пользователя","timestamp":"2026-03-21 00:46:41","userId":1}
{"level":"info","message":"Получение заданий для пользователя ID: 1","timestamp":"2026-03-21 00:46:41"}
{"level":"info","message":"Получение заданий для пользователя ID: 1","timestamp":"2026-03-21 00:46:41"}
{"level":"info","message":"Получение ожидающих приглашений пользователя","timestamp":"2026-03-21 00:46:41","userId":1}
{"level":"info","message":"Получение заданий для пользователя ID: 1","timestamp":"2026-03-21 00:46:46"}
{"level":"info","message":"Получение заданий для пользователя ID: 1","timestamp":"2026-03-21 00:46:46"}
{"level":"info","message":"Получение ожидающих приглашений пользователя","timestamp":"2026-03-21 00:46:46","userId":1}
{"level":"info","message":"Получение ожидающих приглашений пользователя","timestamp":"2026-03-21 00:46:46","userId":1}
{"level":"info","message":"Получение заданий для пользователя ID: 1","timestamp":"2026-03-21 00:46:46"}
{"level":"info","message":"Получение ожидающих приглашений пользователя","timestamp":"2026-03-21 00:46:46","userId":1}
{"level":"info","message":"Получение ожидающих приглашений пользователя","timestamp":"2026-03-21 00:46:46","userId":1}
{"level":"info","message":"Получение ожидающих приглашений пользователя","timestamp":"2026-03-21 00:46:46","userId":1}
{"level":"info","message":"Получение заданий для пользователя ID: 1","timestamp":"2026-03-21 00:46:46"}
{"assignmentId":32,"level":"info","message":"Получение состава команды проекта","timestamp":"2026-03-21 00:46:46"}
{"level":"info","message":"Получение заданий для пользователя ID: 1","timestamp":"2026-03-21 00:46:46"}
{"assignmentId":32,"level":"info","message":"Получение состава команды проекта","timestamp":"2026-03-21 00:46:46"}
{"assignmentId":32,"level":"info","message":"Получение состава команды проекта","timestamp":"2026-03-21 00:46:46"}
{"assignmentId":32,"level":"info","message":"Получение состава команды проекта","timestamp":"2026-03-21 00:46:46"}
{"assignmentId":32,"level":"info","message":"Получение состава команды проекта","timestamp":"2026-03-21 00:46:46"}
{"assignmentId":32,"level":"info","message":"Получение состава команды проекта","timestamp":"2026-03-21 00:46:46"}
{"assignmentId":32,"level":"info","message":"Получение состава команды проекта","timestamp":"2026-03-21 00:46:46"}
{"level":"info","message":"Получение заданий для пользователя ID: 1","timestamp":"2026-03-21 00:46:55"}
{"level":"info","message":"Получение заданий для пользователя ID: 1","timestamp":"2026-03-21 00:46:55"}
{"level":"info","message":"Получение ожидающих приглашений пользователя","timestamp":"2026-03-21 00:46:55","userId":1}
{"level":"info","message":"Получение ожидающих приглашений пользователя","timestamp":"2026-03-21 00:46:55","userId":1}
{"level":"info","message":"Получение заданий для пользователя ID: 1","timestamp":"2026-03-21 00:46:55"}
{"level":"info","message":"Получение ожидающих приглашений пользователя","timestamp":"2026-03-21 00:46:55","userId":1}
{"level":"info","message":"Получение ожидающих приглашений пользователя","timestamp":"2026-03-21 00:46:55","userId":1}
{"level":"info","message":"Получение заданий для пользователя ID: 1","timestamp":"2026-03-21 00:46:55"}
{"assignmentId":32,"level":"info","message":"Получение состава команды проекта","timestamp":"2026-03-21 00:46:55"}
{"level":"info","message":"Получение заданий для пользователя ID: 1","timestamp":"2026-03-21 00:46:55"}
{"level":"info","message":"Получение ожидающих приглашений пользователя","timestamp":"2026-03-21 00:46:55","userId":1}
{"assignmentId":32,"level":"info","message":"Получение состава команды проекта","timestamp":"2026-03-21 00:46:55"}
{"assignmentId":32,"level":"info","message":"Получение состава команды проекта","timestamp":"2026-03-21 00:46:55"}
{"assignmentId":32,"level":"info","message":"Получение состава команды проекта","timestamp":"2026-03-21 00:46:55"}
{"assignmentId":32,"level":"info","message":"Получение состава команды проекта","timestamp":"2026-03-21 00:46:55"}
{"assignmentId":32,"level":"info","message":"Получение состава команды проекта","timestamp":"2026-03-21 00:46:55"}
{"level":"info","message":"Получение заданий для пользователя ID: 1","timestamp":"2026-03-21 00:47:26"}
{"level":"info","message":"Получение ожидающих приглашений пользователя","timestamp":"2026-03-21 00:47:26","userId":1}
{"level":"info","message":"Получение заданий для пользователя ID: 1","timestamp":"2026-03-21 00:47:26"}
{"level":"info","message":"Получение ожидающих приглашений пользователя","timestamp":"2026-03-21 00:47:26","userId":1}
{"level":"info","message":"Получение заданий для пользователя ID: 1","timestamp":"2026-03-21 00:47:26"}
{"level":"info","message":"Получение ожидающих приглашений пользователя","timestamp":"2026-03-21 00:47:26","userId":1}
{"level":"info","message":"Получение заданий для пользователя ID: 1","timestamp":"2026-03-21 00:47:57"}
{"level":"info","message":"Получение ожидающих приглашений пользователя","timestamp":"2026-03-21 00:47:57","userId":1}
{"level":"info","message":"Получение ожидающих приглашений пользователя","timestamp":"2026-03-21 00:47:57","userId":1}
{"level":"info","message":"Получение заданий для пользователя ID: 1","timestamp":"2026-03-21 00:47:57"}
{"level":"info","message":"Получение заданий для пользователя ID: 1","timestamp":"2026-03-21 00:47:57"}
{"level":"info","message":"Получение ожидающих приглашений пользователя","timestamp":"2026-03-21 00:47:57","userId":1}
{"level":"info","message":"Получение ожидающих приглашений пользователя","timestamp":"2026-03-21 00:48:28","userId":1}
{"level":"info","message":"Получение заданий для пользователя ID: 1","timestamp":"2026-03-21 00:48:28"}
{"level":"info","message":"Получение заданий для пользователя ID: 1","timestamp":"2026-03-21 00:48:28"}
{"level":"info","message":"Получение ожидающих приглашений пользователя","timestamp":"2026-03-21 00:48:28","userId":1}
{"level":"info","message":"Получение заданий для пользователя ID: 1","timestamp":"2026-03-21 00:48:28"}
{"level":"info","message":"Получение ожидающих приглашений пользователя","timestamp":"2026-03-21 00:48:28","userId":1}
{"level":"info","message":"Получение заданий для пользователя ID: 1","timestamp":"2026-03-21 00:48:31"}
{"level":"info","message":"Получение ожидающих приглашений пользователя","timestamp":"2026-03-21 00:48:31","userId":1}
{"level":"info","message":"Получение ожидающих приглашений пользователя","timestamp":"2026-03-21 00:48:31","userId":1}
{"level":"info","message":"Получение заданий для пользователя ID: 1","timestamp":"2026-03-21 00:48:31"}
{"level":"info","message":"Получение ожидающих приглашений пользователя","timestamp":"2026-03-21 00:48:31","userId":1}
{"level":"info","message":"Получение ожидающих приглашений пользователя","timestamp":"2026-03-21 00:48:31","userId":1}
{"level":"info","message":"Получение заданий для пользователя ID: 1","timestamp":"2026-03-21 00:48:31"}
{"level":"info","message":"Получение заданий для пользователя ID: 1","timestamp":"2026-03-21 00:48:31"}
{"assignmentId":32,"level":"info","message":"Получение состава команды проекта","timestamp":"2026-03-21 00:48:31"}
{"assignmentId":32,"level":"info","message":"Получение состава команды проекта","timestamp":"2026-03-21 00:48:31"}
{"assignmentId":32,"level":"info","message":"Получение состава команды проекта","timestamp":"2026-03-21 00:48:31"}
{"level":"info","message":"Получение заданий для пользователя ID: 1","timestamp":"2026-03-21 00:48:31"}
{"level":"info","message":"Получение ожидающих приглашений пользователя","timestamp":"2026-03-21 00:48:31","userId":1}
{"assignmentId":32,"level":"info","message":"Получение состава команды проекта","timestamp":"2026-03-21 00:48:31"}
{"assignmentId":32,"level":"info","message":"Получение состава команды проекта","timestamp":"2026-03-21 00:48:31"}
{"level":"info","message":"Получение заданий для пользователя ID: 1","timestamp":"2026-03-21 00:48:52"}
{"level":"info","message":"Получение ожидающих приглашений пользователя","timestamp":"2026-03-21 00:48:52","userId":1}
{"level":"info","message":"Получение ожидающих приглашений пользователя","timestamp":"2026-03-21 00:48:52","userId":1}
{"level":"info","message":"Получение ожидающих приглашений пользователя","timestamp":"2026-03-21 00:48:52","userId":1}
{"level":"info","message":"Получение заданий для пользователя ID: 1","timestamp":"2026-03-21 00:48:52"}
{"level":"info","message":"Получение ожидающих приглашений пользователя","timestamp":"2026-03-21 00:48:52","userId":1}
{"level":"info","message":"Получение заданий для пользователя ID: 1","timestamp":"2026-03-21 00:48:52"}
{"level":"info","message":"Получение заданий для пользователя ID: 1","timestamp":"2026-03-21 00:48:52"}
{"assignmentId":32,"level":"info","message":"Получение состава команды проекта","timestamp":"2026-03-21 00:48:52"}
{"assignmentId":32,"level":"info","message":"Получение состава команды проекта","timestamp":"2026-03-21 00:48:52"}
{"assignmentId":32,"level":"info","message":"Получение состава команды проекта","timestamp":"2026-03-21 00:48:52"}
{"level":"info","message":"Получение заданий для пользователя ID: 1","timestamp":"2026-03-21 00:48:52"}
{"level":"info","message":"Получение ожидающих приглашений пользователя","timestamp":"2026-03-21 00:48:52","userId":1}
{"assignmentId":32,"level":"info","message":"Получение состава команды проекта","timestamp":"2026-03-21 00:48:52"}
{"assignmentId":32,"level":"info","message":"Получение состава команды проекта","timestamp":"2026-03-21 00:48:52"}
{"level":"info","message":"Получение заданий для пользователя ID: 1","timestamp":"2026-03-21 00:49:23"}
{"level":"info","message":"Получение ожидающих приглашений пользователя","timestamp":"2026-03-21 00:49:23","userId":1}
{"level":"info","message":"Получение ожидающих приглашений пользователя","timestamp":"2026-03-21 00:49:23","userId":1}
{"level":"info","message":"Получение заданий для пользователя ID: 1","timestamp":"2026-03-21 00:49:23"}
{"level":"info","message":"Получение заданий для пользователя ID: 1","timestamp":"2026-03-21 00:49:23"}
{"level":"info","message":"Получение ожидающих приглашений пользователя","timestamp":"2026-03-21 00:49:23","userId":1}
{"level":"info","message":"Получение заданий для пользователя ID: 2","timestamp":"2026-03-21 00:50:19"}
{"level":"info","message":"Получение ожидающих приглашений пользователя","timestamp":"2026-03-21 00:50:19","userId":2}
{"level":"info","message":"Получение ожидающих приглашений пользователя","timestamp":"2026-03-21 00:50:19","userId":2}
{"level":"info","message":"Получение заданий для пользователя ID: 2","timestamp":"2026-03-21 00:50:19"}
{"level":"info","message":"Получение ожидающих приглашений пользователя","timestamp":"2026-03-21 00:50:19","userId":2}
{"level":"info","message":"Получение ожидающих приглашений пользователя","timestamp":"2026-03-21 00:50:19","userId":2}
{"level":"info","message":"Получение заданий для пользователя ID: 2","timestamp":"2026-03-21 00:50:19"}
{"level":"info","message":"Получение ожидающих приглашений пользователя","timestamp":"2026-03-21 00:50:19","userId":2}
{"level":"info","message":"Получение заданий для пользователя ID: 2","timestamp":"2026-03-21 00:50:19"}
{"level":"info","message":"Получение заданий для пользователя ID: 2","timestamp":"2026-03-21 00:50:19"}
{"assignmentId":26,"level":"info","message":"Получение состава команды проекта","timestamp":"2026-03-21 00:50:19"}
{"assignmentId":26,"level":"info","message":"Получение состава команды проекта","timestamp":"2026-03-21 00:50:19"}
{"assignmentId":26,"level":"info","message":"Получение состава команды проекта","timestamp":"2026-03-21 00:50:19"}
{"assignmentId":26,"level":"info","message":"Получение состава команды проекта","timestamp":"2026-03-21 00:50:19"}
{"assignmentId":26,"level":"info","message":"Получение состава команды проекта","timestamp":"2026-03-21 00:50:19"}
{"level":"info","message":"Получение заданий для пользователя ID: 2","timestamp":"2026-03-21 00:51:42"}
{"level":"info","message":"Получение заданий для пользователя ID: 2","timestamp":"2026-03-21 00:51:42"}
{"level":"info","message":"Получение ожидающих приглашений пользователя","timestamp":"2026-03-21 00:51:42","userId":2}
{"level":"info","message":"Получение ожидающих приглашений пользователя","timestamp":"2026-03-21 00:51:42","userId":2}
{"level":"info","message":"Получение заданий для пользователя ID: 2","timestamp":"2026-03-21 00:51:44"}
{"level":"info","message":"Получение ожидающих приглашений пользователя","timestamp":"2026-03-21 00:51:44","userId":2}
{"level":"info","message":"Получение ожидающих приглашений пользователя","timestamp":"2026-03-21 00:51:44","userId":2}
{"level":"info","message":"Получение ожидающих приглашений пользователя","timestamp":"2026-03-21 00:51:44","userId":2}
{"level":"info","message":"Получение заданий для пользователя ID: 2","timestamp":"2026-03-21 00:51:44"}
{"level":"info","message":"Получение ожидающих приглашений пользователя","timestamp":"2026-03-21 00:51:44","userId":2}
{"level":"info","message":"Получение заданий для пользователя ID: 2","timestamp":"2026-03-21 00:51:44"}
{"level":"info","message":"Получение заданий для пользователя ID: 2","timestamp":"2026-03-21 00:51:44"}
{"assignmentId":26,"level":"info","message":"Получение состава команды проекта","timestamp":"2026-03-21 00:51:44"}
{"assignmentId":26,"level":"info","message":"Получение состава команды проекта","timestamp":"2026-03-21 00:51:44"}
{"level":"info","message":"Получение заданий для пользователя ID: 2","timestamp":"2026-03-21 00:51:44"}
{"level":"info","message":"Получение ожидающих приглашений пользователя","timestamp":"2026-03-21 00:51:44","userId":2}
{"assignmentId":26,"level":"info","message":"Получение состава команды проекта","timestamp":"2026-03-21 00:51:44"}
{"assignmentId":26,"level":"info","message":"Получение состава команды проекта","timestamp":"2026-03-21 00:51:44"}
{"assignmentId":26,"level":"info","message":"Получение состава команды проекта","timestamp":"2026-03-21 00:51:44"}
{"level":"info","message":"Получение ожидающих приглашений пользователя","timestamp":"2026-03-21 00:51:55","userId":2}
{"level":"info","message":"Получение ожидающих приглашений пользователя","timestamp":"2026-03-21 00:51:55","userId":2}
{"level":"info","message":"Получение заданий для пользователя ID: 2","timestamp":"2026-03-21 00:51:55"}
{"level":"info","message":"Получение ожидающих приглашений пользователя","timestamp":"2026-03-21 00:51:55","userId":2}
{"level":"info","message":"Получение заданий для пользователя ID: 2","timestamp":"2026-03-21 00:51:55"}
{"level":"info","message":"Получение ожидающих приглашений пользователя","timestamp":"2026-03-21 00:51:55","userId":2}
{"level":"info","message":"Получение заданий для пользователя ID: 2","timestamp":"2026-03-21 00:51:55"}
{"level":"info","message":"Получение заданий для пользователя ID: 2","timestamp":"2026-03-21 00:51:55"}
{"assignmentId":26,"level":"info","message":"Получение состава команды проекта","timestamp":"2026-03-21 00:51:55"}
{"assignmentId":26,"level":"info","message":"Получение состава команды проекта","timestamp":"2026-03-21 00:51:55"}
{"assignmentId":26,"level":"info","message":"Получение состава команды проекта","timestamp":"2026-03-21 00:51:55"}
{"level":"info","message":"Получение заданий для пользователя ID: 2","timestamp":"2026-03-21 00:51:55"}
{"level":"info","message":"Получение ожидающих приглашений пользователя","timestamp":"2026-03-21 00:51:55","userId":2}
{"assignmentId":26,"level":"info","message":"Получение состава команды проекта","timestamp":"2026-03-21 00:51:55"}
{"level":"info","message":"Получение ожидающих приглашений пользователя","timestamp":"2026-03-21 00:52:06","userId":2}
{"level":"info","message":"Получение ожидающих приглашений пользователя","timestamp":"2026-03-21 00:52:06","userId":2}
{"level":"info","message":"Получение заданий для пользователя ID: 2","timestamp":"2026-03-21 00:52:06"}
{"level":"info","message":"Получение ожидающих приглашений пользователя","timestamp":"2026-03-21 00:52:06","userId":2}
{"level":"info","message":"Получение заданий для пользователя ID: 2","timestamp":"2026-03-21 00:52:06"}
{"level":"info","message":"Получение ожидающих приглашений пользователя","timestamp":"2026-03-21 00:52:06","userId":2}
{"level":"info","message":"Получение заданий для пользователя ID: 2","timestamp":"2026-03-21 00:52:06"}
{"level":"info","message":"Получение заданий для пользователя ID: 2","timestamp":"2026-03-21 00:52:06"}
{"assignmentId":26,"level":"info","message":"Получение состава команды проекта","timestamp":"2026-03-21 00:52:06"}
{"assignmentId":26,"level":"info","message":"Получение состава команды проекта","timestamp":"2026-03-21 00:52:06"}
{"level":"info","message":"Получение заданий для пользователя ID: 2","timestamp":"2026-03-21 00:52:06"}
{"assignmentId":26,"level":"info","message":"Получение состава команды проекта","timestamp":"2026-03-21 00:52:06"}
{"level":"info","message":"Получение ожидающих приглашений пользователя","timestamp":"2026-03-21 00:52:06","userId":2}
{"assignmentId":26,"level":"info","message":"Получение состава команды проекта","timestamp":"2026-03-21 00:52:06"}
{"level":"info","message":"Получение заданий для пользователя ID: 2","timestamp":"2026-03-21 00:52:45"}
{"level":"info","message":"Получение ожидающих приглашений пользователя","timestamp":"2026-03-21 00:52:45","userId":2}
{"level":"info","message":"Получение ожидающих приглашений пользователя","timestamp":"2026-03-21 00:52:45","userId":2}
{"level":"info","message":"Получение заданий для пользователя ID: 2","timestamp":"2026-03-21 00:52:45"}
{"level":"info","message":"Получение ожидающих приглашений пользователя","timestamp":"2026-03-21 00:57:35","userId":2}
{"level":"info","message":"Получение ожидающих приглашений пользователя","timestamp":"2026-03-21 00:57:35","userId":2}
{"level":"info","message":"Получение заданий для пользователя ID: 2","timestamp":"2026-03-21 00:57:35"}
{"level":"info","message":"Получение ожидающих приглашений пользователя","timestamp":"2026-03-21 00:57:35","userId":2}
{"level":"info","message":"Получение заданий для пользователя ID: 2","timestamp":"2026-03-21 00:57:35"}
{"level":"info","message":"Получение ожидающих приглашений пользователя","timestamp":"2026-03-21 00:57:35","userId":2}
{"level":"info","message":"Получение заданий для пользователя ID: 2","timestamp":"2026-03-21 00:57:35"}
{"level":"info","message":"Получение заданий для пользователя ID: 2","timestamp":"2026-03-21 00:57:35"}
{"assignmentId":26,"level":"info","message":"Получение состава команды проекта","timestamp":"2026-03-21 00:57:35"}
{"level":"info","message":"Получение заданий для пользователя ID: 2","timestamp":"2026-03-21 00:57:35"}
{"level":"info","message":"Получение ожидающих приглашений пользователя","timestamp":"2026-03-21 00:57:35","userId":2}
{"assignmentId":26,"level":"info","message":"Получение состава команды проекта","timestamp":"2026-03-21 00:57:35"}
{"assignmentId":26,"level":"info","message":"Получение состава команды проекта","timestamp":"2026-03-21 00:57:35"}
{"assignmentId":26,"level":"info","message":"Получение состава команды проекта","timestamp":"2026-03-21 00:57:35"}
{"assignmentId":26,"level":"info","message":"Получение состава команды проекта","timestamp":"2026-03-21 00:57:35"}
{"assignmentId":26,"level":"info","message":"Получение состава команды проекта","timestamp":"2026-03-21 00:57:35"}
{"level":"info","message":"Получение ожидающих приглашений пользователя","timestamp":"2026-03-21 00:57:53","userId":2}
{"level":"info","message":"Получение ожидающих приглашений пользователя","timestamp":"2026-03-21 00:57:53","userId":2}
{"level":"info","message":"Получение заданий для пользователя ID: 2","timestamp":"2026-03-21 00:57:53"}
{"level":"info","message":"Получение ожидающих приглашений пользователя","timestamp":"2026-03-21 00:57:54","userId":2}
{"level":"info","message":"Получение ожидающих приглашений пользователя","timestamp":"2026-03-21 00:57:54","userId":2}
{"level":"info","message":"Получение заданий для пользователя ID: 2","timestamp":"2026-03-21 00:57:54"}
{"level":"info","message":"Получение ожидающих приглашений пользователя","timestamp":"2026-03-21 00:57:54","userId":2}
{"level":"info","message":"Получение заданий для пользователя ID: 2","timestamp":"2026-03-21 00:57:54"}
{"assignmentId":26,"level":"info","message":"Получение состава команды проекта","timestamp":"2026-03-21 00:57:54"}
{"level":"info","message":"Получение заданий для пользователя ID: 2","timestamp":"2026-03-21 00:57:54"}
{"assignmentId":26,"level":"info","message":"Получение состава команды проекта","timestamp":"2026-03-21 00:57:54"}
{"assignmentId":26,"level":"info","message":"Получение состава команды проекта","timestamp":"2026-03-21 00:57:54"}
{"level":"info","message":"Получение заданий для пользователя ID: 2","timestamp":"2026-03-21 00:57:54"}
{"assignmentId":26,"level":"info","message":"Получение состава команды проекта","timestamp":"2026-03-21 00:57:54"}
{"assignmentId":26,"level":"info","message":"Получение состава команды проекта","timestamp":"2026-03-21 00:57:54"}
{"assignmentId":26,"level":"info","message":"Получение состава команды проекта","timestamp":"2026-03-21 00:57:54"}
{"assignmentId":26,"level":"info","message":"Получение состава команды проекта","timestamp":"2026-03-21 00:57:54"}
{"level":"info","message":"Получение заданий для пользователя ID: 2","timestamp":"2026-03-21 00:58:03"}
{"level":"info","message":"Получение ожидающих приглашений пользователя","timestamp":"2026-03-21 00:58:03","userId":2}
{"level":"info","message":"Получение ожидающих приглашений пользователя","timestamp":"2026-03-21 00:58:03","userId":2}
{"level":"info","message":"Получение заданий для пользователя ID: 2","timestamp":"2026-03-21 00:58:03"}
{"level":"info","message":"Получение ожидающих приглашений пользователя","timestamp":"2026-03-21 00:58:03","userId":2}
{"level":"info","message":"Получение заданий для пользователя ID: 2","timestamp":"2026-03-21 00:58:03"}
{"assignmentId":26,"level":"info","message":"Получение состава команды проекта","timestamp":"2026-03-21 00:58:03"}
{"assignmentId":26,"level":"info","message":"Получение состава команды проекта","timestamp":"2026-03-21 00:58:03"}
{"level":"info","message":"Получение заданий для пользователя ID: 2","timestamp":"2026-03-21 00:58:03"}
{"level":"info","message":"Получение ожидающих приглашений пользователя","timestamp":"2026-03-21 00:58:03","userId":2}
{"assignmentId":26,"level":"info","message":"Получение состава команды проекта","timestamp":"2026-03-21 00:58:03"}
{"level":"info","message":"Получение ожидающих приглашений пользователя","timestamp":"2026-03-21 00:58:03","userId":2}
{"assignmentId":26,"level":"info","message":"Получение состава команды проекта","timestamp":"2026-03-21 00:58:03"}
{"level":"info","message":"Получение заданий для пользователя ID: 2","timestamp":"2026-03-21 00:58:03"}
{"assignmentId":26,"level":"info","message":"Получение состава команды проекта","timestamp":"2026-03-21 00:58:03"}
{"level":"info","message":"Получение заданий для пользователя ID: 2","timestamp":"2026-03-21 00:58:09"}
{"level":"info","message":"Получение ожидающих приглашений пользователя","timestamp":"2026-03-21 00:58:09","userId":2}
{"level":"info","message":"Получение ожидающих приглашений пользователя","timestamp":"2026-03-21 00:58:09","userId":2}
{"level":"info","message":"Получение заданий для пользователя ID: 2","timestamp":"2026-03-21 00:58:09"}
{"level":"info","message":"Получение ожидающих приглашений пользователя","timestamp":"2026-03-21 00:58:09","userId":2}
{"level":"info","message":"Получение ожидающих приглашений пользователя","timestamp":"2026-03-21 00:58:09","userId":2}
{"level":"info","message":"Получение заданий для пользователя ID: 2","timestamp":"2026-03-21 00:58:09"}
{"assignmentId":26,"level":"info","message":"Получение состава команды проекта","timestamp":"2026-03-21 00:58:09"}
{"level":"info","message":"Получение ожидающих приглашений пользователя","timestamp":"2026-03-21 00:58:09","userId":2}
{"assignmentId":26,"level":"info","message":"Получение состава команды проекта","timestamp":"2026-03-21 00:58:09"}
{"level":"info","message":"Получение заданий для пользователя ID: 2","timestamp":"2026-03-21 00:58:09"}
{"assignmentId":26,"level":"info","message":"Получение состава команды проекта","timestamp":"2026-03-21 00:58:09"}
{"assignmentId":26,"level":"info","message":"Получение состава команды проекта","timestamp":"2026-03-21 00:58:09"}
{"level":"info","message":"Получение заданий для пользователя ID: 2","timestamp":"2026-03-21 00:58:09"}
{"assignmentId":26,"level":"info","message":"Получение состава команды проекта","timestamp":"2026-03-21 00:58:09"}
{"assignmentId":26,"level":"info","message":"Получение состава команды проекта","timestamp":"2026-03-21 00:58:09"}
{"level":"info","message":"Получение заданий для пользователя ID: 2","timestamp":"2026-03-21 00:58:40"}
{"level":"info","message":"Получение ожидающих приглашений пользователя","timestamp":"2026-03-21 00:58:40","userId":2}
{"level":"info","message":"Получение заданий для пользователя ID: 2","timestamp":"2026-03-21 00:58:40"}
{"level":"info","message":"Получение ожидающих приглашений пользователя","timestamp":"2026-03-21 00:58:40","userId":2}
{"level":"info","message":"Получение ожидающих приглашений пользователя","timestamp":"2026-03-21 00:58:40","userId":2}
{"level":"info","message":"Получение заданий для пользователя ID: 2","timestamp":"2026-03-21 00:58:40"}
{"level":"info","message":"Получение ожидающих приглашений пользователя","timestamp":"2026-03-21 00:58:40","userId":2}
{"level":"info","message":"Получение заданий для пользователя ID: 2","timestamp":"2026-03-21 00:58:40"}
{"assignmentId":26,"level":"info","message":"Получение состава команды проекта","timestamp":"2026-03-21 00:58:40"}
{"level":"info","message":"Получение ожидающих приглашений пользователя","timestamp":"2026-03-21 00:58:40","userId":2}
{"level":"info","message":"Получение заданий для пользователя ID: 2","timestamp":"2026-03-21 00:58:40"}
{"assignmentId":26,"level":"info","message":"Получение состава команды проекта","timestamp":"2026-03-21 00:58:40"}
{"assignmentId":26,"level":"info","message":"Получение состава команды проекта","timestamp":"2026-03-21 00:58:40"}
{"assignmentId":26,"level":"info","message":"Получение состава команды проекта","timestamp":"2026-03-21 00:58:40"}
{"assignmentId":26,"level":"info","message":"Получение состава команды проекта","timestamp":"2026-03-21 00:58:40"}
{"assignmentId":26,"level":"info","message":"Получение состава команды проекта","timestamp":"2026-03-21 00:58:40"}
{"level":"info","message":"Получение заданий для пользователя ID: 2","timestamp":"2026-03-21 01:00:22"}
{"level":"info","message":"Получение заданий для пользователя ID: 2","timestamp":"2026-03-21 01:00:22"}
{"level":"info","message":"Получение заданий для пользователя ID: 2","timestamp":"2026-03-21 01:00:22"}
{"level":"info","message":"Получение заданий для пользователя ID: 2","timestamp":"2026-03-21 01:02:02"}
{"level":"info","message":"Получение заданий для пользователя ID: 2","timestamp":"2026-03-21 01:02:08"}
{"level":"info","message":"Получение заданий для пользователя ID: 2","timestamp":"2026-03-21 01:02:17"}
{"level":"info","message":"Получение заданий для пользователя ID: 2","timestamp":"2026-03-21 01:02:24"}
{"level":"info","message":"Получение заданий для пользователя ID: 2","timestamp":"2026-03-21 01:03:24"}
{"level":"info","message":"Получение заданий для пользователя ID: 2","timestamp":"2026-03-21 01:03:31"}
{"level":"info","message":"Получение заданий для пользователя ID: 2","timestamp":"2026-03-21 01:03:42"}
{"level":"info","message":"Получение заданий для пользователя ID: 2","timestamp":"2026-03-21 01:03:53"}
{"level":"info","message":"Получение заданий для пользователя ID: 2","timestamp":"2026-03-21 01:04:17"}
{"level":"info","message":"Получение заданий для пользователя ID: 2","timestamp":"2026-03-21 01:04:24"}
{"level":"info","message":"Получение заданий для пользователя ID: 2","timestamp":"2026-03-21 01:04:46"}
{"level":"info","message":"Получение заданий для пользователя ID: 2","timestamp":"2026-03-21 01:06:07"}
{"level":"info","message":"Получение заданий для пользователя ID: 2","timestamp":"2026-03-21 01:06:10"}
{"level":"info","message":"Получение заданий для пользователя ID: 2","timestamp":"2026-03-21 01:06:10"}
{"level":"info","message":"Получение заданий для пользователя ID: 2","timestamp":"2026-03-21 01:06:10"}
{"level":"info","message":"Получение заданий для пользователя ID: 2","timestamp":"2026-03-21 01:06:21"}
{"level":"info","message":"Получение заданий для пользователя ID: 2","timestamp":"2026-03-21 01:06:52"}
{"level":"info","message":"Получение заданий для пользователя ID: 2","timestamp":"2026-03-21 01:07:10"}
{"level":"info","message":"Получение заданий для пользователя ID: 2","timestamp":"2026-03-21 01:07:14"}
{"level":"info","message":"Получение заданий для пользователя ID: 2","timestamp":"2026-03-21 01:07:34"}
{"level":"info","message":"Получение заданий для пользователя ID: 2","timestamp":"2026-03-21 01:07:45"}
{"level":"info","message":"Получение заданий для пользователя ID: 2","timestamp":"2026-03-21 01:07:53"}
{"level":"info","message":"Получение заданий для пользователя ID: 2","timestamp":"2026-03-21 01:08:16"}
{"level":"info","message":"Получение заданий для пользователя ID: 2","timestamp":"2026-03-21 01:08:23"}
{"level":"info","message":"Получение заданий для пользователя ID: 2","timestamp":"2026-03-21 01:08:29"}
{"level":"info","message":"Получение заданий для пользователя ID: 2","timestamp":"2026-03-21 01:08:29"}
{"level":"info","message":"Получение ожидающих приглашений пользователя","timestamp":"2026-03-21 01:08:29","userId":2}
{"level":"info","message":"Получение заданий для пользователя ID: 2","timestamp":"2026-03-21 01:08:29"}
{"level":"info","message":"Получение заданий для пользователя ID: 2","timestamp":"2026-03-21 01:08:29"}
{"level":"info","message":"Получение ожидающих приглашений пользователя","timestamp":"2026-03-21 01:08:29","userId":2}
{"level":"info","message":"Получение заданий для пользователя ID: 2","timestamp":"2026-03-21 01:08:29"}
{"level":"info","message":"Получение ожидающих приглашений пользователя","timestamp":"2026-03-21 01:08:29","userId":2}
{"level":"info","message":"Получение ожидающих приглашений пользователя","timestamp":"2026-03-21 01:08:29","userId":2}
{"level":"info","message":"Получение ожидающих приглашений пользователя","timestamp":"2026-03-21 01:08:29","userId":2}
{"assignmentId":26,"level":"info","message":"Получение состава команды проекта","timestamp":"2026-03-21 01:08:29"}
{"assignmentId":26,"level":"info","message":"Получение состава команды проекта","timestamp":"2026-03-21 01:08:29"}
{"assignmentId":26,"level":"info","message":"Получение состава команды проекта","timestamp":"2026-03-21 01:08:29"}
{"assignmentId":26,"level":"info","message":"Получение состава команды проекта","timestamp":"2026-03-21 01:08:29"}
{"assignmentId":26,"level":"info","message":"Получение состава команды проекта","timestamp":"2026-03-21 01:08:29"}
{"level":"info","message":"Получение ожидающих приглашений пользователя","timestamp":"2026-03-21 01:09:00","userId":2}
{"level":"info","message":"Получение заданий для пользователя ID: 2","timestamp":"2026-03-21 01:09:00"}
{"level":"info","message":"Получение ожидающих приглашений пользователя","timestamp":"2026-03-21 01:09:00","userId":2}
{"level":"info","message":"Получение заданий для пользователя ID: 2","timestamp":"2026-03-21 01:09:00"}
{"level":"info","message":"Получение заданий для пользователя ID: 2","timestamp":"2026-03-21 01:09:00"}
{"level":"info","message":"Получение ожидающих приглашений пользователя","timestamp":"2026-03-21 01:09:00","userId":2}
{"level":"info","message":"Получение заданий для пользователя ID: 2","timestamp":"2026-03-21 01:09:30"}
{"level":"info","message":"Получение ожидающих приглашений пользователя","timestamp":"2026-03-21 01:09:30","userId":2}
{"level":"info","message":"Получение ожидающих приглашений пользователя","timestamp":"2026-03-21 01:09:30","userId":2}
{"level":"info","message":"Получение заданий для пользователя ID: 2","timestamp":"2026-03-21 01:09:30"}
{"level":"info","message":"Получение заданий для пользователя ID: 2","timestamp":"2026-03-21 01:09:30"}
{"level":"info","message":"Получение ожидающих приглашений пользователя","timestamp":"2026-03-21 01:09:30","userId":2}
{"level":"info","message":"Получение заданий для пользователя ID: 2","timestamp":"2026-03-21 01:09:33"}
{"level":"info","message":"Получение ожидающих приглашений пользователя","timestamp":"2026-03-21 01:09:33","userId":2}
{"level":"info","message":"Получение ожидающих приглашений пользователя","timestamp":"2026-03-21 01:09:33","userId":2}
{"level":"info","message":"Получение заданий для пользователя ID: 2","timestamp":"2026-03-21 01:09:33"}
{"level":"info","message":"Получение заданий для пользователя ID: 2","timestamp":"2026-03-21 01:09:34"}
{"level":"info","message":"Получение заданий для пользователя ID: 2","timestamp":"2026-03-21 01:09:34"}
{"level":"info","message":"Получение ожидающих приглашений пользователя","timestamp":"2026-03-21 01:09:34","userId":2}
{"level":"info","message":"Получение заданий для пользователя ID: 2","timestamp":"2026-03-21 01:09:34"}
{"level":"info","message":"Получение ожидающих приглашений пользователя","timestamp":"2026-03-21 01:09:34","userId":2}
{"level":"info","message":"Получение заданий для пользователя ID: 2","timestamp":"2026-03-21 01:09:34"}
{"level":"info","message":"Получение ожидающих приглашений пользователя","timestamp":"2026-03-21 01:09:34","userId":2}
{"level":"info","message":"Получение ожидающих приглашений пользователя","timestamp":"2026-03-21 01:09:34","userId":2}
{"assignmentId":26,"level":"info","message":"Получение состава команды проекта","timestamp":"2026-03-21 01:09:34"}
{"assignmentId":26,"level":"info","message":"Получение состава команды проекта","timestamp":"2026-03-21 01:09:34"}
{"assignmentId":26,"level":"info","message":"Получение состава команды проекта","timestamp":"2026-03-21 01:09:34"}
{"level":"info","message":"Получение заданий для пользователя ID: 2","timestamp":"2026-03-21 01:09:34"}
{"level":"info","message":"Получение ожидающих приглашений пользователя","timestamp":"2026-03-21 01:09:34","userId":2}
{"assignmentId":26,"level":"info","message":"Получение состава команды проекта","timestamp":"2026-03-21 01:09:34"}
{"assignmentId":26,"level":"info","message":"Получение состава команды проекта","timestamp":"2026-03-21 01:09:34"}
{"level":"info","message":"Получение заданий для пользователя ID: 3","timestamp":"2026-03-21 01:09:42"}
{"level":"info","message":"Получение ожидающих приглашений пользователя","timestamp":"2026-03-21 01:09:42","userId":3}
{"level":"info","message":"Получение заданий для пользователя ID: 3","timestamp":"2026-03-21 01:09:42"}
{"level":"info","message":"Получение ожидающих приглашений пользователя","timestamp":"2026-03-21 01:09:42","userId":3}
{"level":"info","message":"Получение ожидающих приглашений пользователя","timestamp":"2026-03-21 01:09:42","userId":3}
{"level":"info","message":"Получение заданий для пользователя ID: 3","timestamp":"2026-03-21 01:09:42"}
{"assignmentId":35,"level":"info","message":"Получение состава команды проекта","timestamp":"2026-03-21 01:09:42"}
{"assignmentId":35,"level":"info","message":"Получение состава команды проекта","timestamp":"2026-03-21 01:09:42"}
{"assignmentId":35,"level":"info","message":"Получение состава команды проекта","timestamp":"2026-03-21 01:09:42"}
{"level":"info","message":"Получение заданий для пользователя ID: 3","timestamp":"2026-03-21 01:09:42"}
{"level":"info","message":"Получение ожидающих приглашений пользователя","timestamp":"2026-03-21 01:09:42","userId":3}
{"level":"info","message":"Получение ожидающих приглашений пользователя","timestamp":"2026-03-21 01:09:42","userId":3}
{"level":"info","message":"Получение заданий для пользователя ID: 3","timestamp":"2026-03-21 01:09:42"}
{"assignmentId":35,"level":"info","message":"Получение состава команды проекта","timestamp":"2026-03-21 01:09:42"}
{"level":"info","message":"Получение заданий для пользователя ID: 3","timestamp":"2026-03-21 01:10:13"}
{"level":"info","message":"Получение ожидающих приглашений пользователя","timestamp":"2026-03-21 01:10:13","userId":3}
{"level":"info","message":"Получение заданий для пользователя ID: 3","timestamp":"2026-03-21 01:10:13"}
{"level":"info","message":"Получение ожидающих приглашений пользователя","timestamp":"2026-03-21 01:10:13","userId":3}
{"level":"info","message":"Получение заданий для пользователя ID: 3","timestamp":"2026-03-21 01:10:13"}
{"level":"info","message":"Получение ожидающих приглашений пользователя","timestamp":"2026-03-21 01:10:13","userId":3}
{"level":"info","message":"Получение заданий для пользователя ID: 3","timestamp":"2026-03-21 01:10:44"}
{"level":"info","message":"Получение ожидающих приглашений пользователя","timestamp":"2026-03-21 01:10:44","userId":3}
{"level":"info","message":"Получение заданий для пользователя ID: 3","timestamp":"2026-03-21 01:10:44"}
{"level":"info","message":"Получение ожидающих приглашений пользователя","timestamp":"2026-03-21 01:10:44","userId":3}
{"level":"info","message":"Получение заданий для пользователя ID: 3","timestamp":"2026-03-21 01:10:44"}
{"level":"info","message":"Получение ожидающих приглашений пользователя","timestamp":"2026-03-21 01:10:44","userId":3}
{"level":"info","message":"Получение заданий для пользователя ID: 3","timestamp":"2026-03-21 01:11:15"}
{"level":"info","message":"Получение ожидающих приглашений пользователя","timestamp":"2026-03-21 01:11:15","userId":3}
{"level":"info","message":"Получение ожидающих приглашений пользователя","timestamp":"2026-03-21 01:11:15","userId":3}
{"level":"info","message":"Получение заданий для пользователя ID: 3","timestamp":"2026-03-21 01:11:15"}
{"level":"info","message":"Получение заданий для пользователя ID: 3","timestamp":"2026-03-21 01:11:15"}
{"level":"info","message":"Получение ожидающих приглашений пользователя","timestamp":"2026-03-21 01:11:15","userId":3}
{"level":"info","message":"Получение заданий для пользователя ID: 2","timestamp":"2026-03-21 01:11:56"}
{"level":"info","message":"Получение ожидающих приглашений пользователя","timestamp":"2026-03-21 01:11:56","userId":2}
{"level":"info","message":"Получение заданий для пользователя ID: 2","timestamp":"2026-03-21 01:11:56"}
{"level":"info","message":"Получение ожидающих приглашений пользователя","timestamp":"2026-03-21 01:11:56","userId":2}
{"level":"info","message":"Получение ожидающих приглашений пользователя","timestamp":"2026-03-21 01:11:56","userId":2}
{"level":"info","message":"Получение заданий для пользователя ID: 2","timestamp":"2026-03-21 01:11:56"}
{"level":"info","message":"Получение ожидающих приглашений пользователя","timestamp":"2026-03-21 01:11:56","userId":2}
{"level":"info","message":"Получение заданий для пользователя ID: 2","timestamp":"2026-03-21 01:11:56"}
{"assignmentId":26,"level":"info","message":"Получение состава команды проекта","timestamp":"2026-03-21 01:11:56"}
{"assignmentId":26,"level":"info","message":"Получение состава команды проекта","timestamp":"2026-03-21 01:11:56"}
{"assignmentId":26,"level":"info","message":"Получение состава команды проекта","timestamp":"2026-03-21 01:11:56"}
{"level":"info","message":"Получение заданий для пользователя ID: 2","timestamp":"2026-03-21 01:11:56"}
{"level":"info","message":"Получение ожидающих приглашений пользователя","timestamp":"2026-03-21 01:11:56","userId":2}
{"assignmentId":26,"level":"info","message":"Получение состава команды проекта","timestamp":"2026-03-21 01:11:56"}
{"level":"info","message":"Получение заданий для пользователя ID: 2","timestamp":"2026-03-21 01:16:32"}
{"level":"info","message":"Получение ожидающих приглашений пользователя","timestamp":"2026-03-21 01:16:32","userId":2}
{"level":"info","message":"Получение ожидающих приглашений пользователя","timestamp":"2026-03-21 01:16:32","userId":2}
{"level":"info","message":"Получение заданий для пользователя ID: 2","timestamp":"2026-03-21 01:16:32"}
{"level":"info","message":"Получение заданий для пользователя ID: 2","timestamp":"2026-03-21 01:17:08"}
{"level":"info","message":"Получение заданий для пользователя ID: 2","timestamp":"2026-03-21 01:17:08"}
{"level":"info","message":"Получение заданий для пользователя ID: 2","timestamp":"2026-03-21 01:17:08"}
{"level":"info","message":"Получение ожидающих приглашений пользователя","timestamp":"2026-03-21 01:17:21","userId":1}
{"level":"info","message":"Получение заданий для пользователя ID: 1","timestamp":"2026-03-21 01:17:21"}
{"level":"info","message":"Получение ожидающих приглашений пользователя","timestamp":"2026-03-21 01:17:21","userId":1}
{"level":"info","message":"Получение ожидающих приглашений пользователя","timestamp":"2026-03-21 01:17:21","userId":1}
{"level":"info","message":"Получение ожидающих приглашений пользователя","timestamp":"2026-03-21 01:17:21","userId":1}
{"level":"info","message":"Получение заданий для пользователя ID: 1","timestamp":"2026-03-21 01:17:21"}
{"level":"info","message":"Получение заданий для пользователя ID: 1","timestamp":"2026-03-21 01:17:21"}
{"level":"info","message":"Получение заданий для пользователя ID: 1","timestamp":"2026-03-21 01:17:22"}
{"assignmentId":32,"level":"info","message":"Получение состава команды проекта","timestamp":"2026-03-21 01:17:22"}
{"assignmentId":32,"level":"info","message":"Получение состава команды проекта","timestamp":"2026-03-21 01:17:22"}
{"assignmentId":32,"level":"info","message":"Получение состава команды проекта","timestamp":"2026-03-21 01:17:22"}
{"level":"info","message":"Получение заданий для пользователя ID: 1","timestamp":"2026-03-21 01:17:22"}
{"level":"info","message":"Получение ожидающих приглашений пользователя","timestamp":"2026-03-21 01:17:22","userId":1}
{"assignmentId":32,"level":"info","message":"Получение состава команды проекта","timestamp":"2026-03-21 01:17:22"}
{"level":"info","message":"Получение заданий для пользователя ID: 1","timestamp":"2026-03-21 01:17:52"}
{"level":"info","message":"Получение ожидающих приглашений пользователя","timestamp":"2026-03-21 01:17:52","userId":1}
{"level":"info","message":"Получение заданий для пользователя ID: 1","timestamp":"2026-03-21 01:17:52"}
{"level":"info","message":"Получение ожидающих приглашений пользователя","timestamp":"2026-03-21 01:17:52","userId":1}
{"level":"info","message":"Получение ожидающих приглашений пользователя","timestamp":"2026-03-21 01:17:52","userId":1}
{"level":"info","message":"Получение заданий для пользователя ID: 1","timestamp":"2026-03-21 01:17:52"}
{"level":"info","message":"Получение заданий для пользователя ID: 1","timestamp":"2026-03-21 01:18:23"}
{"level":"info","message":"Получение ожидающих приглашений пользователя","timestamp":"2026-03-21 01:18:23","userId":1}
{"level":"info","message":"Получение ожидающих приглашений пользователя","timestamp":"2026-03-21 01:18:23","userId":1}
{"level":"info","message":"Получение ожидающих приглашений пользователя","timestamp":"2026-03-21 01:18:23","userId":1}
{"level":"info","message":"Получение заданий для пользователя ID: 1","timestamp":"2026-03-21 01:18:23"}
{"level":"info","message":"Получение заданий для пользователя ID: 1","timestamp":"2026-03-21 01:18:23"}
{"level":"info","message":"Получение заданий для пользователя ID: 1","timestamp":"2026-03-21 01:18:54"}
{"level":"info","message":"Получение ожидающих приглашений пользователя","timestamp":"2026-03-21 01:18:54","userId":1}
{"level":"info","message":"Получение ожидающих приглашений пользователя","timestamp":"2026-03-21 01:18:54","userId":1}
{"level":"info","message":"Получение ожидающих приглашений пользователя","timestamp":"2026-03-21 01:18:54","userId":1}
{"level":"info","message":"Получение заданий для пользователя ID: 1","timestamp":"2026-03-21 01:18:54"}
{"level":"info","message":"Получение заданий для пользователя ID: 1","timestamp":"2026-03-21 01:18:54"}
{"level":"info","message":"Получение заданий для пользователя ID: 1","timestamp":"2026-03-21 01:19:25"}
{"level":"info","message":"Получение ожидающих приглашений пользователя","timestamp":"2026-03-21 01:19:25","userId":1}
{"level":"info","message":"Получение ожидающих приглашений пользователя","timestamp":"2026-03-21 01:19:25","userId":1}
{"level":"info","message":"Получение ожидающих приглашений пользователя","timestamp":"2026-03-21 01:19:25","userId":1}
{"level":"info","message":"Получение заданий для пользователя ID: 1","timestamp":"2026-03-21 01:19:25"}
{"level":"info","message":"Получение заданий для пользователя ID: 1","timestamp":"2026-03-21 01:19:25"}
{"level":"info","message":"Получение заданий для пользователя ID: 1","timestamp":"2026-03-21 01:19:56"}
{"level":"info","message":"Получение ожидающих приглашений пользователя","timestamp":"2026-03-21 01:19:56","userId":1}
{"level":"info","message":"Получение заданий для пользователя ID: 1","timestamp":"2026-03-21 01:19:56"}
{"level":"info","message":"Получение ожидающих приглашений пользователя","timestamp":"2026-03-21 01:19:56","userId":1}
{"level":"info","message":"Получение заданий для пользователя ID: 1","timestamp":"2026-03-21 01:19:56"}
{"level":"info","message":"Получение ожидающих приглашений пользователя","timestamp":"2026-03-21 01:19:56","userId":1}
{"level":"info","message":"Получение заданий для пользователя ID: 1","timestamp":"2026-03-21 01:20:21"}
{"level":"info","message":"Получение ожидающих приглашений пользователя","timestamp":"2026-03-21 01:20:21","userId":1}
{"level":"info","message":"Получение ожидающих приглашений пользователя","timestamp":"2026-03-21 01:20:21","userId":1}
{"level":"info","message":"Получение ожидающих приглашений пользователя","timestamp":"2026-03-21 01:20:21","userId":1}
{"level":"info","message":"Получение заданий для пользователя ID: 1","timestamp":"2026-03-21 01:20:21"}
{"level":"info","message":"Получение ожидающих приглашений пользователя","timestamp":"2026-03-21 01:20:21","userId":1}
{"level":"info","message":"Получение ожидающих приглашений пользователя","timestamp":"2026-03-21 01:20:21","userId":1}
{"level":"info","message":"Получение заданий для пользователя ID: 1","timestamp":"2026-03-21 01:20:21"}
{"level":"info","message":"Получение заданий для пользователя ID: 1","timestamp":"2026-03-21 01:20:21"}
{"assignmentId":32,"level":"info","message":"Получение состава команды проекта","timestamp":"2026-03-21 01:20:21"}
{"assignmentId":32,"level":"info","message":"Получение состава команды проекта","timestamp":"2026-03-21 01:20:21"}
{"assignmentId":32,"level":"info","message":"Получение состава команды проекта","timestamp":"2026-03-21 01:20:21"}
{"level":"info","message":"Получение заданий для пользователя ID: 1","timestamp":"2026-03-21 01:20:21"}
{"assignmentId":32,"level":"info","message":"Получение состава команды проекта","timestamp":"2026-03-21 01:20:21"}
{"assignmentId":32,"level":"info","message":"Получение состава команды проекта","timestamp":"2026-03-21 01:20:21"}
{"assignmentId":32,"level":"info","message":"Получение состава команды проекта","timestamp":"2026-03-21 01:20:22"}
{"assignmentId":32,"level":"info","message":"Получение состава команды проекта","timestamp":"2026-03-21 01:20:22"}
{"level":"info","message":"Получение заданий для пользователя ID: 1","timestamp":"2026-03-21 01:20:52"}
{"level":"info","message":"Получение ожидающих приглашений пользователя","timestamp":"2026-03-21 01:20:52","userId":1}
{"level":"info","message":"Получение ожидающих приглашений пользователя","timestamp":"2026-03-21 01:20:52","userId":1}
{"level":"info","message":"Получение ожидающих приглашений пользователя","timestamp":"2026-03-21 01:20:52","userId":1}
{"level":"info","message":"Получение заданий для пользователя ID: 1","timestamp":"2026-03-21 01:20:52"}
{"level":"info","message":"Получение заданий для пользователя ID: 1","timestamp":"2026-03-21 01:20:52"}
{"level":"info","message":"Получение заданий для пользователя ID: 1","timestamp":"2026-03-21 01:21:03"}
{"level":"info","message":"Получение ожидающих приглашений пользователя","timestamp":"2026-03-21 01:21:03","userId":1}
{"level":"info","message":"Получение ожидающих приглашений пользователя","timestamp":"2026-03-21 01:21:03","userId":1}
{"level":"info","message":"Получение ожидающих приглашений пользователя","timestamp":"2026-03-21 01:21:03","userId":1}
{"level":"info","message":"Получение заданий для пользователя ID: 1","timestamp":"2026-03-21 01:21:03"}
{"level":"info","message":"Получение ожидающих приглашений пользователя","timestamp":"2026-03-21 01:21:03","userId":1}
{"level":"info","message":"Получение ожидающих приглашений пользователя","timestamp":"2026-03-21 01:21:03","userId":1}
{"level":"info","message":"Получение заданий для пользователя ID: 1","timestamp":"2026-03-21 01:21:03"}
{"assignmentId":32,"level":"info","message":"Получение состава команды проекта","timestamp":"2026-03-21 01:21:03"}
{"assignmentId":32,"level":"info","message":"Получение состава команды проекта","timestamp":"2026-03-21 01:21:03"}
{"level":"info","message":"Получение заданий для пользователя ID: 1","timestamp":"2026-03-21 01:21:03"}
{"assignmentId":32,"level":"info","message":"Получение состава команды проекта","timestamp":"2026-03-21 01:21:03"}
{"assignmentId":32,"level":"info","message":"Получение состава команды проекта","timestamp":"2026-03-21 01:21:03"}
{"level":"info","message":"Получение заданий для пользователя ID: 1","timestamp":"2026-03-21 01:21:03"}
{"assignmentId":32,"level":"info","message":"Получение состава команды проекта","timestamp":"2026-03-21 01:21:03"}
{"assignmentId":32,"level":"info","message":"Получение состава команды проекта","timestamp":"2026-03-21 01:21:03"}
{"assignmentId":32,"level":"info","message":"Получение состава команды проекта","timestamp":"2026-03-21 01:21:03"}
{"level":"info","message":"Получение заданий для пользователя ID: 1","timestamp":"2026-03-21 01:21:34"}
{"level":"info","message":"Получение ожидающих приглашений пользователя","timestamp":"2026-03-21 01:21:34","userId":1}
{"level":"info","message":"Получение ожидающих приглашений пользователя","timestamp":"2026-03-21 01:21:34","userId":1}
{"level":"info","message":"Получение ожидающих приглашений пользователя","timestamp":"2026-03-21 01:21:34","userId":1}
{"level":"info","message":"Получение заданий для пользователя ID: 1","timestamp":"2026-03-21 01:21:34"}
{"level":"info","message":"Получение заданий для пользователя ID: 1","timestamp":"2026-03-21 01:21:34"}
{"level":"info","message":"Получение ожидающих приглашений пользователя","timestamp":"2026-03-21 01:22:05","userId":1}
{"level":"info","message":"Получение заданий для пользователя ID: 1","timestamp":"2026-03-21 01:22:05"}
{"level":"info","message":"Получение ожидающих приглашений пользователя","timestamp":"2026-03-21 01:22:05","userId":1}
{"level":"info","message":"Получение ожидающих приглашений пользователя","timestamp":"2026-03-21 01:22:05","userId":1}
{"level":"info","message":"Получение заданий для пользователя ID: 1","timestamp":"2026-03-21 01:22:05"}
{"level":"info","message":"Получение заданий для пользователя ID: 1","timestamp":"2026-03-21 01:22:05"}
{"assignmentId":32,"level":"info","message":"Создание задачи в задании","taskTitle":"123","timestamp":"2026-03-21 01:22:28"}
{"assignmentId":32,"level":"info","message":"Задача успешно создана","taskId":182,"timestamp":"2026-03-21 01:22:28"}
{"level":"info","message":"Получение заданий для пользователя ID: 1","timestamp":"2026-03-21 01:22:28"}
{"level":"info","message":"Получение заданий для пользователя ID: 1","timestamp":"2026-03-21 01:22:28"}
{"level":"info","message":"Получение ожидающих приглашений пользователя","timestamp":"2026-03-21 01:22:28","userId":1}
{"level":"info","message":"Получение ожидающих приглашений пользователя","timestamp":"2026-03-21 01:22:30","userId":1}
{"level":"info","message":"Получение ожидающих приглашений пользователя","timestamp":"2026-03-21 01:22:30","userId":1}
{"level":"info","message":"Получение ожидающих приглашений пользователя","timestamp":"2026-03-21 01:22:30","userId":1}
{"level":"info","message":"Получение заданий для пользователя ID: 1","timestamp":"2026-03-21 01:22:30"}
{"level":"info","message":"Получение ожидающих приглашений пользователя","timestamp":"2026-03-21 01:22:30","userId":1}
{"level":"info","message":"Получение ожидающих приглашений пользователя","timestamp":"2026-03-21 01:22:30","userId":1}
{"level":"info","message":"Получение заданий для пользователя ID: 1","timestamp":"2026-03-21 01:22:30"}
{"level":"info","message":"Получение заданий для пользователя ID: 1","timestamp":"2026-03-21 01:22:30"}
{"level":"info","message":"Получение заданий для пользователя ID: 1","timestamp":"2026-03-21 01:22:30"}
{"assignmentId":32,"level":"info","message":"Получение состава команды проекта","timestamp":"2026-03-21 01:22:30"}
{"assignmentId":32,"level":"info","message":"Получение состава команды проекта","timestamp":"2026-03-21 01:22:30"}
{"level":"info","message":"Получение заданий для пользователя ID: 1","timestamp":"2026-03-21 01:22:30"}
{"assignmentId":32,"level":"info","message":"Получение состава команды проекта","timestamp":"2026-03-21 01:22:30"}
{"assignmentId":32,"level":"info","message":"Получение состава команды проекта","timestamp":"2026-03-21 01:22:30"}
{"assignmentId":32,"level":"info","message":"Получение состава команды проекта","timestamp":"2026-03-21 01:22:30"}
{"assignmentId":32,"level":"info","message":"Получение состава команды проекта","timestamp":"2026-03-21 01:22:30"}
{"assignmentId":32,"level":"info","message":"Получение состава команды проекта","timestamp":"2026-03-21 01:22:30"}
{"level":"info","message":"Получение заданий для пользователя ID: 1","timestamp":"2026-03-21 01:23:01"}
{"level":"info","message":"Получение ожидающих приглашений пользователя","timestamp":"2026-03-21 01:23:01","userId":1}
{"level":"info","message":"Получение ожидающих приглашений пользователя","timestamp":"2026-03-21 01:23:01","userId":1}
{"level":"info","message":"Получение заданий для пользователя ID: 1","timestamp":"2026-03-21 01:23:01"}
{"level":"info","message":"Получение ожидающих приглашений пользователя","timestamp":"2026-03-21 01:23:01","userId":1}
{"level":"info","message":"Получение заданий для пользователя ID: 1","timestamp":"2026-03-21 01:23:01"}
{"assignmentId":31,"level":"info","message":"Получение состава команды проекта","timestamp":"2026-03-21 01:23:27"}
{"assignmentId":31,"level":"info","message":"Получение состава команды проекта","timestamp":"2026-03-21 01:23:27"}
{"assignmentId":24,"level":"info","message":"Получение состава команды проекта","timestamp":"2026-03-21 01:23:28"}
{"assignmentId":24,"level":"info","message":"Получение состава команды проекта","timestamp":"2026-03-21 01:23:28"}
{"assignmentId":32,"level":"info","message":"Получение состава команды проекта","timestamp":"2026-03-21 01:23:28"}
{"assignmentId":32,"level":"info","message":"Получение состава команды проекта","timestamp":"2026-03-21 01:23:28"}
{"level":"info","message":"Получение ожидающих приглашений пользователя","timestamp":"2026-03-21 01:23:59","userId":1}
{"level":"info","message":"Получение заданий для пользователя ID: 1","timestamp":"2026-03-21 01:23:59"}
{"level":"info","message":"Получение ожидающих приглашений пользователя","timestamp":"2026-03-21 01:23:59","userId":1}
{"level":"info","message":"Получение заданий для пользователя ID: 1","timestamp":"2026-03-21 01:23:59"}
{"level":"info","message":"Получение заданий для пользователя ID: 1","timestamp":"2026-03-21 01:23:59"}
{"level":"info","message":"Получение ожидающих приглашений пользователя","timestamp":"2026-03-21 01:23:59","userId":1}
{"level":"info","message":"Получение ожидающих приглашений пользователя","timestamp":"2026-03-21 01:24:29","userId":1}
{"level":"info","message":"Получение заданий для пользователя ID: 1","timestamp":"2026-03-21 01:24:29"}
{"level":"info","message":"Получение ожидающих приглашений пользователя","timestamp":"2026-03-21 01:24:29","userId":1}
{"level":"info","message":"Получение заданий для пользователя ID: 1","timestamp":"2026-03-21 01:24:29"}
{"level":"info","message":"Получение ожидающих приглашений пользователя","timestamp":"2026-03-21 01:24:29","userId":1}
{"level":"info","message":"Получение заданий для пользователя ID: 1","timestamp":"2026-03-21 01:24:29"}
{"level":"info","message":"Получение заданий для пользователя ID: 1","timestamp":"2026-03-21 01:24:30"}
{"level":"info","message":"Получение ожидающих приглашений пользователя","timestamp":"2026-03-21 01:24:30","userId":1}
{"level":"info","message":"Получение ожидающих приглашений пользователя","timestamp":"2026-03-21 01:24:30","userId":1}
{"level":"info","message":"Получение ожидающих приглашений пользователя","timestamp":"2026-03-21 01:24:30","userId":1}
{"level":"info","message":"Получение заданий для пользователя ID: 1","timestamp":"2026-03-21 01:24:30"}
{"level":"info","message":"Получение ожидающих приглашений пользователя","timestamp":"2026-03-21 01:24:30","userId":1}
{"level":"info","message":"Получение заданий для пользователя ID: 1","timestamp":"2026-03-21 01:24:30"}
{"assignmentId":32,"level":"info","message":"Получение состава команды проекта","timestamp":"2026-03-21 01:24:30"}
{"level":"info","message":"Получение заданий для пользователя ID: 1","timestamp":"2026-03-21 01:24:30"}
{"level":"info","message":"Получение ожидающих приглашений пользователя","timestamp":"2026-03-21 01:24:30","userId":1}
{"assignmentId":32,"level":"info","message":"Получение состава команды проекта","timestamp":"2026-03-21 01:24:30"}
{"assignmentId":32,"level":"info","message":"Получение состава команды проекта","timestamp":"2026-03-21 01:24:30"}
{"level":"info","message":"Получение заданий для пользователя ID: 1","timestamp":"2026-03-21 01:24:30"}
{"assignmentId":32,"level":"info","message":"Получение состава команды проекта","timestamp":"2026-03-21 01:24:30"}
{"assignmentId":32,"level":"info","message":"Получение состава команды проекта","timestamp":"2026-03-21 01:24:30"}
{"assignmentId":32,"level":"info","message":"Получение состава команды проекта","timestamp":"2026-03-21 01:24:30"}
{"level":"info","message":"Получение заданий для пользователя ID: 1","timestamp":"2026-03-21 01:24:35"}
{"level":"info","message":"Получение ожидающих приглашений пользователя","timestamp":"2026-03-21 01:24:35","userId":1}
{"level":"info","message":"Получение ожидающих приглашений пользователя","timestamp":"2026-03-21 01:24:35","userId":1}
{"level":"info","message":"Получение заданий для пользователя ID: 1","timestamp":"2026-03-21 01:24:35"}
{"level":"warn","message":"Attempt to set audit user without userId","timestamp":"2026-03-21 01:24:41"}
{"level":"info","message":"Task status updated with audit","newStatus":2,"taskId":181,"timestamp":"2026-03-21 01:24:41"}
{"level":"info","message":"Получение заданий для пользователя ID: 1","timestamp":"2026-03-21 01:24:46"}
{"level":"info","message":"Получение ожидающих приглашений пользователя","timestamp":"2026-03-21 01:24:46","userId":1}
{"level":"info","message":"Получение ожидающих приглашений пользователя","timestamp":"2026-03-21 01:24:46","userId":1}
{"level":"info","message":"Получение ожидающих приглашений пользователя","timestamp":"2026-03-21 01:24:46","userId":1}
{"level":"info","message":"Получение заданий для пользователя ID: 1","timestamp":"2026-03-21 01:24:46"}
{"level":"info","message":"Получение ожидающих приглашений пользователя","timestamp":"2026-03-21 01:24:46","userId":1}
{"level":"info","message":"Получение ожидающих приглашений пользователя","timestamp":"2026-03-21 01:24:46","userId":1}
{"level":"info","message":"Получение заданий для пользователя ID: 1","timestamp":"2026-03-21 01:24:46"}
{"assignmentId":32,"level":"info","message":"Получение состава команды проекта","timestamp":"2026-03-21 01:24:46"}
{"assignmentId":32,"level":"info","message":"Получение состава команды проекта","timestamp":"2026-03-21 01:24:46"}
{"level":"info","message":"Получение заданий для пользователя ID: 1","timestamp":"2026-03-21 01:24:46"}
{"assignmentId":32,"level":"info","message":"Получение состава команды проекта","timestamp":"2026-03-21 01:24:46"}
{"level":"info","message":"Получение заданий для пользователя ID: 1","timestamp":"2026-03-21 01:24:46"}
{"assignmentId":32,"level":"info","message":"Получение состава команды проекта","timestamp":"2026-03-21 01:24:46"}
{"assignmentId":32,"level":"info","message":"Получение состава команды проекта","timestamp":"2026-03-21 01:24:46"}
{"assignmentId":32,"level":"info","message":"Получение состава команды проекта","timestamp":"2026-03-21 01:24:46"}
{"assignmentId":32,"level":"info","message":"Получение состава команды проекта","timestamp":"2026-03-21 01:24:46"}
{"level":"info","message":"Получение заданий для пользователя ID: 1","timestamp":"2026-03-21 01:25:17"}
{"level":"info","message":"Получение ожидающих приглашений пользователя","timestamp":"2026-03-21 01:25:17","userId":1}
{"level":"info","message":"Получение заданий для пользователя ID: 1","timestamp":"2026-03-21 01:25:17"}
{"level":"info","message":"Получение ожидающих приглашений пользователя","timestamp":"2026-03-21 01:25:17","userId":1}
{"level":"info","message":"Получение ожидающих приглашений пользователя","timestamp":"2026-03-21 01:25:17","userId":1}
{"level":"info","message":"Получение заданий для пользователя ID: 1","timestamp":"2026-03-21 01:25:17"}
{"level":"info","message":"Получение ожидающих приглашений пользователя","timestamp":"2026-03-21 01:25:48","userId":1}
{"level":"info","message":"Получение заданий для пользователя ID: 1","timestamp":"2026-03-21 01:25:48"}
{"level":"info","message":"Получение заданий для пользователя ID: 1","timestamp":"2026-03-21 01:25:48"}
{"level":"info","message":"Получение ожидающих приглашений пользователя","timestamp":"2026-03-21 01:25:48","userId":1}
{"level":"info","message":"Получение ожидающих приглашений пользователя","timestamp":"2026-03-21 01:25:48","userId":1}
{"level":"info","message":"Получение заданий для пользователя ID: 1","timestamp":"2026-03-21 01:25:48"}
{"level":"info","message":"Получение заданий для пользователя ID: 1","timestamp":"2026-03-21 01:26:18"}
{"level":"info","message":"Получение заданий для пользователя ID: 1","timestamp":"2026-03-21 01:26:18"}
{"level":"info","message":"Получение ожидающих приглашений пользователя","timestamp":"2026-03-21 01:26:18","userId":1}
{"level":"info","message":"Получение ожидающих приглашений пользователя","timestamp":"2026-03-21 01:26:18","userId":1}
{"level":"info","message":"Получение заданий для пользователя ID: 1","timestamp":"2026-03-21 01:26:18"}
{"level":"info","message":"Получение ожидающих приглашений пользователя","timestamp":"2026-03-21 01:26:18","userId":1}
{"level":"info","message":"Получение ожидающих приглашений пользователя","timestamp":"2026-03-21 01:26:48","userId":1}
{"level":"info","message":"Получение заданий для пользователя ID: 1","timestamp":"2026-03-21 01:26:48"}
{"level":"info","message":"Получение ожидающих приглашений пользователя","timestamp":"2026-03-21 01:26:48","userId":1}
{"level":"info","message":"Получение ожидающих приглашений пользователя","timestamp":"2026-03-21 01:26:48","userId":1}
{"level":"info","message":"Получение заданий для пользователя ID: 1","timestamp":"2026-03-21 01:26:48"}
{"level":"info","message":"Получение заданий для пользователя ID: 1","timestamp":"2026-03-21 01:26:48"}
{"level":"info","message":"Получение заданий для пользователя ID: 1","timestamp":"2026-03-21 01:27:19"}
{"level":"info","message":"Получение ожидающих приглашений пользователя","timestamp":"2026-03-21 01:27:19","userId":1}
{"level":"info","message":"Получение ожидающих приглашений пользователя","timestamp":"2026-03-21 01:27:19","userId":1}
{"level":"info","message":"Получение заданий для пользователя ID: 1","timestamp":"2026-03-21 01:27:19"}
{"level":"info","message":"Получение ожидающих приглашений пользователя","timestamp":"2026-03-21 01:27:19","userId":1}
{"level":"info","message":"Получение заданий для пользователя ID: 1","timestamp":"2026-03-21 01:27:19"}
{"level":"info","message":"Получение ожидающих приглашений пользователя","timestamp":"2026-03-21 01:27:50","userId":1}
{"level":"info","message":"Получение ожидающих приглашений пользователя","timestamp":"2026-03-21 01:27:50","userId":1}
{"level":"info","message":"Получение заданий для пользователя ID: 1","timestamp":"2026-03-21 01:27:50"}
{"level":"info","message":"Получение ожидающих приглашений пользователя","timestamp":"2026-03-21 01:27:50","userId":1}
{"level":"info","message":"Получение заданий для пользователя ID: 1","timestamp":"2026-03-21 01:27:50"}
{"level":"info","message":"Получение заданий для пользователя ID: 1","timestamp":"2026-03-21 01:27:50"}
{"level":"info","message":"Получение заданий для пользователя ID: 1","timestamp":"2026-03-21 01:28:21"}
{"level":"info","message":"Получение ожидающих приглашений пользователя","timestamp":"2026-03-21 01:28:21","userId":1}
{"level":"info","message":"Получение ожидающих приглашений пользователя","timestamp":"2026-03-21 01:28:21","userId":1}
{"level":"info","message":"Получение ожидающих приглашений пользователя","timestamp":"2026-03-21 01:28:21","userId":1}
{"level":"info","message":"Получение заданий для пользователя ID: 1","timestamp":"2026-03-21 01:28:21"}
{"level":"info","message":"Получение заданий для пользователя ID: 1","timestamp":"2026-03-21 01:28:21"}
{"level":"info","message":"Получение заданий для пользователя ID: 1","timestamp":"2026-03-21 01:28:51"}
{"level":"info","message":"Получение заданий для пользователя ID: 1","timestamp":"2026-03-21 01:28:51"}
{"level":"info","message":"Получение ожидающих приглашений пользователя","timestamp":"2026-03-21 01:28:51","userId":1}
{"level":"info","message":"Получение ожидающих приглашений пользователя","timestamp":"2026-03-21 01:28:51","userId":1}
{"level":"info","message":"Получение заданий для пользователя ID: 1","timestamp":"2026-03-21 01:28:51"}
{"level":"info","message":"Получение ожидающих приглашений пользователя","timestamp":"2026-03-21 01:28:51","userId":1}
{"level":"info","message":"Получение заданий для пользователя ID: 1","timestamp":"2026-03-21 01:29:22"}
{"level":"info","message":"Получение ожидающих приглашений пользователя","timestamp":"2026-03-21 01:29:22","userId":1}
{"level":"info","message":"Получение ожидающих приглашений пользователя","timestamp":"2026-03-21 01:29:22","userId":1}
{"level":"info","message":"Получение ожидающих приглашений пользователя","timestamp":"2026-03-21 01:29:22","userId":1}
{"level":"info","message":"Получение заданий для пользователя ID: 1","timestamp":"2026-03-21 01:29:22"}
{"level":"info","message":"Получение заданий для пользователя ID: 1","timestamp":"2026-03-21 01:29:22"}
{"level":"info","message":"Получение заданий для пользователя ID: 1","timestamp":"2026-03-21 01:29:52"}
{"level":"info","message":"Получение ожидающих приглашений пользователя","timestamp":"2026-03-21 01:29:52","userId":1}
{"level":"info","message":"Получение заданий для пользователя ID: 1","timestamp":"2026-03-21 01:29:52"}
{"level":"info","message":"Получение ожидающих приглашений пользователя","timestamp":"2026-03-21 01:29:52","userId":1}
{"level":"info","message":"Получение ожидающих приглашений пользователя","timestamp":"2026-03-21 01:29:52","userId":1}
{"level":"info","message":"Получение заданий для пользователя ID: 1","timestamp":"2026-03-21 01:29:52"}
{"level":"info","message":"Получение заданий для пользователя ID: 1","timestamp":"2026-03-21 01:30:23"}
{"level":"info","message":"Получение заданий для пользователя ID: 1","timestamp":"2026-03-21 01:30:23"}
{"level":"info","message":"Получение ожидающих приглашений пользователя","timestamp":"2026-03-21 01:30:23","userId":1}
{"level":"info","message":"Получение заданий для пользователя ID: 1","timestamp":"2026-03-21 01:30:23"}
{"level":"info","message":"Получение ожидающих приглашений пользователя","timestamp":"2026-03-21 01:30:23","userId":1}
{"level":"info","message":"Получение ожидающих приглашений пользователя","timestamp":"2026-03-21 01:30:23","userId":1}
{"level":"info","message":"Получение заданий для пользователя ID: 1","timestamp":"2026-03-21 01:30:54"}
{"level":"info","message":"Получение ожидающих приглашений пользователя","timestamp":"2026-03-21 01:30:54","userId":1}
{"level":"info","message":"Получение ожидающих приглашений пользователя","timestamp":"2026-03-21 01:30:54","userId":1}
{"level":"info","message":"Получение заданий для пользователя ID: 1","timestamp":"2026-03-21 01:30:54"}
{"level":"info","message":"Получение ожидающих приглашений пользователя","timestamp":"2026-03-21 01:30:54","userId":1}
{"level":"info","message":"Получение заданий для пользователя ID: 1","timestamp":"2026-03-21 01:30:54"}
{"level":"info","message":"Получение заданий для пользователя ID: 1","timestamp":"2026-03-21 01:31:25"}
{"level":"info","message":"Получение ожидающих приглашений пользователя","timestamp":"2026-03-21 01:31:25","userId":1}
{"level":"info","message":"Получение ожидающих приглашений пользователя","timestamp":"2026-03-21 01:31:25","userId":1}
{"level":"info","message":"Получение ожидающих приглашений пользователя","timestamp":"2026-03-21 01:31:25","userId":1}
{"level":"info","message":"Получение заданий для пользователя ID: 1","timestamp":"2026-03-21 01:31:25"}
{"level":"info","message":"Получение заданий для пользователя ID: 1","timestamp":"2026-03-21 01:31:25"}
{"level":"info","message":"Получение ожидающих приглашений пользователя","timestamp":"2026-03-21 01:31:54","userId":1}
{"level":"info","message":"Получение ожидающих приглашений пользователя","timestamp":"2026-03-21 01:31:54","userId":1}
{"level":"info","message":"Получение заданий для пользователя ID: 1","timestamp":"2026-03-21 01:31:54"}
{"level":"info","message":"Получение ожидающих приглашений пользователя","timestamp":"2026-03-21 01:31:54","userId":1}
{"level":"info","message":"Получение ожидающих приглашений пользователя","timestamp":"2026-03-21 01:31:54","userId":1}
{"level":"info","message":"Получение заданий для пользователя ID: 1","timestamp":"2026-03-21 01:31:54"}
{"level":"info","message":"Получение заданий для пользователя ID: 1","timestamp":"2026-03-21 01:31:54"}
{"assignmentId":32,"level":"info","message":"Получение состава команды проекта","timestamp":"2026-03-21 01:31:54"}
{"level":"info","message":"Получение заданий для пользователя ID: 1","timestamp":"2026-03-21 01:31:54"}
{"level":"info","message":"Получение ожидающих приглашений пользователя","timestamp":"2026-03-21 01:31:54","userId":1}
{"assignmentId":32,"level":"info","message":"Получение состава команды проекта","timestamp":"2026-03-21 01:31:54"}
{"assignmentId":32,"level":"info","message":"Получение состава команды проекта","timestamp":"2026-03-21 01:31:54"}
{"level":"info","message":"Получение заданий для пользователя ID: 1","timestamp":"2026-03-21 01:31:54"}
{"assignmentId":32,"level":"info","message":"Получение состава команды проекта","timestamp":"2026-03-21 01:31:54"}
{"assignmentId":32,"level":"info","message":"Получение состава команды проекта","timestamp":"2026-03-21 01:31:54"}
{"assignmentId":32,"level":"info","message":"Получение состава команды проекта","timestamp":"2026-03-21 01:31:54"}
{"level":"info","message":"Получение заданий для пользователя ID: 1","timestamp":"2026-03-21 01:32:01"}
{"level":"info","message":"Получение ожидающих приглашений пользователя","timestamp":"2026-03-21 01:32:01","userId":1}
{"level":"info","message":"Получение ожидающих приглашений пользователя","timestamp":"2026-03-21 01:32:01","userId":1}
{"level":"info","message":"Получение ожидающих приглашений пользователя","timestamp":"2026-03-21 01:32:01","userId":1}
{"level":"info","message":"Получение заданий для пользователя ID: 1","timestamp":"2026-03-21 01:32:01"}
{"level":"info","message":"Получение ожидающих приглашений пользователя","timestamp":"2026-03-21 01:32:01","userId":1}
{"level":"info","message":"Получение заданий для пользователя ID: 1","timestamp":"2026-03-21 01:32:01"}
{"assignmentId":32,"level":"info","message":"Получение состава команды проекта","timestamp":"2026-03-21 01:32:01"}
{"level":"info","message":"Получение ожидающих приглашений пользователя","timestamp":"2026-03-21 01:32:01","userId":1}
{"level":"info","message":"Получение заданий для пользователя ID: 1","timestamp":"2026-03-21 01:32:01"}
{"assignmentId":32,"level":"info","message":"Получение состава команды проекта","timestamp":"2026-03-21 01:32:01"}
{"assignmentId":32,"level":"info","message":"Получение состава команды проекта","timestamp":"2026-03-21 01:32:01"}
{"level":"info","message":"Получение заданий для пользователя ID: 1","timestamp":"2026-03-21 01:32:01"}
{"assignmentId":32,"level":"info","message":"Получение состава команды проекта","timestamp":"2026-03-21 01:32:01"}
{"assignmentId":32,"level":"info","message":"Получение состава команды проекта","timestamp":"2026-03-21 01:32:01"}
{"assignmentId":32,"level":"info","message":"Получение состава команды проекта","timestamp":"2026-03-21 01:32:01"}
{"level":"info","message":"Получение заданий для пользователя ID: 1","timestamp":"2026-03-21 01:32:32"}
{"level":"info","message":"Получение ожидающих приглашений пользователя","timestamp":"2026-03-21 01:32:32","userId":1}
{"level":"info","message":"Получение заданий для пользователя ID: 1","timestamp":"2026-03-21 01:32:32"}
{"level":"info","message":"Получение ожидающих приглашений пользователя","timestamp":"2026-03-21 01:32:32","userId":1}
{"level":"info","message":"Получение заданий для пользователя ID: 1","timestamp":"2026-03-21 01:32:32"}
{"level":"info","message":"Получение ожидающих приглашений пользователя","timestamp":"2026-03-21 01:32:32","userId":1}
{"level":"info","message":"Получение ожидающих приглашений пользователя","timestamp":"2026-03-21 01:33:03","userId":1}
{"level":"info","message":"Получение заданий для пользователя ID: 1","timestamp":"2026-03-21 01:33:03"}
{"level":"info","message":"Получение ожидающих приглашений пользователя","timestamp":"2026-03-21 01:33:03","userId":1}
{"level":"info","message":"Получение заданий для пользователя ID: 1","timestamp":"2026-03-21 01:33:03"}
{"level":"info","message":"Получение ожидающих приглашений пользователя","timestamp":"2026-03-21 01:33:03","userId":1}
{"level":"info","message":"Получение заданий для пользователя ID: 1","timestamp":"2026-03-21 01:33:03"}
{"level":"info","message":"Получение заданий для пользователя ID: 1","timestamp":"2026-03-21 01:33:34"}
{"level":"info","message":"Получение ожидающих приглашений пользователя","timestamp":"2026-03-21 01:33:34","userId":1}
{"level":"info","message":"Получение заданий для пользователя ID: 1","timestamp":"2026-03-21 01:33:34"}
{"level":"info","message":"Получение ожидающих приглашений пользователя","timestamp":"2026-03-21 01:33:34","userId":1}
{"level":"info","message":"Получение ожидающих приглашений пользователя","timestamp":"2026-03-21 01:33:34","userId":1}
{"level":"info","message":"Получение заданий для пользователя ID: 1","timestamp":"2026-03-21 01:33:34"}
{"level":"info","message":"Получение ожидающих приглашений пользователя","timestamp":"2026-03-21 01:34:05","userId":1}
{"level":"info","message":"Получение заданий для пользователя ID: 1","timestamp":"2026-03-21 01:34:05"}
{"level":"info","message":"Получение заданий для пользователя ID: 1","timestamp":"2026-03-21 01:34:05"}
{"level":"info","message":"Получение ожидающих приглашений пользователя","timestamp":"2026-03-21 01:34:05","userId":1}
{"level":"info","message":"Получение заданий для пользователя ID: 1","timestamp":"2026-03-21 01:34:05"}
{"level":"info","message":"Получение ожидающих приглашений пользователя","timestamp":"2026-03-21 01:34:05","userId":1}
{"assignmentId":32,"level":"info","message":"Создание задачи в задании","taskTitle":"123","timestamp":"2026-03-21 01:34:31"}
{"assignmentId":32,"level":"info","message":"Задача успешно создана","taskId":183,"timestamp":"2026-03-21 01:34:31"}
{"level":"info","message":"Получение заданий для пользователя ID: 1","timestamp":"2026-03-21 01:34:31"}
{"level":"info","message":"Получение заданий для пользователя ID: 1","timestamp":"2026-03-21 01:34:31"}
{"level":"info","message":"Получение ожидающих приглашений пользователя","timestamp":"2026-03-21 01:34:31","userId":1}
{"level":"info","message":"Получение заданий для пользователя ID: 1","timestamp":"2026-03-21 01:34:33"}
{"level":"info","message":"Получение заданий для пользователя ID: 1","timestamp":"2026-03-21 01:34:33"}
{"level":"info","message":"Получение ожидающих приглашений пользователя","timestamp":"2026-03-21 01:34:33","userId":1}
{"level":"info","message":"Получение ожидающих приглашений пользователя","timestamp":"2026-03-21 01:34:33","userId":1}
{"level":"info","message":"Получение заданий для пользователя ID: 1","timestamp":"2026-03-21 01:34:33"}
{"level":"info","message":"Получение ожидающих приглашений пользователя","timestamp":"2026-03-21 01:34:33","userId":1}
{"level":"info","message":"Получение ожидающих приглашений пользователя","timestamp":"2026-03-21 01:34:33","userId":1}
{"assignmentId":32,"level":"info","message":"Получение состава команды проекта","timestamp":"2026-03-21 01:34:33"}
{"level":"info","message":"Получение ожидающих приглашений пользователя","timestamp":"2026-03-21 01:34:33","userId":1}
{"assignmentId":32,"level":"info","message":"Получение состава команды проекта","timestamp":"2026-03-21 01:34:33"}
{"level":"info","message":"Получение заданий для пользователя ID: 1","timestamp":"2026-03-21 01:34:33"}
{"assignmentId":32,"level":"info","message":"Получение состава команды проекта","timestamp":"2026-03-21 01:34:33"}
{"assignmentId":32,"level":"info","message":"Получение состава команды проекта","timestamp":"2026-03-21 01:34:33"}
{"level":"info","message":"Получение заданий для пользователя ID: 1","timestamp":"2026-03-21 01:34:33"}
{"assignmentId":32,"level":"info","message":"Получение состава команды проекта","timestamp":"2026-03-21 01:34:33"}
{"assignmentId":32,"level":"info","message":"Получение состава команды проекта","timestamp":"2026-03-21 01:34:33"}
{"level":"info","message":"Получение заданий для пользователя ID: 1","timestamp":"2026-03-21 01:35:04"}
{"level":"info","message":"Получение ожидающих приглашений пользователя","timestamp":"2026-03-21 01:35:04","userId":1}
{"level":"info","message":"Получение заданий для пользователя ID: 1","timestamp":"2026-03-21 01:35:04"}
{"level":"info","message":"Получение ожидающих приглашений пользователя","timestamp":"2026-03-21 01:35:04","userId":1}
{"level":"info","message":"Получение ожидающих приглашений пользователя","timestamp":"2026-03-21 01:35:04","userId":1}
{"level":"info","message":"Получение заданий для пользователя ID: 1","timestamp":"2026-03-21 01:35:04"}
{"level":"info","message":"Получение заданий для пользователя ID: 1","timestamp":"2026-03-21 01:35:34"}
{"level":"info","message":"Получение ожидающих приглашений пользователя","timestamp":"2026-03-21 01:35:34","userId":1}
{"level":"info","message":"Получение заданий для пользователя ID: 1","timestamp":"2026-03-21 01:35:34"}
{"level":"info","message":"Получение ожидающих приглашений пользователя","timestamp":"2026-03-21 01:35:34","userId":1}
{"level":"info","message":"Получение ожидающих приглашений пользователя","timestamp":"2026-03-21 01:35:34","userId":1}
{"level":"info","message":"Получение заданий для пользователя ID: 1","timestamp":"2026-03-21 01:35:34"}
{"level":"warn","message":"Attempt to set audit user without userId","timestamp":"2026-03-21 01:35:46"}
{"level":"info","message":"Task status updated with audit","newStatus":3,"taskId":183,"timestamp":"2026-03-21 01:35:46"}
{"level":"info","message":"Получение заданий для пользователя ID: 1","timestamp":"2026-03-21 01:35:46"}
{"level":"info","message":"Получение заданий для пользователя ID: 1","timestamp":"2026-03-21 01:35:46"}
{"level":"info","message":"Получение ожидающих приглашений пользователя","timestamp":"2026-03-21 01:35:46","userId":1}
{"level":"info","message":"Получение заданий для пользователя ID: 1","timestamp":"2026-03-21 01:35:48"}
{"level":"info","message":"Получение ожидающих приглашений пользователя","timestamp":"2026-03-21 01:35:48","userId":1}
{"level":"info","message":"Получение ожидающих приглашений пользователя","timestamp":"2026-03-21 01:35:48","userId":1}
{"level":"info","message":"Получение заданий для пользователя ID: 1","timestamp":"2026-03-21 01:35:48"}
{"assignmentId":32,"level":"info","message":"Получение состава команды проекта","timestamp":"2026-03-21 01:35:48"}
{"level":"info","message":"Получение заданий для пользователя ID: 1","timestamp":"2026-03-21 01:35:48"}
{"level":"info","message":"Получение ожидающих приглашений пользователя","timestamp":"2026-03-21 01:35:48","userId":1}
{"assignmentId":32,"level":"info","message":"Получение состава команды проекта","timestamp":"2026-03-21 01:35:48"}
{"assignmentId":32,"level":"info","message":"Получение состава команды проекта","timestamp":"2026-03-21 01:35:48"}
{"level":"info","message":"Получение ожидающих приглашений пользователя","timestamp":"2026-03-21 01:35:48","userId":1}
{"assignmentId":32,"level":"info","message":"Получение состава команды проекта","timestamp":"2026-03-21 01:35:48"}
{"level":"info","message":"Получение ожидающих приглашений пользователя","timestamp":"2026-03-21 01:35:48","userId":1}
{"level":"info","message":"Получение заданий для пользователя ID: 1","timestamp":"2026-03-21 01:35:48"}
{"level":"info","message":"Получение ожидающих приглашений пользователя","timestamp":"2026-03-21 01:35:48","userId":1}
{"level":"info","message":"Получение заданий для пользователя ID: 1","timestamp":"2026-03-21 01:35:48"}
{"level":"info","message":"Получение заданий для пользователя ID: 1","timestamp":"2026-03-21 01:35:48"}
{"level":"info","message":"Получение заданий для пользователя ID: 1","timestamp":"2026-03-21 01:36:18"}
{"level":"info","message":"Получение ожидающих приглашений пользователя","timestamp":"2026-03-21 01:36:18","userId":1}
{"level":"info","message":"Получение ожидающих приглашений пользователя","timestamp":"2026-03-21 01:36:18","userId":1}
{"level":"info","message":"Получение заданий для пользователя ID: 1","timestamp":"2026-03-21 01:36:18"}
{"level":"info","message":"Получение заданий для пользователя ID: 1","timestamp":"2026-03-21 01:36:18"}
{"level":"info","message":"Получение ожидающих приглашений пользователя","timestamp":"2026-03-21 01:36:18","userId":1}
{"level":"info","message":"Получение ожидающих приглашений пользователя","timestamp":"2026-03-21 01:36:48","userId":1}
{"level":"info","message":"Получение заданий для пользователя ID: 1","timestamp":"2026-03-21 01:36:48"}
{"level":"info","message":"Получение ожидающих приглашений пользователя","timestamp":"2026-03-21 01:36:48","userId":1}
{"level":"info","message":"Получение заданий для пользователя ID: 1","timestamp":"2026-03-21 01:36:48"}
{"level":"info","message":"Получение ожидающих приглашений пользователя","timestamp":"2026-03-21 01:36:48","userId":1}
{"level":"info","message":"Получение заданий для пользователя ID: 1","timestamp":"2026-03-21 01:36:48"}
{"level":"info","message":"Получение заданий для пользователя ID: 1","timestamp":"2026-03-21 01:37:19"}
{"level":"info","message":"Получение ожидающих приглашений пользователя","timestamp":"2026-03-21 01:37:19","userId":1}
{"level":"info","message":"Получение ожидающих приглашений пользователя","timestamp":"2026-03-21 01:37:19","userId":1}
{"level":"info","message":"Получение заданий для пользователя ID: 1","timestamp":"2026-03-21 01:37:19"}
{"level":"info","message":"Получение ожидающих приглашений пользователя","timestamp":"2026-03-21 01:37:19","userId":1}
{"level":"info","message":"Получение заданий для пользователя ID: 1","timestamp":"2026-03-21 01:37:19"}
{"level":"info","message":"Получение ожидающих приглашений пользователя","timestamp":"2026-03-21 01:37:50","userId":1}
{"level":"info","message":"Получение заданий для пользователя ID: 1","timestamp":"2026-03-21 01:37:50"}
{"level":"info","message":"Получение ожидающих приглашений пользователя","timestamp":"2026-03-21 01:37:50","userId":1}
{"level":"info","message":"Получение заданий для пользователя ID: 1","timestamp":"2026-03-21 01:37:50"}
{"level":"info","message":"Получение ожидающих приглашений пользователя","timestamp":"2026-03-21 01:37:50","userId":1}
{"level":"info","message":"Получение заданий для пользователя ID: 1","timestamp":"2026-03-21 01:37:50"}
{"level":"info","message":"Получение заданий для пользователя ID: 1","timestamp":"2026-03-21 01:37:52"}
{"level":"info","message":"Получение ожидающих приглашений пользователя","timestamp":"2026-03-21 01:37:52","userId":1}
{"level":"info","message":"Получение ожидающих приглашений пользователя","timestamp":"2026-03-21 01:37:52","userId":1}
{"level":"info","message":"Получение ожидающих приглашений пользователя","timestamp":"2026-03-21 01:37:52","userId":1}
{"level":"info","message":"Получение заданий для пользователя ID: 1","timestamp":"2026-03-21 01:37:52"}
{"level":"info","message":"Получение ожидающих приглашений пользователя","timestamp":"2026-03-21 01:37:52","userId":1}
{"level":"info","message":"Получение заданий для пользователя ID: 1","timestamp":"2026-03-21 01:37:52"}
{"level":"info","message":"Получение заданий для пользователя ID: 1","timestamp":"2026-03-21 01:37:52"}
{"assignmentId":32,"level":"info","message":"Получение состава команды проекта","timestamp":"2026-03-21 01:37:52"}
{"assignmentId":32,"level":"info","message":"Получение состава команды проекта","timestamp":"2026-03-21 01:37:52"}
{"level":"info","message":"Получение ожидающих приглашений пользователя","timestamp":"2026-03-21 01:37:52","userId":1}
{"assignmentId":32,"level":"info","message":"Получение состава команды проекта","timestamp":"2026-03-21 01:37:52"}
{"level":"info","message":"Получение заданий для пользователя ID: 1","timestamp":"2026-03-21 01:37:52"}
{"assignmentId":32,"level":"info","message":"Получение состава команды проекта","timestamp":"2026-03-21 01:37:52"}
{"assignmentId":32,"level":"info","message":"Получение состава команды проекта","timestamp":"2026-03-21 01:37:52"}
{"assignmentId":32,"level":"info","message":"Получение состава команды проекта","timestamp":"2026-03-21 01:37:52"}
{"level":"info","message":"Получение заданий для пользователя ID: 1","timestamp":"2026-03-21 01:38:23"}
{"level":"info","message":"Получение ожидающих приглашений пользователя","timestamp":"2026-03-21 01:38:23","userId":1}
{"level":"info","message":"Получение ожидающих приглашений пользователя","timestamp":"2026-03-21 01:38:23","userId":1}
{"level":"info","message":"Получение заданий для пользователя ID: 1","timestamp":"2026-03-21 01:38:23"}
{"level":"info","message":"Получение ожидающих приглашений пользователя","timestamp":"2026-03-21 01:38:23","userId":1}
{"level":"info","message":"Получение заданий для пользователя ID: 1","timestamp":"2026-03-21 01:38:23"}
{"level":"info","message":"Получение заданий для пользователя ID: 1","timestamp":"2026-03-21 01:38:53"}
{"level":"info","message":"Получение ожидающих приглашений пользователя","timestamp":"2026-03-21 01:38:53","userId":1}
{"level":"info","message":"Получение ожидающих приглашений пользователя","timestamp":"2026-03-21 01:38:53","userId":1}
{"level":"info","message":"Получение заданий для пользователя ID: 1","timestamp":"2026-03-21 01:38:53"}
{"level":"info","message":"Получение заданий для пользователя ID: 1","timestamp":"2026-03-21 01:38:53"}
{"level":"info","message":"Получение ожидающих приглашений пользователя","timestamp":"2026-03-21 01:38:53","userId":1}
{"level":"info","message":"Получение заданий для пользователя ID: 1","timestamp":"2026-03-21 01:38:54"}
{"level":"info","message":"Получение заданий для пользователя ID: 1","timestamp":"2026-03-21 01:38:54"}
{"level":"info","message":"Получение ожидающих приглашений пользователя","timestamp":"2026-03-21 01:38:54","userId":1}
{"level":"info","message":"Получение заданий для пользователя ID: 1","timestamp":"2026-03-21 01:38:54"}
{"level":"info","message":"Получение ожидающих приглашений пользователя","timestamp":"2026-03-21 01:38:54","userId":1}
{"level":"info","message":"Получение ожидающих приглашений пользователя","timestamp":"2026-03-21 01:38:54","userId":1}
{"level":"info","message":"Получение ожидающих приглашений пользователя","timestamp":"2026-03-21 01:38:54","userId":1}
{"level":"info","message":"Получение заданий для пользователя ID: 1","timestamp":"2026-03-21 01:38:54"}
{"assignmentId":32,"level":"info","message":"Получение состава команды проекта","timestamp":"2026-03-21 01:38:54"}
{"assignmentId":32,"level":"info","message":"Получение состава команды проекта","timestamp":"2026-03-21 01:38:54"}
{"assignmentId":32,"level":"info","message":"Получение состава команды проекта","timestamp":"2026-03-21 01:38:54"}
{"level":"info","message":"Получение заданий для пользователя ID: 1","timestamp":"2026-03-21 01:38:54"}
{"level":"info","message":"Получение ожидающих приглашений пользователя","timestamp":"2026-03-21 01:38:54","userId":1}
{"assignmentId":32,"level":"info","message":"Получение состава команды проекта","timestamp":"2026-03-21 01:38:54"}
{"assignmentId":32,"level":"info","message":"Получение состава команды проекта","timestamp":"2026-03-21 01:38:54"}
{"level":"info","message":"Получение ожидающих приглашений пользователя","timestamp":"2026-03-21 01:39:25","userId":1}
{"level":"info","message":"Получение заданий для пользователя ID: 1","timestamp":"2026-03-21 01:39:25"}
{"level":"info","message":"Получение заданий для пользователя ID: 1","timestamp":"2026-03-21 01:39:25"}
{"level":"info","message":"Получение ожидающих приглашений пользователя","timestamp":"2026-03-21 01:39:25","userId":1}
{"level":"info","message":"Получение заданий для пользователя ID: 1","timestamp":"2026-03-21 01:39:25"}
{"level":"info","message":"Получение ожидающих приглашений пользователя","timestamp":"2026-03-21 01:39:25","userId":1}
{"level":"info","message":"Получение заданий для пользователя ID: 1","timestamp":"2026-03-21 01:39:55"}
{"level":"info","message":"Получение ожидающих приглашений пользователя","timestamp":"2026-03-21 01:39:55","userId":1}
{"level":"info","message":"Получение ожидающих приглашений пользователя","timestamp":"2026-03-21 01:39:55","userId":1}
{"level":"info","message":"Получение заданий для пользователя ID: 1","timestamp":"2026-03-21 01:39:55"}
{"level":"info","message":"Получение заданий для пользователя ID: 1","timestamp":"2026-03-21 01:39:55"}
{"level":"info","message":"Получение ожидающих приглашений пользователя","timestamp":"2026-03-21 01:39:55","userId":1}
{"level":"info","message":"Получение заданий для пользователя ID: 1","timestamp":"2026-03-21 01:40:26"}
{"level":"info","message":"Получение ожидающих приглашений пользователя","timestamp":"2026-03-21 01:40:26","userId":1}
{"level":"info","message":"Получение заданий для пользователя ID: 1","timestamp":"2026-03-21 01:40:26"}
{"level":"info","message":"Получение ожидающих приглашений пользователя","timestamp":"2026-03-21 01:40:26","userId":1}
{"level":"info","message":"Получение заданий для пользователя ID: 1","timestamp":"2026-03-21 01:40:26"}
{"level":"info","message":"Получение ожидающих приглашений пользователя","timestamp":"2026-03-21 01:40:26","userId":1}
{"level":"info","message":"Получение заданий для пользователя ID: 1","timestamp":"2026-03-21 01:40:57"}
{"level":"info","message":"Получение ожидающих приглашений пользователя","timestamp":"2026-03-21 01:40:57","userId":1}
{"level":"info","message":"Получение ожидающих приглашений пользователя","timestamp":"2026-03-21 01:40:57","userId":1}
{"level":"info","message":"Получение заданий для пользователя ID: 1","timestamp":"2026-03-21 01:40:57"}
{"level":"info","message":"Получение заданий для пользователя ID: 1","timestamp":"2026-03-21 01:40:57"}
{"level":"info","message":"Получение ожидающих приглашений пользователя","timestamp":"2026-03-21 01:40:57","userId":1}
{"level":"info","message":"Получение заданий для пользователя ID: 1","timestamp":"2026-03-21 01:41:44"}
{"level":"info","message":"Получение заданий для пользователя ID: 1","timestamp":"2026-03-21 01:41:44"}
{"level":"info","message":"Получение ожидающих приглашений пользователя","timestamp":"2026-03-21 01:41:44","userId":1}
{"level":"info","message":"Получение ожидающих приглашений пользователя","timestamp":"2026-03-21 01:41:44","userId":1}
{"assignmentId":32,"level":"info","message":"Получение состава команды проекта","timestamp":"2026-03-21 01:41:44"}
{"assignmentId":32,"level":"info","message":"Получение состава команды проекта","timestamp":"2026-03-21 01:41:44"}
{"assignmentId":32,"level":"info","message":"Получение состава команды проекта","timestamp":"2026-03-21 01:41:44"}
{"level":"info","message":"Получение заданий для пользователя ID: 1","timestamp":"2026-03-21 01:41:44"}
{"level":"info","message":"Получение ожидающих приглашений пользователя","timestamp":"2026-03-21 01:41:44","userId":1}
{"level":"info","message":"Получение ожидающих приглашений пользователя","timestamp":"2026-03-21 01:41:44","userId":1}
{"level":"info","message":"Получение заданий для пользователя ID: 1","timestamp":"2026-03-21 01:41:44"}
{"assignmentId":32,"level":"info","message":"Получение состава команды проекта","timestamp":"2026-03-21 01:41:44"}
{"level":"info","message":"Получение ожидающих приглашений пользователя","timestamp":"2026-03-21 01:41:44","userId":1}
{"level":"info","message":"Получение заданий для пользователя ID: 1","timestamp":"2026-03-21 01:41:44"}
{"level":"info","message":"Получение ожидающих приглашений пользователя","timestamp":"2026-03-21 01:41:44","userId":1}
{"level":"info","message":"Получение заданий для пользователя ID: 1","timestamp":"2026-03-21 01:41:44"}
{"level":"info","message":"Получение ожидающих приглашений пользователя","timestamp":"2026-03-21 01:42:15","userId":1}
{"level":"info","message":"Получение заданий для пользователя ID: 1","timestamp":"2026-03-21 01:42:15"}
{"level":"info","message":"Получение ожидающих приглашений пользователя","timestamp":"2026-03-21 01:42:15","userId":1}
{"level":"info","message":"Получение заданий для пользователя ID: 1","timestamp":"2026-03-21 01:42:15"}
{"level":"info","message":"Получение заданий для пользователя ID: 1","timestamp":"2026-03-21 01:42:15"}
{"level":"info","message":"Получение ожидающих приглашений пользователя","timestamp":"2026-03-21 01:42:15","userId":1}
{"level":"info","message":"Получение заданий для пользователя ID: 1","timestamp":"2026-03-21 01:42:26"}
{"level":"info","message":"Получение ожидающих приглашений пользователя","timestamp":"2026-03-21 01:42:26","userId":1}
{"level":"info","message":"Получение ожидающих приглашений пользователя","timestamp":"2026-03-21 01:42:26","userId":1}
{"level":"info","message":"Получение заданий для пользователя ID: 1","timestamp":"2026-03-21 01:42:26"}
{"level":"info","message":"Получение ожидающих приглашений пользователя","timestamp":"2026-03-21 01:42:26","userId":1}
{"level":"info","message":"Получение ожидающих приглашений пользователя","timestamp":"2026-03-21 01:42:26","userId":1}
{"level":"info","message":"Получение заданий для пользователя ID: 1","timestamp":"2026-03-21 01:42:26"}
{"level":"info","message":"Получение заданий для пользователя ID: 1","timestamp":"2026-03-21 01:42:26"}
{"assignmentId":32,"level":"info","message":"Получение состава команды проекта","timestamp":"2026-03-21 01:42:26"}
{"level":"info","message":"Получение заданий для пользователя ID: 1","timestamp":"2026-03-21 01:42:26"}
{"level":"info","message":"Получение ожидающих приглашений пользователя","timestamp":"2026-03-21 01:42:26","userId":1}
{"assignmentId":32,"level":"info","message":"Получение состава команды проекта","timestamp":"2026-03-21 01:42:26"}
{"assignmentId":32,"level":"info","message":"Получение состава команды проекта","timestamp":"2026-03-21 01:42:26"}
{"assignmentId":32,"level":"info","message":"Получение состава команды проекта","timestamp":"2026-03-21 01:42:26"}
{"assignmentId":32,"level":"info","message":"Получение состава команды проекта","timestamp":"2026-03-21 01:42:26"}
{"level":"info","message":"Получение ожидающих приглашений пользователя","timestamp":"2026-03-21 01:42:57","userId":1}
{"level":"info","message":"Получение заданий для пользователя ID: 1","timestamp":"2026-03-21 01:42:57"}
{"level":"info","message":"Получение ожидающих приглашений пользователя","timestamp":"2026-03-21 01:42:57","userId":1}
{"level":"info","message":"Получение заданий для пользователя ID: 1","timestamp":"2026-03-21 01:42:57"}
{"level":"info","message":"Получение заданий для пользователя ID: 1","timestamp":"2026-03-21 01:42:57"}
{"level":"info","message":"Получение ожидающих приглашений пользователя","timestamp":"2026-03-21 01:42:57","userId":1}
{"assignmentId":24,"level":"info","message":"Получение состава команды проекта","timestamp":"2026-03-21 01:43:15"}
{"assignmentId":24,"level":"info","message":"Получение состава команды проекта","timestamp":"2026-03-21 01:43:15"}
{"assignmentId":31,"level":"info","message":"Получение состава команды проекта","timestamp":"2026-03-21 01:43:15"}
{"assignmentId":31,"level":"info","message":"Получение состава команды проекта","timestamp":"2026-03-21 01:43:15"}
{"assignmentId":32,"level":"info","message":"Получение состава команды проекта","timestamp":"2026-03-21 01:43:16"}
{"assignmentId":32,"level":"info","message":"Получение состава команды проекта","timestamp":"2026-03-21 01:43:16"}
{"level":"info","message":"Получение заданий для пользователя ID: 1","timestamp":"2026-03-21 01:43:47"}
{"level":"info","message":"Получение ожидающих приглашений пользователя","timestamp":"2026-03-21 01:43:47","userId":1}
{"level":"info","message":"Получение заданий для пользователя ID: 1","timestamp":"2026-03-21 01:43:47"}
{"level":"info","message":"Получение ожидающих приглашений пользователя","timestamp":"2026-03-21 01:43:47","userId":1}
{"level":"info","message":"Получение заданий для пользователя ID: 1","timestamp":"2026-03-21 01:43:47"}
{"level":"info","message":"Получение ожидающих приглашений пользователя","timestamp":"2026-03-21 01:43:47","userId":1}
{"level":"info","message":"Получение ожидающих приглашений пользователя","timestamp":"2026-03-21 01:45:16","userId":1}
{"level":"info","message":"Получение ожидающих приглашений пользователя","timestamp":"2026-03-21 01:45:16","userId":1}
{"level":"info","message":"Получение заданий для пользователя ID: 1","timestamp":"2026-03-21 01:45:16"}
{"level":"info","message":"Получение ожидающих приглашений пользователя","timestamp":"2026-03-21 01:45:16","userId":1}
{"level":"info","message":"Получение заданий для пользователя ID: 1","timestamp":"2026-03-21 01:45:16"}
{"level":"info","message":"Получение ожидающих приглашений пользователя","timestamp":"2026-03-21 01:45:16","userId":1}
{"level":"info","message":"Получение заданий для пользователя ID: 1","timestamp":"2026-03-21 01:45:16"}
{"level":"info","message":"Получение заданий для пользователя ID: 1","timestamp":"2026-03-21 01:45:16"}
{"assignmentId":32,"level":"info","message":"Получение состава команды проекта","timestamp":"2026-03-21 01:45:16"}
{"assignmentId":32,"level":"info","message":"Получение состава команды проекта","timestamp":"2026-03-21 01:45:16"}
{"assignmentId":32,"level":"info","message":"Получение состава команды проекта","timestamp":"2026-03-21 01:45:16"}
{"level":"info","message":"Получение заданий для пользователя ID: 1","timestamp":"2026-03-21 01:45:16"}
{"level":"info","message":"Получение ожидающих приглашений пользователя","timestamp":"2026-03-21 01:45:16","userId":1}
{"assignmentId":32,"level":"info","message":"Получение состава команды проекта","timestamp":"2026-03-21 01:45:16"}
{"level":"info","message":"Получение заданий для пользователя ID: 1","timestamp":"2026-03-21 01:45:26"}
{"level":"info","message":"Получение ожидающих приглашений пользователя","timestamp":"2026-03-21 01:45:26","userId":1}
{"level":"info","message":"Получение ожидающих приглашений пользователя","timestamp":"2026-03-21 01:45:26","userId":1}
{"level":"info","message":"Получение ожидающих приглашений пользователя","timestamp":"2026-03-21 01:45:26","userId":1}
{"level":"info","message":"Получение заданий для пользователя ID: 1","timestamp":"2026-03-21 01:45:26"}
{"level":"info","message":"Получение ожидающих приглашений пользователя","timestamp":"2026-03-21 01:45:26","userId":1}
{"level":"info","message":"Получение заданий для пользователя ID: 1","timestamp":"2026-03-21 01:45:26"}
{"level":"info","message":"Получение заданий для пользователя ID: 1","timestamp":"2026-03-21 01:45:26"}
{"assignmentId":32,"level":"info","message":"Получение состава команды проекта","timestamp":"2026-03-21 01:45:26"}
{"level":"info","message":"Получение ожидающих приглашений пользователя","timestamp":"2026-03-21 01:45:26","userId":1}
{"assignmentId":32,"level":"info","message":"Получение состава команды проекта","timestamp":"2026-03-21 01:45:27"}
{"level":"info","message":"Получение заданий для пользователя ID: 1","timestamp":"2026-03-21 01:45:27"}
{"assignmentId":32,"level":"info","message":"Получение состава команды проекта","timestamp":"2026-03-21 01:45:27"}
{"assignmentId":32,"level":"info","message":"Получение состава команды проекта","timestamp":"2026-03-21 01:45:27"}
{"assignmentId":32,"level":"info","message":"Получение состава команды проекта","timestamp":"2026-03-21 01:45:27"}
{"level":"info","message":"Получение заданий для пользователя ID: 1","timestamp":"2026-03-21 01:45:57"}
{"level":"info","message":"Получение ожидающих приглашений пользователя","timestamp":"2026-03-21 01:45:57","userId":1}
{"level":"info","message":"Получение заданий для пользователя ID: 1","timestamp":"2026-03-21 01:45:57"}
{"level":"info","message":"Получение ожидающих приглашений пользователя","timestamp":"2026-03-21 01:45:57","userId":1}
{"level":"info","message":"Получение заданий для пользователя ID: 1","timestamp":"2026-03-21 01:45:57"}
{"level":"info","message":"Получение ожидающих приглашений пользователя","timestamp":"2026-03-21 01:45:57","userId":1}
{"level":"warn","message":"Attempt to set audit user without userId","timestamp":"2026-03-21 01:46:09"}
{"level":"info","message":"Task status updated with audit","newStatus":3,"taskId":180,"timestamp":"2026-03-21 01:46:09"}
{"level":"info","message":"Получение заданий для пользователя ID: 1","timestamp":"2026-03-21 01:46:09"}
{"level":"info","message":"Получение заданий для пользователя ID: 1","timestamp":"2026-03-21 01:46:09"}
{"level":"info","message":"Получение ожидающих приглашений пользователя","timestamp":"2026-03-21 01:46:09","userId":1}
{"level":"info","message":"Получение заданий для пользователя ID: 1","timestamp":"2026-03-21 01:46:11"}
{"level":"info","message":"Получение заданий для пользователя ID: 1","timestamp":"2026-03-21 01:46:11"}
{"level":"info","message":"Получение ожидающих приглашений пользователя","timestamp":"2026-03-21 01:46:11","userId":1}
{"level":"info","message":"Получение ожидающих приглашений пользователя","timestamp":"2026-03-21 01:46:12","userId":1}
{"assignmentId":32,"level":"info","message":"Получение состава команды проекта","timestamp":"2026-03-21 01:46:12"}
{"assignmentId":32,"level":"info","message":"Получение состава команды проекта","timestamp":"2026-03-21 01:46:12"}
{"level":"info","message":"Получение заданий для пользователя ID: 1","timestamp":"2026-03-21 01:46:12"}
{"level":"info","message":"Получение ожидающих приглашений пользователя","timestamp":"2026-03-21 01:46:12","userId":1}
{"assignmentId":32,"level":"info","message":"Получение состава команды проекта","timestamp":"2026-03-21 01:46:12"}
{"level":"info","message":"Получение ожидающих приглашений пользователя","timestamp":"2026-03-21 01:46:12","userId":1}
{"assignmentId":32,"level":"info","message":"Получение состава команды проекта","timestamp":"2026-03-21 01:46:12"}
{"level":"info","message":"Получение заданий для пользователя ID: 1","timestamp":"2026-03-21 01:46:12"}
{"level":"info","message":"Получение заданий для пользователя ID: 1","timestamp":"2026-03-21 01:46:12"}
{"level":"info","message":"Получение ожидающих приглашений пользователя","timestamp":"2026-03-21 01:46:12","userId":1}
{"level":"info","message":"Получение заданий для пользователя ID: 1","timestamp":"2026-03-21 01:46:12"}
{"level":"info","message":"Получение ожидающих приглашений пользователя","timestamp":"2026-03-21 01:46:12","userId":1}
{"level":"info","message":"Получение заданий для пользователя ID: 1","timestamp":"2026-03-21 01:46:43"}
{"level":"info","message":"Получение ожидающих приглашений пользователя","timestamp":"2026-03-21 01:46:43","userId":1}
{"level":"info","message":"Получение заданий для пользователя ID: 1","timestamp":"2026-03-21 01:46:43"}
{"level":"info","message":"Получение ожидающих приглашений пользователя","timestamp":"2026-03-21 01:46:43","userId":1}
{"level":"info","message":"Получение заданий для пользователя ID: 1","timestamp":"2026-03-21 01:46:43"}
{"level":"info","message":"Получение ожидающих приглашений пользователя","timestamp":"2026-03-21 01:46:43","userId":1}
{"level":"info","message":"Получение заданий для пользователя ID: 1","timestamp":"2026-03-21 01:46:55"}
{"level":"info","message":"Получение ожидающих приглашений пользователя","timestamp":"2026-03-21 01:46:55","userId":1}
{"level":"info","message":"Получение ожидающих приглашений пользователя","timestamp":"2026-03-21 01:46:55","userId":1}
{"level":"info","message":"Получение заданий для пользователя ID: 1","timestamp":"2026-03-21 01:46:55"}
{"level":"info","message":"Получение ожидающих приглашений пользователя","timestamp":"2026-03-21 01:46:55","userId":1}
{"level":"info","message":"Получение ожидающих приглашений пользователя","timestamp":"2026-03-21 01:46:55","userId":1}
{"level":"info","message":"Получение ожидающих приглашений пользователя","timestamp":"2026-03-21 01:46:55","userId":1}
{"level":"info","message":"Получение заданий для пользователя ID: 1","timestamp":"2026-03-21 01:46:55"}
{"level":"info","message":"Получение заданий для пользователя ID: 1","timestamp":"2026-03-21 01:46:55"}
{"level":"info","message":"Получение заданий для пользователя ID: 1","timestamp":"2026-03-21 01:46:55"}
{"assignmentId":32,"level":"info","message":"Получение состава команды проекта","timestamp":"2026-03-21 01:46:56"}
{"assignmentId":32,"level":"info","message":"Получение состава команды проекта","timestamp":"2026-03-21 01:46:56"}
{"assignmentId":32,"level":"info","message":"Получение состава команды проекта","timestamp":"2026-03-21 01:46:56"}
{"assignmentId":32,"level":"info","message":"Получение состава команды проекта","timestamp":"2026-03-21 01:46:56"}
{"assignmentId":32,"level":"info","message":"Получение состава команды проекта","timestamp":"2026-03-21 01:46:56"}
{"assignmentId":32,"level":"info","message":"Получение состава команды проекта","timestamp":"2026-03-21 01:46:56"}
{"level":"info","message":"Получение заданий для пользователя ID: 3","timestamp":"2026-03-21 01:47:05"}
{"level":"info","message":"Получение ожидающих приглашений пользователя","timestamp":"2026-03-21 01:47:05","userId":3}
{"level":"info","message":"Получение заданий для пользователя ID: 3","timestamp":"2026-03-21 01:47:05"}
{"level":"info","message":"Получение ожидающих приглашений пользователя","timestamp":"2026-03-21 01:47:05","userId":3}
{"level":"info","message":"Получение ожидающих приглашений пользователя","timestamp":"2026-03-21 01:47:05","userId":3}
{"level":"info","message":"Получение заданий для пользователя ID: 3","timestamp":"2026-03-21 01:47:05"}
{"assignmentId":35,"level":"info","message":"Получение состава команды проекта","timestamp":"2026-03-21 01:47:05"}
{"assignmentId":35,"level":"info","message":"Получение состава команды проекта","timestamp":"2026-03-21 01:47:05"}
{"assignmentId":35,"level":"info","message":"Получение состава команды проекта","timestamp":"2026-03-21 01:47:05"}
{"level":"info","message":"Получение заданий для пользователя ID: 3","timestamp":"2026-03-21 01:47:05"}
{"level":"info","message":"Получение ожидающих приглашений пользователя","timestamp":"2026-03-21 01:47:05","userId":3}
{"level":"info","message":"Получение ожидающих приглашений пользователя","timestamp":"2026-03-21 01:47:05","userId":3}
{"level":"info","message":"Получение заданий для пользователя ID: 3","timestamp":"2026-03-21 01:47:05"}
{"assignmentId":35,"level":"info","message":"Получение состава команды проекта","timestamp":"2026-03-21 01:47:05"}
{"level":"info","message":"Получение заданий для пользователя ID: 3","timestamp":"2026-03-21 01:47:36"}
{"level":"info","message":"Получение ожидающих приглашений пользователя","timestamp":"2026-03-21 01:47:36","userId":3}
{"level":"info","message":"Получение заданий для пользователя ID: 3","timestamp":"2026-03-21 01:47:36"}
{"level":"info","message":"Получение ожидающих приглашений пользователя","timestamp":"2026-03-21 01:47:36","userId":3}
{"level":"info","message":"Получение заданий для пользователя ID: 3","timestamp":"2026-03-21 01:47:36"}
{"level":"info","message":"Получение ожидающих приглашений пользователя","timestamp":"2026-03-21 01:47:36","userId":3}
{"level":"info","message":"Получение заданий для пользователя ID: 3","timestamp":"2026-03-21 01:48:07"}
{"level":"info","message":"Получение ожидающих приглашений пользователя","timestamp":"2026-03-21 01:48:07","userId":3}
{"level":"info","message":"Получение заданий для пользователя ID: 3","timestamp":"2026-03-21 01:48:07"}
{"level":"info","message":"Получение ожидающих приглашений пользователя","timestamp":"2026-03-21 01:48:07","userId":3}
{"level":"info","message":"Получение заданий для пользователя ID: 3","timestamp":"2026-03-21 01:48:07"}
{"level":"info","message":"Получение ожидающих приглашений пользователя","timestamp":"2026-03-21 01:48:07","userId":3}
{"level":"info","message":"Получение заданий для пользователя ID: 3","timestamp":"2026-03-21 01:48:38"}
{"level":"info","message":"Получение ожидающих приглашений пользователя","timestamp":"2026-03-21 01:48:38","userId":3}
{"level":"info","message":"Получение ожидающих приглашений пользователя","timestamp":"2026-03-21 01:48:38","userId":3}
{"level":"info","message":"Получение заданий для пользователя ID: 3","timestamp":"2026-03-21 01:48:38"}
{"level":"info","message":"Получение ожидающих приглашений пользователя","timestamp":"2026-03-21 01:48:38","userId":3}
{"level":"info","message":"Получение заданий для пользователя ID: 3","timestamp":"2026-03-21 01:48:38"}
{"level":"info","message":"Получение заданий для пользователя ID: 3","timestamp":"2026-03-21 01:49:09"}
{"level":"info","message":"Получение ожидающих приглашений пользователя","timestamp":"2026-03-21 01:49:09","userId":3}
{"level":"info","message":"Получение ожидающих приглашений пользователя","timestamp":"2026-03-21 01:49:09","userId":3}
{"level":"info","message":"Получение заданий для пользователя ID: 3","timestamp":"2026-03-21 01:49:09"}
{"level":"info","message":"Получение заданий для пользователя ID: 3","timestamp":"2026-03-21 01:49:09"}
{"level":"info","message":"Получение ожидающих приглашений пользователя","timestamp":"2026-03-21 01:49:09","userId":3}
{"level":"info","message":"Получение заданий для пользователя ID: 3","timestamp":"2026-03-21 01:49:40"}
{"level":"info","message":"Получение ожидающих приглашений пользователя","timestamp":"2026-03-21 01:49:40","userId":3}
{"level":"info","message":"Получение заданий для пользователя ID: 3","timestamp":"2026-03-21 01:49:40"}
{"level":"info","message":"Получение ожидающих приглашений пользователя","timestamp":"2026-03-21 01:49:40","userId":3}
{"level":"info","message":"Получение заданий для пользователя ID: 3","timestamp":"2026-03-21 01:49:40"}
{"level":"info","message":"Получение ожидающих приглашений пользователя","timestamp":"2026-03-21 01:49:40","userId":3}
{"level":"info","message":"Получение ожидающих приглашений пользователя","timestamp":"2026-03-21 01:50:11","userId":3}
{"level":"info","message":"Получение заданий для пользователя ID: 3","timestamp":"2026-03-21 01:50:11"}
{"level":"info","message":"Получение ожидающих приглашений пользователя","timestamp":"2026-03-21 01:50:11","userId":3}
{"level":"info","message":"Получение заданий для пользователя ID: 3","timestamp":"2026-03-21 01:50:11"}
{"level":"info","message":"Получение ожидающих приглашений пользователя","timestamp":"2026-03-21 01:50:11","userId":3}
{"level":"info","message":"Получение заданий для пользователя ID: 3","timestamp":"2026-03-21 01:50:11"}
{"level":"info","message":"Получение заданий для пользователя ID: 3","timestamp":"2026-03-21 01:50:42"}
{"level":"info","message":"Получение ожидающих приглашений пользователя","timestamp":"2026-03-21 01:50:42","userId":3}
{"level":"info","message":"Получение ожидающих приглашений пользователя","timestamp":"2026-03-21 01:50:42","userId":3}
{"level":"info","message":"Получение заданий для пользователя ID: 3","timestamp":"2026-03-21 01:50:42"}
{"level":"info","message":"Получение заданий для пользователя ID: 3","timestamp":"2026-03-21 01:50:42"}
{"level":"info","message":"Получение ожидающих приглашений пользователя","timestamp":"2026-03-21 01:50:42","userId":3}
{"level":"info","message":"Получение заданий для пользователя ID: 3","timestamp":"2026-03-21 01:51:12"}
{"level":"info","message":"Получение ожидающих приглашений пользователя","timestamp":"2026-03-21 01:51:12","userId":3}
{"level":"info","message":"Получение ожидающих приглашений пользователя","timestamp":"2026-03-21 01:51:12","userId":3}
{"level":"info","message":"Получение заданий для пользователя ID: 3","timestamp":"2026-03-21 01:51:12"}
{"level":"info","message":"Получение заданий для пользователя ID: 3","timestamp":"2026-03-21 01:51:12"}
{"level":"info","message":"Получение ожидающих приглашений пользователя","timestamp":"2026-03-21 01:51:12","userId":3}
{"level":"warn","message":"Attempt to set audit user without userId","timestamp":"2026-03-21 01:51:30"}
{"level":"info","message":"Task status updated with audit","newStatus":3,"taskId":178,"timestamp":"2026-03-21 01:51:30"}
{"level":"info","message":"Получение заданий для пользователя ID: 3","timestamp":"2026-03-21 01:51:30"}
{"level":"info","message":"Получение заданий для пользователя ID: 3","timestamp":"2026-03-21 01:51:30"}
{"level":"info","message":"Получение ожидающих приглашений пользователя","timestamp":"2026-03-21 01:51:30","userId":3}
{"level":"info","message":"Получение заданий для пользователя ID: 3","timestamp":"2026-03-21 01:51:34"}
{"level":"info","message":"Получение ожидающих приглашений пользователя","timestamp":"2026-03-21 01:51:34","userId":3}
{"level":"info","message":"Получение заданий для пользователя ID: 3","timestamp":"2026-03-21 01:51:34"}
{"level":"info","message":"Получение ожидающих приглашений пользователя","timestamp":"2026-03-21 01:51:34","userId":3}
{"assignmentId":35,"level":"info","message":"Получение состава команды проекта","timestamp":"2026-03-21 01:51:34"}
{"assignmentId":35,"level":"info","message":"Получение состава команды проекта","timestamp":"2026-03-21 01:51:34"}
{"assignmentId":35,"level":"info","message":"Получение состава команды проекта","timestamp":"2026-03-21 01:51:34"}
{"level":"info","message":"Получение заданий для пользователя ID: 3","timestamp":"2026-03-21 01:51:34"}
{"level":"info","message":"Получение ожидающих приглашений пользователя","timestamp":"2026-03-21 01:51:34","userId":3}
{"level":"info","message":"Получение ожидающих приглашений пользователя","timestamp":"2026-03-21 01:51:34","userId":3}
{"level":"info","message":"Получение заданий для пользователя ID: 3","timestamp":"2026-03-21 01:51:34"}
{"assignmentId":35,"level":"info","message":"Получение состава команды проекта","timestamp":"2026-03-21 01:51:34"}
{"level":"info","message":"Получение заданий для пользователя ID: 3","timestamp":"2026-03-21 01:51:34"}
{"level":"info","message":"Получение ожидающих приглашений пользователя","timestamp":"2026-03-21 01:51:34","userId":3}
{"level":"info","message":"Получение ожидающих приглашений пользователя","timestamp":"2026-03-21 01:51:34","userId":3}
{"level":"info","message":"Получение заданий для пользователя ID: 3","timestamp":"2026-03-21 01:51:34"}
{"level":"info","message":"Получение ожидающих приглашений пользователя","timestamp":"2026-03-21 01:52:05","userId":3}
{"level":"info","message":"Получение заданий для пользователя ID: 3","timestamp":"2026-03-21 01:52:05"}
{"level":"info","message":"Получение заданий для пользователя ID: 3","timestamp":"2026-03-21 01:52:05"}
{"level":"info","message":"Получение ожидающих приглашений пользователя","timestamp":"2026-03-21 01:52:05","userId":3}
{"level":"info","message":"Получение заданий для пользователя ID: 3","timestamp":"2026-03-21 01:52:05"}
{"level":"info","message":"Получение ожидающих приглашений пользователя","timestamp":"2026-03-21 01:52:05","userId":3}
{"level":"info","message":"Получение заданий для пользователя ID: 3","timestamp":"2026-03-21 01:52:36"}
{"level":"info","message":"Получение ожидающих приглашений пользователя","timestamp":"2026-03-21 01:52:36","userId":3}
{"level":"info","message":"Получение заданий для пользователя ID: 3","timestamp":"2026-03-21 01:52:36"}
{"level":"info","message":"Получение ожидающих приглашений пользователя","timestamp":"2026-03-21 01:52:36","userId":3}
{"level":"info","message":"Получение заданий для пользователя ID: 3","timestamp":"2026-03-21 01:52:36"}
{"level":"info","message":"Получение ожидающих приглашений пользователя","timestamp":"2026-03-21 01:52:36","userId":3}
{"level":"info","message":"Получение ожидающих приглашений пользователя","timestamp":"2026-03-21 01:53:07","userId":3}
{"level":"info","message":"Получение заданий для пользователя ID: 3","timestamp":"2026-03-21 01:53:07"}
{"level":"info","message":"Получение ожидающих приглашений пользователя","timestamp":"2026-03-21 01:53:07","userId":3}
{"level":"info","message":"Получение заданий для пользователя ID: 3","timestamp":"2026-03-21 01:53:07"}
{"level":"info","message":"Получение заданий для пользователя ID: 3","timestamp":"2026-03-21 01:53:07"}
{"level":"info","message":"Получение ожидающих приглашений пользователя","timestamp":"2026-03-21 01:53:07","userId":3}
{"level":"info","message":"Получение заданий для пользователя ID: 3","timestamp":"2026-03-21 01:53:38"}
{"level":"info","message":"Получение ожидающих приглашений пользователя","timestamp":"2026-03-21 01:53:38","userId":3}
{"level":"info","message":"Получение заданий для пользователя ID: 3","timestamp":"2026-03-21 01:53:38"}
{"level":"info","message":"Получение ожидающих приглашений пользователя","timestamp":"2026-03-21 01:53:38","userId":3}
{"level":"info","message":"Получение заданий для пользователя ID: 3","timestamp":"2026-03-21 01:53:38"}
{"level":"info","message":"Получение ожидающих приглашений пользователя","timestamp":"2026-03-21 01:53:38","userId":3}
{"level":"info","message":"Получение ожидающих приглашений пользователя","timestamp":"2026-03-21 01:54:09","userId":3}
{"level":"info","message":"Получение заданий для пользователя ID: 3","timestamp":"2026-03-21 01:54:09"}
{"level":"info","message":"Получение ожидающих приглашений пользователя","timestamp":"2026-03-21 01:54:09","userId":3}
{"level":"info","message":"Получение заданий для пользователя ID: 3","timestamp":"2026-03-21 01:54:09"}
{"level":"info","message":"Получение заданий для пользователя ID: 3","timestamp":"2026-03-21 01:54:09"}
{"level":"info","message":"Получение ожидающих приглашений пользователя","timestamp":"2026-03-21 01:54:09","userId":3}
{"level":"info","message":"Получение заданий для пользователя ID: 3","timestamp":"2026-03-21 01:54:40"}
{"level":"info","message":"Получение ожидающих приглашений пользователя","timestamp":"2026-03-21 01:54:40","userId":3}
{"level":"info","message":"Получение ожидающих приглашений пользователя","timestamp":"2026-03-21 01:54:40","userId":3}
{"level":"info","message":"Получение заданий для пользователя ID: 3","timestamp":"2026-03-21 01:54:40"}
{"level":"info","message":"Получение заданий для пользователя ID: 3","timestamp":"2026-03-21 01:54:40"}
{"level":"info","message":"Получение ожидающих приглашений пользователя","timestamp":"2026-03-21 01:54:40","userId":3}
{"level":"info","message":"Получение заданий для пользователя ID: 3","timestamp":"2026-03-21 01:55:11"}
{"level":"info","message":"Получение ожидающих приглашений пользователя","timestamp":"2026-03-21 01:55:11","userId":3}
{"level":"info","message":"Получение заданий для пользователя ID: 3","timestamp":"2026-03-21 01:55:11"}
{"level":"info","message":"Получение ожидающих приглашений пользователя","timestamp":"2026-03-21 01:55:11","userId":3}
{"level":"info","message":"Получение заданий для пользователя ID: 3","timestamp":"2026-03-21 01:55:11"}
{"level":"info","message":"Получение ожидающих приглашений пользователя","timestamp":"2026-03-21 01:55:11","userId":3}
{"level":"info","message":"Получение ожидающих приглашений пользователя","timestamp":"2026-03-21 01:55:42","userId":3}
{"level":"info","message":"Получение заданий для пользователя ID: 3","timestamp":"2026-03-21 01:55:42"}
{"level":"info","message":"Получение ожидающих приглашений пользователя","timestamp":"2026-03-21 01:55:42","userId":3}
{"level":"info","message":"Получение заданий для пользователя ID: 3","timestamp":"2026-03-21 01:55:42"}
{"level":"info","message":"Получение заданий для пользователя ID: 3","timestamp":"2026-03-21 01:55:42"}
{"level":"info","message":"Получение ожидающих приглашений пользователя","timestamp":"2026-03-21 01:55:42","userId":3}
{"level":"info","message":"Получение ожидающих приглашений пользователя","timestamp":"2026-03-21 01:56:13","userId":3}
{"level":"info","message":"Получение заданий для пользователя ID: 3","timestamp":"2026-03-21 01:56:13"}
{"level":"info","message":"Получение ожидающих приглашений пользователя","timestamp":"2026-03-21 01:56:13","userId":3}
{"level":"info","message":"Получение заданий для пользователя ID: 3","timestamp":"2026-03-21 01:56:13"}
{"level":"info","message":"Получение заданий для пользователя ID: 3","timestamp":"2026-03-21 01:56:13"}
{"level":"info","message":"Получение ожидающих приглашений пользователя","timestamp":"2026-03-21 01:56:13","userId":3}
{"level":"info","message":"Получение заданий для пользователя ID: 3","timestamp":"2026-03-21 01:56:44"}
{"level":"info","message":"Получение ожидающих приглашений пользователя","timestamp":"2026-03-21 01:56:44","userId":3}
{"level":"info","message":"Получение заданий для пользователя ID: 3","timestamp":"2026-03-21 01:56:44"}
{"level":"info","message":"Получение ожидающих приглашений пользователя","timestamp":"2026-03-21 01:56:44","userId":3}
{"level":"info","message":"Получение заданий для пользователя ID: 3","timestamp":"2026-03-21 01:56:44"}
{"level":"info","message":"Получение ожидающих приглашений пользователя","timestamp":"2026-03-21 01:56:44","userId":3}
{"level":"info","message":"Получение заданий для пользователя ID: 3","timestamp":"2026-03-21 01:57:15"}
{"level":"info","message":"Получение ожидающих приглашений пользователя","timestamp":"2026-03-21 01:57:15","userId":3}
{"level":"info","message":"Получение заданий для пользователя ID: 3","timestamp":"2026-03-21 01:57:15"}
{"level":"info","message":"Получение ожидающих приглашений пользователя","timestamp":"2026-03-21 01:57:15","userId":3}
{"level":"info","message":"Получение заданий для пользователя ID: 3","timestamp":"2026-03-21 01:57:15"}
{"level":"info","message":"Получение ожидающих приглашений пользователя","timestamp":"2026-03-21 01:57:15","userId":3}
{"level":"info","message":"Получение заданий для пользователя ID: 3","timestamp":"2026-03-21 01:57:19"}
{"level":"info","message":"Получение ожидающих приглашений пользователя","timestamp":"2026-03-21 01:57:19","userId":3}
{"level":"info","message":"Получение ожидающих приглашений пользователя","timestamp":"2026-03-21 01:57:19","userId":3}
{"level":"info","message":"Получение заданий для пользователя ID: 3","timestamp":"2026-03-21 01:57:19"}
{"assignmentId":35,"level":"info","message":"Получение состава команды проекта","timestamp":"2026-03-21 01:57:19"}
{"assignmentId":35,"level":"info","message":"Получение состава команды проекта","timestamp":"2026-03-21 01:57:19"}
{"assignmentId":35,"level":"info","message":"Получение состава команды проекта","timestamp":"2026-03-21 01:57:19"}
{"level":"info","message":"Получение заданий для пользователя ID: 3","timestamp":"2026-03-21 01:57:19"}
{"level":"info","message":"Получение ожидающих приглашений пользователя","timestamp":"2026-03-21 01:57:19","userId":3}
{"assignmentId":35,"level":"info","message":"Получение состава команды проекта","timestamp":"2026-03-21 01:57:19"}
{"level":"info","message":"Получение заданий для пользователя ID: 3","timestamp":"2026-03-21 01:57:19"}
{"level":"info","message":"Получение ожидающих приглашений пользователя","timestamp":"2026-03-21 01:57:19","userId":3}
{"level":"info","message":"Получение заданий для пользователя ID: 3","timestamp":"2026-03-21 01:57:19"}
{"level":"info","message":"Получение ожидающих приглашений пользователя","timestamp":"2026-03-21 01:57:19","userId":3}
{"level":"info","message":"Получение заданий для пользователя ID: 3","timestamp":"2026-03-21 01:57:50"}
{"level":"info","message":"Получение ожидающих приглашений пользователя","timestamp":"2026-03-21 01:57:50","userId":3}
{"level":"info","message":"Получение заданий для пользователя ID: 3","timestamp":"2026-03-21 01:57:50"}
{"level":"info","message":"Получение ожидающих приглашений пользователя","timestamp":"2026-03-21 01:57:50","userId":3}
{"level":"info","message":"Получение заданий для пользователя ID: 3","timestamp":"2026-03-21 01:57:50"}
{"level":"info","message":"Получение ожидающих приглашений пользователя","timestamp":"2026-03-21 01:57:50","userId":3}
{"level":"info","message":"Получение ожидающих приглашений пользователя","timestamp":"2026-03-21 01:58:20","userId":3}
{"level":"info","message":"Получение заданий для пользователя ID: 3","timestamp":"2026-03-21 01:58:20"}
{"level":"info","message":"Получение ожидающих приглашений пользователя","timestamp":"2026-03-21 01:58:20","userId":3}
{"level":"info","message":"Получение заданий для пользователя ID: 3","timestamp":"2026-03-21 01:58:20"}
{"level":"info","message":"Получение заданий для пользователя ID: 3","timestamp":"2026-03-21 01:58:20"}
{"level":"info","message":"Получение ожидающих приглашений пользователя","timestamp":"2026-03-21 01:58:20","userId":3}
{"level":"warn","message":"Attempt to set audit user without userId","timestamp":"2026-03-21 01:58:29"}
{"level":"info","message":"Task status updated with audit","newStatus":1,"taskId":178,"timestamp":"2026-03-21 01:58:29"}
{"level":"info","message":"Получение заданий для пользователя ID: 3","timestamp":"2026-03-21 01:58:31"}
{"level":"info","message":"Получение заданий для пользователя ID: 3","timestamp":"2026-03-21 01:58:31"}
{"level":"info","message":"Получение ожидающих приглашений пользователя","timestamp":"2026-03-21 01:58:31","userId":3}
{"level":"info","message":"Получение ожидающих приглашений пользователя","timestamp":"2026-03-21 01:58:31","userId":3}
{"level":"info","message":"Получение заданий для пользователя ID: 3","timestamp":"2026-03-21 01:58:31"}
{"level":"info","message":"Получение ожидающих приглашений пользователя","timestamp":"2026-03-21 01:58:31","userId":3}
{"level":"info","message":"Получение ожидающих приглашений пользователя","timestamp":"2026-03-21 01:58:31","userId":3}
{"level":"info","message":"Получение заданий для пользователя ID: 3","timestamp":"2026-03-21 01:58:31"}
{"level":"info","message":"Получение ожидающих приглашений пользователя","timestamp":"2026-03-21 01:58:31","userId":3}
{"level":"info","message":"Получение заданий для пользователя ID: 3","timestamp":"2026-03-21 01:58:31"}
{"assignmentId":35,"level":"info","message":"Получение состава команды проекта","timestamp":"2026-03-21 01:58:32"}
{"assignmentId":35,"level":"info","message":"Получение состава команды проекта","timestamp":"2026-03-21 01:58:32"}
{"assignmentId":35,"level":"info","message":"Получение состава команды проекта","timestamp":"2026-03-21 01:58:32"}
{"assignmentId":35,"level":"info","message":"Получение состава команды проекта","timestamp":"2026-03-21 01:58:32"}
{"assignmentId":35,"level":"info","message":"Получение состава команды проекта","timestamp":"2026-03-21 01:58:32"}
{"assignmentId":35,"level":"info","message":"Получение состава команды проекта","timestamp":"2026-03-21 01:58:32"}
{"level":"warn","message":"Attempt to set audit user without userId","timestamp":"2026-03-21 01:58:37"}
{"level":"info","message":"Task status updated with audit","newStatus":4,"taskId":178,"timestamp":"2026-03-21 01:58:37"}
{"level":"info","message":"Получение заданий для пользователя ID: 3","timestamp":"2026-03-21 01:58:37"}
{"level":"info","message":"Получение заданий для пользователя ID: 3","timestamp":"2026-03-21 01:58:37"}
{"level":"info","message":"Получение ожидающих приглашений пользователя","timestamp":"2026-03-21 01:58:37","userId":3}
{"level":"warn","message":"Attempt to set audit user without userId","timestamp":"2026-03-21 01:58:39"}
{"level":"info","message":"Task status updated with audit","newStatus":4,"taskId":178,"timestamp":"2026-03-21 01:58:39"}
{"level":"info","message":"Получение заданий для пользователя ID: 3","timestamp":"2026-03-21 01:58:39"}
{"level":"info","message":"Получение заданий для пользователя ID: 3","timestamp":"2026-03-21 01:58:39"}
{"level":"info","message":"Получение ожидающих приглашений пользователя","timestamp":"2026-03-21 01:58:39","userId":3}
{"level":"info","message":"Получение заданий для пользователя ID: 3","timestamp":"2026-03-21 01:59:02"}
{"level":"info","message":"Получение ожидающих приглашений пользователя","timestamp":"2026-03-21 01:59:02","userId":3}
{"level":"info","message":"Получение заданий для пользователя ID: 3","timestamp":"2026-03-21 01:59:02"}
{"level":"info","message":"Получение ожидающих приглашений пользователя","timestamp":"2026-03-21 01:59:02","userId":3}
{"level":"info","message":"Получение заданий для пользователя ID: 3","timestamp":"2026-03-21 01:59:02"}
{"level":"info","message":"Получение ожидающих приглашений пользователя","timestamp":"2026-03-21 01:59:02","userId":3}
{"level":"info","message":"Получение заданий для пользователя ID: 3","timestamp":"2026-03-21 01:59:33"}
{"level":"info","message":"Получение ожидающих приглашений пользователя","timestamp":"2026-03-21 01:59:33","userId":3}
{"level":"info","message":"Получение заданий для пользователя ID: 3","timestamp":"2026-03-21 01:59:33"}
{"level":"info","message":"Получение ожидающих приглашений пользователя","timestamp":"2026-03-21 01:59:33","userId":3}
{"level":"info","message":"Получение заданий для пользователя ID: 3","timestamp":"2026-03-21 01:59:33"}
{"level":"info","message":"Получение ожидающих приглашений пользователя","timestamp":"2026-03-21 01:59:33","userId":3}
{"level":"info","message":"Получение заданий для пользователя ID: 3","timestamp":"2026-03-21 02:00:04"}
{"level":"info","message":"Получение ожидающих приглашений пользователя","timestamp":"2026-03-21 02:00:04","userId":3}
{"level":"info","message":"Получение заданий для пользователя ID: 3","timestamp":"2026-03-21 02:00:04"}
{"level":"info","message":"Получение ожидающих приглашений пользователя","timestamp":"2026-03-21 02:00:04","userId":3}
{"level":"info","message":"Получение заданий для пользователя ID: 3","timestamp":"2026-03-21 02:00:04"}
{"level":"info","message":"Получение ожидающих приглашений пользователя","timestamp":"2026-03-21 02:00:04","userId":3}
{"level":"info","message":"Получение заданий для пользователя ID: 3","timestamp":"2026-03-21 02:00:35"}
{"level":"info","message":"Получение ожидающих приглашений пользователя","timestamp":"2026-03-21 02:00:35","userId":3}
{"level":"info","message":"Получение заданий для пользователя ID: 3","timestamp":"2026-03-21 02:00:35"}
{"level":"info","message":"Получение ожидающих приглашений пользователя","timestamp":"2026-03-21 02:00:35","userId":3}
{"level":"info","message":"Получение ожидающих приглашений пользователя","timestamp":"2026-03-21 02:00:35","userId":3}
{"level":"info","message":"Получение заданий для пользователя ID: 3","timestamp":"2026-03-21 02:00:35"}
{"level":"info","message":"Получение заданий для пользователя ID: 3","timestamp":"2026-03-21 02:00:40"}
{"level":"info","message":"Получение ожидающих приглашений пользователя","timestamp":"2026-03-21 02:00:40","userId":3}
{"level":"info","message":"Получение ожидающих приглашений пользователя","timestamp":"2026-03-21 02:00:40","userId":3}
{"level":"info","message":"Получение заданий для пользователя ID: 3","timestamp":"2026-03-21 02:00:40"}
{"level":"info","message":"Получение ожидающих приглашений пользователя","timestamp":"2026-03-21 02:00:40","userId":3}
{"level":"info","message":"Получение заданий для пользователя ID: 3","timestamp":"2026-03-21 02:00:40"}
{"assignmentId":35,"level":"info","message":"Получение состава команды проекта","timestamp":"2026-03-21 02:00:40"}
{"level":"info","message":"Получение заданий для пользователя ID: 3","timestamp":"2026-03-21 02:00:40"}
{"level":"info","message":"Получение ожидающих приглашений пользователя","timestamp":"2026-03-21 02:00:40","userId":3}
{"assignmentId":35,"level":"info","message":"Получение состава команды проекта","timestamp":"2026-03-21 02:00:40"}
{"level":"info","message":"Получение ожидающих приглашений пользователя","timestamp":"2026-03-21 02:00:40","userId":3}
{"level":"info","message":"Получение заданий для пользователя ID: 3","timestamp":"2026-03-21 02:00:40"}
{"assignmentId":35,"level":"info","message":"Получение состава команды проекта","timestamp":"2026-03-21 02:00:40"}
{"assignmentId":35,"level":"info","message":"Получение состава команды проекта","timestamp":"2026-03-21 02:00:40"}
{"assignmentId":35,"level":"info","message":"Получение состава команды проекта","timestamp":"2026-03-21 02:00:40"}
{"level":"warn","message":"Attempt to set audit user without userId","timestamp":"2026-03-21 02:00:50"}
{"level":"info","message":"Task status updated with audit","newStatus":1,"taskId":178,"timestamp":"2026-03-21 02:00:50"}
{"level":"info","message":"Получение заданий для пользователя ID: 3","timestamp":"2026-03-21 02:00:52"}
{"level":"info","message":"Получение ожидающих приглашений пользователя","timestamp":"2026-03-21 02:00:52","userId":3}
{"level":"info","message":"Получение заданий для пользователя ID: 3","timestamp":"2026-03-21 02:00:52"}
{"level":"info","message":"Получение ожидающих приглашений пользователя","timestamp":"2026-03-21 02:00:52","userId":3}
{"level":"info","message":"Получение ожидающих приглашений пользователя","timestamp":"2026-03-21 02:00:52","userId":3}
{"level":"info","message":"Получение заданий для пользователя ID: 3","timestamp":"2026-03-21 02:00:52"}
{"assignmentId":35,"level":"info","message":"Получение состава команды проекта","timestamp":"2026-03-21 02:00:52"}
{"level":"info","message":"Получение заданий для пользователя ID: 3","timestamp":"2026-03-21 02:00:52"}
{"assignmentId":35,"level":"info","message":"Получение состава команды проекта","timestamp":"2026-03-21 02:00:52"}
{"level":"info","message":"Получение ожидающих приглашений пользователя","timestamp":"2026-03-21 02:00:52","userId":3}
{"assignmentId":35,"level":"info","message":"Получение состава команды проекта","timestamp":"2026-03-21 02:00:52"}
{"level":"info","message":"Получение ожидающих приглашений пользователя","timestamp":"2026-03-21 02:00:52","userId":3}
{"level":"info","message":"Получение заданий для пользователя ID: 3","timestamp":"2026-03-21 02:00:52"}
{"assignmentId":35,"level":"info","message":"Получение состава команды проекта","timestamp":"2026-03-21 02:00:52"}
{"assignmentId":35,"level":"info","message":"Получение состава команды проекта","timestamp":"2026-03-21 02:00:52"}
{"level":"info","message":"Получение заданий для пользователя ID: 3","timestamp":"2026-03-21 02:01:23"}
{"level":"info","message":"Получение ожидающих приглашений пользователя","timestamp":"2026-03-21 02:01:23","userId":3}
{"level":"info","message":"Получение заданий для пользователя ID: 3","timestamp":"2026-03-21 02:01:23"}
{"level":"info","message":"Получение ожидающих приглашений пользователя","timestamp":"2026-03-21 02:01:23","userId":3}
{"level":"info","message":"Получение заданий для пользователя ID: 3","timestamp":"2026-03-21 02:01:23"}
{"level":"info","message":"Получение ожидающих приглашений пользователя","timestamp":"2026-03-21 02:01:23","userId":3}
{"level":"info","message":"Получение заданий для пользователя ID: 3","timestamp":"2026-03-21 02:01:50"}
{"level":"info","message":"Получение заданий для пользователя ID: 3","timestamp":"2026-03-21 02:01:50"}
{"level":"info","message":"Получение ожидающих приглашений пользователя","timestamp":"2026-03-21 02:01:50","userId":3}
{"level":"info","message":"Получение ожидающих приглашений пользователя","timestamp":"2026-03-21 02:01:50","userId":3}
{"level":"info","message":"Получение заданий для пользователя ID: 3","timestamp":"2026-03-21 02:01:50"}
{"level":"info","message":"Получение ожидающих приглашений пользователя","timestamp":"2026-03-21 02:01:50","userId":3}
{"level":"info","message":"Получение ожидающих приглашений пользователя","timestamp":"2026-03-21 02:01:50","userId":3}
{"level":"info","message":"Получение заданий для пользователя ID: 3","timestamp":"2026-03-21 02:01:50"}
{"level":"info","message":"Получение ожидающих приглашений пользователя","timestamp":"2026-03-21 02:01:50","userId":3}
{"level":"info","message":"Получение заданий для пользователя ID: 3","timestamp":"2026-03-21 02:01:50"}
{"assignmentId":35,"level":"info","message":"Получение состава команды проекта","timestamp":"2026-03-21 02:01:50"}
{"assignmentId":35,"level":"info","message":"Получение состава команды проекта","timestamp":"2026-03-21 02:01:50"}
{"assignmentId":35,"level":"info","message":"Получение состава команды проекта","timestamp":"2026-03-21 02:01:50"}
{"assignmentId":35,"level":"info","message":"Получение состава команды проекта","timestamp":"2026-03-21 02:01:50"}
{"assignmentId":35,"level":"info","message":"Получение состава команды проекта","timestamp":"2026-03-21 02:01:50"}
{"level":"info","message":"Получение заданий для пользователя ID: 3","timestamp":"2026-03-21 02:02:09"}
{"level":"info","message":"Получение ожидающих приглашений пользователя","timestamp":"2026-03-21 02:02:09","userId":3}
{"level":"info","message":"Получение заданий для пользователя ID: 3","timestamp":"2026-03-21 02:02:09"}
{"level":"info","message":"Получение ожидающих приглашений пользователя","timestamp":"2026-03-21 02:02:09","userId":3}
{"level":"info","message":"Получение заданий для пользователя ID: 3","timestamp":"2026-03-21 02:02:09"}
{"level":"info","message":"Получение ожидающих приглашений пользователя","timestamp":"2026-03-21 02:02:09","userId":3}
{"assignmentId":35,"level":"info","message":"Получение состава команды проекта","timestamp":"2026-03-21 02:02:09"}
{"level":"info","message":"Получение заданий для пользователя ID: 3","timestamp":"2026-03-21 02:02:09"}
{"level":"info","message":"Получение ожидающих приглашений пользователя","timestamp":"2026-03-21 02:02:09","userId":3}
{"assignmentId":35,"level":"info","message":"Получение состава команды проекта","timestamp":"2026-03-21 02:02:09"}
{"assignmentId":35,"level":"info","message":"Получение состава команды проекта","timestamp":"2026-03-21 02:02:09"}
{"level":"info","message":"Получение ожидающих приглашений пользователя","timestamp":"2026-03-21 02:02:09","userId":3}
{"level":"info","message":"Получение заданий для пользователя ID: 3","timestamp":"2026-03-21 02:02:09"}
{"assignmentId":35,"level":"info","message":"Получение состава команды проекта","timestamp":"2026-03-21 02:02:09"}
{"level":"info","message":"Получение заданий для пользователя ID: 3","timestamp":"2026-03-21 02:02:40"}
{"level":"info","message":"Получение ожидающих приглашений пользователя","timestamp":"2026-03-21 02:02:40","userId":3}
{"level":"info","message":"Получение заданий для пользователя ID: 3","timestamp":"2026-03-21 02:02:40"}
{"level":"info","message":"Получение ожидающих приглашений пользователя","timestamp":"2026-03-21 02:02:40","userId":3}
{"level":"info","message":"Получение заданий для пользователя ID: 3","timestamp":"2026-03-21 02:02:40"}
{"level":"info","message":"Получение ожидающих приглашений пользователя","timestamp":"2026-03-21 02:02:40","userId":3}
{"level":"info","message":"Получение заданий для пользователя ID: 3","timestamp":"2026-03-21 02:03:11"}
{"level":"info","message":"Получение ожидающих приглашений пользователя","timestamp":"2026-03-21 02:03:11","userId":3}
{"level":"info","message":"Получение заданий для пользователя ID: 3","timestamp":"2026-03-21 02:03:11"}
{"level":"info","message":"Получение ожидающих приглашений пользователя","timestamp":"2026-03-21 02:03:11","userId":3}
{"level":"info","message":"Получение заданий для пользователя ID: 3","timestamp":"2026-03-21 02:03:11"}
{"level":"info","message":"Получение ожидающих приглашений пользователя","timestamp":"2026-03-21 02:03:11","userId":3}
{"level":"info","message":"Получение ожидающих приглашений пользователя","timestamp":"2026-03-21 02:03:41","userId":3}
{"level":"info","message":"Получение заданий для пользователя ID: 3","timestamp":"2026-03-21 02:03:41"}
{"level":"info","message":"Получение заданий для пользователя ID: 3","timestamp":"2026-03-21 02:03:41"}
{"level":"info","message":"Получение ожидающих приглашений пользователя","timestamp":"2026-03-21 02:03:41","userId":3}
{"level":"info","message":"Получение заданий для пользователя ID: 3","timestamp":"2026-03-21 02:03:41"}
{"level":"info","message":"Получение ожидающих приглашений пользователя","timestamp":"2026-03-21 02:03:41","userId":3}
{"level":"info","message":"Получение ожидающих приглашений пользователя","timestamp":"2026-03-21 02:04:12","userId":3}
{"level":"info","message":"Получение заданий для пользователя ID: 3","timestamp":"2026-03-21 02:04:12"}
{"level":"info","message":"Получение заданий для пользователя ID: 3","timestamp":"2026-03-21 02:04:12"}
{"level":"info","message":"Получение ожидающих приглашений пользователя","timestamp":"2026-03-21 02:04:12","userId":3}
{"level":"info","message":"Получение заданий для пользователя ID: 3","timestamp":"2026-03-21 02:04:12"}
{"level":"info","message":"Получение ожидающих приглашений пользователя","timestamp":"2026-03-21 02:04:12","userId":3}
{"level":"info","message":"Получение ожидающих приглашений пользователя","timestamp":"2026-03-21 02:04:43","userId":3}
{"level":"info","message":"Получение заданий для пользователя ID: 3","timestamp":"2026-03-21 02:04:43"}
{"level":"info","message":"Получение ожидающих приглашений пользователя","timestamp":"2026-03-21 02:04:43","userId":3}
{"level":"info","message":"Получение заданий для пользователя ID: 3","timestamp":"2026-03-21 02:04:43"}
{"level":"info","message":"Получение заданий для пользователя ID: 3","timestamp":"2026-03-21 02:04:43"}
{"level":"info","message":"Получение ожидающих приглашений пользователя","timestamp":"2026-03-21 02:04:43","userId":3}
{"level":"info","message":"Получение заданий для пользователя ID: 3","timestamp":"2026-03-21 02:05:13"}
{"level":"info","message":"Получение ожидающих приглашений пользователя","timestamp":"2026-03-21 02:05:13","userId":3}
{"level":"info","message":"Получение заданий для пользователя ID: 3","timestamp":"2026-03-21 02:05:13"}
{"level":"info","message":"Получение ожидающих приглашений пользователя","timestamp":"2026-03-21 02:05:13","userId":3}
{"level":"info","message":"Получение ожидающих приглашений пользователя","timestamp":"2026-03-21 02:05:13","userId":3}
{"level":"info","message":"Получение заданий для пользователя ID: 3","timestamp":"2026-03-21 02:05:13"}
{"level":"info","message":"Получение заданий для пользователя ID: 3","timestamp":"2026-03-21 02:05:44"}
{"level":"info","message":"Получение ожидающих приглашений пользователя","timestamp":"2026-03-21 02:05:44","userId":3}
{"level":"info","message":"Получение ожидающих приглашений пользователя","timestamp":"2026-03-21 02:05:44","userId":3}
{"level":"info","message":"Получение заданий для пользователя ID: 3","timestamp":"2026-03-21 02:05:44"}
{"level":"info","message":"Получение заданий для пользователя ID: 3","timestamp":"2026-03-21 02:05:44"}
{"level":"info","message":"Получение ожидающих приглашений пользователя","timestamp":"2026-03-21 02:05:44","userId":3}
{"level":"info","message":"Получение заданий для пользователя ID: 3","timestamp":"2026-03-21 02:06:14"}
{"level":"info","message":"Получение ожидающих приглашений пользователя","timestamp":"2026-03-21 02:06:14","userId":3}
{"level":"info","message":"Получение заданий для пользователя ID: 3","timestamp":"2026-03-21 02:06:14"}
{"level":"info","message":"Получение ожидающих приглашений пользователя","timestamp":"2026-03-21 02:06:14","userId":3}
{"level":"info","message":"Получение заданий для пользователя ID: 3","timestamp":"2026-03-21 02:06:14"}
{"level":"info","message":"Получение ожидающих приглашений пользователя","timestamp":"2026-03-21 02:06:14","userId":3}
{"level":"info","message":"Получение заданий для пользователя ID: 3","timestamp":"2026-03-21 02:06:45"}
{"level":"info","message":"Получение ожидающих приглашений пользователя","timestamp":"2026-03-21 02:06:45","userId":3}
{"level":"info","message":"Получение ожидающих приглашений пользователя","timestamp":"2026-03-21 02:06:45","userId":3}
{"level":"info","message":"Получение заданий для пользователя ID: 3","timestamp":"2026-03-21 02:06:45"}
{"level":"info","message":"Получение заданий для пользователя ID: 3","timestamp":"2026-03-21 02:06:45"}
{"level":"info","message":"Получение ожидающих приглашений пользователя","timestamp":"2026-03-21 02:06:45","userId":3}
{"level":"info","message":"Получение заданий для пользователя ID: 3","timestamp":"2026-03-21 02:07:16"}
{"level":"info","message":"Получение ожидающих приглашений пользователя","timestamp":"2026-03-21 02:07:16","userId":3}
{"level":"info","message":"Получение заданий для пользователя ID: 3","timestamp":"2026-03-21 02:07:16"}
{"level":"info","message":"Получение ожидающих приглашений пользователя","timestamp":"2026-03-21 02:07:16","userId":3}
{"level":"info","message":"Получение заданий для пользователя ID: 3","timestamp":"2026-03-21 02:07:16"}
{"level":"info","message":"Получение ожидающих приглашений пользователя","timestamp":"2026-03-21 02:07:16","userId":3}
{"level":"info","message":"Получение ожидающих приглашений пользователя","timestamp":"2026-03-21 02:07:47","userId":3}
{"level":"info","message":"Получение заданий для пользователя ID: 3","timestamp":"2026-03-21 02:07:47"}
{"level":"info","message":"Получение ожидающих приглашений пользователя","timestamp":"2026-03-21 02:07:47","userId":3}
{"level":"info","message":"Получение заданий для пользователя ID: 3","timestamp":"2026-03-21 02:07:47"}
{"level":"info","message":"Получение заданий для пользователя ID: 3","timestamp":"2026-03-21 02:07:47"}
{"level":"info","message":"Получение ожидающих приглашений пользователя","timestamp":"2026-03-21 02:07:47","userId":3}
{"level":"info","message":"Получение заданий для пользователя ID: 3","timestamp":"2026-03-21 02:08:18"}
{"level":"info","message":"Получение ожидающих приглашений пользователя","timestamp":"2026-03-21 02:08:18","userId":3}
{"level":"info","message":"Получение ожидающих приглашений пользователя","timestamp":"2026-03-21 02:08:18","userId":3}
{"level":"info","message":"Получение заданий для пользователя ID: 3","timestamp":"2026-03-21 02:08:18"}
{"level":"info","message":"Получение ожидающих приглашений пользователя","timestamp":"2026-03-21 02:08:18","userId":3}
{"level":"info","message":"Получение заданий для пользователя ID: 3","timestamp":"2026-03-21 02:08:18"}
{"level":"info","message":"Получение ожидающих приглашений пользователя","timestamp":"2026-03-21 02:08:49","userId":3}
{"level":"info","message":"Получение заданий для пользователя ID: 3","timestamp":"2026-03-21 02:08:49"}
{"level":"info","message":"Получение заданий для пользователя ID: 3","timestamp":"2026-03-21 02:08:49"}
{"level":"info","message":"Получение ожидающих приглашений пользователя","timestamp":"2026-03-21 02:08:49","userId":3}
{"level":"info","message":"Получение ожидающих приглашений пользователя","timestamp":"2026-03-21 02:08:49","userId":3}
{"level":"info","message":"Получение заданий для пользователя ID: 3","timestamp":"2026-03-21 02:08:49"}
{"level":"info","message":"Получение ожидающих приглашений пользователя","timestamp":"2026-03-21 02:09:19","userId":3}
{"level":"info","message":"Получение заданий для пользователя ID: 3","timestamp":"2026-03-21 02:09:19"}
{"level":"info","message":"Получение заданий для пользователя ID: 3","timestamp":"2026-03-21 02:09:19"}
{"level":"info","message":"Получение ожидающих приглашений пользователя","timestamp":"2026-03-21 02:09:19","userId":3}
{"level":"info","message":"Получение заданий для пользователя ID: 3","timestamp":"2026-03-21 02:09:19"}
{"level":"info","message":"Получение ожидающих приглашений пользователя","timestamp":"2026-03-21 02:09:19","userId":3}
{"commentId":76,"level":"info","message":"Comment created with audit","taskId":178,"timestamp":"2026-03-21 02:09:41","userId":3}
{"level":"info","message":"Получение заданий для пользователя ID: 3","timestamp":"2026-03-21 02:09:50"}
{"level":"info","message":"Получение ожидающих приглашений пользователя","timestamp":"2026-03-21 02:09:50","userId":3}
{"level":"info","message":"Получение заданий для пользователя ID: 3","timestamp":"2026-03-21 02:09:50"}
{"level":"info","message":"Получение ожидающих приглашений пользователя","timestamp":"2026-03-21 02:09:50","userId":3}
{"level":"info","message":"Получение заданий для пользователя ID: 3","timestamp":"2026-03-21 02:09:50"}
{"level":"info","message":"Получение ожидающих приглашений пользователя","timestamp":"2026-03-21 02:09:50","userId":3}
{"level":"info","message":"Получение заданий для пользователя ID: 3","timestamp":"2026-03-21 02:10:20"}
{"level":"info","message":"Получение ожидающих приглашений пользователя","timestamp":"2026-03-21 02:10:20","userId":3}
{"level":"info","message":"Получение заданий для пользователя ID: 3","timestamp":"2026-03-21 02:10:20"}
{"level":"info","message":"Получение ожидающих приглашений пользователя","timestamp":"2026-03-21 02:10:20","userId":3}
{"level":"info","message":"Получение заданий для пользователя ID: 3","timestamp":"2026-03-21 02:10:20"}
{"level":"info","message":"Получение ожидающих приглашений пользователя","timestamp":"2026-03-21 02:10:20","userId":3}
{"level":"info","message":"Получение заданий для пользователя ID: 3","timestamp":"2026-03-21 02:10:51"}
{"level":"info","message":"Получение ожидающих приглашений пользователя","timestamp":"2026-03-21 02:10:51","userId":3}
{"level":"info","message":"Получение ожидающих приглашений пользователя","timestamp":"2026-03-21 02:10:51","userId":3}
{"level":"info","message":"Получение заданий для пользователя ID: 3","timestamp":"2026-03-21 02:10:51"}
{"level":"info","message":"Получение заданий для пользователя ID: 3","timestamp":"2026-03-21 02:10:51"}
{"level":"info","message":"Получение ожидающих приглашений пользователя","timestamp":"2026-03-21 02:10:51","userId":3}
{"level":"info","message":"Получение заданий для пользователя ID: 3","timestamp":"2026-03-21 02:11:22"}
{"level":"info","message":"Получение ожидающих приглашений пользователя","timestamp":"2026-03-21 02:11:22","userId":3}
{"level":"info","message":"Получение заданий для пользователя ID: 3","timestamp":"2026-03-21 02:11:22"}
{"level":"info","message":"Получение ожидающих приглашений пользователя","timestamp":"2026-03-21 02:11:22","userId":3}
{"level":"info","message":"Получение заданий для пользователя ID: 3","timestamp":"2026-03-21 02:11:22"}
{"level":"info","message":"Получение ожидающих приглашений пользователя","timestamp":"2026-03-21 02:11:22","userId":3}
{"level":"info","message":"Получение заданий для пользователя ID: 3","timestamp":"2026-03-21 02:11:36"}
{"level":"info","message":"Получение заданий для пользователя ID: 3","timestamp":"2026-03-21 02:11:36"}
{"level":"info","message":"Получение ожидающих приглашений пользователя","timestamp":"2026-03-21 02:11:36","userId":3}
{"level":"info","message":"Получение заданий для пользователя ID: 3","timestamp":"2026-03-21 02:11:36"}
{"level":"info","message":"Получение ожидающих приглашений пользователя","timestamp":"2026-03-21 02:11:36","userId":3}
{"level":"info","message":"Получение ожидающих приглашений пользователя","timestamp":"2026-03-21 02:11:36","userId":3}
{"level":"info","message":"Получение заданий для пользователя ID: 3","timestamp":"2026-03-21 02:11:36"}
{"level":"info","message":"Получение ожидающих приглашений пользователя","timestamp":"2026-03-21 02:11:36","userId":3}
{"assignmentId":35,"level":"info","message":"Получение состава команды проекта","timestamp":"2026-03-21 02:11:36"}
{"level":"info","message":"Получение ожидающих приглашений пользователя","timestamp":"2026-03-21 02:11:36","userId":3}
{"level":"info","message":"Получение заданий для пользователя ID: 3","timestamp":"2026-03-21 02:11:36"}
{"assignmentId":35,"level":"info","message":"Получение состава команды проекта","timestamp":"2026-03-21 02:11:36"}
{"assignmentId":35,"level":"info","message":"Получение состава команды проекта","timestamp":"2026-03-21 02:11:36"}
{"assignmentId":35,"level":"info","message":"Получение состава команды проекта","timestamp":"2026-03-21 02:11:36"}
{"assignmentId":35,"level":"info","message":"Получение состава команды проекта","timestamp":"2026-03-21 02:11:37"}
{"assignmentId":35,"level":"info","message":"Получение состава команды проекта","timestamp":"2026-03-21 02:11:37"}
{"level":"info","message":"Получение ожидающих приглашений пользователя","timestamp":"2026-03-21 02:12:07","userId":3}
{"level":"info","message":"Получение заданий для пользователя ID: 3","timestamp":"2026-03-21 02:12:07"}
{"level":"info","message":"Получение заданий для пользователя ID: 3","timestamp":"2026-03-21 02:12:07"}
{"level":"info","message":"Получение ожидающих приглашений пользователя","timestamp":"2026-03-21 02:12:07","userId":3}
{"level":"info","message":"Получение заданий для пользователя ID: 3","timestamp":"2026-03-21 02:12:07"}
{"level":"info","message":"Получение ожидающих приглашений пользователя","timestamp":"2026-03-21 02:12:07","userId":3}
{"level":"info","message":"Получение заданий для пользователя ID: 3","timestamp":"2026-03-21 02:12:38"}
{"level":"info","message":"Получение ожидающих приглашений пользователя","timestamp":"2026-03-21 02:12:38","userId":3}
{"level":"info","message":"Получение заданий для пользователя ID: 3","timestamp":"2026-03-21 02:12:38"}
{"level":"info","message":"Получение ожидающих приглашений пользователя","timestamp":"2026-03-21 02:12:38","userId":3}
{"level":"info","message":"Получение заданий для пользователя ID: 3","timestamp":"2026-03-21 02:12:38"}
{"level":"info","message":"Получение ожидающих приглашений пользователя","timestamp":"2026-03-21 02:12:38","userId":3}
{"level":"info","message":"Получение заданий для пользователя ID: 3","timestamp":"2026-03-21 02:13:09"}
{"level":"info","message":"Получение ожидающих приглашений пользователя","timestamp":"2026-03-21 02:13:09","userId":3}
{"level":"info","message":"Получение заданий для пользователя ID: 3","timestamp":"2026-03-21 02:13:09"}
{"level":"info","message":"Получение ожидающих приглашений пользователя","timestamp":"2026-03-21 02:13:09","userId":3}
{"level":"info","message":"Получение ожидающих приглашений пользователя","timestamp":"2026-03-21 02:13:09","userId":3}
{"level":"info","message":"Получение заданий для пользователя ID: 3","timestamp":"2026-03-21 02:13:09"}
{"assignmentId":35,"level":"info","message":"Получение состава команды проекта","timestamp":"2026-03-21 02:13:09"}
{"assignmentId":35,"level":"info","message":"Получение состава команды проекта","timestamp":"2026-03-21 02:13:09"}
{"assignmentId":35,"level":"info","message":"Получение состава команды проекта","timestamp":"2026-03-21 02:13:09"}
{"level":"info","message":"Получение заданий для пользователя ID: 3","timestamp":"2026-03-21 02:13:09"}
{"level":"info","message":"Получение ожидающих приглашений пользователя","timestamp":"2026-03-21 02:13:09","userId":3}
{"level":"info","message":"Получение ожидающих приглашений пользователя","timestamp":"2026-03-21 02:13:09","userId":3}
{"level":"info","message":"Получение заданий для пользователя ID: 3","timestamp":"2026-03-21 02:13:09"}
{"assignmentId":35,"level":"info","message":"Получение состава команды проекта","timestamp":"2026-03-21 02:13:09"}
{"level":"info","message":"Получение заданий для пользователя ID: 3","timestamp":"2026-03-21 02:13:13"}
{"level":"info","message":"Получение ожидающих приглашений пользователя","timestamp":"2026-03-21 02:13:13","userId":3}
{"level":"info","message":"Получение ожидающих приглашений пользователя","timestamp":"2026-03-21 02:13:14","userId":3}
{"level":"info","message":"Получение заданий для пользователя ID: 3","timestamp":"2026-03-21 02:13:14"}
{"level":"info","message":"Получение ожидающих приглашений пользователя","timestamp":"2026-03-21 02:13:14","userId":3}
{"level":"info","message":"Получение ожидающих приглашений пользователя","timestamp":"2026-03-21 02:13:14","userId":3}
{"level":"info","message":"Получение заданий для пользователя ID: 3","timestamp":"2026-03-21 02:13:14"}
{"level":"info","message":"Получение заданий для пользователя ID: 3","timestamp":"2026-03-21 02:13:14"}
{"assignmentId":35,"level":"info","message":"Получение состава команды проекта","timestamp":"2026-03-21 02:13:14"}
{"level":"info","message":"Получение заданий для пользователя ID: 3","timestamp":"2026-03-21 02:13:14"}
{"level":"info","message":"Получение ожидающих приглашений пользователя","timestamp":"2026-03-21 02:13:14","userId":3}
{"assignmentId":35,"level":"info","message":"Получение состава команды проекта","timestamp":"2026-03-21 02:13:14"}
{"assignmentId":35,"level":"info","message":"Получение состава команды проекта","timestamp":"2026-03-21 02:13:14"}
{"assignmentId":35,"level":"info","message":"Получение состава команды проекта","timestamp":"2026-03-21 02:13:14"}
{"level":"info","message":"Получение заданий для пользователя ID: 3","timestamp":"2026-03-21 02:13:44"}
{"level":"info","message":"Получение ожидающих приглашений пользователя","timestamp":"2026-03-21 02:13:44","userId":3}
{"level":"info","message":"Получение заданий для пользователя ID: 3","timestamp":"2026-03-21 02:13:44"}
{"level":"info","message":"Получение ожидающих приглашений пользователя","timestamp":"2026-03-21 02:13:44","userId":3}
{"level":"info","message":"Получение заданий для пользователя ID: 3","timestamp":"2026-03-21 02:13:44"}
{"level":"info","message":"Получение ожидающих приглашений пользователя","timestamp":"2026-03-21 02:13:44","userId":3}
{"level":"info","message":"Получение заданий для пользователя ID: 3","timestamp":"2026-03-21 02:13:47"}
{"level":"info","message":"Получение ожидающих приглашений пользователя","timestamp":"2026-03-21 02:13:47","userId":3}
{"level":"info","message":"Получение ожидающих приглашений пользователя","timestamp":"2026-03-21 02:13:47","userId":3}
{"level":"info","message":"Получение заданий для пользователя ID: 3","timestamp":"2026-03-21 02:13:47"}
{"level":"info","message":"Получение ожидающих приглашений пользователя","timestamp":"2026-03-21 02:13:47","userId":3}
{"level":"info","message":"Получение заданий для пользователя ID: 3","timestamp":"2026-03-21 02:13:47"}
{"assignmentId":35,"level":"info","message":"Получение состава команды проекта","timestamp":"2026-03-21 02:13:47"}
{"level":"info","message":"Получение заданий для пользователя ID: 3","timestamp":"2026-03-21 02:13:47"}
{"level":"info","message":"Получение ожидающих приглашений пользователя","timestamp":"2026-03-21 02:13:47","userId":3}
{"assignmentId":35,"level":"info","message":"Получение состава команды проекта","timestamp":"2026-03-21 02:13:47"}
{"assignmentId":35,"level":"info","message":"Получение состава команды проекта","timestamp":"2026-03-21 02:13:47"}
{"level":"info","message":"Получение ожидающих приглашений пользователя","timestamp":"2026-03-21 02:13:47","userId":3}
{"level":"info","message":"Получение заданий для пользователя ID: 3","timestamp":"2026-03-21 02:13:47"}
{"assignmentId":35,"level":"info","message":"Получение состава команды проекта","timestamp":"2026-03-21 02:13:47"}
{"level":"info","message":"Получение ожидающих приглашений пользователя","timestamp":"2026-03-21 02:14:09","userId":3}
{"level":"info","message":"Получение заданий для пользователя ID: 3","timestamp":"2026-03-21 02:14:09"}
{"level":"info","message":"Получение ожидающих приглашений пользователя","timestamp":"2026-03-21 02:14:09","userId":3}
{"level":"info","message":"Получение заданий для пользователя ID: 3","timestamp":"2026-03-21 02:14:09"}
{"level":"info","message":"Получение ожидающих приглашений пользователя","timestamp":"2026-03-21 02:14:09","userId":3}
{"level":"info","message":"Получение ожидающих приглашений пользователя","timestamp":"2026-03-21 02:14:09","userId":3}
{"level":"info","message":"Получение заданий для пользователя ID: 3","timestamp":"2026-03-21 02:14:09"}
{"level":"info","message":"Получение ожидающих приглашений пользователя","timestamp":"2026-03-21 02:14:09","userId":3}
{"level":"info","message":"Получение заданий для пользователя ID: 3","timestamp":"2026-03-21 02:14:09"}
{"level":"info","message":"Получение заданий для пользователя ID: 3","timestamp":"2026-03-21 02:14:09"}
{"assignmentId":35,"level":"info","message":"Получение состава команды проекта","timestamp":"2026-03-21 02:14:09"}
{"assignmentId":35,"level":"info","message":"Получение состава команды проекта","timestamp":"2026-03-21 02:14:09"}
{"assignmentId":35,"level":"info","message":"Получение состава команды проекта","timestamp":"2026-03-21 02:14:09"}
{"assignmentId":35,"level":"info","message":"Получение состава команды проекта","timestamp":"2026-03-21 02:14:09"}
{"assignmentId":35,"level":"info","message":"Получение состава команды проекта","timestamp":"2026-03-21 02:14:09"}
{"level":"info","message":"Получение заданий для пользователя ID: 3","timestamp":"2026-03-21 02:14:15"}
{"level":"info","message":"Получение ожидающих приглашений пользователя","timestamp":"2026-03-21 02:14:15","userId":3}
{"level":"info","message":"Получение заданий для пользователя ID: 3","timestamp":"2026-03-21 02:14:15"}
{"level":"info","message":"Получение ожидающих приглашений пользователя","timestamp":"2026-03-21 02:14:15","userId":3}
{"level":"info","message":"Получение ожидающих приглашений пользователя","timestamp":"2026-03-21 02:14:15","userId":3}
{"level":"info","message":"Получение заданий для пользователя ID: 3","timestamp":"2026-03-21 02:14:15"}
{"assignmentId":35,"level":"info","message":"Получение состава команды проекта","timestamp":"2026-03-21 02:14:15"}
{"level":"info","message":"Получение заданий для пользователя ID: 3","timestamp":"2026-03-21 02:14:15"}
{"level":"info","message":"Получение ожидающих приглашений пользователя","timestamp":"2026-03-21 02:14:15","userId":3}
{"assignmentId":35,"level":"info","message":"Получение состава команды проекта","timestamp":"2026-03-21 02:14:15"}
{"level":"info","message":"Получение ожидающих приглашений пользователя","timestamp":"2026-03-21 02:14:15","userId":3}
{"assignmentId":35,"level":"info","message":"Получение состава команды проекта","timestamp":"2026-03-21 02:14:15"}
{"level":"info","message":"Получение заданий для пользователя ID: 3","timestamp":"2026-03-21 02:14:15"}
{"assignmentId":35,"level":"info","message":"Получение состава команды проекта","timestamp":"2026-03-21 02:14:15"}
{"level":"info","message":"Получение заданий для пользователя ID: 3","timestamp":"2026-03-21 02:14:46"}
{"level":"info","message":"Получение ожидающих приглашений пользователя","timestamp":"2026-03-21 02:14:46","userId":3}
{"level":"info","message":"Получение заданий для пользователя ID: 3","timestamp":"2026-03-21 02:14:46"}
{"level":"info","message":"Получение ожидающих приглашений пользователя","timestamp":"2026-03-21 02:14:46","userId":3}
{"level":"info","message":"Получение заданий для пользователя ID: 3","timestamp":"2026-03-21 02:14:46"}
{"level":"info","message":"Получение ожидающих приглашений пользователя","timestamp":"2026-03-21 02:14:46","userId":3}
{"level":"info","message":"Получение заданий для пользователя ID: 3","timestamp":"2026-03-21 02:15:16"}
{"level":"info","message":"Получение ожидающих приглашений пользователя","timestamp":"2026-03-21 02:15:16","userId":3}
{"level":"info","message":"Получение заданий для пользователя ID: 3","timestamp":"2026-03-21 02:15:16"}
{"level":"info","message":"Получение ожидающих приглашений пользователя","timestamp":"2026-03-21 02:15:16","userId":3}
{"level":"info","message":"Получение заданий для пользователя ID: 3","timestamp":"2026-03-21 02:15:16"}
{"level":"info","message":"Получение ожидающих приглашений пользователя","timestamp":"2026-03-21 02:15:16","userId":3}
{"level":"info","message":"Получение ожидающих приглашений пользователя","timestamp":"2026-03-21 02:15:47","userId":3}
{"level":"info","message":"Получение заданий для пользователя ID: 3","timestamp":"2026-03-21 02:15:47"}
{"level":"info","message":"Получение заданий для пользователя ID: 3","timestamp":"2026-03-21 02:15:47"}
{"level":"info","message":"Получение ожидающих приглашений пользователя","timestamp":"2026-03-21 02:15:47","userId":3}
{"level":"info","message":"Получение заданий для пользователя ID: 3","timestamp":"2026-03-21 02:15:47"}
{"level":"info","message":"Получение ожидающих приглашений пользователя","timestamp":"2026-03-21 02:15:47","userId":3}
{"level":"info","message":"Получение ожидающих приглашений пользователя","timestamp":"2026-03-21 02:16:18","userId":3}
{"level":"info","message":"Получение заданий для пользователя ID: 3","timestamp":"2026-03-21 02:16:18"}
{"level":"info","message":"Получение ожидающих приглашений пользователя","timestamp":"2026-03-21 02:16:18","userId":3}
{"level":"info","message":"Получение заданий для пользователя ID: 3","timestamp":"2026-03-21 02:16:18"}
{"level":"info","message":"Получение заданий для пользователя ID: 3","timestamp":"2026-03-21 02:16:18"}
{"level":"info","message":"Получение ожидающих приглашений пользователя","timestamp":"2026-03-21 02:16:18","userId":3}
{"level":"info","message":"Получение заданий для пользователя ID: 3","timestamp":"2026-03-21 02:16:49"}
{"level":"info","message":"Получение ожидающих приглашений пользователя","timestamp":"2026-03-21 02:16:49","userId":3}
{"level":"info","message":"Получение заданий для пользователя ID: 3","timestamp":"2026-03-21 02:16:49"}
{"level":"info","message":"Получение ожидающих приглашений пользователя","timestamp":"2026-03-21 02:16:49","userId":3}
{"level":"info","message":"Получение заданий для пользователя ID: 3","timestamp":"2026-03-21 02:16:49"}
{"level":"info","message":"Получение ожидающих приглашений пользователя","timestamp":"2026-03-21 02:16:49","userId":3}
{"level":"info","message":"Получение заданий для пользователя ID: 3","timestamp":"2026-03-21 02:17:20"}
{"level":"info","message":"Получение ожидающих приглашений пользователя","timestamp":"2026-03-21 02:17:20","userId":3}
{"level":"info","message":"Получение заданий для пользователя ID: 3","timestamp":"2026-03-21 02:17:20"}
{"level":"info","message":"Получение ожидающих приглашений пользователя","timestamp":"2026-03-21 02:17:20","userId":3}
{"level":"info","message":"Получение заданий для пользователя ID: 3","timestamp":"2026-03-21 02:17:20"}
{"level":"info","message":"Получение ожидающих приглашений пользователя","timestamp":"2026-03-21 02:17:20","userId":3}
{"level":"info","message":"Получение заданий для пользователя ID: 3","timestamp":"2026-03-21 02:17:51"}
{"level":"info","message":"Получение ожидающих приглашений пользователя","timestamp":"2026-03-21 02:17:51","userId":3}
{"level":"info","message":"Получение заданий для пользователя ID: 3","timestamp":"2026-03-21 02:17:51"}
{"level":"info","message":"Получение ожидающих приглашений пользователя","timestamp":"2026-03-21 02:17:51","userId":3}
{"level":"info","message":"Получение заданий для пользователя ID: 3","timestamp":"2026-03-21 02:17:51"}
{"level":"info","message":"Получение ожидающих приглашений пользователя","timestamp":"2026-03-21 02:17:51","userId":3}
{"level":"info","message":"Получение заданий для пользователя ID: 3","timestamp":"2026-03-21 02:18:22"}
{"level":"info","message":"Получение ожидающих приглашений пользователя","timestamp":"2026-03-21 02:18:22","userId":3}
{"level":"info","message":"Получение заданий для пользователя ID: 3","timestamp":"2026-03-21 02:18:22"}
{"level":"info","message":"Получение ожидающих приглашений пользователя","timestamp":"2026-03-21 02:18:22","userId":3}
{"level":"info","message":"Получение заданий для пользователя ID: 3","timestamp":"2026-03-21 02:18:22"}
{"level":"info","message":"Получение ожидающих приглашений пользователя","timestamp":"2026-03-21 02:18:22","userId":3}
{"level":"info","message":"Получение заданий для пользователя ID: 3","timestamp":"2026-03-21 02:18:53"}
{"level":"info","message":"Получение ожидающих приглашений пользователя","timestamp":"2026-03-21 02:18:53","userId":3}
{"level":"info","message":"Получение ожидающих приглашений пользователя","timestamp":"2026-03-21 02:18:53","userId":3}
{"level":"info","message":"Получение заданий для пользователя ID: 3","timestamp":"2026-03-21 02:18:53"}
{"level":"info","message":"Получение заданий для пользователя ID: 3","timestamp":"2026-03-21 02:18:53"}
{"level":"info","message":"Получение ожидающих приглашений пользователя","timestamp":"2026-03-21 02:18:53","userId":3}
{"level":"info","message":"Получение заданий для пользователя ID: 3","timestamp":"2026-03-21 02:19:24"}
{"level":"info","message":"Получение ожидающих приглашений пользователя","timestamp":"2026-03-21 02:19:24","userId":3}
{"level":"info","message":"Получение заданий для пользователя ID: 3","timestamp":"2026-03-21 02:19:24"}
{"level":"info","message":"Получение ожидающих приглашений пользователя","timestamp":"2026-03-21 02:19:24","userId":3}
{"level":"info","message":"Получение заданий для пользователя ID: 3","timestamp":"2026-03-21 02:19:24"}
{"level":"info","message":"Получение ожидающих приглашений пользователя","timestamp":"2026-03-21 02:19:24","userId":3}
{"level":"info","message":"Получение заданий для пользователя ID: 3","timestamp":"2026-03-21 02:19:55"}
{"level":"info","message":"Получение ожидающих приглашений пользователя","timestamp":"2026-03-21 02:19:55","userId":3}
{"level":"info","message":"Получение заданий для пользователя ID: 3","timestamp":"2026-03-21 02:19:55"}
{"level":"info","message":"Получение ожидающих приглашений пользователя","timestamp":"2026-03-21 02:19:55","userId":3}
{"level":"info","message":"Получение заданий для пользователя ID: 3","timestamp":"2026-03-21 02:19:55"}
{"level":"info","message":"Получение ожидающих приглашений пользователя","timestamp":"2026-03-21 02:19:55","userId":3}
{"level":"info","message":"Получение ожидающих приглашений пользователя","timestamp":"2026-03-21 02:20:26","userId":3}
{"level":"info","message":"Получение заданий для пользователя ID: 3","timestamp":"2026-03-21 02:20:26"}
{"level":"info","message":"Получение заданий для пользователя ID: 3","timestamp":"2026-03-21 02:20:26"}
{"level":"info","message":"Получение ожидающих приглашений пользователя","timestamp":"2026-03-21 02:20:26","userId":3}
{"level":"info","message":"Получение заданий для пользователя ID: 3","timestamp":"2026-03-21 02:20:26"}
{"level":"info","message":"Получение ожидающих приглашений пользователя","timestamp":"2026-03-21 02:20:26","userId":3}
{"level":"info","message":"Получение заданий для пользователя ID: 3","timestamp":"2026-03-21 02:20:57"}
{"level":"info","message":"Получение ожидающих приглашений пользователя","timestamp":"2026-03-21 02:20:57","userId":3}
{"level":"info","message":"Получение ожидающих приглашений пользователя","timestamp":"2026-03-21 02:20:57","userId":3}
{"level":"info","message":"Получение заданий для пользователя ID: 3","timestamp":"2026-03-21 02:20:57"}
{"level":"info","message":"Получение заданий для пользователя ID: 3","timestamp":"2026-03-21 02:20:57"}
{"level":"info","message":"Получение ожидающих приглашений пользователя","timestamp":"2026-03-21 02:20:57","userId":3}
{"level":"info","message":"Получение заданий для пользователя ID: 3","timestamp":"2026-03-21 02:21:28"}
{"level":"info","message":"Получение ожидающих приглашений пользователя","timestamp":"2026-03-21 02:21:28","userId":3}
{"level":"info","message":"Получение заданий для пользователя ID: 3","timestamp":"2026-03-21 02:21:28"}
{"level":"info","message":"Получение ожидающих приглашений пользователя","timestamp":"2026-03-21 02:21:28","userId":3}
{"level":"info","message":"Получение заданий для пользователя ID: 3","timestamp":"2026-03-21 02:21:28"}
{"level":"info","message":"Получение ожидающих приглашений пользователя","timestamp":"2026-03-21 02:21:28","userId":3}
{"level":"info","message":"Получение ожидающих приглашений пользователя","timestamp":"2026-03-21 02:21:59","userId":3}
{"level":"info","message":"Получение заданий для пользователя ID: 3","timestamp":"2026-03-21 02:21:59"}
{"level":"info","message":"Получение заданий для пользователя ID: 3","timestamp":"2026-03-21 02:21:59"}
{"level":"info","message":"Получение ожидающих приглашений пользователя","timestamp":"2026-03-21 02:21:59","userId":3}
{"level":"info","message":"Получение заданий для пользователя ID: 3","timestamp":"2026-03-21 02:21:59"}
{"level":"info","message":"Получение ожидающих приглашений пользователя","timestamp":"2026-03-21 02:21:59","userId":3}
{"level":"info","message":"Получение заданий для пользователя ID: 3","timestamp":"2026-03-21 02:22:30"}
{"level":"info","message":"Получение ожидающих приглашений пользователя","timestamp":"2026-03-21 02:22:30","userId":3}
{"level":"info","message":"Получение заданий для пользователя ID: 3","timestamp":"2026-03-21 02:22:30"}
{"level":"info","message":"Получение ожидающих приглашений пользователя","timestamp":"2026-03-21 02:22:30","userId":3}
{"level":"info","message":"Получение заданий для пользователя ID: 3","timestamp":"2026-03-21 02:22:30"}
{"level":"info","message":"Получение ожидающих приглашений пользователя","timestamp":"2026-03-21 02:22:30","userId":3}
{"level":"info","message":"Получение заданий для пользователя ID: 3","timestamp":"2026-03-21 02:23:01"}
{"level":"info","message":"Получение ожидающих приглашений пользователя","timestamp":"2026-03-21 02:23:01","userId":3}
{"level":"info","message":"Получение ожидающих приглашений пользователя","timestamp":"2026-03-21 02:23:01","userId":3}
{"level":"info","message":"Получение заданий для пользователя ID: 3","timestamp":"2026-03-21 02:23:01"}
{"level":"info","message":"Получение заданий для пользователя ID: 3","timestamp":"2026-03-21 02:23:01"}
{"level":"info","message":"Получение ожидающих приглашений пользователя","timestamp":"2026-03-21 02:23:01","userId":3}
{"level":"info","message":"Получение заданий для пользователя ID: 3","timestamp":"2026-03-21 02:23:32"}
{"level":"info","message":"Получение ожидающих приглашений пользователя","timestamp":"2026-03-21 02:23:32","userId":3}
{"level":"info","message":"Получение заданий для пользователя ID: 3","timestamp":"2026-03-21 02:23:32"}
{"level":"info","message":"Получение ожидающих приглашений пользователя","timestamp":"2026-03-21 02:23:32","userId":3}
{"level":"info","message":"Получение заданий для пользователя ID: 3","timestamp":"2026-03-21 02:23:32"}
{"level":"info","message":"Получение ожидающих приглашений пользователя","timestamp":"2026-03-21 02:23:32","userId":3}
{"level":"info","message":"Получение ожидающих приглашений пользователя","timestamp":"2026-03-21 02:24:03","userId":3}
{"level":"info","message":"Получение заданий для пользователя ID: 3","timestamp":"2026-03-21 02:24:03"}
{"level":"info","message":"Получение заданий для пользователя ID: 3","timestamp":"2026-03-21 02:24:03"}
{"level":"info","message":"Получение ожидающих приглашений пользователя","timestamp":"2026-03-21 02:24:03","userId":3}
{"level":"info","message":"Получение заданий для пользователя ID: 3","timestamp":"2026-03-21 02:24:03"}
{"level":"info","message":"Получение ожидающих приглашений пользователя","timestamp":"2026-03-21 02:24:03","userId":3}
{"level":"info","message":"Получение заданий для пользователя ID: 3","timestamp":"2026-03-21 02:24:34"}
{"level":"info","message":"Получение ожидающих приглашений пользователя","timestamp":"2026-03-21 02:24:34","userId":3}
{"level":"info","message":"Получение заданий для пользователя ID: 3","timestamp":"2026-03-21 02:24:34"}
{"level":"info","message":"Получение ожидающих приглашений пользователя","timestamp":"2026-03-21 02:24:34","userId":3}
{"level":"info","message":"Получение заданий для пользователя ID: 3","timestamp":"2026-03-21 02:24:34"}
{"level":"info","message":"Получение ожидающих приглашений пользователя","timestamp":"2026-03-21 02:24:34","userId":3}
{"level":"info","message":"Получение заданий для пользователя ID: 3","timestamp":"2026-03-21 02:25:05"}
{"level":"info","message":"Получение ожидающих приглашений пользователя","timestamp":"2026-03-21 02:25:05","userId":3}
{"level":"info","message":"Получение заданий для пользователя ID: 3","timestamp":"2026-03-21 02:25:05"}
{"level":"info","message":"Получение ожидающих приглашений пользователя","timestamp":"2026-03-21 02:25:05","userId":3}
{"level":"info","message":"Получение заданий для пользователя ID: 3","timestamp":"2026-03-21 02:25:05"}
{"level":"info","message":"Получение ожидающих приглашений пользователя","timestamp":"2026-03-21 02:25:05","userId":3}
{"level":"info","message":"Получение ожидающих приглашений пользователя","timestamp":"2026-03-21 02:25:36","userId":3}
{"level":"info","message":"Получение заданий для пользователя ID: 3","timestamp":"2026-03-21 02:25:36"}
{"level":"info","message":"Получение заданий для пользователя ID: 3","timestamp":"2026-03-21 02:25:36"}
{"level":"info","message":"Получение ожидающих приглашений пользователя","timestamp":"2026-03-21 02:25:36","userId":3}
{"level":"info","message":"Получение заданий для пользователя ID: 3","timestamp":"2026-03-21 02:25:36"}
{"level":"info","message":"Получение ожидающих приглашений пользователя","timestamp":"2026-03-21 02:25:36","userId":3}
{"level":"info","message":"Получение ожидающих приглашений пользователя","timestamp":"2026-03-21 02:26:07","userId":3}
{"level":"info","message":"Получение заданий для пользователя ID: 3","timestamp":"2026-03-21 02:26:07"}
{"level":"info","message":"Получение заданий для пользователя ID: 3","timestamp":"2026-03-21 02:26:07"}
{"level":"info","message":"Получение ожидающих приглашений пользователя","timestamp":"2026-03-21 02:26:07","userId":3}
{"level":"info","message":"Получение заданий для пользователя ID: 3","timestamp":"2026-03-21 02:26:07"}
{"level":"info","message":"Получение ожидающих приглашений пользователя","timestamp":"2026-03-21 02:26:07","userId":3}
{"level":"info","message":"Получение ожидающих приглашений пользователя","timestamp":"2026-03-21 02:26:38","userId":3}
{"level":"info","message":"Получение заданий для пользователя ID: 3","timestamp":"2026-03-21 02:26:38"}
{"level":"info","message":"Получение заданий для пользователя ID: 3","timestamp":"2026-03-21 02:26:38"}
{"level":"info","message":"Получение ожидающих приглашений пользователя","timestamp":"2026-03-21 02:26:38","userId":3}
{"level":"info","message":"Получение заданий для пользователя ID: 3","timestamp":"2026-03-21 02:26:38"}
{"level":"info","message":"Получение ожидающих приглашений пользователя","timestamp":"2026-03-21 02:26:38","userId":3}
{"level":"info","message":"Получение заданий для пользователя ID: 3","timestamp":"2026-03-21 02:27:09"}
{"level":"info","message":"Получение ожидающих приглашений пользователя","timestamp":"2026-03-21 02:27:09","userId":3}
{"level":"info","message":"Получение ожидающих приглашений пользователя","timestamp":"2026-03-21 02:27:09","userId":3}
{"level":"info","message":"Получение заданий для пользователя ID: 3","timestamp":"2026-03-21 02:27:09"}
{"level":"info","message":"Получение заданий для пользователя ID: 3","timestamp":"2026-03-21 02:27:09"}
{"level":"info","message":"Получение ожидающих приглашений пользователя","timestamp":"2026-03-21 02:27:09","userId":3}
{"level":"info","message":"Получение заданий для пользователя ID: 3","timestamp":"2026-03-21 02:27:39"}
{"level":"info","message":"Получение ожидающих приглашений пользователя","timestamp":"2026-03-21 02:27:39","userId":3}
{"level":"info","message":"Получение заданий для пользователя ID: 3","timestamp":"2026-03-21 02:27:39"}
{"level":"info","message":"Получение ожидающих приглашений пользователя","timestamp":"2026-03-21 02:27:39","userId":3}
{"level":"info","message":"Получение заданий для пользователя ID: 3","timestamp":"2026-03-21 02:27:39"}
{"level":"info","message":"Получение ожидающих приглашений пользователя","timestamp":"2026-03-21 02:27:39","userId":3}
{"level":"info","message":"Получение заданий для пользователя ID: 3","timestamp":"2026-03-21 02:28:10"}
{"level":"info","message":"Получение ожидающих приглашений пользователя","timestamp":"2026-03-21 02:28:10","userId":3}
{"level":"info","message":"Получение заданий для пользователя ID: 3","timestamp":"2026-03-21 02:28:10"}
{"level":"info","message":"Получение ожидающих приглашений пользователя","timestamp":"2026-03-21 02:28:10","userId":3}
{"level":"info","message":"Получение заданий для пользователя ID: 3","timestamp":"2026-03-21 02:28:10"}
{"level":"info","message":"Получение ожидающих приглашений пользователя","timestamp":"2026-03-21 02:28:10","userId":3}
{"level":"info","message":"Получение заданий для пользователя ID: 3","timestamp":"2026-03-21 02:28:41"}
{"level":"info","message":"Получение ожидающих приглашений пользователя","timestamp":"2026-03-21 02:28:41","userId":3}
{"level":"info","message":"Получение ожидающих приглашений пользователя","timestamp":"2026-03-21 02:28:41","userId":3}
{"level":"info","message":"Получение заданий для пользователя ID: 3","timestamp":"2026-03-21 02:28:41"}
{"level":"info","message":"Получение заданий для пользователя ID: 3","timestamp":"2026-03-21 02:28:41"}
{"level":"info","message":"Получение ожидающих приглашений пользователя","timestamp":"2026-03-21 02:28:41","userId":3}
{"level":"info","message":"Получение ожидающих приглашений пользователя","timestamp":"2026-03-21 02:29:12","userId":3}
{"level":"info","message":"Получение заданий для пользователя ID: 3","timestamp":"2026-03-21 02:29:12"}
{"level":"info","message":"Получение заданий для пользователя ID: 3","timestamp":"2026-03-21 02:29:12"}
{"level":"info","message":"Получение ожидающих приглашений пользователя","timestamp":"2026-03-21 02:29:12","userId":3}
{"level":"info","message":"Получение заданий для пользователя ID: 3","timestamp":"2026-03-21 02:29:12"}
{"level":"info","message":"Получение ожидающих приглашений пользователя","timestamp":"2026-03-21 02:29:12","userId":3}
{"level":"info","message":"Получение заданий для пользователя ID: 3","timestamp":"2026-03-21 02:29:14"}
{"level":"info","message":"Получение ожидающих приглашений пользователя","timestamp":"2026-03-21 02:29:14","userId":3}
{"level":"info","message":"Получение ожидающих приглашений пользователя","timestamp":"2026-03-21 02:29:14","userId":3}
{"level":"info","message":"Получение заданий для пользователя ID: 3","timestamp":"2026-03-21 02:29:14"}
{"level":"info","message":"Получение заданий для пользователя ID: 3","timestamp":"2026-03-21 02:29:16"}
{"level":"info","message":"Получение ожидающих приглашений пользователя","timestamp":"2026-03-21 02:29:16","userId":3}
{"level":"info","message":"Получение ожидающих приглашений пользователя","timestamp":"2026-03-21 02:29:16","userId":3}
{"level":"info","message":"Получение заданий для пользователя ID: 3","timestamp":"2026-03-21 02:29:16"}
{"level":"info","message":"Получение ожидающих приглашений пользователя","timestamp":"2026-03-21 02:29:16","userId":3}
{"level":"info","message":"Получение заданий для пользователя ID: 3","timestamp":"2026-03-21 02:29:16"}
{"assignmentId":35,"level":"info","message":"Получение состава команды проекта","timestamp":"2026-03-21 02:29:16"}
{"level":"info","message":"Получение заданий для пользователя ID: 3","timestamp":"2026-03-21 02:29:16"}
{"level":"info","message":"Получение ожидающих приглашений пользователя","timestamp":"2026-03-21 02:29:16","userId":3}
{"assignmentId":35,"level":"info","message":"Получение состава команды проекта","timestamp":"2026-03-21 02:29:16"}
{"level":"info","message":"Получение ожидающих приглашений пользователя","timestamp":"2026-03-21 02:29:16","userId":3}
{"level":"info","message":"Получение заданий для пользователя ID: 3","timestamp":"2026-03-21 02:29:16"}
{"assignmentId":35,"level":"info","message":"Получение состава команды проекта","timestamp":"2026-03-21 02:29:16"}
{"assignmentId":35,"level":"info","message":"Получение состава команды проекта","timestamp":"2026-03-21 02:29:16"}
{"level":"info","message":"Получение заданий для пользователя ID: 3","timestamp":"2026-03-21 02:29:47"}
{"level":"info","message":"Получение ожидающих приглашений пользователя","timestamp":"2026-03-21 02:29:47","userId":3}
{"level":"info","message":"Получение заданий для пользователя ID: 3","timestamp":"2026-03-21 02:29:47"}
{"level":"info","message":"Получение ожидающих приглашений пользователя","timestamp":"2026-03-21 02:29:47","userId":3}
{"level":"info","message":"Получение заданий для пользователя ID: 3","timestamp":"2026-03-21 02:29:47"}
{"level":"info","message":"Получение ожидающих приглашений пользователя","timestamp":"2026-03-21 02:29:47","userId":3}
{"level":"info","message":"Получение заданий для пользователя ID: 3","timestamp":"2026-03-21 02:30:18"}
{"level":"info","message":"Получение ожидающих приглашений пользователя","timestamp":"2026-03-21 02:30:18","userId":3}
{"level":"info","message":"Получение заданий для пользователя ID: 3","timestamp":"2026-03-21 02:30:18"}
{"level":"info","message":"Получение ожидающих приглашений пользователя","timestamp":"2026-03-21 02:30:18","userId":3}
{"level":"info","message":"Получение заданий для пользователя ID: 3","timestamp":"2026-03-21 02:30:18"}
{"level":"info","message":"Получение ожидающих приглашений пользователя","timestamp":"2026-03-21 02:30:18","userId":3}
{"level":"info","message":"Получение заданий для пользователя ID: 3","timestamp":"2026-03-21 02:30:45"}
{"level":"info","message":"Получение ожидающих приглашений пользователя","timestamp":"2026-03-21 02:30:45","userId":3}
{"level":"info","message":"Получение заданий для пользователя ID: 3","timestamp":"2026-03-21 02:30:45"}
{"level":"info","message":"Получение ожидающих приглашений пользователя","timestamp":"2026-03-21 02:30:45","userId":3}
{"level":"info","message":"Получение ожидающих приглашений пользователя","timestamp":"2026-03-21 02:30:45","userId":3}
{"level":"info","message":"Получение заданий для пользователя ID: 3","timestamp":"2026-03-21 02:30:45"}
{"level":"info","message":"Получение ожидающих приглашений пользователя","timestamp":"2026-03-21 02:30:45","userId":3}
{"level":"info","message":"Получение ожидающих приглашений пользователя","timestamp":"2026-03-21 02:30:45","userId":3}
{"level":"info","message":"Получение заданий для пользователя ID: 3","timestamp":"2026-03-21 02:30:45"}
{"level":"info","message":"Получение заданий для пользователя ID: 3","timestamp":"2026-03-21 02:30:45"}
{"assignmentId":35,"level":"info","message":"Получение состава команды проекта","timestamp":"2026-03-21 02:30:45"}
{"assignmentId":35,"level":"info","message":"Получение состава команды проекта","timestamp":"2026-03-21 02:30:45"}
{"assignmentId":35,"level":"info","message":"Получение состава команды проекта","timestamp":"2026-03-21 02:30:45"}
{"assignmentId":35,"level":"info","message":"Получение состава команды проекта","timestamp":"2026-03-21 02:30:45"}
{"assignmentId":35,"level":"info","message":"Получение состава команды проекта","timestamp":"2026-03-21 02:30:46"}
{"level":"info","message":"Получение заданий для пользователя ID: 3","timestamp":"2026-03-21 02:31:16"}
{"level":"info","message":"Получение ожидающих приглашений пользователя","timestamp":"2026-03-21 02:31:16","userId":3}
{"level":"info","message":"Получение заданий для пользователя ID: 3","timestamp":"2026-03-21 02:31:16"}
{"level":"info","message":"Получение ожидающих приглашений пользователя","timestamp":"2026-03-21 02:31:16","userId":3}
{"level":"info","message":"Получение заданий для пользователя ID: 3","timestamp":"2026-03-21 02:31:16"}
{"level":"info","message":"Получение ожидающих приглашений пользователя","timestamp":"2026-03-21 02:31:16","userId":3}
{"level":"info","message":"Получение заданий для пользователя ID: 3","timestamp":"2026-03-21 02:31:47"}
{"level":"info","message":"Получение ожидающих приглашений пользователя","timestamp":"2026-03-21 02:31:47","userId":3}
{"level":"info","message":"Получение заданий для пользователя ID: 3","timestamp":"2026-03-21 02:31:47"}
{"level":"info","message":"Получение ожидающих приглашений пользователя","timestamp":"2026-03-21 02:31:47","userId":3}
{"level":"info","message":"Получение заданий для пользователя ID: 3","timestamp":"2026-03-21 02:31:47"}
{"level":"info","message":"Получение ожидающих приглашений пользователя","timestamp":"2026-03-21 02:31:47","userId":3}
{"level":"info","message":"Получение заданий для пользователя ID: 3","timestamp":"2026-03-21 02:32:18"}
{"level":"info","message":"Получение ожидающих приглашений пользователя","timestamp":"2026-03-21 02:32:18","userId":3}
{"level":"info","message":"Получение заданий для пользователя ID: 3","timestamp":"2026-03-21 02:32:18"}
{"level":"info","message":"Получение ожидающих приглашений пользователя","timestamp":"2026-03-21 02:32:18","userId":3}
{"level":"info","message":"Получение заданий для пользователя ID: 3","timestamp":"2026-03-21 02:32:18"}
{"level":"info","message":"Получение ожидающих приглашений пользователя","timestamp":"2026-03-21 02:32:18","userId":3}
{"level":"info","message":"Получение заданий для пользователя ID: 3","timestamp":"2026-03-21 02:32:48"}
{"level":"info","message":"Получение ожидающих приглашений пользователя","timestamp":"2026-03-21 02:32:48","userId":3}
{"level":"info","message":"Получение заданий для пользователя ID: 3","timestamp":"2026-03-21 02:32:48"}
{"level":"info","message":"Получение ожидающих приглашений пользователя","timestamp":"2026-03-21 02:32:48","userId":3}
{"level":"info","message":"Получение заданий для пользователя ID: 3","timestamp":"2026-03-21 02:32:48"}
{"level":"info","message":"Получение ожидающих приглашений пользователя","timestamp":"2026-03-21 02:32:48","userId":3}
{"level":"info","message":"Получение заданий для пользователя ID: 3","timestamp":"2026-03-21 02:33:19"}
{"level":"info","message":"Получение ожидающих приглашений пользователя","timestamp":"2026-03-21 02:33:19","userId":3}
{"level":"info","message":"Получение заданий для пользователя ID: 3","timestamp":"2026-03-21 02:33:19"}
{"level":"info","message":"Получение ожидающих приглашений пользователя","timestamp":"2026-03-21 02:33:19","userId":3}
{"level":"info","message":"Получение заданий для пользователя ID: 3","timestamp":"2026-03-21 02:33:19"}
{"level":"info","message":"Получение ожидающих приглашений пользователя","timestamp":"2026-03-21 02:33:19","userId":3}
{"level":"info","message":"Получение заданий для пользователя ID: 3","timestamp":"2026-03-21 02:33:50"}
{"level":"info","message":"Получение ожидающих приглашений пользователя","timestamp":"2026-03-21 02:33:50","userId":3}
{"level":"info","message":"Получение заданий для пользователя ID: 3","timestamp":"2026-03-21 02:33:50"}
{"level":"info","message":"Получение ожидающих приглашений пользователя","timestamp":"2026-03-21 02:33:50","userId":3}
{"level":"info","message":"Получение заданий для пользователя ID: 3","timestamp":"2026-03-21 02:33:50"}
{"level":"info","message":"Получение ожидающих приглашений пользователя","timestamp":"2026-03-21 02:33:50","userId":3}
{"level":"info","message":"Получение заданий для пользователя ID: 3","timestamp":"2026-03-21 15:01:49"}
{"level":"info","message":"Получение ожидающих приглашений пользователя","timestamp":"2026-03-21 15:01:49","userId":3}
{"level":"info","message":"Получение заданий для пользователя ID: 3","timestamp":"2026-03-21 15:01:49"}
{"level":"info","message":"Получение ожидающих приглашений пользователя","timestamp":"2026-03-21 15:01:49","userId":3}
{"level":"info","message":"Получение заданий для пользователя ID: 3","timestamp":"2026-03-21 15:01:49"}
{"level":"info","message":"Получение ожидающих приглашений пользователя","timestamp":"2026-03-21 15:01:49","userId":3}
{"assignmentId":35,"level":"info","message":"Получение состава команды проекта","timestamp":"2026-03-21 15:01:49"}
{"level":"info","message":"Получение заданий для пользователя ID: 3","timestamp":"2026-03-21 15:01:49"}
{"level":"info","message":"Получение ожидающих приглашений пользователя","timestamp":"2026-03-21 15:01:49","userId":3}
{"assignmentId":35,"level":"info","message":"Получение состава команды проекта","timestamp":"2026-03-21 15:01:49"}
{"level":"info","message":"Получение ожидающих приглашений пользователя","timestamp":"2026-03-21 15:01:49","userId":3}
{"level":"info","message":"Получение заданий для пользователя ID: 3","timestamp":"2026-03-21 15:01:49"}
{"assignmentId":35,"level":"info","message":"Получение состава команды проекта","timestamp":"2026-03-21 15:01:49"}
{"assignmentId":35,"level":"info","message":"Получение состава команды проекта","timestamp":"2026-03-21 15:01:49"}
{"level":"info","message":"Получение заданий для пользователя ID: 3","timestamp":"2026-03-21 15:02:20"}
{"level":"info","message":"Получение ожидающих приглашений пользователя","timestamp":"2026-03-21 15:02:20","userId":3}
{"level":"info","message":"Получение заданий для пользователя ID: 3","timestamp":"2026-03-21 15:02:20"}
{"level":"info","message":"Получение ожидающих приглашений пользователя","timestamp":"2026-03-21 15:02:20","userId":3}
{"level":"info","message":"Получение ожидающих приглашений пользователя","timestamp":"2026-03-21 15:02:20","userId":3}
{"level":"info","message":"Получение заданий для пользователя ID: 3","timestamp":"2026-03-21 15:02:20"}
{"level":"info","message":"Получение заданий для пользователя ID: 3","timestamp":"2026-03-21 15:02:51"}
{"level":"info","message":"Получение ожидающих приглашений пользователя","timestamp":"2026-03-21 15:02:51","userId":3}
{"level":"info","message":"Получение ожидающих приглашений пользователя","timestamp":"2026-03-21 15:02:51","userId":3}
{"level":"info","message":"Получение заданий для пользователя ID: 3","timestamp":"2026-03-21 15:02:51"}
{"level":"info","message":"Получение ожидающих приглашений пользователя","timestamp":"2026-03-21 15:02:51","userId":3}
{"level":"info","message":"Получение заданий для пользователя ID: 3","timestamp":"2026-03-21 15:02:51"}
{"level":"info","message":"Получение ожидающих приглашений пользователя","timestamp":"2026-03-21 15:03:22","userId":3}
{"level":"info","message":"Получение заданий для пользователя ID: 3","timestamp":"2026-03-21 15:03:22"}
{"level":"info","message":"Получение заданий для пользователя ID: 3","timestamp":"2026-03-21 15:03:22"}
{"level":"info","message":"Получение ожидающих приглашений пользователя","timestamp":"2026-03-21 15:03:22","userId":3}
{"level":"info","message":"Получение ожидающих приглашений пользователя","timestamp":"2026-03-21 15:03:22","userId":3}
{"level":"info","message":"Получение заданий для пользователя ID: 3","timestamp":"2026-03-21 15:03:22"}
{"level":"info","message":"Получение ожидающих приглашений пользователя","timestamp":"2026-03-21 15:03:53","userId":3}
{"level":"info","message":"Получение заданий для пользователя ID: 3","timestamp":"2026-03-21 15:03:53"}
{"level":"info","message":"Получение заданий для пользователя ID: 3","timestamp":"2026-03-21 15:03:53"}
{"level":"info","message":"Получение ожидающих приглашений пользователя","timestamp":"2026-03-21 15:03:53","userId":3}
{"level":"info","message":"Получение ожидающих приглашений пользователя","timestamp":"2026-03-21 15:03:53","userId":3}
{"level":"info","message":"Получение заданий для пользователя ID: 3","timestamp":"2026-03-21 15:03:53"}
{"level":"info","message":"Получение заданий для пользователя ID: 3","timestamp":"2026-03-21 15:04:24"}
{"level":"info","message":"Получение ожидающих приглашений пользователя","timestamp":"2026-03-21 15:04:24","userId":3}
{"level":"info","message":"Получение заданий для пользователя ID: 3","timestamp":"2026-03-21 15:04:24"}
{"level":"info","message":"Получение ожидающих приглашений пользователя","timestamp":"2026-03-21 15:04:24","userId":3}
{"level":"info","message":"Получение ожидающих приглашений пользователя","timestamp":"2026-03-21 15:04:24","userId":3}
{"level":"info","message":"Получение заданий для пользователя ID: 3","timestamp":"2026-03-21 15:04:24"}
{"level":"info","message":"Получение заданий для пользователя ID: 3","timestamp":"2026-03-21 15:04:55"}
{"level":"info","message":"Получение ожидающих приглашений пользователя","timestamp":"2026-03-21 15:04:55","userId":3}
{"level":"info","message":"Получение заданий для пользователя ID: 3","timestamp":"2026-03-21 15:04:55"}
{"level":"info","message":"Получение ожидающих приглашений пользователя","timestamp":"2026-03-21 15:04:55","userId":3}
{"level":"info","message":"Получение заданий для пользователя ID: 3","timestamp":"2026-03-21 15:04:55"}
{"level":"info","message":"Получение ожидающих приглашений пользователя","timestamp":"2026-03-21 15:04:55","userId":3}
{"level":"info","message":"Получение заданий для пользователя ID: 3","timestamp":"2026-03-21 15:05:26"}
{"level":"info","message":"Получение ожидающих приглашений пользователя","timestamp":"2026-03-21 15:05:26","userId":3}
{"level":"info","message":"Получение заданий для пользователя ID: 3","timestamp":"2026-03-21 15:05:26"}
{"level":"info","message":"Получение ожидающих приглашений пользователя","timestamp":"2026-03-21 15:05:26","userId":3}
{"level":"info","message":"Получение заданий для пользователя ID: 3","timestamp":"2026-03-21 15:05:26"}
{"level":"info","message":"Получение ожидающих приглашений пользователя","timestamp":"2026-03-21 15:05:26","userId":3}
{"level":"info","message":"Получение заданий для пользователя ID: 3","timestamp":"2026-03-21 15:05:57"}
{"level":"info","message":"Получение ожидающих приглашений пользователя","timestamp":"2026-03-21 15:05:57","userId":3}
{"level":"info","message":"Получение заданий для пользователя ID: 3","timestamp":"2026-03-21 15:05:57"}
{"level":"info","message":"Получение ожидающих приглашений пользователя","timestamp":"2026-03-21 15:05:57","userId":3}
{"level":"info","message":"Получение заданий для пользователя ID: 3","timestamp":"2026-03-21 15:05:57"}
{"level":"info","message":"Получение ожидающих приглашений пользователя","timestamp":"2026-03-21 15:05:57","userId":3}
{"level":"info","message":"Получение заданий для пользователя ID: 3","timestamp":"2026-03-21 15:06:28"}
{"level":"info","message":"Получение ожидающих приглашений пользователя","timestamp":"2026-03-21 15:06:28","userId":3}
{"level":"info","message":"Получение заданий для пользователя ID: 3","timestamp":"2026-03-21 15:06:28"}
{"level":"info","message":"Получение ожидающих приглашений пользователя","timestamp":"2026-03-21 15:06:28","userId":3}
{"level":"info","message":"Получение заданий для пользователя ID: 3","timestamp":"2026-03-21 15:06:28"}
{"level":"info","message":"Получение ожидающих приглашений пользователя","timestamp":"2026-03-21 15:06:28","userId":3}
{"level":"info","message":"Получение заданий для пользователя ID: 3","timestamp":"2026-03-21 15:06:59"}
{"level":"info","message":"Получение ожидающих приглашений пользователя","timestamp":"2026-03-21 15:06:59","userId":3}
{"level":"info","message":"Получение заданий для пользователя ID: 3","timestamp":"2026-03-21 15:06:59"}
{"level":"info","message":"Получение ожидающих приглашений пользователя","timestamp":"2026-03-21 15:06:59","userId":3}
{"level":"info","message":"Получение заданий для пользователя ID: 3","timestamp":"2026-03-21 15:06:59"}
{"level":"info","message":"Получение ожидающих приглашений пользователя","timestamp":"2026-03-21 15:06:59","userId":3}
{"level":"info","message":"Получение ожидающих приглашений пользователя","timestamp":"2026-03-21 15:07:30","userId":3}
{"level":"info","message":"Получение заданий для пользователя ID: 3","timestamp":"2026-03-21 15:07:30"}
{"level":"info","message":"Получение заданий для пользователя ID: 3","timestamp":"2026-03-21 15:07:30"}
{"level":"info","message":"Получение ожидающих приглашений пользователя","timestamp":"2026-03-21 15:07:30","userId":3}
{"level":"info","message":"Получение ожидающих приглашений пользователя","timestamp":"2026-03-21 15:07:30","userId":3}
{"level":"info","message":"Получение заданий для пользователя ID: 3","timestamp":"2026-03-21 15:07:30"}
{"level":"info","message":"Получение заданий для пользователя ID: 3","timestamp":"2026-03-21 15:08:01"}
{"level":"info","message":"Получение ожидающих приглашений пользователя","timestamp":"2026-03-21 15:08:01","userId":3}
{"level":"info","message":"Получение заданий для пользователя ID: 3","timestamp":"2026-03-21 15:08:01"}
{"level":"info","message":"Получение ожидающих приглашений пользователя","timestamp":"2026-03-21 15:08:01","userId":3}
{"level":"info","message":"Получение ожидающих приглашений пользователя","timestamp":"2026-03-21 15:08:01","userId":3}
{"level":"info","message":"Получение заданий для пользователя ID: 3","timestamp":"2026-03-21 15:08:01"}
{"level":"info","message":"Получение ожидающих приглашений пользователя","timestamp":"2026-03-21 15:08:32","userId":3}
{"level":"info","message":"Получение заданий для пользователя ID: 3","timestamp":"2026-03-21 15:08:32"}
{"level":"info","message":"Получение заданий для пользователя ID: 3","timestamp":"2026-03-21 15:08:32"}
{"level":"info","message":"Получение ожидающих приглашений пользователя","timestamp":"2026-03-21 15:08:32","userId":3}
{"level":"info","message":"Получение ожидающих приглашений пользователя","timestamp":"2026-03-21 15:08:32","userId":3}
{"level":"info","message":"Получение заданий для пользователя ID: 3","timestamp":"2026-03-21 15:08:32"}
{"level":"info","message":"Получение заданий для пользователя ID: 3","timestamp":"2026-03-21 15:09:03"}
{"level":"info","message":"Получение ожидающих приглашений пользователя","timestamp":"2026-03-21 15:09:03","userId":3}
{"level":"info","message":"Получение ожидающих приглашений пользователя","timestamp":"2026-03-21 15:09:03","userId":3}
{"level":"info","message":"Получение заданий для пользователя ID: 3","timestamp":"2026-03-21 15:09:03"}
{"level":"info","message":"Получение заданий для пользователя ID: 3","timestamp":"2026-03-21 15:09:03"}
{"level":"info","message":"Получение ожидающих приглашений пользователя","timestamp":"2026-03-21 15:09:03","userId":3}
{"level":"info","message":"Получение заданий для пользователя ID: 3","timestamp":"2026-03-21 15:09:34"}
{"level":"info","message":"Получение ожидающих приглашений пользователя","timestamp":"2026-03-21 15:09:34","userId":3}
{"level":"info","message":"Получение заданий для пользователя ID: 3","timestamp":"2026-03-21 15:09:34"}
{"level":"info","message":"Получение ожидающих приглашений пользователя","timestamp":"2026-03-21 15:09:34","userId":3}
{"level":"info","message":"Получение заданий для пользователя ID: 3","timestamp":"2026-03-21 15:09:34"}
{"level":"info","message":"Получение ожидающих приглашений пользователя","timestamp":"2026-03-21 15:09:34","userId":3}
{"level":"info","message":"Получение заданий для пользователя ID: 3","timestamp":"2026-03-21 15:10:05"}
{"level":"info","message":"Получение ожидающих приглашений пользователя","timestamp":"2026-03-21 15:10:05","userId":3}
{"level":"info","message":"Получение ожидающих приглашений пользователя","timestamp":"2026-03-21 15:10:05","userId":3}
{"level":"info","message":"Получение заданий для пользователя ID: 3","timestamp":"2026-03-21 15:10:05"}
{"level":"info","message":"Получение ожидающих приглашений пользователя","timestamp":"2026-03-21 15:10:05","userId":3}
{"level":"info","message":"Получение заданий для пользователя ID: 3","timestamp":"2026-03-21 15:10:05"}
{"level":"info","message":"Получение ожидающих приглашений пользователя","timestamp":"2026-03-21 15:10:36","userId":3}
{"level":"info","message":"Получение заданий для пользователя ID: 3","timestamp":"2026-03-21 15:10:36"}
{"level":"info","message":"Получение заданий для пользователя ID: 3","timestamp":"2026-03-21 15:10:36"}
{"level":"info","message":"Получение ожидающих приглашений пользователя","timestamp":"2026-03-21 15:10:36","userId":3}
{"level":"info","message":"Получение ожидающих приглашений пользователя","timestamp":"2026-03-21 15:10:36","userId":3}
{"level":"info","message":"Получение заданий для пользователя ID: 3","timestamp":"2026-03-21 15:10:36"}
{"level":"info","message":"Получение заданий для пользователя ID: 3","timestamp":"2026-03-21 15:11:07"}
{"level":"info","message":"Получение ожидающих приглашений пользователя","timestamp":"2026-03-21 15:11:07","userId":3}
{"level":"info","message":"Получение заданий для пользователя ID: 3","timestamp":"2026-03-21 15:11:07"}
{"level":"info","message":"Получение ожидающих приглашений пользователя","timestamp":"2026-03-21 15:11:07","userId":3}
{"level":"info","message":"Получение ожидающих приглашений пользователя","timestamp":"2026-03-21 15:11:07","userId":3}
{"level":"info","message":"Получение заданий для пользователя ID: 3","timestamp":"2026-03-21 15:11:07"}
{"level":"info","message":"Получение ожидающих приглашений пользователя","timestamp":"2026-03-21 15:11:38","userId":3}
{"level":"info","message":"Получение заданий для пользователя ID: 3","timestamp":"2026-03-21 15:11:38"}
{"level":"info","message":"Получение заданий для пользователя ID: 3","timestamp":"2026-03-21 15:11:38"}
{"level":"info","message":"Получение ожидающих приглашений пользователя","timestamp":"2026-03-21 15:11:38","userId":3}
{"level":"info","message":"Получение заданий для пользователя ID: 3","timestamp":"2026-03-21 15:11:38"}
{"level":"info","message":"Получение ожидающих приглашений пользователя","timestamp":"2026-03-21 15:11:38","userId":3}
{"level":"info","message":"Получение ожидающих приглашений пользователя","timestamp":"2026-03-21 15:12:09","userId":3}
{"level":"info","message":"Получение заданий для пользователя ID: 3","timestamp":"2026-03-21 15:12:09"}
{"level":"info","message":"Получение заданий для пользователя ID: 3","timestamp":"2026-03-21 15:12:09"}
{"level":"info","message":"Получение ожидающих приглашений пользователя","timestamp":"2026-03-21 15:12:09","userId":3}
{"level":"info","message":"Получение заданий для пользователя ID: 3","timestamp":"2026-03-21 15:12:09"}
{"level":"info","message":"Получение ожидающих приглашений пользователя","timestamp":"2026-03-21 15:12:09","userId":3}
{"level":"info","message":"Получение заданий для пользователя ID: 3","timestamp":"2026-03-21 15:12:40"}
{"level":"info","message":"Получение ожидающих приглашений пользователя","timestamp":"2026-03-21 15:12:40","userId":3}
{"level":"info","message":"Получение заданий для пользователя ID: 3","timestamp":"2026-03-21 15:12:40"}
{"level":"info","message":"Получение ожидающих приглашений пользователя","timestamp":"2026-03-21 15:12:40","userId":3}
{"level":"info","message":"Получение заданий для пользователя ID: 3","timestamp":"2026-03-21 15:12:40"}
{"level":"info","message":"Получение ожидающих приглашений пользователя","timestamp":"2026-03-21 15:12:40","userId":3}
{"level":"info","message":"Получение заданий для пользователя ID: 3","timestamp":"2026-03-21 15:13:11"}
{"level":"info","message":"Получение ожидающих приглашений пользователя","timestamp":"2026-03-21 15:13:11","userId":3}
{"level":"info","message":"Получение ожидающих приглашений пользователя","timestamp":"2026-03-21 15:13:11","userId":3}
{"level":"info","message":"Получение заданий для пользователя ID: 3","timestamp":"2026-03-21 15:13:11"}
{"level":"info","message":"Получение ожидающих приглашений пользователя","timestamp":"2026-03-21 15:13:11","userId":3}
{"level":"info","message":"Получение заданий для пользователя ID: 3","timestamp":"2026-03-21 15:13:11"}
{"level":"info","message":"Получение заданий для пользователя ID: 3","timestamp":"2026-03-21 15:13:42"}
{"level":"info","message":"Получение ожидающих приглашений пользователя","timestamp":"2026-03-21 15:13:42","userId":3}
{"level":"info","message":"Получение заданий для пользователя ID: 3","timestamp":"2026-03-21 15:13:42"}
{"level":"info","message":"Получение ожидающих приглашений пользователя","timestamp":"2026-03-21 15:13:42","userId":3}
{"level":"info","message":"Получение заданий для пользователя ID: 3","timestamp":"2026-03-21 15:13:42"}
{"level":"info","message":"Получение ожидающих приглашений пользователя","timestamp":"2026-03-21 15:13:42","userId":3}
{"level":"info","message":"Получение заданий для пользователя ID: 3","timestamp":"2026-03-21 15:14:13"}
{"level":"info","message":"Получение ожидающих приглашений пользователя","timestamp":"2026-03-21 15:14:13","userId":3}
{"level":"info","message":"Получение ожидающих приглашений пользователя","timestamp":"2026-03-21 15:14:13","userId":3}
{"level":"info","message":"Получение заданий для пользователя ID: 3","timestamp":"2026-03-21 15:14:13"}
{"level":"info","message":"Получение ожидающих приглашений пользователя","timestamp":"2026-03-21 15:14:13","userId":3}
{"level":"info","message":"Получение заданий для пользователя ID: 3","timestamp":"2026-03-21 15:14:13"}
{"level":"info","message":"Получение заданий для пользователя ID: 3","timestamp":"2026-03-21 15:14:44"}
{"level":"info","message":"Получение ожидающих приглашений пользователя","timestamp":"2026-03-21 15:14:44","userId":3}
{"level":"info","message":"Получение ожидающих приглашений пользователя","timestamp":"2026-03-21 15:14:44","userId":3}
{"level":"info","message":"Получение заданий для пользователя ID: 3","timestamp":"2026-03-21 15:14:44"}
{"level":"info","message":"Получение заданий для пользователя ID: 3","timestamp":"2026-03-21 15:14:44"}
{"level":"info","message":"Получение ожидающих приглашений пользователя","timestamp":"2026-03-21 15:14:44","userId":3}
{"level":"info","message":"Получение заданий для пользователя ID: 3","timestamp":"2026-03-21 15:15:15"}
{"level":"info","message":"Получение ожидающих приглашений пользователя","timestamp":"2026-03-21 15:15:15","userId":3}
{"level":"info","message":"Получение заданий для пользователя ID: 3","timestamp":"2026-03-21 15:15:15"}
{"level":"info","message":"Получение ожидающих приглашений пользователя","timestamp":"2026-03-21 15:15:15","userId":3}
{"level":"info","message":"Получение заданий для пользователя ID: 3","timestamp":"2026-03-21 15:15:15"}
{"level":"info","message":"Получение ожидающих приглашений пользователя","timestamp":"2026-03-21 15:15:15","userId":3}
{"level":"info","message":"Получение заданий для пользователя ID: 3","timestamp":"2026-03-21 15:15:46"}
{"level":"info","message":"Получение ожидающих приглашений пользователя","timestamp":"2026-03-21 15:15:46","userId":3}
{"level":"info","message":"Получение ожидающих приглашений пользователя","timestamp":"2026-03-21 15:15:46","userId":3}
{"level":"info","message":"Получение заданий для пользователя ID: 3","timestamp":"2026-03-21 15:15:46"}
{"level":"info","message":"Получение заданий для пользователя ID: 3","timestamp":"2026-03-21 15:15:46"}
{"level":"info","message":"Получение ожидающих приглашений пользователя","timestamp":"2026-03-21 15:15:46","userId":3}
{"level":"info","message":"Получение заданий для пользователя ID: 3","timestamp":"2026-03-21 15:16:17"}
{"level":"info","message":"Получение ожидающих приглашений пользователя","timestamp":"2026-03-21 15:16:17","userId":3}
{"level":"info","message":"Получение заданий для пользователя ID: 3","timestamp":"2026-03-21 15:16:17"}
{"level":"info","message":"Получение ожидающих приглашений пользователя","timestamp":"2026-03-21 15:16:17","userId":3}
{"level":"info","message":"Получение заданий для пользователя ID: 3","timestamp":"2026-03-21 15:16:17"}
{"level":"info","message":"Получение ожидающих приглашений пользователя","timestamp":"2026-03-21 15:16:17","userId":3}
{"level":"info","message":"Получение заданий для пользователя ID: 3","timestamp":"2026-03-21 15:16:48"}
{"level":"info","message":"Получение ожидающих приглашений пользователя","timestamp":"2026-03-21 15:16:48","userId":3}
{"level":"info","message":"Получение ожидающих приглашений пользователя","timestamp":"2026-03-21 15:16:48","userId":3}
{"level":"info","message":"Получение заданий для пользователя ID: 3","timestamp":"2026-03-21 15:16:48"}
{"level":"info","message":"Получение заданий для пользователя ID: 3","timestamp":"2026-03-21 15:16:48"}
{"level":"info","message":"Получение ожидающих приглашений пользователя","timestamp":"2026-03-21 15:16:48","userId":3}
{"level":"info","message":"Получение ожидающих приглашений пользователя","timestamp":"2026-03-21 15:17:19","userId":3}
{"level":"info","message":"Получение заданий для пользователя ID: 3","timestamp":"2026-03-21 15:17:19"}
{"level":"info","message":"Получение заданий для пользователя ID: 3","timestamp":"2026-03-21 15:17:19"}
{"level":"info","message":"Получение ожидающих приглашений пользователя","timestamp":"2026-03-21 15:17:19","userId":3}
{"level":"info","message":"Получение ожидающих приглашений пользователя","timestamp":"2026-03-21 15:17:19","userId":3}
{"level":"info","message":"Получение заданий для пользователя ID: 3","timestamp":"2026-03-21 15:17:19"}
{"level":"info","message":"Получение заданий для пользователя ID: 3","timestamp":"2026-03-21 15:17:50"}
{"level":"info","message":"Получение ожидающих приглашений пользователя","timestamp":"2026-03-21 15:17:50","userId":3}
{"level":"info","message":"Получение ожидающих приглашений пользователя","timestamp":"2026-03-21 15:17:50","userId":3}
{"level":"info","message":"Получение заданий для пользователя ID: 3","timestamp":"2026-03-21 15:17:50"}
{"level":"info","message":"Получение заданий для пользователя ID: 3","timestamp":"2026-03-21 15:17:50"}
{"level":"info","message":"Получение ожидающих приглашений пользователя","timestamp":"2026-03-21 15:17:50","userId":3}
{"level":"info","message":"Получение заданий для пользователя ID: 3","timestamp":"2026-03-21 15:18:21"}
{"level":"info","message":"Получение ожидающих приглашений пользователя","timestamp":"2026-03-21 15:18:21","userId":3}
{"level":"info","message":"Получение заданий для пользователя ID: 3","timestamp":"2026-03-21 15:18:21"}
{"level":"info","message":"Получение ожидающих приглашений пользователя","timestamp":"2026-03-21 15:18:21","userId":3}
{"level":"info","message":"Получение заданий для пользователя ID: 3","timestamp":"2026-03-21 15:18:21"}
{"level":"info","message":"Получение ожидающих приглашений пользователя","timestamp":"2026-03-21 15:18:21","userId":3}
{"level":"info","message":"Получение заданий для пользователя ID: 3","timestamp":"2026-03-21 15:18:52"}
{"level":"info","message":"Получение ожидающих приглашений пользователя","timestamp":"2026-03-21 15:18:52","userId":3}
{"level":"info","message":"Получение заданий для пользователя ID: 3","timestamp":"2026-03-21 15:18:52"}
{"level":"info","message":"Получение ожидающих приглашений пользователя","timestamp":"2026-03-21 15:18:52","userId":3}
{"level":"info","message":"Получение заданий для пользователя ID: 3","timestamp":"2026-03-21 15:18:52"}
{"level":"info","message":"Получение ожидающих приглашений пользователя","timestamp":"2026-03-21 15:18:52","userId":3}
{"level":"info","message":"Получение ожидающих приглашений пользователя","timestamp":"2026-03-21 15:19:23","userId":3}
{"level":"info","message":"Получение заданий для пользователя ID: 3","timestamp":"2026-03-21 15:19:23"}
{"level":"info","message":"Получение заданий для пользователя ID: 3","timestamp":"2026-03-21 15:19:23"}
{"level":"info","message":"Получение ожидающих приглашений пользователя","timestamp":"2026-03-21 15:19:23","userId":3}
{"level":"info","message":"Получение ожидающих приглашений пользователя","timestamp":"2026-03-21 15:19:23","userId":3}
{"level":"info","message":"Получение заданий для пользователя ID: 3","timestamp":"2026-03-21 15:19:23"}
{"level":"info","message":"Получение ожидающих приглашений пользователя","timestamp":"2026-03-21 15:19:54","userId":3}
{"level":"info","message":"Получение заданий для пользователя ID: 3","timestamp":"2026-03-21 15:19:54"}
{"level":"info","message":"Получение заданий для пользователя ID: 3","timestamp":"2026-03-21 15:19:54"}
{"level":"info","message":"Получение ожидающих приглашений пользователя","timestamp":"2026-03-21 15:19:54","userId":3}
{"level":"info","message":"Получение заданий для пользователя ID: 3","timestamp":"2026-03-21 15:19:54"}
{"level":"info","message":"Получение ожидающих приглашений пользователя","timestamp":"2026-03-21 15:19:54","userId":3}
{"level":"info","message":"Получение заданий для пользователя ID: 3","timestamp":"2026-03-21 15:20:25"}
{"level":"info","message":"Получение ожидающих приглашений пользователя","timestamp":"2026-03-21 15:20:25","userId":3}
{"level":"info","message":"Получение заданий для пользователя ID: 3","timestamp":"2026-03-21 15:20:25"}
{"level":"info","message":"Получение ожидающих приглашений пользователя","timestamp":"2026-03-21 15:20:25","userId":3}
{"level":"info","message":"Получение заданий для пользователя ID: 3","timestamp":"2026-03-21 15:20:25"}
{"level":"info","message":"Получение ожидающих приглашений пользователя","timestamp":"2026-03-21 15:20:25","userId":3}
{"level":"info","message":"Получение заданий для пользователя ID: 3","timestamp":"2026-03-21 15:20:56"}
{"level":"info","message":"Получение ожидающих приглашений пользователя","timestamp":"2026-03-21 15:20:56","userId":3}
{"level":"info","message":"Получение ожидающих приглашений пользователя","timestamp":"2026-03-21 15:20:56","userId":3}
{"level":"info","message":"Получение заданий для пользователя ID: 3","timestamp":"2026-03-21 15:20:56"}
{"level":"info","message":"Получение заданий для пользователя ID: 3","timestamp":"2026-03-21 15:20:56"}
{"level":"info","message":"Получение ожидающих приглашений пользователя","timestamp":"2026-03-21 15:20:56","userId":3}
{"level":"info","message":"Получение заданий для пользователя ID: 3","timestamp":"2026-03-21 15:21:27"}
{"level":"info","message":"Получение ожидающих приглашений пользователя","timestamp":"2026-03-21 15:21:27","userId":3}
{"level":"info","message":"Получение заданий для пользователя ID: 3","timestamp":"2026-03-21 15:21:27"}
{"level":"info","message":"Получение ожидающих приглашений пользователя","timestamp":"2026-03-21 15:21:27","userId":3}
{"level":"info","message":"Получение заданий для пользователя ID: 3","timestamp":"2026-03-21 15:21:27"}
{"level":"info","message":"Получение ожидающих приглашений пользователя","timestamp":"2026-03-21 15:21:27","userId":3}
{"level":"info","message":"Получение заданий для пользователя ID: 3","timestamp":"2026-03-21 15:21:58"}
{"level":"info","message":"Получение ожидающих приглашений пользователя","timestamp":"2026-03-21 15:21:58","userId":3}
{"level":"info","message":"Получение заданий для пользователя ID: 3","timestamp":"2026-03-21 15:21:58"}
{"level":"info","message":"Получение ожидающих приглашений пользователя","timestamp":"2026-03-21 15:21:58","userId":3}
{"level":"info","message":"Получение ожидающих приглашений пользователя","timestamp":"2026-03-21 15:21:58","userId":3}
{"level":"info","message":"Получение заданий для пользователя ID: 3","timestamp":"2026-03-21 15:21:58"}
{"level":"info","message":"Получение ожидающих приглашений пользователя","timestamp":"2026-03-21 15:22:29","userId":3}
{"level":"info","message":"Получение заданий для пользователя ID: 3","timestamp":"2026-03-21 15:22:29"}
{"level":"info","message":"Получение ожидающих приглашений пользователя","timestamp":"2026-03-21 15:22:29","userId":3}
{"level":"info","message":"Получение заданий для пользователя ID: 3","timestamp":"2026-03-21 15:22:29"}
{"level":"info","message":"Получение заданий для пользователя ID: 3","timestamp":"2026-03-21 15:22:29"}
{"level":"info","message":"Получение ожидающих приглашений пользователя","timestamp":"2026-03-21 15:22:29","userId":3}
{"level":"info","message":"Получение заданий для пользователя ID: 3","timestamp":"2026-03-21 15:23:00"}
{"level":"info","message":"Получение ожидающих приглашений пользователя","timestamp":"2026-03-21 15:23:00","userId":3}
{"level":"info","message":"Получение заданий для пользователя ID: 3","timestamp":"2026-03-21 15:23:00"}
{"level":"info","message":"Получение ожидающих приглашений пользователя","timestamp":"2026-03-21 15:23:00","userId":3}
{"level":"info","message":"Получение ожидающих приглашений пользователя","timestamp":"2026-03-21 15:23:00","userId":3}
{"level":"info","message":"Получение заданий для пользователя ID: 3","timestamp":"2026-03-21 15:23:00"}
{"level":"info","message":"Получение заданий для пользователя ID: 3","timestamp":"2026-03-21 15:23:31"}
{"level":"info","message":"Получение ожидающих приглашений пользователя","timestamp":"2026-03-21 15:23:31","userId":3}
{"level":"info","message":"Получение заданий для пользователя ID: 3","timestamp":"2026-03-21 15:23:31"}
{"level":"info","message":"Получение ожидающих приглашений пользователя","timestamp":"2026-03-21 15:23:31","userId":3}
{"level":"info","message":"Получение ожидающих приглашений пользователя","timestamp":"2026-03-21 15:23:31","userId":3}
{"level":"info","message":"Получение заданий для пользователя ID: 3","timestamp":"2026-03-21 15:23:31"}
{"level":"info","message":"Получение ожидающих приглашений пользователя","timestamp":"2026-03-21 15:24:02","userId":3}
{"level":"info","message":"Получение заданий для пользователя ID: 3","timestamp":"2026-03-21 15:24:02"}
{"level":"info","message":"Получение заданий для пользователя ID: 3","timestamp":"2026-03-21 15:24:02"}
{"level":"info","message":"Получение ожидающих приглашений пользователя","timestamp":"2026-03-21 15:24:02","userId":3}
{"level":"info","message":"Получение ожидающих приглашений пользователя","timestamp":"2026-03-21 15:24:02","userId":3}
{"level":"info","message":"Получение заданий для пользователя ID: 3","timestamp":"2026-03-21 15:24:02"}
{"level":"info","message":"Получение ожидающих приглашений пользователя","timestamp":"2026-03-21 15:24:33","userId":3}
{"level":"info","message":"Получение заданий для пользователя ID: 3","timestamp":"2026-03-21 15:24:33"}
{"level":"info","message":"Получение заданий для пользователя ID: 3","timestamp":"2026-03-21 15:24:33"}
{"level":"info","message":"Получение ожидающих приглашений пользователя","timestamp":"2026-03-21 15:24:33","userId":3}
{"level":"info","message":"Получение ожидающих приглашений пользователя","timestamp":"2026-03-21 15:24:33","userId":3}
{"level":"info","message":"Получение заданий для пользователя ID: 3","timestamp":"2026-03-21 15:24:33"}
{"level":"info","message":"Получение ожидающих приглашений пользователя","timestamp":"2026-03-21 15:25:04","userId":3}
{"level":"info","message":"Получение заданий для пользователя ID: 3","timestamp":"2026-03-21 15:25:04"}
{"level":"info","message":"Получение заданий для пользователя ID: 3","timestamp":"2026-03-21 15:25:04"}
{"level":"info","message":"Получение ожидающих приглашений пользователя","timestamp":"2026-03-21 15:25:04","userId":3}
{"level":"info","message":"Получение заданий для пользователя ID: 3","timestamp":"2026-03-21 15:25:04"}
{"level":"info","message":"Получение ожидающих приглашений пользователя","timestamp":"2026-03-21 15:25:04","userId":3}
{"level":"info","message":"Получение заданий для пользователя ID: 3","timestamp":"2026-03-21 15:25:35"}
{"level":"info","message":"Получение ожидающих приглашений пользователя","timestamp":"2026-03-21 15:25:35","userId":3}
{"level":"info","message":"Получение заданий для пользователя ID: 3","timestamp":"2026-03-21 15:25:35"}
{"level":"info","message":"Получение ожидающих приглашений пользователя","timestamp":"2026-03-21 15:25:35","userId":3}
{"level":"info","message":"Получение заданий для пользователя ID: 3","timestamp":"2026-03-21 15:25:35"}
{"level":"info","message":"Получение ожидающих приглашений пользователя","timestamp":"2026-03-21 15:25:35","userId":3}
{"level":"info","message":"Получение ожидающих приглашений пользователя","timestamp":"2026-03-21 15:25:53","userId":1}
{"level":"info","message":"Получение ожидающих приглашений пользователя","timestamp":"2026-03-21 15:25:53","userId":1}
{"level":"info","message":"Получение заданий для пользователя ID: 1","timestamp":"2026-03-21 15:25:53"}
{"level":"info","message":"Получение ожидающих приглашений пользователя","timestamp":"2026-03-21 15:25:53","userId":1}
{"level":"info","message":"Получение заданий для пользователя ID: 1","timestamp":"2026-03-21 15:25:53"}
{"level":"info","message":"Получение ожидающих приглашений пользователя","timestamp":"2026-03-21 15:25:53","userId":1}
{"level":"info","message":"Получение заданий для пользователя ID: 1","timestamp":"2026-03-21 15:25:53"}
{"level":"info","message":"Получение заданий для пользователя ID: 1","timestamp":"2026-03-21 15:25:53"}
{"assignmentId":32,"level":"info","message":"Получение состава команды проекта","timestamp":"2026-03-21 15:25:53"}
{"assignmentId":32,"level":"info","message":"Получение состава команды проекта","timestamp":"2026-03-21 15:25:53"}
{"level":"info","message":"Получение заданий для пользователя ID: 1","timestamp":"2026-03-21 15:25:53"}
{"level":"info","message":"Получение ожидающих приглашений пользователя","timestamp":"2026-03-21 15:25:53","userId":1}
{"assignmentId":32,"level":"info","message":"Получение состава команды проекта","timestamp":"2026-03-21 15:25:53"}
{"assignmentId":32,"level":"info","message":"Получение состава команды проекта","timestamp":"2026-03-21 15:25:53"}
{"assignmentId":32,"level":"info","message":"Получение состава команды проекта","timestamp":"2026-03-21 15:25:53"}
{"level":"info","message":"Получение ожидающих приглашений пользователя","timestamp":"2026-03-21 15:25:54","userId":1}
{"level":"info","message":"Получение заданий для пользователя ID: 1","timestamp":"2026-03-21 15:25:54"}
{"level":"info","message":"Получение ожидающих приглашений пользователя","timestamp":"2026-03-21 15:25:54","userId":1}
{"level":"info","message":"Получение заданий для пользователя ID: 1","timestamp":"2026-03-21 15:25:54"}
{"level":"info","message":"Получение ожидающих приглашений пользователя","timestamp":"2026-03-21 15:25:54","userId":1}
{"level":"info","message":"Получение заданий для пользователя ID: 1","timestamp":"2026-03-21 15:25:54"}
{"level":"info","message":"Task status updated with audit","newStatus":3,"taskId":181,"timestamp":"2026-03-21 15:25:56","userId":1}
{"level":"info","message":"Получение заданий для пользователя ID: 1","timestamp":"2026-03-21 15:25:58"}
{"level":"info","message":"Получение ожидающих приглашений пользователя","timestamp":"2026-03-21 15:25:58","userId":1}
{"level":"info","message":"Получение заданий для пользователя ID: 1","timestamp":"2026-03-21 15:26:05"}
{"level":"info","message":"Получение ожидающих приглашений пользователя","timestamp":"2026-03-21 15:26:05","userId":1}
{"level":"info","message":"Получение ожидающих приглашений пользователя","timestamp":"2026-03-21 15:26:05","userId":1}
{"level":"info","message":"Получение ожидающих приглашений пользователя","timestamp":"2026-03-21 15:26:05","userId":1}
{"level":"info","message":"Получение заданий для пользователя ID: 1","timestamp":"2026-03-21 15:26:05"}
{"level":"info","message":"Получение ожидающих приглашений пользователя","timestamp":"2026-03-21 15:26:05","userId":1}
{"level":"info","message":"Получение заданий для пользователя ID: 1","timestamp":"2026-03-21 15:26:05"}
{"assignmentId":32,"level":"info","message":"Получение состава команды проекта","timestamp":"2026-03-21 15:26:05"}
{"level":"info","message":"Получение ожидающих приглашений пользователя","timestamp":"2026-03-21 15:26:05","userId":1}
{"assignmentId":32,"level":"info","message":"Получение состава команды проекта","timestamp":"2026-03-21 15:26:05"}
{"level":"info","message":"Получение заданий для пользователя ID: 1","timestamp":"2026-03-21 15:26:05"}
{"assignmentId":32,"level":"info","message":"Получение состава команды проекта","timestamp":"2026-03-21 15:26:05"}
{"level":"info","message":"Получение заданий для пользователя ID: 1","timestamp":"2026-03-21 15:26:05"}
{"assignmentId":32,"level":"info","message":"Получение состава команды проекта","timestamp":"2026-03-21 15:26:05"}
{"assignmentId":32,"level":"info","message":"Получение состава команды проекта","timestamp":"2026-03-21 15:26:05"}
{"assignmentId":32,"level":"info","message":"Получение состава команды проекта","timestamp":"2026-03-21 15:26:05"}
{"level":"warn","message":"Attempt to set audit user without userId","timestamp":"2026-03-21 15:26:12"}
{"error":"column \"deleted_at\" is of type timestamp without time zone but expression is of type text","level":"error","message":"Database query failed","query":"INSERT INTO archived_tasks SELECT *, NOW() as deleted_at FROM tasks WHERE id = $1","timestamp":"2026-03-21 15:26:12"}
{"level":"info","message":"Получение заданий для пользователя ID: 1","timestamp":"2026-03-21 15:26:14"}
{"level":"info","message":"Получение ожидающих приглашений пользователя","timestamp":"2026-03-21 15:26:14","userId":1}
{"level":"info","message":"Получение ожидающих приглашений пользователя","timestamp":"2026-03-21 15:26:14","userId":1}
{"level":"info","message":"Получение ожидающих приглашений пользователя","timestamp":"2026-03-21 15:26:14","userId":1}
{"level":"info","message":"Получение заданий для пользователя ID: 1","timestamp":"2026-03-21 15:26:14"}
{"level":"info","message":"Получение ожидающих приглашений пользователя","timestamp":"2026-03-21 15:26:14","userId":1}
{"level":"info","message":"Получение заданий для пользователя ID: 1","timestamp":"2026-03-21 15:26:14"}
{"level":"info","message":"Получение заданий для пользователя ID: 1","timestamp":"2026-03-21 15:26:14"}
{"assignmentId":32,"level":"info","message":"Получение состава команды проекта","timestamp":"2026-03-21 15:26:14"}
{"assignmentId":32,"level":"info","message":"Получение состава команды проекта","timestamp":"2026-03-21 15:26:14"}
{"level":"info","message":"Получение ожидающих приглашений пользователя","timestamp":"2026-03-21 15:26:14","userId":1}
{"level":"info","message":"Получение заданий для пользователя ID: 1","timestamp":"2026-03-21 15:26:14"}
{"assignmentId":32,"level":"info","message":"Получение состава команды проекта","timestamp":"2026-03-21 15:26:14"}
{"assignmentId":32,"level":"info","message":"Получение состава команды проекта","timestamp":"2026-03-21 15:26:14"}
{"assignmentId":32,"level":"info","message":"Получение состава команды проекта","timestamp":"2026-03-21 15:26:14"}
{"assignmentId":32,"level":"info","message":"Получение состава команды проекта","timestamp":"2026-03-21 15:26:14"}
{"level":"warn","message":"Attempt to set audit user without userId","timestamp":"2026-03-21 15:26:16"}
{"error":"column \"deleted_at\" is of type timestamp without time zone but expression is of type text","level":"error","message":"Database query failed","query":"INSERT INTO archived_tasks SELECT *, NOW() as deleted_at FROM tasks WHERE id = $1","timestamp":"2026-03-21 15:26:16"}
{"level":"info","message":"Получение заданий для пользователя ID: 1","timestamp":"2026-03-21 15:26:20"}
{"level":"info","message":"Получение ожидающих приглашений пользователя","timestamp":"2026-03-21 15:26:20","userId":1}
{"level":"info","message":"Получение ожидающих приглашений пользователя","timestamp":"2026-03-21 15:26:20","userId":1}
{"level":"info","message":"Получение заданий для пользователя ID: 1","timestamp":"2026-03-21 15:26:20"}
{"level":"info","message":"Получение ожидающих приглашений пользователя","timestamp":"2026-03-21 15:26:20","userId":1}
{"level":"info","message":"Получение ожидающих приглашений пользователя","timestamp":"2026-03-21 15:26:20","userId":1}
{"level":"info","message":"Получение заданий для пользователя ID: 1","timestamp":"2026-03-21 15:26:20"}
{"level":"info","message":"Получение заданий для пользователя ID: 1","timestamp":"2026-03-21 15:26:20"}
{"assignmentId":32,"level":"info","message":"Получение состава команды проекта","timestamp":"2026-03-21 15:26:21"}
{"assignmentId":32,"level":"info","message":"Получение состава команды проекта","timestamp":"2026-03-21 15:26:21"}
{"level":"info","message":"Получение заданий для пользователя ID: 1","timestamp":"2026-03-21 15:26:21"}
{"level":"info","message":"Получение ожидающих приглашений пользователя","timestamp":"2026-03-21 15:26:21","userId":1}
{"assignmentId":32,"level":"info","message":"Получение состава команды проекта","timestamp":"2026-03-21 15:26:21"}
{"assignmentId":32,"level":"info","message":"Получение состава команды проекта","timestamp":"2026-03-21 15:26:21"}
{"assignmentId":32,"level":"info","message":"Получение состава команды проекта","timestamp":"2026-03-21 15:26:21"}
{"level":"warn","message":"Attempt to set audit user without userId","timestamp":"2026-03-21 15:26:21"}
{"error":"column \"deleted_at\" is of type timestamp without time zone but expression is of type text","level":"error","message":"Database query failed","query":"INSERT INTO archived_tasks SELECT *, NOW() as deleted_at FROM tasks WHERE id = $1","timestamp":"2026-03-21 15:26:21"}
{"level":"info","message":"Получение заданий для пользователя ID: 1","timestamp":"2026-03-21 15:26:51"}
{"level":"info","message":"Получение ожидающих приглашений пользователя","timestamp":"2026-03-21 15:26:51","userId":1}
{"level":"info","message":"Получение ожидающих приглашений пользователя","timestamp":"2026-03-21 15:26:51","userId":1}
{"level":"info","message":"Получение заданий для пользователя ID: 1","timestamp":"2026-03-21 15:26:51"}
{"level":"info","message":"Получение заданий для пользователя ID: 1","timestamp":"2026-03-21 15:26:51"}
{"level":"info","message":"Получение ожидающих приглашений пользователя","timestamp":"2026-03-21 15:26:51","userId":1}
{"level":"info","message":"Получение заданий для пользователя ID: 1","timestamp":"2026-03-21 15:27:22"}
{"level":"info","message":"Получение ожидающих приглашений пользователя","timestamp":"2026-03-21 15:27:22","userId":1}
{"level":"info","message":"Получение ожидающих приглашений пользователя","timestamp":"2026-03-21 15:27:22","userId":1}
{"level":"info","message":"Получение заданий для пользователя ID: 1","timestamp":"2026-03-21 15:27:22"}
{"level":"info","message":"Получение заданий для пользователя ID: 1","timestamp":"2026-03-21 15:27:22"}
{"level":"info","message":"Получение ожидающих приглашений пользователя","timestamp":"2026-03-21 15:27:22","userId":1}
{"level":"info","message":"Получение заданий для пользователя ID: 1","timestamp":"2026-03-21 15:27:49"}
{"level":"info","message":"Получение ожидающих приглашений пользователя","timestamp":"2026-03-21 15:27:49","userId":1}
{"level":"info","message":"Получение ожидающих приглашений пользователя","timestamp":"2026-03-21 15:27:49","userId":1}
{"level":"info","message":"Получение заданий для пользователя ID: 1","timestamp":"2026-03-21 15:27:49"}
{"level":"info","message":"Получение заданий для пользователя ID: 1","timestamp":"2026-03-21 15:27:55"}
{"level":"info","message":"Получение заданий для пользователя ID: 1","timestamp":"2026-03-21 15:27:55"}
{"level":"info","message":"Получение заданий для пользователя ID: 1","timestamp":"2026-03-21 15:27:55"}
{"level":"info","message":"Получение заданий для пользователя ID: 1","timestamp":"2026-03-21 15:27:56"}
{"level":"info","message":"Получение ожидающих приглашений пользователя","timestamp":"2026-03-21 15:27:56","userId":1}
{"level":"info","message":"Получение ожидающих приглашений пользователя","timestamp":"2026-03-21 15:27:56","userId":1}
{"level":"info","message":"Получение заданий для пользователя ID: 1","timestamp":"2026-03-21 15:27:56"}
{"level":"info","message":"Получение заданий для пользователя ID: 1","timestamp":"2026-03-21 15:30:07"}
{"level":"info","message":"Получение ожидающих приглашений пользователя","timestamp":"2026-03-21 15:30:07","userId":1}
{"level":"info","message":"Получение ожидающих приглашений пользователя","timestamp":"2026-03-21 15:30:07","userId":1}
{"level":"info","message":"Получение ожидающих приглашений пользователя","timestamp":"2026-03-21 15:30:07","userId":1}
{"level":"info","message":"Получение заданий для пользователя ID: 1","timestamp":"2026-03-21 15:30:07"}
{"level":"info","message":"Получение ожидающих приглашений пользователя","timestamp":"2026-03-21 15:30:07","userId":1}
{"level":"info","message":"Получение заданий для пользователя ID: 1","timestamp":"2026-03-21 15:30:07"}
{"level":"info","message":"Получение заданий для пользователя ID: 1","timestamp":"2026-03-21 15:30:07"}
{"assignmentId":32,"level":"info","message":"Получение состава команды проекта","timestamp":"2026-03-21 15:30:07"}
{"assignmentId":32,"level":"info","message":"Получение состава команды проекта","timestamp":"2026-03-21 15:30:07"}
{"assignmentId":32,"level":"info","message":"Получение состава команды проекта","timestamp":"2026-03-21 15:30:07"}
{"level":"info","message":"Получение заданий для пользователя ID: 1","timestamp":"2026-03-21 15:30:07"}
{"level":"info","message":"Получение ожидающих приглашений пользователя","timestamp":"2026-03-21 15:30:07","userId":1}
{"assignmentId":32,"level":"info","message":"Получение состава команды проекта","timestamp":"2026-03-21 15:30:07"}
{"assignmentId":32,"level":"info","message":"Получение состава команды проекта","timestamp":"2026-03-21 15:30:07"}
{"level":"warn","message":"Attempt to set audit user without userId","timestamp":"2026-03-21 15:30:09"}
{"level":"info","message":"Получение заданий для пользователя ID: 1","timestamp":"2026-03-21 15:30:22"}
{"level":"info","message":"Получение ожидающих приглашений пользователя","timestamp":"2026-03-21 15:30:22","userId":1}
{"level":"info","message":"Получение ожидающих приглашений пользователя","timestamp":"2026-03-21 15:30:22","userId":1}
{"level":"info","message":"Получение ожидающих приглашений пользователя","timestamp":"2026-03-21 15:30:22","userId":1}
{"level":"info","message":"Получение заданий для пользователя ID: 1","timestamp":"2026-03-21 15:30:22"}
{"level":"info","message":"Получение ожидающих приглашений пользователя","timestamp":"2026-03-21 15:30:22","userId":1}
{"level":"info","message":"Получение заданий для пользователя ID: 1","timestamp":"2026-03-21 15:30:22"}
{"level":"info","message":"Получение заданий для пользователя ID: 1","timestamp":"2026-03-21 15:30:23"}
{"assignmentId":32,"level":"info","message":"Получение состава команды проекта","timestamp":"2026-03-21 15:30:23"}
{"level":"info","message":"Получение заданий для пользователя ID: 1","timestamp":"2026-03-21 15:30:23"}
{"level":"info","message":"Получение ожидающих приглашений пользователя","timestamp":"2026-03-21 15:30:23","userId":1}
{"assignmentId":32,"level":"info","message":"Получение состава команды проекта","timestamp":"2026-03-21 15:30:23"}
{"assignmentId":32,"level":"info","message":"Получение состава команды проекта","timestamp":"2026-03-21 15:30:23"}
{"assignmentId":32,"level":"info","message":"Получение состава команды проекта","timestamp":"2026-03-21 15:30:23"}
{"assignmentId":32,"level":"info","message":"Получение состава команды проекта","timestamp":"2026-03-21 15:30:23"}
{"level":"warn","message":"Attempt to set audit user without userId","timestamp":"2026-03-21 15:30:24"}
{"level":"info","message":"Получение заданий для пользователя ID: 1","timestamp":"2026-03-21 15:30:42"}
{"level":"info","message":"Получение ожидающих приглашений пользователя","timestamp":"2026-03-21 15:30:42","userId":1}
{"level":"info","message":"Получение ожидающих приглашений пользователя","timestamp":"2026-03-21 15:30:42","userId":1}
{"level":"info","message":"Получение ожидающих приглашений пользователя","timestamp":"2026-03-21 15:30:42","userId":1}
{"level":"info","message":"Получение заданий для пользователя ID: 1","timestamp":"2026-03-21 15:30:42"}
{"level":"info","message":"Получение ожидающих приглашений пользователя","timestamp":"2026-03-21 15:30:42","userId":1}
{"level":"info","message":"Получение заданий для пользователя ID: 1","timestamp":"2026-03-21 15:30:42"}
{"level":"info","message":"Получение заданий для пользователя ID: 1","timestamp":"2026-03-21 15:30:42"}
{"assignmentId":32,"level":"info","message":"Получение состава команды проекта","timestamp":"2026-03-21 15:30:42"}
{"assignmentId":32,"level":"info","message":"Получение состава команды проекта","timestamp":"2026-03-21 15:30:42"}
{"level":"info","message":"Получение ожидающих приглашений пользователя","timestamp":"2026-03-21 15:30:42","userId":1}
{"level":"info","message":"Получение заданий для пользователя ID: 1","timestamp":"2026-03-21 15:30:42"}
{"assignmentId":32,"level":"info","message":"Получение состава команды проекта","timestamp":"2026-03-21 15:30:42"}
{"assignmentId":32,"level":"info","message":"Получение состава команды проекта","timestamp":"2026-03-21 15:30:42"}
{"assignmentId":32,"level":"info","message":"Получение состава команды проекта","timestamp":"2026-03-21 15:30:42"}
{"assignmentId":32,"level":"info","message":"Получение состава команды проекта","timestamp":"2026-03-21 15:30:42"}
{"level":"warn","message":"Attempt to set audit user without userId","timestamp":"2026-03-21 15:30:44"}
{"error":"column \"deleted_at\" is of type timestamp without time zone but expression is of type text","level":"error","message":"Database query failed","query":"INSERT INTO archived_tasks SELECT *, NOW()::timestamp AS deleted_at FROM tasks WHERE id = $1","timestamp":"2026-03-21 15:30:44"}
{"level":"info","message":"Получение заданий для пользователя ID: 1","timestamp":"2026-03-21 15:31:13"}
{"level":"info","message":"Получение ожидающих приглашений пользователя","timestamp":"2026-03-21 15:31:13","userId":1}
{"level":"info","message":"Получение ожидающих приглашений пользователя","timestamp":"2026-03-21 15:31:13","userId":1}
{"level":"info","message":"Получение заданий для пользователя ID: 1","timestamp":"2026-03-21 15:31:13"}
{"level":"info","message":"Получение заданий для пользователя ID: 1","timestamp":"2026-03-21 15:31:13"}
{"level":"info","message":"Получение ожидающих приглашений пользователя","timestamp":"2026-03-21 15:31:13","userId":1}
{"level":"info","message":"Получение заданий для пользователя ID: 1","timestamp":"2026-03-21 15:31:44"}
{"level":"info","message":"Получение ожидающих приглашений пользователя","timestamp":"2026-03-21 15:31:44","userId":1}
{"level":"info","message":"Получение ожидающих приглашений пользователя","timestamp":"2026-03-21 15:31:44","userId":1}
{"level":"info","message":"Получение заданий для пользователя ID: 1","timestamp":"2026-03-21 15:31:44"}
{"level":"info","message":"Получение заданий для пользователя ID: 1","timestamp":"2026-03-21 15:31:44"}
{"level":"info","message":"Получение ожидающих приглашений пользователя","timestamp":"2026-03-21 15:31:44","userId":1}
{"level":"info","message":"Получение заданий для пользователя ID: 1","timestamp":"2026-03-21 15:31:50"}
{"level":"info","message":"Получение ожидающих приглашений пользователя","timestamp":"2026-03-21 15:31:50","userId":1}
{"level":"info","message":"Получение ожидающих приглашений пользователя","timestamp":"2026-03-21 15:31:50","userId":1}
{"level":"info","message":"Получение ожидающих приглашений пользователя","timestamp":"2026-03-21 15:31:50","userId":1}
{"level":"info","message":"Получение заданий для пользователя ID: 1","timestamp":"2026-03-21 15:31:50"}
{"level":"info","message":"Получение ожидающих приглашений пользователя","timestamp":"2026-03-21 15:31:50","userId":1}
{"level":"info","message":"Получение заданий для пользователя ID: 1","timestamp":"2026-03-21 15:31:50"}
{"level":"info","message":"Получение заданий для пользователя ID: 1","timestamp":"2026-03-21 15:31:50"}
{"assignmentId":32,"level":"info","message":"Получение состава команды проекта","timestamp":"2026-03-21 15:31:50"}
{"level":"info","message":"Получение заданий для пользователя ID: 1","timestamp":"2026-03-21 15:31:50"}
{"assignmentId":32,"level":"info","message":"Получение состава команды проекта","timestamp":"2026-03-21 15:31:50"}
{"level":"info","message":"Получение ожидающих приглашений пользователя","timestamp":"2026-03-21 15:31:50","userId":1}
{"assignmentId":32,"level":"info","message":"Получение состава команды проекта","timestamp":"2026-03-21 15:31:50"}
{"assignmentId":32,"level":"info","message":"Получение состава команды проекта","timestamp":"2026-03-21 15:31:50"}
{"assignmentId":32,"level":"info","message":"Получение состава команды проекта","timestamp":"2026-03-21 15:31:50"}
{"assignmentId":32,"level":"info","message":"Получение состава команды проекта","timestamp":"2026-03-21 15:31:51"}
{"level":"warn","message":"Attempt to set audit user without userId","timestamp":"2026-03-21 15:31:52"}
{"level":"info","message":"Task deleted with audit","permanent":false,"taskId":180,"timestamp":"2026-03-21 15:31:52"}
{"level":"info","message":"Получение заданий для пользователя ID: 1","timestamp":"2026-03-21 15:31:52"}
{"level":"info","message":"Получение заданий для пользователя ID: 1","timestamp":"2026-03-21 15:31:52"}
{"level":"info","message":"Получение ожидающих приглашений пользователя","timestamp":"2026-03-21 15:31:52","userId":1}
{"level":"info","message":"Получение заданий для пользователя ID: 1","timestamp":"2026-03-21 15:31:54"}
{"level":"info","message":"Получение ожидающих приглашений пользователя","timestamp":"2026-03-21 15:31:54","userId":1}
{"level":"info","message":"Получение ожидающих приглашений пользователя","timestamp":"2026-03-21 15:31:54","userId":1}
{"level":"info","message":"Получение ожидающих приглашений пользователя","timestamp":"2026-03-21 15:31:54","userId":1}
{"level":"info","message":"Получение заданий для пользователя ID: 1","timestamp":"2026-03-21 15:31:54"}
{"level":"info","message":"Получение ожидающих приглашений пользователя","timestamp":"2026-03-21 15:31:54","userId":1}
{"level":"info","message":"Получение заданий для пользователя ID: 1","timestamp":"2026-03-21 15:31:54"}
{"level":"info","message":"Получение заданий для пользователя ID: 1","timestamp":"2026-03-21 15:31:54"}
{"assignmentId":32,"level":"info","message":"Получение состава команды проекта","timestamp":"2026-03-21 15:31:54"}
{"assignmentId":32,"level":"info","message":"Получение состава команды проекта","timestamp":"2026-03-21 15:31:54"}
{"assignmentId":32,"level":"info","message":"Получение состава команды проекта","timestamp":"2026-03-21 15:31:54"}
{"level":"info","message":"Получение заданий для пользователя ID: 1","timestamp":"2026-03-21 15:31:54"}
{"level":"info","message":"Получение ожидающих приглашений пользователя","timestamp":"2026-03-21 15:31:54","userId":1}
{"assignmentId":32,"level":"info","message":"Получение состава команды проекта","timestamp":"2026-03-21 15:31:54"}
{"assignmentId":32,"level":"info","message":"Получение состава команды проекта","timestamp":"2026-03-21 15:31:54"}
{"assignmentId":32,"level":"info","message":"Создание задачи в задании","taskTitle":"123","timestamp":"2026-03-21 15:32:08"}
{"assignmentId":32,"level":"info","message":"Задача успешно создана","taskId":184,"timestamp":"2026-03-21 15:32:08"}
{"level":"info","message":"Получение заданий для пользователя ID: 1","timestamp":"2026-03-21 15:32:08"}
{"level":"info","message":"Получение заданий для пользователя ID: 1","timestamp":"2026-03-21 15:32:08"}
{"level":"info","message":"Получение ожидающих приглашений пользователя","timestamp":"2026-03-21 15:32:08","userId":1}
{"level":"info","message":"Получение заданий для пользователя ID: 1","timestamp":"2026-03-21 15:32:10"}
{"level":"info","message":"Получение заданий для пользователя ID: 1","timestamp":"2026-03-21 15:32:10"}
{"level":"info","message":"Получение ожидающих приглашений пользователя","timestamp":"2026-03-21 15:32:10","userId":1}
{"level":"info","message":"Получение ожидающих приглашений пользователя","timestamp":"2026-03-21 15:32:10","userId":1}
{"level":"info","message":"Получение заданий для пользователя ID: 1","timestamp":"2026-03-21 15:32:10"}
{"level":"info","message":"Получение ожидающих приглашений пользователя","timestamp":"2026-03-21 15:32:10","userId":1}
{"level":"info","message":"Получение ожидающих приглашений пользователя","timestamp":"2026-03-21 15:32:10","userId":1}
{"level":"info","message":"Получение заданий для пользователя ID: 1","timestamp":"2026-03-21 15:32:10"}
{"assignmentId":32,"level":"info","message":"Получение состава команды проекта","timestamp":"2026-03-21 15:32:10"}
{"assignmentId":32,"level":"info","message":"Получение состава команды проекта","timestamp":"2026-03-21 15:32:10"}
{"level":"info","message":"Получение заданий для пользователя ID: 1","timestamp":"2026-03-21 15:32:10"}
{"level":"info","message":"Получение ожидающих приглашений пользователя","timestamp":"2026-03-21 15:32:10","userId":1}
{"assignmentId":32,"level":"info","message":"Получение состава команды проекта","timestamp":"2026-03-21 15:32:10"}
{"assignmentId":32,"level":"info","message":"Получение состава команды проекта","timestamp":"2026-03-21 15:32:10"}
{"assignmentId":32,"level":"info","message":"Получение состава команды проекта","timestamp":"2026-03-21 15:32:10"}
{"assignmentId":32,"level":"info","message":"Получение состава команды проекта","timestamp":"2026-03-21 15:32:10"}
{"level":"info","message":"Получение ожидающих приглашений пользователя","timestamp":"2026-03-21 15:32:41","userId":1}
{"level":"info","message":"Получение заданий для пользователя ID: 1","timestamp":"2026-03-21 15:32:41"}
{"level":"info","message":"Получение ожидающих приглашений пользователя","timestamp":"2026-03-21 15:32:41","userId":1}
{"level":"info","message":"Получение заданий для пользователя ID: 1","timestamp":"2026-03-21 15:32:41"}
{"level":"info","message":"Получение заданий для пользователя ID: 1","timestamp":"2026-03-21 15:32:41"}
{"level":"info","message":"Получение ожидающих приглашений пользователя","timestamp":"2026-03-21 15:32:41","userId":1}
{"level":"warn","message":"Attempt to set audit user without userId","timestamp":"2026-03-21 15:33:02"}
{"level":"info","message":"Task deleted with audit","permanent":false,"taskId":184,"timestamp":"2026-03-21 15:33:02"}
{"level":"info","message":"Получение заданий для пользователя ID: 1","timestamp":"2026-03-21 15:33:02"}
{"level":"info","message":"Получение заданий для пользователя ID: 1","timestamp":"2026-03-21 15:33:03"}
{"level":"info","message":"Получение ожидающих приглашений пользователя","timestamp":"2026-03-21 15:33:03","userId":1}
{"level":"info","message":"Получение заданий для пользователя ID: 1","timestamp":"2026-03-21 15:33:05"}
{"level":"info","message":"Получение ожидающих приглашений пользователя","timestamp":"2026-03-21 15:33:05","userId":1}
{"level":"info","message":"Получение ожидающих приглашений пользователя","timestamp":"2026-03-21 15:33:05","userId":1}
{"level":"info","message":"Получение заданий для пользователя ID: 1","timestamp":"2026-03-21 15:33:05"}
{"assignmentId":32,"level":"info","message":"Получение состава команды проекта","timestamp":"2026-03-21 15:33:05"}
{"level":"info","message":"Получение заданий для пользователя ID: 1","timestamp":"2026-03-21 15:33:05"}
{"level":"info","message":"Получение ожидающих приглашений пользователя","timestamp":"2026-03-21 15:33:05","userId":1}
{"assignmentId":32,"level":"info","message":"Получение состава команды проекта","timestamp":"2026-03-21 15:33:05"}
{"level":"info","message":"Получение ожидающих приглашений пользователя","timestamp":"2026-03-21 15:33:05","userId":1}
{"assignmentId":32,"level":"info","message":"Получение состава команды проекта","timestamp":"2026-03-21 15:33:05"}
{"level":"info","message":"Получение заданий для пользователя ID: 1","timestamp":"2026-03-21 15:33:05"}
{"assignmentId":32,"level":"info","message":"Получение состава команды проекта","timestamp":"2026-03-21 15:33:05"}
{"level":"info","message":"Получение ожидающих приглашений пользователя","timestamp":"2026-03-21 15:33:05","userId":1}
{"level":"info","message":"Получение ожидающих приглашений пользователя","timestamp":"2026-03-21 15:33:05","userId":1}
{"level":"info","message":"Получение заданий для пользователя ID: 1","timestamp":"2026-03-21 15:33:05"}
{"level":"info","message":"Получение заданий для пользователя ID: 1","timestamp":"2026-03-21 15:33:05"}
{"assignmentId":32,"level":"info","message":"Создание задачи в задании","taskTitle":"123","timestamp":"2026-03-21 15:33:09"}
{"assignmentId":32,"level":"info","message":"Задача успешно создана","taskId":185,"timestamp":"2026-03-21 15:33:09"}
{"level":"info","message":"Получение заданий для пользователя ID: 1","timestamp":"2026-03-21 15:33:09"}
{"level":"info","message":"Получение заданий для пользователя ID: 1","timestamp":"2026-03-21 15:33:09"}
{"level":"info","message":"Получение ожидающих приглашений пользователя","timestamp":"2026-03-21 15:33:09","userId":1}
{"level":"info","message":"Получение заданий для пользователя ID: 1","timestamp":"2026-03-21 15:33:11"}
{"level":"info","message":"Получение ожидающих приглашений пользователя","timestamp":"2026-03-21 15:33:11","userId":1}
{"level":"info","message":"Получение ожидающих приглашений пользователя","timestamp":"2026-03-21 15:33:11","userId":1}
{"level":"info","message":"Получение ожидающих приглашений пользователя","timestamp":"2026-03-21 15:33:12","userId":1}
{"level":"info","message":"Получение заданий для пользователя ID: 1","timestamp":"2026-03-21 15:33:12"}
{"level":"info","message":"Получение ожидающих приглашений пользователя","timestamp":"2026-03-21 15:33:12","userId":1}
{"level":"info","message":"Получение заданий для пользователя ID: 1","timestamp":"2026-03-21 15:33:12"}
{"assignmentId":32,"level":"info","message":"Получение состава команды проекта","timestamp":"2026-03-21 15:33:12"}
{"level":"info","message":"Получение заданий для пользователя ID: 1","timestamp":"2026-03-21 15:33:12"}
{"level":"info","message":"Получение ожидающих приглашений пользователя","timestamp":"2026-03-21 15:33:12","userId":1}
{"assignmentId":32,"level":"info","message":"Получение состава команды проекта","timestamp":"2026-03-21 15:33:12"}
{"assignmentId":32,"level":"info","message":"Получение состава команды проекта","timestamp":"2026-03-21 15:33:12"}
{"level":"info","message":"Получение заданий для пользователя ID: 1","timestamp":"2026-03-21 15:33:12"}
{"assignmentId":32,"level":"info","message":"Получение состава команды проекта","timestamp":"2026-03-21 15:33:12"}
{"assignmentId":32,"level":"info","message":"Получение состава команды проекта","timestamp":"2026-03-21 15:33:12"}
{"assignmentId":32,"level":"info","message":"Получение состава команды проекта","timestamp":"2026-03-21 15:33:12"}
{"level":"warn","message":"Attempt to set audit user without userId","timestamp":"2026-03-21 15:33:13"}
{"level":"info","message":"Task deleted with audit","permanent":false,"taskId":185,"timestamp":"2026-03-21 15:33:13"}
{"level":"info","message":"Получение заданий для пользователя ID: 1","timestamp":"2026-03-21 15:33:13"}
{"level":"info","message":"Получение заданий для пользователя ID: 1","timestamp":"2026-03-21 15:33:13"}
{"level":"info","message":"Получение ожидающих приглашений пользователя","timestamp":"2026-03-21 15:33:13","userId":1}
{"level":"info","message":"Получение заданий для пользователя ID: 1","timestamp":"2026-03-21 15:33:15"}
{"level":"info","message":"Получение ожидающих приглашений пользователя","timestamp":"2026-03-21 15:33:15","userId":1}
{"level":"info","message":"Получение ожидающих приглашений пользователя","timestamp":"2026-03-21 15:33:15","userId":1}
{"level":"info","message":"Получение ожидающих приглашений пользователя","timestamp":"2026-03-21 15:33:15","userId":1}
{"level":"info","message":"Получение заданий для пользователя ID: 1","timestamp":"2026-03-21 15:33:15"}
{"level":"info","message":"Получение ожидающих приглашений пользователя","timestamp":"2026-03-21 15:33:15","userId":1}
{"level":"info","message":"Получение заданий для пользователя ID: 1","timestamp":"2026-03-21 15:33:15"}
{"level":"info","message":"Получение заданий для пользователя ID: 1","timestamp":"2026-03-21 15:33:15"}
{"assignmentId":32,"level":"info","message":"Получение состава команды проекта","timestamp":"2026-03-21 15:33:15"}
{"level":"info","message":"Получение ожидающих приглашений пользователя","timestamp":"2026-03-21 15:33:15","userId":1}
{"assignmentId":32,"level":"info","message":"Получение состава команды проекта","timestamp":"2026-03-21 15:33:15"}
{"level":"info","message":"Получение заданий для пользователя ID: 1","timestamp":"2026-03-21 15:33:15"}
{"assignmentId":32,"level":"info","message":"Получение состава команды проекта","timestamp":"2026-03-21 15:33:15"}
{"assignmentId":32,"level":"info","message":"Получение состава команды проекта","timestamp":"2026-03-21 15:33:15"}
{"assignmentId":32,"level":"info","message":"Получение состава команды проекта","timestamp":"2026-03-21 15:33:15"}
{"assignmentId":32,"level":"info","message":"Получение состава команды проекта","timestamp":"2026-03-21 15:33:15"}
{"level":"info","message":"Получение заданий для пользователя ID: 1","timestamp":"2026-03-21 15:33:46"}
{"level":"info","message":"Получение ожидающих приглашений пользователя","timestamp":"2026-03-21 15:33:46","userId":1}
{"level":"info","message":"Получение заданий для пользователя ID: 1","timestamp":"2026-03-21 15:33:46"}
{"level":"info","message":"Получение ожидающих приглашений пользователя","timestamp":"2026-03-21 15:33:46","userId":1}
{"level":"info","message":"Получение заданий для пользователя ID: 1","timestamp":"2026-03-21 15:33:46"}
{"level":"info","message":"Получение ожидающих приглашений пользователя","timestamp":"2026-03-21 15:33:46","userId":1}
{"level":"info","message":"Получение заданий для пользователя ID: 1","timestamp":"2026-03-21 15:35:12"}
{"level":"info","message":"Получение ожидающих приглашений пользователя","timestamp":"2026-03-21 15:35:12","userId":1}
{"level":"info","message":"Получение ожидающих приглашений пользователя","timestamp":"2026-03-21 15:35:12","userId":1}
{"level":"info","message":"Получение ожидающих приглашений пользователя","timestamp":"2026-03-21 15:35:12","userId":1}
{"level":"info","message":"Получение заданий для пользователя ID: 1","timestamp":"2026-03-21 15:35:12"}
{"level":"info","message":"Получение ожидающих приглашений пользователя","timestamp":"2026-03-21 15:35:12","userId":1}
{"level":"info","message":"Получение ожидающих приглашений пользователя","timestamp":"2026-03-21 15:35:12","userId":1}
{"level":"info","message":"Получение заданий для пользователя ID: 1","timestamp":"2026-03-21 15:35:12"}
{"level":"info","message":"Получение заданий для пользователя ID: 1","timestamp":"2026-03-21 15:35:12"}
{"level":"info","message":"Получение заданий для пользователя ID: 1","timestamp":"2026-03-21 15:35:12"}
{"assignmentId":32,"level":"info","message":"Получение состава команды проекта","timestamp":"2026-03-21 15:35:12"}
{"assignmentId":32,"level":"info","message":"Получение состава команды проекта","timestamp":"2026-03-21 15:35:12"}
{"assignmentId":32,"level":"info","message":"Получение состава команды проекта","timestamp":"2026-03-21 15:35:12"}
{"assignmentId":32,"level":"info","message":"Получение состава команды проекта","timestamp":"2026-03-21 15:35:12"}
{"level":"warn","message":"Attempt to set audit user without userId","timestamp":"2026-03-21 15:35:14"}
{"level":"info","message":"Task deleted with audit","permanent":false,"taskId":185,"timestamp":"2026-03-21 15:35:14"}
{"level":"info","message":"Получение заданий для пользователя ID: 1","timestamp":"2026-03-21 15:35:15"}
{"level":"info","message":"Получение заданий для пользователя ID: 1","timestamp":"2026-03-21 15:35:15"}
{"level":"info","message":"Получение ожидающих приглашений пользователя","timestamp":"2026-03-21 15:35:15","userId":1}
{"level":"warn","message":"Attempt to set audit user without userId","timestamp":"2026-03-21 15:35:16"}
{"level":"info","message":"Task deleted with audit","permanent":false,"taskId":184,"timestamp":"2026-03-21 15:35:16"}
{"level":"info","message":"Получение заданий для пользователя ID: 1","timestamp":"2026-03-21 15:35:16"}
{"level":"info","message":"Получение заданий для пользователя ID: 1","timestamp":"2026-03-21 15:35:16"}
{"level":"info","message":"Получение ожидающих приглашений пользователя","timestamp":"2026-03-21 15:35:16","userId":1}
{"level":"info","message":"Получение заданий для пользователя ID: 1","timestamp":"2026-03-21 15:35:19"}
{"level":"info","message":"Получение ожидающих приглашений пользователя","timestamp":"2026-03-21 15:35:19","userId":1}
{"level":"info","message":"Получение ожидающих приглашений пользователя","timestamp":"2026-03-21 15:35:19","userId":1}
{"level":"info","message":"Получение ожидающих приглашений пользователя","timestamp":"2026-03-21 15:35:19","userId":1}
{"level":"info","message":"Получение заданий для пользователя ID: 1","timestamp":"2026-03-21 15:35:19"}
{"level":"info","message":"Получение ожидающих приглашений пользователя","timestamp":"2026-03-21 15:35:19","userId":1}
{"level":"info","message":"Получение ожидающих приглашений пользователя","timestamp":"2026-03-21 15:35:19","userId":1}
{"level":"info","message":"Получение заданий для пользователя ID: 1","timestamp":"2026-03-21 15:35:19"}
{"level":"info","message":"Получение заданий для пользователя ID: 1","timestamp":"2026-03-21 15:35:19"}
{"assignmentId":32,"level":"info","message":"Получение состава команды проекта","timestamp":"2026-03-21 15:35:19"}
{"assignmentId":32,"level":"info","message":"Получение состава команды проекта","timestamp":"2026-03-21 15:35:19"}
{"level":"info","message":"Получение заданий для пользователя ID: 1","timestamp":"2026-03-21 15:35:19"}
{"assignmentId":32,"level":"info","message":"Получение состава команды проекта","timestamp":"2026-03-21 15:35:19"}
{"assignmentId":32,"level":"info","message":"Получение состава команды проекта","timestamp":"2026-03-21 15:35:19"}
{"assignmentId":32,"level":"info","message":"Получение состава команды проекта","timestamp":"2026-03-21 15:35:19"}
{"assignmentId":32,"level":"info","message":"Получение состава команды проекта","timestamp":"2026-03-21 15:35:19"}
{"level":"info","message":"Получение заданий для пользователя ID: 1","timestamp":"2026-03-21 15:35:46"}
{"level":"info","message":"Получение ожидающих приглашений пользователя","timestamp":"2026-03-21 15:35:46","userId":1}
{"level":"info","message":"Получение заданий для пользователя ID: 1","timestamp":"2026-03-21 15:35:46"}
{"level":"info","message":"Получение ожидающих приглашений пользователя","timestamp":"2026-03-21 15:35:46","userId":1}
{"assignmentId":32,"level":"info","message":"Получение состава команды проекта","timestamp":"2026-03-21 15:35:46"}
{"level":"info","message":"Получение заданий для пользователя ID: 1","timestamp":"2026-03-21 15:35:46"}
{"level":"info","message":"Получение ожидающих приглашений пользователя","timestamp":"2026-03-21 15:35:46","userId":1}
{"assignmentId":32,"level":"info","message":"Получение состава команды проекта","timestamp":"2026-03-21 15:35:46"}
{"level":"info","message":"Получение ожидающих приглашений пользователя","timestamp":"2026-03-21 15:35:46","userId":1}
{"assignmentId":32,"level":"info","message":"Получение состава команды проекта","timestamp":"2026-03-21 15:35:46"}
{"assignmentId":32,"level":"info","message":"Получение состава команды проекта","timestamp":"2026-03-21 15:35:46"}
{"level":"info","message":"Получение заданий для пользователя ID: 1","timestamp":"2026-03-21 15:35:46"}
{"level":"info","message":"Получение ожидающих приглашений пользователя","timestamp":"2026-03-21 15:35:46","userId":1}
{"level":"info","message":"Получение ожидающих приглашений пользователя","timestamp":"2026-03-21 15:35:46","userId":1}
{"level":"info","message":"Получение заданий для пользователя ID: 1","timestamp":"2026-03-21 15:35:46"}
{"level":"info","message":"Получение заданий для пользователя ID: 1","timestamp":"2026-03-21 15:35:46"}
{"assignmentId":32,"level":"info","message":"Создание задачи в задании","taskTitle":"123","timestamp":"2026-03-21 15:35:52"}
{"assignmentId":32,"level":"info","message":"Задача успешно создана","taskId":186,"timestamp":"2026-03-21 15:35:52"}
{"level":"info","message":"Получение заданий для пользователя ID: 1","timestamp":"2026-03-21 15:35:52"}
{"level":"info","message":"Получение заданий для пользователя ID: 1","timestamp":"2026-03-21 15:35:52"}
{"level":"info","message":"Получение ожидающих приглашений пользователя","timestamp":"2026-03-21 15:35:52","userId":1}
{"level":"info","message":"Получение заданий для пользователя ID: 1","timestamp":"2026-03-21 15:35:54"}
{"level":"info","message":"Получение ожидающих приглашений пользователя","timestamp":"2026-03-21 15:35:54","userId":1}
{"level":"info","message":"Получение ожидающих приглашений пользователя","timestamp":"2026-03-21 15:35:54","userId":1}
{"level":"info","message":"Получение заданий для пользователя ID: 1","timestamp":"2026-03-21 15:35:54"}
{"level":"info","message":"Получение ожидающих приглашений пользователя","timestamp":"2026-03-21 15:35:54","userId":1}
{"level":"info","message":"Получение ожидающих приглашений пользователя","timestamp":"2026-03-21 15:35:54","userId":1}
{"level":"info","message":"Получение заданий для пользователя ID: 1","timestamp":"2026-03-21 15:35:54"}
{"level":"info","message":"Получение заданий для пользователя ID: 1","timestamp":"2026-03-21 15:35:54"}
{"assignmentId":32,"level":"info","message":"Получение состава команды проекта","timestamp":"2026-03-21 15:35:54"}
{"level":"info","message":"Получение ожидающих приглашений пользователя","timestamp":"2026-03-21 15:35:54","userId":1}
{"assignmentId":32,"level":"info","message":"Получение состава команды проекта","timestamp":"2026-03-21 15:35:54"}
{"level":"info","message":"Получение заданий для пользователя ID: 1","timestamp":"2026-03-21 15:35:54"}
{"assignmentId":32,"level":"info","message":"Получение состава команды проекта","timestamp":"2026-03-21 15:35:54"}
{"assignmentId":32,"level":"info","message":"Получение состава команды проекта","timestamp":"2026-03-21 15:35:54"}
{"assignmentId":32,"level":"info","message":"Получение состава команды проекта","timestamp":"2026-03-21 15:35:54"}
{"assignmentId":32,"level":"info","message":"Получение состава команды проекта","timestamp":"2026-03-21 15:35:54"}
{"level":"warn","message":"Attempt to set audit user without userId","timestamp":"2026-03-21 15:35:55"}
{"level":"info","message":"Task deleted with audit","permanent":false,"taskId":186,"timestamp":"2026-03-21 15:35:55"}
{"level":"info","message":"Получение заданий для пользователя ID: 1","timestamp":"2026-03-21 15:35:55"}
{"level":"info","message":"Получение заданий для пользователя ID: 1","timestamp":"2026-03-21 15:35:55"}
{"level":"info","message":"Получение ожидающих приглашений пользователя","timestamp":"2026-03-21 15:35:55","userId":1}
{"level":"info","message":"Получение заданий для пользователя ID: 1","timestamp":"2026-03-21 15:35:57"}
{"level":"info","message":"Получение ожидающих приглашений пользователя","timestamp":"2026-03-21 15:35:57","userId":1}
{"level":"info","message":"Получение ожидающих приглашений пользователя","timestamp":"2026-03-21 15:35:57","userId":1}
{"level":"info","message":"Получение ожидающих приглашений пользователя","timestamp":"2026-03-21 15:35:57","userId":1}
{"level":"info","message":"Получение заданий для пользователя ID: 1","timestamp":"2026-03-21 15:35:57"}
{"level":"info","message":"Получение ожидающих приглашений пользователя","timestamp":"2026-03-21 15:35:57","userId":1}
{"level":"info","message":"Получение заданий для пользователя ID: 1","timestamp":"2026-03-21 15:35:57"}
{"level":"info","message":"Получение заданий для пользователя ID: 1","timestamp":"2026-03-21 15:35:57"}
{"assignmentId":32,"level":"info","message":"Получение состава команды проекта","timestamp":"2026-03-21 15:35:57"}
{"level":"info","message":"Получение ожидающих приглашений пользователя","timestamp":"2026-03-21 15:35:57","userId":1}
{"assignmentId":32,"level":"info","message":"Получение состава команды проекта","timestamp":"2026-03-21 15:35:57"}
{"level":"info","message":"Получение заданий для пользователя ID: 1","timestamp":"2026-03-21 15:35:57"}
{"assignmentId":32,"level":"info","message":"Получение состава команды проекта","timestamp":"2026-03-21 15:35:57"}
{"assignmentId":32,"level":"info","message":"Получение состава команды проекта","timestamp":"2026-03-21 15:35:57"}
{"assignmentId":32,"level":"info","message":"Получение состава команды проекта","timestamp":"2026-03-21 15:35:57"}
{"assignmentId":32,"level":"info","message":"Получение состава команды проекта","timestamp":"2026-03-21 15:35:57"}
{"level":"warn","message":"Attempt to set audit user without userId","timestamp":"2026-03-21 15:35:58"}
{"level":"info","message":"Task deleted with audit","permanent":false,"taskId":186,"timestamp":"2026-03-21 15:35:58"}
{"level":"info","message":"Получение заданий для пользователя ID: 1","timestamp":"2026-03-21 15:35:58"}
{"level":"info","message":"Получение заданий для пользователя ID: 1","timestamp":"2026-03-21 15:35:58"}
{"level":"info","message":"Получение ожидающих приглашений пользователя","timestamp":"2026-03-21 15:35:58","userId":1}
{"level":"info","message":"Получение заданий для пользователя ID: 1","timestamp":"2026-03-21 15:36:00"}
{"level":"info","message":"Получение ожидающих приглашений пользователя","timestamp":"2026-03-21 15:36:00","userId":1}
{"level":"info","message":"Получение ожидающих приглашений пользователя","timestamp":"2026-03-21 15:36:00","userId":1}
{"level":"info","message":"Получение ожидающих приглашений пользователя","timestamp":"2026-03-21 15:36:00","userId":1}
{"level":"info","message":"Получение заданий для пользователя ID: 1","timestamp":"2026-03-21 15:36:00"}
{"level":"info","message":"Получение ожидающих приглашений пользователя","timestamp":"2026-03-21 15:36:00","userId":1}
{"level":"info","message":"Получение ожидающих приглашений пользователя","timestamp":"2026-03-21 15:36:00","userId":1}
{"level":"info","message":"Получение заданий для пользователя ID: 1","timestamp":"2026-03-21 15:36:00"}
{"level":"info","message":"Получение заданий для пользователя ID: 1","timestamp":"2026-03-21 15:36:00"}
{"assignmentId":32,"level":"info","message":"Получение состава команды проекта","timestamp":"2026-03-21 15:36:00"}
{"assignmentId":32,"level":"info","message":"Получение состава команды проекта","timestamp":"2026-03-21 15:36:00"}
{"level":"info","message":"Получение заданий для пользователя ID: 1","timestamp":"2026-03-21 15:36:00"}
{"assignmentId":32,"level":"info","message":"Получение состава команды проекта","timestamp":"2026-03-21 15:36:00"}
{"assignmentId":32,"level":"info","message":"Получение состава команды проекта","timestamp":"2026-03-21 15:36:00"}
{"assignmentId":32,"level":"info","message":"Получение состава команды проекта","timestamp":"2026-03-21 15:36:00"}
{"level":"info","message":"Получение заданий для пользователя ID: 1","timestamp":"2026-03-21 15:36:31"}
{"level":"info","message":"Получение ожидающих приглашений пользователя","timestamp":"2026-03-21 15:36:31","userId":1}
{"level":"info","message":"Получение ожидающих приглашений пользователя","timestamp":"2026-03-21 15:36:31","userId":1}
{"level":"info","message":"Получение заданий для пользователя ID: 1","timestamp":"2026-03-21 15:36:31"}
{"level":"info","message":"Получение заданий для пользователя ID: 1","timestamp":"2026-03-21 15:36:31"}
{"level":"info","message":"Получение ожидающих приглашений пользователя","timestamp":"2026-03-21 15:36:31","userId":1}
{"level":"info","message":"Получение заданий для пользователя ID: 1","timestamp":"2026-03-21 15:36:47"}
{"level":"info","message":"Получение ожидающих приглашений пользователя","timestamp":"2026-03-21 15:36:47","userId":1}
{"level":"info","message":"Получение ожидающих приглашений пользователя","timestamp":"2026-03-21 15:36:47","userId":1}
{"level":"info","message":"Получение заданий для пользователя ID: 1","timestamp":"2026-03-21 15:36:47"}
{"level":"info","message":"Получение заданий для пользователя ID: 3","timestamp":"2026-03-21 15:37:39"}
{"level":"info","message":"Получение заданий для пользователя ID: 3","timestamp":"2026-03-21 15:37:39"}
{"level":"info","message":"Получение ожидающих приглашений пользователя","timestamp":"2026-03-21 15:37:39","userId":3}
{"level":"info","message":"Получение ожидающих приглашений пользователя","timestamp":"2026-03-21 15:37:39","userId":3}
{"assignmentId":35,"level":"info","message":"Получение состава команды проекта","timestamp":"2026-03-21 15:37:39"}
{"level":"info","message":"Получение заданий для пользователя ID: 3","timestamp":"2026-03-21 15:37:39"}
{"level":"info","message":"Получение ожидающих приглашений пользователя","timestamp":"2026-03-21 15:37:39","userId":3}
{"assignmentId":35,"level":"info","message":"Получение состава команды проекта","timestamp":"2026-03-21 15:37:39"}
{"assignmentId":35,"level":"info","message":"Получение состава команды проекта","timestamp":"2026-03-21 15:37:39"}
{"level":"info","message":"Получение ожидающих приглашений пользователя","timestamp":"2026-03-21 15:37:39","userId":3}
{"level":"info","message":"Получение заданий для пользователя ID: 3","timestamp":"2026-03-21 15:37:39"}
{"assignmentId":35,"level":"info","message":"Получение состава команды проекта","timestamp":"2026-03-21 15:37:39"}
{"level":"info","message":"Получение заданий для пользователя ID: 3","timestamp":"2026-03-21 15:37:39"}
{"level":"info","message":"Получение ожидающих приглашений пользователя","timestamp":"2026-03-21 15:37:39","userId":3}
{"level":"info","message":"Получение ожидающих приглашений пользователя","timestamp":"2026-03-21 15:37:39","userId":3}
{"level":"info","message":"Получение заданий для пользователя ID: 3","timestamp":"2026-03-21 15:37:39"}
{"level":"info","message":"Получение ожидающих приглашений пользователя","timestamp":"2026-03-21 15:38:10","userId":3}
{"level":"info","message":"Получение заданий для пользователя ID: 3","timestamp":"2026-03-21 15:38:10"}
{"level":"info","message":"Получение заданий для пользователя ID: 3","timestamp":"2026-03-21 15:38:10"}
{"level":"info","message":"Получение ожидающих приглашений пользователя","timestamp":"2026-03-21 15:38:10","userId":3}
{"level":"info","message":"Получение заданий для пользователя ID: 3","timestamp":"2026-03-21 15:38:10"}
{"level":"info","message":"Получение ожидающих приглашений пользователя","timestamp":"2026-03-21 15:38:10","userId":3}
{"level":"info","message":"Получение заданий для пользователя ID: 3","timestamp":"2026-03-21 15:38:41"}
{"level":"info","message":"Получение ожидающих приглашений пользователя","timestamp":"2026-03-21 15:38:41","userId":3}
{"level":"info","message":"Получение заданий для пользователя ID: 3","timestamp":"2026-03-21 15:38:41"}
{"level":"info","message":"Получение ожидающих приглашений пользователя","timestamp":"2026-03-21 15:38:41","userId":3}
{"level":"info","message":"Получение заданий для пользователя ID: 3","timestamp":"2026-03-21 15:38:41"}
{"level":"info","message":"Получение ожидающих приглашений пользователя","timestamp":"2026-03-21 15:38:41","userId":3}
{"level":"info","message":"Получение заданий для пользователя ID: 3","timestamp":"2026-03-21 15:39:12"}
{"level":"info","message":"Получение ожидающих приглашений пользователя","timestamp":"2026-03-21 15:39:12","userId":3}
{"level":"info","message":"Получение ожидающих приглашений пользователя","timestamp":"2026-03-21 15:39:12","userId":3}
{"level":"info","message":"Получение заданий для пользователя ID: 3","timestamp":"2026-03-21 15:39:12"}
{"level":"info","message":"Получение заданий для пользователя ID: 3","timestamp":"2026-03-21 15:39:12"}
{"level":"info","message":"Получение ожидающих приглашений пользователя","timestamp":"2026-03-21 15:39:12","userId":3}
{"level":"info","message":"Получение заданий для пользователя ID: 3","timestamp":"2026-03-21 15:39:43"}
{"level":"info","message":"Получение ожидающих приглашений пользователя","timestamp":"2026-03-21 15:39:43","userId":3}
{"level":"info","message":"Получение ожидающих приглашений пользователя","timestamp":"2026-03-21 15:39:43","userId":3}
{"level":"info","message":"Получение заданий для пользователя ID: 3","timestamp":"2026-03-21 15:39:43"}
{"level":"info","message":"Получение заданий для пользователя ID: 3","timestamp":"2026-03-21 15:39:43"}
{"level":"info","message":"Получение ожидающих приглашений пользователя","timestamp":"2026-03-21 15:39:43","userId":3}
{"assignmentId":35,"level":"info","message":"Получение состава команды проекта","timestamp":"2026-03-21 15:39:53"}
{"level":"info","message":"Task status updated with audit","newStatus":3,"taskId":178,"timestamp":"2026-03-21 15:40:13","userId":3}
{"level":"info","message":"Получение заданий для пользователя ID: 3","timestamp":"2026-03-21 15:40:13"}
{"level":"info","message":"Получение заданий для пользователя ID: 3","timestamp":"2026-03-21 15:40:14"}
{"level":"info","message":"Получение ожидающих приглашений пользователя","timestamp":"2026-03-21 15:40:14","userId":3}
{"level":"info","message":"Получение ожидающих приглашений пользователя","timestamp":"2026-03-21 15:40:14","userId":3}
{"level":"info","message":"Получение заданий для пользователя ID: 3","timestamp":"2026-03-21 15:40:14"}
{"level":"info","message":"Получение ожидающих приглашений пользователя","timestamp":"2026-03-21 15:40:14","userId":3}
{"level":"info","message":"Получение ожидающих приглашений пользователя","timestamp":"2026-03-21 15:40:14","userId":3}
{"level":"info","message":"Получение заданий для пользователя ID: 3","timestamp":"2026-03-21 15:40:14"}
{"level":"info","message":"Получение заданий для пользователя ID: 3","timestamp":"2026-03-21 15:40:14"}
{"level":"info","message":"Получение заданий для пользователя ID: 3","timestamp":"2026-03-21 15:40:15"}
{"level":"info","message":"Получение ожидающих приглашений пользователя","timestamp":"2026-03-21 15:40:15","userId":3}
{"level":"info","message":"Получение ожидающих приглашений пользователя","timestamp":"2026-03-21 15:40:15","userId":3}
{"level":"info","message":"Получение заданий для пользователя ID: 3","timestamp":"2026-03-21 15:40:15"}
{"level":"info","message":"Получение ожидающих приглашений пользователя","timestamp":"2026-03-21 15:40:15","userId":3}
{"level":"info","message":"Получение заданий для пользователя ID: 3","timestamp":"2026-03-21 15:40:15"}
{"assignmentId":35,"level":"info","message":"Получение состава команды проекта","timestamp":"2026-03-21 15:40:15"}
{"assignmentId":35,"level":"info","message":"Получение состава команды проекта","timestamp":"2026-03-21 15:40:15"}
{"assignmentId":35,"level":"info","message":"Получение состава команды проекта","timestamp":"2026-03-21 15:40:15"}
{"level":"info","message":"Получение заданий для пользователя ID: 3","timestamp":"2026-03-21 15:40:15"}
{"level":"info","message":"Получение ожидающих приглашений пользователя","timestamp":"2026-03-21 15:40:15","userId":3}
{"level":"info","message":"Получение ожидающих приглашений пользователя","timestamp":"2026-03-21 15:40:15","userId":3}
{"level":"info","message":"Получение заданий для пользователя ID: 3","timestamp":"2026-03-21 15:40:15"}
{"assignmentId":35,"level":"info","message":"Получение состава команды проекта","timestamp":"2026-03-21 15:40:15"}
{"level":"info","message":"Получение ожидающих приглашений пользователя","timestamp":"2026-03-21 15:40:31","userId":1}
{"level":"info","message":"Получение ожидающих приглашений пользователя","timestamp":"2026-03-21 15:40:31","userId":1}
{"level":"info","message":"Получение заданий для пользователя ID: 1","timestamp":"2026-03-21 15:40:31"}
{"level":"info","message":"Получение ожидающих приглашений пользователя","timestamp":"2026-03-21 15:40:31","userId":1}
{"level":"info","message":"Получение ожидающих приглашений пользователя","timestamp":"2026-03-21 15:40:31","userId":1}
{"level":"info","message":"Получение заданий для пользователя ID: 1","timestamp":"2026-03-21 15:40:31"}
{"level":"info","message":"Получение заданий для пользователя ID: 1","timestamp":"2026-03-21 15:40:31"}
{"level":"info","message":"Получение заданий для пользователя ID: 1","timestamp":"2026-03-21 15:40:32"}
{"assignmentId":32,"level":"info","message":"Получение состава команды проекта","timestamp":"2026-03-21 15:40:32"}
{"level":"info","message":"Получение заданий для пользователя ID: 1","timestamp":"2026-03-21 15:40:32"}
{"level":"info","message":"Получение ожидающих приглашений пользователя","timestamp":"2026-03-21 15:40:32","userId":1}
{"assignmentId":32,"level":"info","message":"Получение состава команды проекта","timestamp":"2026-03-21 15:40:32"}
{"assignmentId":32,"level":"info","message":"Получение состава команды проекта","timestamp":"2026-03-21 15:40:32"}
{"assignmentId":32,"level":"info","message":"Получение состава команды проекта","timestamp":"2026-03-21 15:40:32"}
{"assignmentId":24,"level":"info","message":"Получение состава команды проекта","timestamp":"2026-03-21 15:40:41"}
{"assignmentId":24,"level":"info","message":"Получение состава команды проекта","timestamp":"2026-03-21 15:40:41"}
{"assignmentId":31,"level":"info","message":"Получение состава команды проекта","timestamp":"2026-03-21 15:40:41"}
{"assignmentId":31,"level":"info","message":"Получение состава команды проекта","timestamp":"2026-03-21 15:40:41"}
{"assignmentId":32,"level":"info","message":"Получение состава команды проекта","timestamp":"2026-03-21 15:40:42"}
{"assignmentId":32,"level":"info","message":"Получение состава команды проекта","timestamp":"2026-03-21 15:40:42"}
{"level":"info","message":"Получение заданий для пользователя ID: 1","timestamp":"2026-03-21 15:41:00"}
{"level":"info","message":"Получение ожидающих приглашений пользователя","timestamp":"2026-03-21 15:41:00","userId":1}
{"level":"info","message":"Получение ожидающих приглашений пользователя","timestamp":"2026-03-21 15:41:00","userId":1}
{"level":"info","message":"Получение ожидающих приглашений пользователя","timestamp":"2026-03-21 15:41:00","userId":1}
{"level":"info","message":"Получение ожидающих приглашений пользователя","timestamp":"2026-03-21 15:41:00","userId":1}
{"level":"info","message":"Получение заданий для пользователя ID: 1","timestamp":"2026-03-21 15:41:00"}
{"level":"info","message":"Получение ожидающих приглашений пользователя","timestamp":"2026-03-21 15:41:00","userId":1}
{"level":"info","message":"Получение заданий для пользователя ID: 1","timestamp":"2026-03-21 15:41:00"}
{"level":"info","message":"Получение заданий для пользователя ID: 1","timestamp":"2026-03-21 15:41:00"}
{"assignmentId":32,"level":"info","message":"Получение состава команды проекта","timestamp":"2026-03-21 15:41:00"}
{"assignmentId":32,"level":"info","message":"Получение состава команды проекта","timestamp":"2026-03-21 15:41:00"}
{"assignmentId":32,"level":"info","message":"Получение состава команды проекта","timestamp":"2026-03-21 15:41:00"}
{"level":"info","message":"Получение заданий для пользователя ID: 1","timestamp":"2026-03-21 15:41:00"}
{"assignmentId":32,"level":"info","message":"Получение состава команды проекта","timestamp":"2026-03-21 15:41:00"}
{"assignmentId":32,"level":"info","message":"Получение состава команды проекта","timestamp":"2026-03-21 15:41:00"}
{"assignmentId":32,"level":"info","message":"Получение состава команды проекта","timestamp":"2026-03-21 15:41:01"}
{"level":"info","message":"Получение ожидающих приглашений пользователя","timestamp":"2026-03-21 15:41:31","userId":1}
{"level":"info","message":"Получение заданий для пользователя ID: 1","timestamp":"2026-03-21 15:41:31"}
{"level":"info","message":"Получение заданий для пользователя ID: 1","timestamp":"2026-03-21 15:41:31"}
{"level":"info","message":"Получение ожидающих приглашений пользователя","timestamp":"2026-03-21 15:41:31","userId":1}
{"level":"info","message":"Получение заданий для пользователя ID: 1","timestamp":"2026-03-21 15:41:31"}
{"level":"info","message":"Получение ожидающих приглашений пользователя","timestamp":"2026-03-21 15:41:31","userId":1}
{"level":"info","message":"Получение заданий для пользователя ID: 1","timestamp":"2026-03-21 15:42:01"}
{"level":"info","message":"Получение ожидающих приглашений пользователя","timestamp":"2026-03-21 15:42:01","userId":1}
{"level":"info","message":"Получение заданий для пользователя ID: 1","timestamp":"2026-03-21 15:42:01"}
{"level":"info","message":"Получение ожидающих приглашений пользователя","timestamp":"2026-03-21 15:42:01","userId":1}
{"level":"info","message":"Получение заданий для пользователя ID: 1","timestamp":"2026-03-21 15:42:01"}
{"level":"info","message":"Получение ожидающих приглашений пользователя","timestamp":"2026-03-21 15:42:01","userId":1}
{"level":"info","message":"Получение заданий для пользователя ID: 1","timestamp":"2026-03-21 15:42:32"}
{"level":"info","message":"Получение ожидающих приглашений пользователя","timestamp":"2026-03-21 15:42:32","userId":1}
{"level":"info","message":"Получение ожидающих приглашений пользователя","timestamp":"2026-03-21 15:42:32","userId":1}
{"level":"info","message":"Получение заданий для пользователя ID: 1","timestamp":"2026-03-21 15:42:32"}
{"level":"info","message":"Получение заданий для пользователя ID: 1","timestamp":"2026-03-21 15:42:32"}
{"level":"info","message":"Получение ожидающих приглашений пользователя","timestamp":"2026-03-21 15:42:32","userId":1}
{"level":"info","message":"Получение заданий для пользователя ID: 1","timestamp":"2026-03-21 15:43:02"}
{"level":"info","message":"Получение ожидающих приглашений пользователя","timestamp":"2026-03-21 15:43:02","userId":1}
{"level":"info","message":"Получение заданий для пользователя ID: 1","timestamp":"2026-03-21 15:43:02"}
{"level":"info","message":"Получение ожидающих приглашений пользователя","timestamp":"2026-03-21 15:43:02","userId":1}
{"level":"info","message":"Получение заданий для пользователя ID: 1","timestamp":"2026-03-21 15:43:02"}
{"level":"info","message":"Получение ожидающих приглашений пользователя","timestamp":"2026-03-21 15:43:02","userId":1}
{"level":"info","message":"Получение заданий для пользователя ID: 1","timestamp":"2026-03-21 15:43:27"}
{"level":"info","message":"Получение заданий для пользователя ID: 1","timestamp":"2026-03-21 15:43:27"}
{"level":"info","message":"Получение ожидающих приглашений пользователя","timestamp":"2026-03-21 15:43:27","userId":1}
{"level":"info","message":"Получение ожидающих приглашений пользователя","timestamp":"2026-03-21 15:43:27","userId":1}
{"commentId":77,"level":"info","message":"Comment created with audit","taskId":177,"timestamp":"2026-03-21 15:45:21","userId":1}
{"level":"info","message":"Получение заданий для пользователя ID: 1","timestamp":"2026-03-21 15:45:58"}
{"level":"info","message":"Получение ожидающих приглашений пользователя","timestamp":"2026-03-21 15:45:58","userId":1}
{"level":"info","message":"Получение ожидающих приглашений пользователя","timestamp":"2026-03-21 15:45:58","userId":1}
{"level":"info","message":"Получение заданий для пользователя ID: 1","timestamp":"2026-03-21 15:45:58"}
{"level":"info","message":"Получение ожидающих приглашений пользователя","timestamp":"2026-03-21 15:45:58","userId":1}
{"level":"info","message":"Получение ожидающих приглашений пользователя","timestamp":"2026-03-21 15:45:58","userId":1}
{"level":"info","message":"Получение ожидающих приглашений пользователя","timestamp":"2026-03-21 15:45:58","userId":1}
{"level":"info","message":"Получение заданий для пользователя ID: 1","timestamp":"2026-03-21 15:45:58"}
{"level":"info","message":"Получение заданий для пользователя ID: 1","timestamp":"2026-03-21 15:45:58"}
{"level":"info","message":"Получение заданий для пользователя ID: 1","timestamp":"2026-03-21 15:45:58"}
{"assignmentId":32,"level":"info","message":"Получение состава команды проекта","timestamp":"2026-03-21 15:45:58"}
{"assignmentId":32,"level":"info","message":"Получение состава команды проекта","timestamp":"2026-03-21 15:45:58"}
{"assignmentId":32,"level":"info","message":"Получение состава команды проекта","timestamp":"2026-03-21 15:45:58"}
{"assignmentId":32,"level":"info","message":"Получение состава команды проекта","timestamp":"2026-03-21 15:45:58"}
{"assignmentId":32,"level":"info","message":"Получение состава команды проекта","timestamp":"2026-03-21 15:45:58"}
{"assignmentId":32,"level":"info","message":"Получение состава команды проекта","timestamp":"2026-03-21 15:45:58"}
{"level":"info","message":"Получение заданий для пользователя ID: 1","timestamp":"2026-03-21 15:46:02"}
{"level":"info","message":"Получение заданий для пользователя ID: 1","timestamp":"2026-03-21 15:46:02"}
{"level":"info","message":"Получение заданий для пользователя ID: 1","timestamp":"2026-03-21 15:46:02"}
{"level":"info","message":"Получение заданий для пользователя ID: 1","timestamp":"2026-03-21 15:46:04"}
{"level":"info","message":"Получение ожидающих приглашений пользователя","timestamp":"2026-03-21 15:46:04","userId":1}
{"level":"info","message":"Получение ожидающих приглашений пользователя","timestamp":"2026-03-21 15:46:04","userId":1}
{"level":"info","message":"Получение заданий для пользователя ID: 1","timestamp":"2026-03-21 15:46:04"}
{"level":"info","message":"Получение заданий для пользователя ID: 1","timestamp":"2026-03-21 15:47:40"}
{"level":"info","message":"Получение ожидающих приглашений пользователя","timestamp":"2026-03-21 15:47:40","userId":1}
{"level":"info","message":"Получение ожидающих приглашений пользователя","timestamp":"2026-03-21 15:47:40","userId":1}
{"level":"info","message":"Получение ожидающих приглашений пользователя","timestamp":"2026-03-21 15:47:40","userId":1}
{"level":"info","message":"Получение заданий для пользователя ID: 1","timestamp":"2026-03-21 15:47:40"}
{"level":"info","message":"Получение ожидающих приглашений пользователя","timestamp":"2026-03-21 15:47:40","userId":1}
{"level":"info","message":"Получение ожидающих приглашений пользователя","timestamp":"2026-03-21 15:47:40","userId":1}
{"level":"info","message":"Получение заданий для пользователя ID: 1","timestamp":"2026-03-21 15:47:40"}
{"level":"info","message":"Получение заданий для пользователя ID: 1","timestamp":"2026-03-21 15:47:40"}
{"assignmentId":32,"level":"info","message":"Получение состава команды проекта","timestamp":"2026-03-21 15:47:40"}
{"level":"info","message":"Получение заданий для пользователя ID: 1","timestamp":"2026-03-21 15:47:40"}
{"assignmentId":32,"level":"info","message":"Получение состава команды проекта","timestamp":"2026-03-21 15:47:40"}
{"assignmentId":32,"level":"info","message":"Получение состава команды проекта","timestamp":"2026-03-21 15:47:40"}
{"assignmentId":32,"level":"info","message":"Получение состава команды проекта","timestamp":"2026-03-21 15:47:40"}
{"assignmentId":32,"level":"info","message":"Получение состава команды проекта","timestamp":"2026-03-21 15:47:40"}
{"assignmentId":32,"level":"info","message":"Получение состава команды проекта","timestamp":"2026-03-21 15:47:40"}
{"assignmentId":32,"level":"info","message":"Получение состава команды проекта","timestamp":"2026-03-21 15:47:40"}
{"assignmentId":31,"level":"info","message":"Получение состава команды проекта","timestamp":"2026-03-21 15:48:08"}
{"assignmentId":31,"level":"info","message":"Получение состава команды проекта","timestamp":"2026-03-21 15:48:08"}
{"assignmentId":24,"level":"info","message":"Получение состава команды проекта","timestamp":"2026-03-21 15:48:09"}
{"assignmentId":24,"level":"info","message":"Получение состава команды проекта","timestamp":"2026-03-21 15:48:09"}
{"assignmentId":31,"level":"info","message":"Получение состава команды проекта","timestamp":"2026-03-21 15:48:10"}
{"assignmentId":31,"level":"info","message":"Получение состава команды проекта","timestamp":"2026-03-21 15:48:10"}
{"assignmentId":32,"level":"info","message":"Получение состава команды проекта","timestamp":"2026-03-21 15:48:10"}
{"assignmentId":32,"level":"info","message":"Получение состава команды проекта","timestamp":"2026-03-21 15:48:10"}
{"level":"info","message":"Получение ожидающих приглашений пользователя","timestamp":"2026-03-21 15:48:41","userId":1}
{"level":"info","message":"Получение заданий для пользователя ID: 1","timestamp":"2026-03-21 15:48:41"}
{"level":"info","message":"Получение заданий для пользователя ID: 1","timestamp":"2026-03-21 15:48:41"}
{"level":"info","message":"Получение ожидающих приглашений пользователя","timestamp":"2026-03-21 15:48:41","userId":1}
{"level":"info","message":"Получение заданий для пользователя ID: 1","timestamp":"2026-03-21 15:48:41"}
{"level":"info","message":"Получение ожидающих приглашений пользователя","timestamp":"2026-03-21 15:48:41","userId":1}
{"level":"info","message":"Получение заданий для пользователя ID: 1","timestamp":"2026-03-21 15:49:12"}
{"level":"info","message":"Получение ожидающих приглашений пользователя","timestamp":"2026-03-21 15:49:12","userId":1}
{"level":"info","message":"Получение заданий для пользователя ID: 1","timestamp":"2026-03-21 15:49:12"}
{"level":"info","message":"Получение ожидающих приглашений пользователя","timestamp":"2026-03-21 15:49:12","userId":1}
{"level":"info","message":"Получение заданий для пользователя ID: 1","timestamp":"2026-03-21 15:49:12"}
{"level":"info","message":"Получение ожидающих приглашений пользователя","timestamp":"2026-03-21 15:49:12","userId":1}
{"level":"info","message":"Получение заданий для пользователя ID: 1","timestamp":"2026-03-21 15:49:15"}
{"level":"info","message":"Получение ожидающих приглашений пользователя","timestamp":"2026-03-21 15:49:15","userId":1}
{"level":"info","message":"Получение ожидающих приглашений пользователя","timestamp":"2026-03-21 15:49:15","userId":1}
{"level":"info","message":"Получение заданий для пользователя ID: 1","timestamp":"2026-03-21 15:49:15"}
{"level":"info","message":"Получение ожидающих приглашений пользователя","timestamp":"2026-03-21 15:49:15","userId":1}
{"level":"info","message":"Получение ожидающих приглашений пользователя","timestamp":"2026-03-21 15:49:15","userId":1}
{"level":"info","message":"Получение заданий для пользователя ID: 1","timestamp":"2026-03-21 15:49:15"}
{"level":"info","message":"Получение заданий для пользователя ID: 1","timestamp":"2026-03-21 15:49:15"}
{"assignmentId":32,"level":"info","message":"Получение состава команды проекта","timestamp":"2026-03-21 15:49:15"}
{"assignmentId":32,"level":"info","message":"Получение состава команды проекта","timestamp":"2026-03-21 15:49:15"}
{"level":"info","message":"Получение заданий для пользователя ID: 1","timestamp":"2026-03-21 15:49:15"}
{"level":"info","message":"Получение ожидающих приглашений пользователя","timestamp":"2026-03-21 15:49:15","userId":1}
{"assignmentId":32,"level":"info","message":"Получение состава команды проекта","timestamp":"2026-03-21 15:49:15"}
{"level":"info","message":"Получение ожидающих приглашений пользователя","timestamp":"2026-03-21 15:49:15","userId":1}
{"level":"info","message":"Получение заданий для пользователя ID: 1","timestamp":"2026-03-21 15:49:15"}
{"assignmentId":32,"level":"info","message":"Получение состава команды проекта","timestamp":"2026-03-21 15:49:15"}
{"assignmentId":32,"level":"info","message":"Получение состава команды проекта","timestamp":"2026-03-21 15:49:15"}
{"level":"info","message":"Получение заданий для пользователя ID: 1","timestamp":"2026-03-21 15:49:46"}
{"level":"info","message":"Получение ожидающих приглашений пользователя","timestamp":"2026-03-21 15:49:46","userId":1}
{"level":"info","message":"Получение ожидающих приглашений пользователя","timestamp":"2026-03-21 15:49:46","userId":1}
{"level":"info","message":"Получение заданий для пользователя ID: 1","timestamp":"2026-03-21 15:49:46"}
{"level":"info","message":"Получение заданий для пользователя ID: 1","timestamp":"2026-03-21 15:49:46"}
{"level":"info","message":"Получение ожидающих приглашений пользователя","timestamp":"2026-03-21 15:49:46","userId":1}
{"level":"info","message":"Получение ожидающих приглашений пользователя","timestamp":"2026-03-21 15:50:17","userId":1}
{"level":"info","message":"Получение заданий для пользователя ID: 1","timestamp":"2026-03-21 15:50:17"}
{"level":"info","message":"Получение ожидающих приглашений пользователя","timestamp":"2026-03-21 15:50:17","userId":1}
{"level":"info","message":"Получение заданий для пользователя ID: 1","timestamp":"2026-03-21 15:50:17"}
{"level":"info","message":"Получение заданий для пользователя ID: 1","timestamp":"2026-03-21 15:50:17"}
{"level":"info","message":"Получение ожидающих приглашений пользователя","timestamp":"2026-03-21 15:50:17","userId":1}
{"level":"info","message":"Получение заданий для пользователя ID: 1","timestamp":"2026-03-21 15:50:47"}
{"level":"info","message":"Получение ожидающих приглашений пользователя","timestamp":"2026-03-21 15:50:47","userId":1}
{"level":"info","message":"Получение заданий для пользователя ID: 1","timestamp":"2026-03-21 15:50:47"}
{"level":"info","message":"Получение ожидающих приглашений пользователя","timestamp":"2026-03-21 15:50:47","userId":1}
{"level":"info","message":"Получение заданий для пользователя ID: 1","timestamp":"2026-03-21 15:50:47"}
{"level":"info","message":"Получение ожидающих приглашений пользователя","timestamp":"2026-03-21 15:50:47","userId":1}
{"assignmentId":31,"level":"info","message":"Получение состава команды проекта","timestamp":"2026-03-21 15:50:59"}
{"assignmentId":31,"level":"info","message":"Получение состава команды проекта","timestamp":"2026-03-21 15:50:59"}
{"assignmentId":24,"level":"info","message":"Получение состава команды проекта","timestamp":"2026-03-21 15:50:59"}
{"assignmentId":24,"level":"info","message":"Получение состава команды проекта","timestamp":"2026-03-21 15:50:59"}
{"assignmentId":32,"level":"info","message":"Получение состава команды проекта","timestamp":"2026-03-21 15:51:00"}
{"assignmentId":32,"level":"info","message":"Получение состава команды проекта","timestamp":"2026-03-21 15:51:00"}
{"level":"info","message":"Получение заданий для пользователя ID: 1","timestamp":"2026-03-21 15:51:31"}
{"level":"info","message":"Получение ожидающих приглашений пользователя","timestamp":"2026-03-21 15:51:31","userId":1}
{"level":"info","message":"Получение ожидающих приглашений пользователя","timestamp":"2026-03-21 15:51:31","userId":1}
{"level":"info","message":"Получение заданий для пользователя ID: 1","timestamp":"2026-03-21 15:51:31"}
{"level":"info","message":"Получение заданий для пользователя ID: 1","timestamp":"2026-03-21 15:51:31"}
{"level":"info","message":"Получение ожидающих приглашений пользователя","timestamp":"2026-03-21 15:51:31","userId":1}
{"level":"info","message":"Получение заданий для пользователя ID: 1","timestamp":"2026-03-21 15:52:02"}
{"level":"info","message":"Получение ожидающих приглашений пользователя","timestamp":"2026-03-21 15:52:02","userId":1}
{"level":"info","message":"Получение ожидающих приглашений пользователя","timestamp":"2026-03-21 15:52:02","userId":1}
{"level":"info","message":"Получение заданий для пользователя ID: 1","timestamp":"2026-03-21 15:52:02"}
{"level":"info","message":"Получение заданий для пользователя ID: 1","timestamp":"2026-03-21 15:52:02"}
{"level":"info","message":"Получение ожидающих приглашений пользователя","timestamp":"2026-03-21 15:52:02","userId":1}
{"assignmentId":32,"level":"info","message":"Получение состава команды проекта","timestamp":"2026-03-21 15:52:13"}
{"level":"info","message":"Получение заданий для пользователя ID: 1","timestamp":"2026-03-21 15:52:31"}
{"level":"info","message":"Получение заданий для пользователя ID: 1","timestamp":"2026-03-21 15:52:31"}
{"level":"info","message":"Получение ожидающих приглашений пользователя","timestamp":"2026-03-21 15:52:31","userId":1}
{"level":"info","message":"Получение ожидающих приглашений пользователя","timestamp":"2026-03-21 15:52:31","userId":1}
{"assignmentId":32,"level":"info","message":"Получение состава команды проекта","timestamp":"2026-03-21 15:52:31"}
{"assignmentId":32,"level":"info","message":"Получение состава команды проекта","timestamp":"2026-03-21 15:52:31"}
{"assignmentId":32,"level":"info","message":"Получение состава команды проекта","timestamp":"2026-03-21 15:52:31"}
{"level":"info","message":"Получение заданий для пользователя ID: 1","timestamp":"2026-03-21 15:52:31"}
{"level":"info","message":"Получение ожидающих приглашений пользователя","timestamp":"2026-03-21 15:52:31","userId":1}
{"level":"info","message":"Получение ожидающих приглашений пользователя","timestamp":"2026-03-21 15:52:31","userId":1}
{"level":"info","message":"Получение заданий для пользователя ID: 1","timestamp":"2026-03-21 15:52:31"}
{"assignmentId":32,"level":"info","message":"Получение состава команды проекта","timestamp":"2026-03-21 15:52:31"}
{"level":"info","message":"Получение заданий для пользователя ID: 1","timestamp":"2026-03-21 15:52:31"}
{"level":"info","message":"Получение ожидающих приглашений пользователя","timestamp":"2026-03-21 15:52:31","userId":1}
{"level":"info","message":"Получение ожидающих приглашений пользователя","timestamp":"2026-03-21 15:52:31","userId":1}
{"level":"info","message":"Получение заданий для пользователя ID: 1","timestamp":"2026-03-21 15:52:31"}
{"level":"info","message":"Получение заданий для пользователя ID: 1","timestamp":"2026-03-21 15:53:02"}
{"level":"info","message":"Получение ожидающих приглашений пользователя","timestamp":"2026-03-21 15:53:02","userId":1}
{"level":"info","message":"Получение ожидающих приглашений пользователя","timestamp":"2026-03-21 15:53:02","userId":1}
{"level":"info","message":"Получение заданий для пользователя ID: 1","timestamp":"2026-03-21 15:53:02"}
{"level":"info","message":"Получение заданий для пользователя ID: 1","timestamp":"2026-03-21 15:53:02"}
{"level":"info","message":"Получение ожидающих приглашений пользователя","timestamp":"2026-03-21 15:53:02","userId":1}
{"level":"info","message":"Получение ожидающих приглашений пользователя","timestamp":"2026-03-21 15:54:59","userId":1}
{"level":"info","message":"Получение ожидающих приглашений пользователя","timestamp":"2026-03-21 15:54:59","userId":1}
{"level":"info","message":"Получение заданий для пользователя ID: 1","timestamp":"2026-03-21 15:54:59"}
{"level":"info","message":"Получение ожидающих приглашений пользователя","timestamp":"2026-03-21 15:54:59","userId":1}
{"level":"info","message":"Получение заданий для пользователя ID: 1","timestamp":"2026-03-21 15:54:59"}
{"level":"info","message":"Получение ожидающих приглашений пользователя","timestamp":"2026-03-21 15:54:59","userId":1}
{"level":"info","message":"Получение ожидающих приглашений пользователя","timestamp":"2026-03-21 15:54:59","userId":1}
{"level":"info","message":"Получение заданий для пользователя ID: 1","timestamp":"2026-03-21 15:54:59"}
{"level":"info","message":"Получение заданий для пользователя ID: 1","timestamp":"2026-03-21 15:54:59"}
{"assignmentId":32,"level":"info","message":"Получение состава команды проекта","timestamp":"2026-03-21 15:54:59"}
{"assignmentId":32,"level":"info","message":"Получение состава команды проекта","timestamp":"2026-03-21 15:54:59"}
{"level":"info","message":"Получение заданий для пользователя ID: 1","timestamp":"2026-03-21 15:54:59"}
{"assignmentId":32,"level":"info","message":"Получение состава команды проекта","timestamp":"2026-03-21 15:54:59"}
{"assignmentId":32,"level":"info","message":"Получение состава команды проекта","timestamp":"2026-03-21 15:54:59"}
{"assignmentId":32,"level":"info","message":"Получение состава команды проекта","timestamp":"2026-03-21 15:54:59"}
{"level":"info","message":"Получение заданий для пользователя ID: 1","timestamp":"2026-03-21 15:55:30"}
{"level":"info","message":"Получение ожидающих приглашений пользователя","timestamp":"2026-03-21 15:55:30","userId":1}
{"level":"info","message":"Получение ожидающих приглашений пользователя","timestamp":"2026-03-21 15:55:30","userId":1}
{"level":"info","message":"Получение заданий для пользователя ID: 1","timestamp":"2026-03-21 15:55:30"}
{"level":"info","message":"Получение заданий для пользователя ID: 1","timestamp":"2026-03-21 15:55:30"}
{"level":"info","message":"Получение ожидающих приглашений пользователя","timestamp":"2026-03-21 15:55:30","userId":1}
{"level":"info","message":"Получение заданий для пользователя ID: 1","timestamp":"2026-03-21 15:56:01"}
{"level":"info","message":"Получение ожидающих приглашений пользователя","timestamp":"2026-03-21 15:56:01","userId":1}
{"level":"info","message":"Получение ожидающих приглашений пользователя","timestamp":"2026-03-21 15:56:01","userId":1}
{"level":"info","message":"Получение заданий для пользователя ID: 1","timestamp":"2026-03-21 15:56:01"}
{"level":"info","message":"Получение заданий для пользователя ID: 1","timestamp":"2026-03-21 15:56:01"}
{"level":"info","message":"Получение ожидающих приглашений пользователя","timestamp":"2026-03-21 15:56:01","userId":1}
{"level":"info","message":"Получение заданий для пользователя ID: 1","timestamp":"2026-03-21 15:56:32"}
{"level":"info","message":"Получение ожидающих приглашений пользователя","timestamp":"2026-03-21 15:56:32","userId":1}
{"level":"info","message":"Получение ожидающих приглашений пользователя","timestamp":"2026-03-21 15:56:32","userId":1}
{"level":"info","message":"Получение заданий для пользователя ID: 1","timestamp":"2026-03-21 15:56:32"}
{"level":"info","message":"Получение заданий для пользователя ID: 1","timestamp":"2026-03-21 15:56:32"}
{"level":"info","message":"Получение ожидающих приглашений пользователя","timestamp":"2026-03-21 15:56:32","userId":1}
{"level":"info","message":"Получение заданий для пользователя ID: 1","timestamp":"2026-03-21 15:57:03"}
{"level":"info","message":"Получение ожидающих приглашений пользователя","timestamp":"2026-03-21 15:57:03","userId":1}
{"level":"info","message":"Получение ожидающих приглашений пользователя","timestamp":"2026-03-21 15:57:03","userId":1}
{"level":"info","message":"Получение заданий для пользователя ID: 1","timestamp":"2026-03-21 15:57:03"}
{"level":"info","message":"Получение заданий для пользователя ID: 1","timestamp":"2026-03-21 15:57:03"}
{"level":"info","message":"Получение ожидающих приглашений пользователя","timestamp":"2026-03-21 15:57:03","userId":1}
{"level":"info","message":"Получение заданий для пользователя ID: 1","timestamp":"2026-03-21 15:57:34"}
{"level":"info","message":"Получение ожидающих приглашений пользователя","timestamp":"2026-03-21 15:57:34","userId":1}
{"level":"info","message":"Получение заданий для пользователя ID: 1","timestamp":"2026-03-21 15:57:34"}
{"level":"info","message":"Получение ожидающих приглашений пользователя","timestamp":"2026-03-21 15:57:34","userId":1}
{"level":"info","message":"Получение заданий для пользователя ID: 1","timestamp":"2026-03-21 15:57:34"}
{"level":"info","message":"Получение ожидающих приглашений пользователя","timestamp":"2026-03-21 15:57:34","userId":1}
{"level":"info","message":"Получение заданий для пользователя ID: 1","timestamp":"2026-03-21 15:58:05"}
{"level":"info","message":"Получение ожидающих приглашений пользователя","timestamp":"2026-03-21 15:58:05","userId":1}
{"level":"info","message":"Получение заданий для пользователя ID: 1","timestamp":"2026-03-21 15:58:05"}
{"level":"info","message":"Получение ожидающих приглашений пользователя","timestamp":"2026-03-21 15:58:05","userId":1}
{"level":"info","message":"Получение заданий для пользователя ID: 1","timestamp":"2026-03-21 15:58:05"}
{"level":"info","message":"Получение ожидающих приглашений пользователя","timestamp":"2026-03-21 15:58:05","userId":1}
{"level":"info","message":"Получение ожидающих приглашений пользователя","timestamp":"2026-03-21 15:58:36","userId":1}
{"level":"info","message":"Получение заданий для пользователя ID: 1","timestamp":"2026-03-21 15:58:36"}
{"level":"info","message":"Получение ожидающих приглашений пользователя","timestamp":"2026-03-21 15:58:36","userId":1}
{"level":"info","message":"Получение заданий для пользователя ID: 1","timestamp":"2026-03-21 15:58:36"}
{"level":"info","message":"Получение заданий для пользователя ID: 1","timestamp":"2026-03-21 15:58:36"}
{"level":"info","message":"Получение ожидающих приглашений пользователя","timestamp":"2026-03-21 15:58:36","userId":1}
{"level":"info","message":"Получение ожидающих приглашений пользователя","timestamp":"2026-03-21 15:59:07","userId":1}
{"level":"info","message":"Получение заданий для пользователя ID: 1","timestamp":"2026-03-21 15:59:07"}
{"level":"info","message":"Получение ожидающих приглашений пользователя","timestamp":"2026-03-21 15:59:07","userId":1}
{"level":"info","message":"Получение заданий для пользователя ID: 1","timestamp":"2026-03-21 15:59:07"}
{"level":"info","message":"Получение заданий для пользователя ID: 1","timestamp":"2026-03-21 15:59:07"}
{"level":"info","message":"Получение ожидающих приглашений пользователя","timestamp":"2026-03-21 15:59:07","userId":1}
{"level":"info","message":"Получение заданий для пользователя ID: 1","timestamp":"2026-03-21 15:59:38"}
{"level":"info","message":"Получение ожидающих приглашений пользователя","timestamp":"2026-03-21 15:59:38","userId":1}
{"level":"info","message":"Получение заданий для пользователя ID: 1","timestamp":"2026-03-21 15:59:38"}
{"level":"info","message":"Получение ожидающих приглашений пользователя","timestamp":"2026-03-21 15:59:38","userId":1}
{"level":"info","message":"Получение заданий для пользователя ID: 1","timestamp":"2026-03-21 15:59:38"}
{"level":"info","message":"Получение ожидающих приглашений пользователя","timestamp":"2026-03-21 15:59:38","userId":1}
{"level":"info","message":"Получение заданий для пользователя ID: 1","timestamp":"2026-03-21 16:00:09"}
{"level":"info","message":"Получение ожидающих приглашений пользователя","timestamp":"2026-03-21 16:00:09","userId":1}
{"level":"info","message":"Получение ожидающих приглашений пользователя","timestamp":"2026-03-21 16:00:09","userId":1}
{"level":"info","message":"Получение заданий для пользователя ID: 1","timestamp":"2026-03-21 16:00:09"}
{"level":"info","message":"Получение заданий для пользователя ID: 1","timestamp":"2026-03-21 16:00:09"}
{"level":"info","message":"Получение ожидающих приглашений пользователя","timestamp":"2026-03-21 16:00:09","userId":1}
{"level":"info","message":"Получение ожидающих приглашений пользователя","timestamp":"2026-03-21 16:00:40","userId":1}
{"level":"info","message":"Получение заданий для пользователя ID: 1","timestamp":"2026-03-21 16:00:40"}
{"level":"info","message":"Получение заданий для пользователя ID: 1","timestamp":"2026-03-21 16:00:40"}
{"level":"info","message":"Получение ожидающих приглашений пользователя","timestamp":"2026-03-21 16:00:40","userId":1}
{"level":"info","message":"Получение заданий для пользователя ID: 1","timestamp":"2026-03-21 16:00:40"}
{"level":"info","message":"Получение ожидающих приглашений пользователя","timestamp":"2026-03-21 16:00:40","userId":1}
{"level":"info","message":"Получение ожидающих приглашений пользователя","timestamp":"2026-03-21 16:01:11","userId":1}
{"level":"info","message":"Получение заданий для пользователя ID: 1","timestamp":"2026-03-21 16:01:11"}
{"level":"info","message":"Получение заданий для пользователя ID: 1","timestamp":"2026-03-21 16:01:11"}
{"level":"info","message":"Получение ожидающих приглашений пользователя","timestamp":"2026-03-21 16:01:11","userId":1}
{"level":"info","message":"Получение заданий для пользователя ID: 1","timestamp":"2026-03-21 16:01:11"}
{"level":"info","message":"Получение ожидающих приглашений пользователя","timestamp":"2026-03-21 16:01:11","userId":1}
{"level":"info","message":"Получение заданий для пользователя ID: 1","timestamp":"2026-03-21 16:01:42"}
{"level":"info","message":"Получение ожидающих приглашений пользователя","timestamp":"2026-03-21 16:01:42","userId":1}
{"level":"info","message":"Получение заданий для пользователя ID: 1","timestamp":"2026-03-21 16:01:42"}
{"level":"info","message":"Получение ожидающих приглашений пользователя","timestamp":"2026-03-21 16:01:42","userId":1}
{"level":"info","message":"Получение заданий для пользователя ID: 1","timestamp":"2026-03-21 16:01:42"}
{"level":"info","message":"Получение ожидающих приглашений пользователя","timestamp":"2026-03-21 16:01:42","userId":1}
{"level":"info","message":"Получение заданий для пользователя ID: 1","timestamp":"2026-03-21 16:02:12"}
{"level":"info","message":"Получение ожидающих приглашений пользователя","timestamp":"2026-03-21 16:02:12","userId":1}
{"level":"info","message":"Получение ожидающих приглашений пользователя","timestamp":"2026-03-21 16:02:12","userId":1}
{"level":"info","message":"Получение заданий для пользователя ID: 1","timestamp":"2026-03-21 16:02:12"}
{"level":"info","message":"Получение ожидающих приглашений пользователя","timestamp":"2026-03-21 16:02:12","userId":1}
{"level":"info","message":"Получение заданий для пользователя ID: 1","timestamp":"2026-03-21 16:02:12"}
{"level":"info","message":"Получение заданий для пользователя ID: 1","timestamp":"2026-03-21 16:02:43"}
{"level":"info","message":"Получение ожидающих приглашений пользователя","timestamp":"2026-03-21 16:02:43","userId":1}
{"level":"info","message":"Получение заданий для пользователя ID: 1","timestamp":"2026-03-21 16:02:43"}
{"level":"info","message":"Получение ожидающих приглашений пользователя","timestamp":"2026-03-21 16:02:43","userId":1}
{"level":"info","message":"Получение ожидающих приглашений пользователя","timestamp":"2026-03-21 16:02:43","userId":1}
{"level":"info","message":"Получение заданий для пользователя ID: 1","timestamp":"2026-03-21 16:02:43"}
{"level":"info","message":"Получение заданий для пользователя ID: 1","timestamp":"2026-03-21 16:03:14"}
{"level":"info","message":"Получение ожидающих приглашений пользователя","timestamp":"2026-03-21 16:03:14","userId":1}
{"level":"info","message":"Получение ожидающих приглашений пользователя","timestamp":"2026-03-21 16:03:14","userId":1}
{"level":"info","message":"Получение заданий для пользователя ID: 1","timestamp":"2026-03-21 16:03:14"}
{"level":"info","message":"Получение ожидающих приглашений пользователя","timestamp":"2026-03-21 16:03:14","userId":1}
{"level":"info","message":"Получение заданий для пользователя ID: 1","timestamp":"2026-03-21 16:03:14"}
{"level":"info","message":"Получение заданий для пользователя ID: 1","timestamp":"2026-03-21 16:03:45"}
{"level":"info","message":"Получение ожидающих приглашений пользователя","timestamp":"2026-03-21 16:03:45","userId":1}
{"level":"info","message":"Получение ожидающих приглашений пользователя","timestamp":"2026-03-21 16:03:45","userId":1}
{"level":"info","message":"Получение заданий для пользователя ID: 1","timestamp":"2026-03-21 16:03:45"}
{"level":"info","message":"Получение заданий для пользователя ID: 1","timestamp":"2026-03-21 16:03:45"}
{"level":"info","message":"Получение ожидающих приглашений пользователя","timestamp":"2026-03-21 16:03:45","userId":1}
{"level":"info","message":"Получение заданий для пользователя ID: 1","timestamp":"2026-03-21 16:04:16"}
{"level":"info","message":"Получение ожидающих приглашений пользователя","timestamp":"2026-03-21 16:04:16","userId":1}
{"level":"info","message":"Получение ожидающих приглашений пользователя","timestamp":"2026-03-21 16:04:16","userId":1}
{"level":"info","message":"Получение заданий для пользователя ID: 1","timestamp":"2026-03-21 16:04:16"}
{"level":"info","message":"Получение ожидающих приглашений пользователя","timestamp":"2026-03-21 16:04:16","userId":1}
{"level":"info","message":"Получение заданий для пользователя ID: 1","timestamp":"2026-03-21 16:04:16"}
{"level":"info","message":"Получение заданий для пользователя ID: 1","timestamp":"2026-03-21 16:04:47"}
{"level":"info","message":"Получение ожидающих приглашений пользователя","timestamp":"2026-03-21 16:04:47","userId":1}
{"level":"info","message":"Получение ожидающих приглашений пользователя","timestamp":"2026-03-21 16:04:47","userId":1}
{"level":"info","message":"Получение заданий для пользователя ID: 1","timestamp":"2026-03-21 16:04:47"}
{"level":"info","message":"Получение ожидающих приглашений пользователя","timestamp":"2026-03-21 16:04:47","userId":1}
{"level":"info","message":"Получение заданий для пользователя ID: 1","timestamp":"2026-03-21 16:04:47"}
{"level":"info","message":"Получение ожидающих приглашений пользователя","timestamp":"2026-03-21 16:05:18","userId":1}
{"level":"info","message":"Получение заданий для пользователя ID: 1","timestamp":"2026-03-21 16:05:18"}
{"level":"info","message":"Получение ожидающих приглашений пользователя","timestamp":"2026-03-21 16:05:18","userId":1}
{"level":"info","message":"Получение заданий для пользователя ID: 1","timestamp":"2026-03-21 16:05:18"}
{"level":"info","message":"Получение ожидающих приглашений пользователя","timestamp":"2026-03-21 16:05:18","userId":1}
{"level":"info","message":"Получение заданий для пользователя ID: 1","timestamp":"2026-03-21 16:05:18"}
{"level":"info","message":"Получение заданий для пользователя ID: 1","timestamp":"2026-03-21 16:05:48"}
{"level":"info","message":"Получение ожидающих приглашений пользователя","timestamp":"2026-03-21 16:05:48","userId":1}
{"level":"info","message":"Получение ожидающих приглашений пользователя","timestamp":"2026-03-21 16:05:48","userId":1}
{"level":"info","message":"Получение заданий для пользователя ID: 1","timestamp":"2026-03-21 16:05:48"}
{"level":"info","message":"Получение ожидающих приглашений пользователя","timestamp":"2026-03-21 16:05:48","userId":1}
{"level":"info","message":"Получение заданий для пользователя ID: 1","timestamp":"2026-03-21 16:05:48"}
{"level":"info","message":"Получение заданий для пользователя ID: 1","timestamp":"2026-03-21 16:06:18"}
{"level":"info","message":"Получение ожидающих приглашений пользователя","timestamp":"2026-03-21 16:06:18","userId":1}
{"level":"info","message":"Получение ожидающих приглашений пользователя","timestamp":"2026-03-21 16:06:18","userId":1}
{"level":"info","message":"Получение заданий для пользователя ID: 1","timestamp":"2026-03-21 16:06:18"}
{"level":"info","message":"Получение ожидающих приглашений пользователя","timestamp":"2026-03-21 16:06:18","userId":1}
{"level":"info","message":"Получение заданий для пользователя ID: 1","timestamp":"2026-03-21 16:06:18"}
{"assignmentId":24,"level":"info","message":"Получение состава команды проекта","timestamp":"2026-03-21 16:06:19"}
{"assignmentId":24,"level":"info","message":"Получение состава команды проекта","timestamp":"2026-03-21 16:06:19"}
{"assignmentId":31,"level":"info","message":"Получение состава команды проекта","timestamp":"2026-03-21 16:06:19"}
{"assignmentId":31,"level":"info","message":"Получение состава команды проекта","timestamp":"2026-03-21 16:06:19"}
{"assignmentId":32,"level":"info","message":"Получение состава команды проекта","timestamp":"2026-03-21 16:06:20"}
{"assignmentId":32,"level":"info","message":"Получение состава команды проекта","timestamp":"2026-03-21 16:06:20"}
{"level":"info","message":"Получение заданий для пользователя ID: 1","timestamp":"2026-03-21 16:06:51"}
{"level":"info","message":"Получение ожидающих приглашений пользователя","timestamp":"2026-03-21 16:06:51","userId":1}
{"level":"info","message":"Получение заданий для пользователя ID: 1","timestamp":"2026-03-21 16:06:51"}
{"level":"info","message":"Получение ожидающих приглашений пользователя","timestamp":"2026-03-21 16:06:51","userId":1}
{"level":"info","message":"Получение ожидающих приглашений пользователя","timestamp":"2026-03-21 16:06:51","userId":1}
{"level":"info","message":"Получение заданий для пользователя ID: 1","timestamp":"2026-03-21 16:06:51"}
{"level":"info","message":"Получение заданий для пользователя ID: 1","timestamp":"2026-03-21 16:07:22"}
{"level":"info","message":"Получение ожидающих приглашений пользователя","timestamp":"2026-03-21 16:07:22","userId":1}
{"level":"info","message":"Получение ожидающих приглашений пользователя","timestamp":"2026-03-21 16:07:22","userId":1}
{"level":"info","message":"Получение заданий для пользователя ID: 1","timestamp":"2026-03-21 16:07:22"}
{"level":"info","message":"Получение ожидающих приглашений пользователя","timestamp":"2026-03-21 16:07:22","userId":1}
{"level":"info","message":"Получение заданий для пользователя ID: 1","timestamp":"2026-03-21 16:07:22"}
{"level":"info","message":"Получение ожидающих приглашений пользователя","timestamp":"2026-03-21 16:09:09","userId":1}
{"level":"info","message":"Получение ожидающих приглашений пользователя","timestamp":"2026-03-21 16:09:09","userId":1}
{"level":"info","message":"Получение заданий для пользователя ID: 1","timestamp":"2026-03-21 16:09:09"}
{"level":"info","message":"Получение ожидающих приглашений пользователя","timestamp":"2026-03-21 16:09:09","userId":1}
{"level":"info","message":"Получение ожидающих приглашений пользователя","timestamp":"2026-03-21 16:09:09","userId":1}
{"level":"info","message":"Получение заданий для пользователя ID: 1","timestamp":"2026-03-21 16:09:09"}
{"level":"info","message":"Получение ожидающих приглашений пользователя","timestamp":"2026-03-21 16:09:09","userId":1}
{"level":"info","message":"Получение заданий для пользователя ID: 1","timestamp":"2026-03-21 16:09:09"}
{"level":"info","message":"Получение заданий для пользователя ID: 1","timestamp":"2026-03-21 16:09:09"}
{"assignmentId":32,"level":"info","message":"Получение состава команды проекта","timestamp":"2026-03-21 16:09:09"}
{"assignmentId":32,"level":"info","message":"Получение состава команды проекта","timestamp":"2026-03-21 16:09:09"}
{"level":"info","message":"Получение заданий для пользователя ID: 1","timestamp":"2026-03-21 16:09:09"}
{"assignmentId":32,"level":"info","message":"Получение состава команды проекта","timestamp":"2026-03-21 16:09:09"}
{"assignmentId":32,"level":"info","message":"Получение состава команды проекта","timestamp":"2026-03-21 16:09:09"}
{"assignmentId":32,"level":"info","message":"Получение состава команды проекта","timestamp":"2026-03-21 16:09:09"}
{"assignmentId":32,"level":"info","message":"Получение состава команды проекта","timestamp":"2026-03-21 16:09:09"}
{"assignmentId":24,"level":"info","message":"Получение состава команды проекта","timestamp":"2026-03-21 16:09:19"}
{"assignmentId":24,"level":"info","message":"Получение состава команды проекта","timestamp":"2026-03-21 16:09:19"}
{"assignmentId":31,"level":"info","message":"Получение состава команды проекта","timestamp":"2026-03-21 16:09:20"}
{"assignmentId":31,"level":"info","message":"Получение состава команды проекта","timestamp":"2026-03-21 16:09:20"}
{"assignmentId":24,"level":"info","message":"Удаление задания","timestamp":"2026-03-21 16:09:27"}
{"error":"update or delete on table \"assignments\" violates foreign key constraint \"archived_tasks_assignment_id_fkey\" on table \"archived_tasks\"","level":"error","message":"Ошибка выполнения SQL-запроса","query":"DELETE FROM assignments WHERE id = $1 RETURNING id","stack":"error: update or delete on table \"assignments\" violates foreign key constraint \"archived_tasks_assignment_id_fkey\" on table \"archived_tasks\"\n    at C:\\Users\\DeMoCRaN\\Desktop\\trello\\back\\node_modules\\pg\\lib\\client.js:545:17\n    at process.processTicksAndRejections (node:internal/process/task_queues:103:5)\n    at async safeQuery (C:\\Users\\DeMoCRaN\\Desktop\\trello\\back\\controllers\\assignments.js:24:24)\n    at async Object.deleteAssignment (C:\\Users\\DeMoCRaN\\Desktop\\trello\\back\\controllers\\assignments.js:294:40)\n    at async C:\\Users\\DeMoCRaN\\Desktop\\trello\\back\\routes\\api.js:414:5","timestamp":"2026-03-21 16:09:27"}
{"assignmentId":24,"error":"update or delete on table \"assignments\" violates foreign key constraint \"archived_tasks_assignment_id_fkey\" on table \"archived_tasks\"","level":"error","message":"Ошибка при удалении задания","stack":"error: update or delete on table \"assignments\" violates foreign key constraint \"archived_tasks_assignment_id_fkey\" on table \"archived_tasks\"\n    at C:\\Users\\DeMoCRaN\\Desktop\\trello\\back\\node_modules\\pg\\lib\\client.js:545:17\n    at process.processTicksAndRejections (node:internal/process/task_queues:103:5)\n    at async safeQuery (C:\\Users\\DeMoCRaN\\Desktop\\trello\\back\\controllers\\assignments.js:24:24)\n    at async Object.deleteAssignment (C:\\Users\\DeMoCRaN\\Desktop\\trello\\back\\controllers\\assignments.js:294:40)\n    at async C:\\Users\\DeMoCRaN\\Desktop\\trello\\back\\routes\\api.js:414:5","timestamp":"2026-03-21 16:09:27"}
{"level":"info","message":"Получение заданий для пользователя ID: 1","timestamp":"2026-03-21 16:09:28"}
{"level":"info","message":"Получение ожидающих приглашений пользователя","timestamp":"2026-03-21 16:09:28","userId":1}
{"level":"info","message":"Получение ожидающих приглашений пользователя","timestamp":"2026-03-21 16:09:28","userId":1}
{"level":"info","message":"Получение ожидающих приглашений пользователя","timestamp":"2026-03-21 16:09:28","userId":1}
{"level":"info","message":"Получение заданий для пользователя ID: 1","timestamp":"2026-03-21 16:09:28"}
{"level":"info","message":"Получение ожидающих приглашений пользователя","timestamp":"2026-03-21 16:09:28","userId":1}
{"level":"info","message":"Получение ожидающих приглашений пользователя","timestamp":"2026-03-21 16:09:28","userId":1}
{"level":"info","message":"Получение заданий для пользователя ID: 1","timestamp":"2026-03-21 16:09:28"}
{"assignmentId":32,"level":"info","message":"Получение состава команды проекта","timestamp":"2026-03-21 16:09:28"}
{"assignmentId":32,"level":"info","message":"Получение состава команды проекта","timestamp":"2026-03-21 16:09:28"}
{"level":"info","message":"Получение заданий для пользователя ID: 1","timestamp":"2026-03-21 16:09:28"}
{"assignmentId":32,"level":"info","message":"Получение состава команды проекта","timestamp":"2026-03-21 16:09:28"}
{"assignmentId":32,"level":"info","message":"Получение состава команды проекта","timestamp":"2026-03-21 16:09:28"}
{"level":"info","message":"Получение заданий для пользователя ID: 1","timestamp":"2026-03-21 16:09:28"}
{"assignmentId":32,"level":"info","message":"Получение состава команды проекта","timestamp":"2026-03-21 16:09:28"}
{"assignmentId":32,"level":"info","message":"Получение состава команды проекта","timestamp":"2026-03-21 16:09:28"}
{"assignmentId":32,"level":"info","message":"Получение состава команды проекта","timestamp":"2026-03-21 16:09:28"}
{"assignmentId":24,"level":"info","message":"Удаление задания","timestamp":"2026-03-21 16:09:30"}
{"error":"update or delete on table \"assignments\" violates foreign key constraint \"archived_tasks_assignment_id_fkey\" on table \"archived_tasks\"","level":"error","message":"Ошибка выполнения SQL-запроса","query":"DELETE FROM assignments WHERE id = $1 RETURNING id","stack":"error: update or delete on table \"assignments\" violates foreign key constraint \"archived_tasks_assignment_id_fkey\" on table \"archived_tasks\"\n    at C:\\Users\\DeMoCRaN\\Desktop\\trello\\back\\node_modules\\pg\\lib\\client.js:545:17\n    at process.processTicksAndRejections (node:internal/process/task_queues:103:5)\n    at async safeQuery (C:\\Users\\DeMoCRaN\\Desktop\\trello\\back\\controllers\\assignments.js:24:24)\n    at async Object.deleteAssignment (C:\\Users\\DeMoCRaN\\Desktop\\trello\\back\\controllers\\assignments.js:294:40)\n    at async C:\\Users\\DeMoCRaN\\Desktop\\trello\\back\\routes\\api.js:414:5","timestamp":"2026-03-21 16:09:30"}
{"assignmentId":24,"error":"update or delete on table \"assignments\" violates foreign key constraint \"archived_tasks_assignment_id_fkey\" on table \"archived_tasks\"","level":"error","message":"Ошибка при удалении задания","stack":"error: update or delete on table \"assignments\" violates foreign key constraint \"archived_tasks_assignment_id_fkey\" on table \"archived_tasks\"\n    at C:\\Users\\DeMoCRaN\\Desktop\\trello\\back\\node_modules\\pg\\lib\\client.js:545:17\n    at process.processTicksAndRejections (node:internal/process/task_queues:103:5)\n    at async safeQuery (C:\\Users\\DeMoCRaN\\Desktop\\trello\\back\\controllers\\assignments.js:24:24)\n    at async Object.deleteAssignment (C:\\Users\\DeMoCRaN\\Desktop\\trello\\back\\controllers\\assignments.js:294:40)\n    at async C:\\Users\\DeMoCRaN\\Desktop\\trello\\back\\routes\\api.js:414:5","timestamp":"2026-03-21 16:09:30"}
{"level":"info","message":"Получение заданий для пользователя ID: 1","timestamp":"2026-03-21 16:09:59"}
{"level":"info","message":"Получение ожидающих приглашений пользователя","timestamp":"2026-03-21 16:09:59","userId":1}
{"level":"info","message":"Получение заданий для пользователя ID: 1","timestamp":"2026-03-21 16:09:59"}
{"level":"info","message":"Получение ожидающих приглашений пользователя","timestamp":"2026-03-21 16:09:59","userId":1}
{"level":"info","message":"Получение ожидающих приглашений пользователя","timestamp":"2026-03-21 16:09:59","userId":1}
{"level":"info","message":"Получение заданий для пользователя ID: 1","timestamp":"2026-03-21 16:09:59"}
{"level":"info","message":"Получение ожидающих приглашений пользователя","timestamp":"2026-03-21 16:10:30","userId":1}
{"level":"info","message":"Получение заданий для пользователя ID: 1","timestamp":"2026-03-21 16:10:30"}
{"level":"info","message":"Получение ожидающих приглашений пользователя","timestamp":"2026-03-21 16:10:30","userId":1}
{"level":"info","message":"Получение заданий для пользователя ID: 1","timestamp":"2026-03-21 16:10:30"}
{"level":"info","message":"Получение ожидающих приглашений пользователя","timestamp":"2026-03-21 16:10:30","userId":1}
{"level":"info","message":"Получение заданий для пользователя ID: 1","timestamp":"2026-03-21 16:10:30"}
{"level":"info","message":"Получение заданий для пользователя ID: 1","timestamp":"2026-03-21 16:11:00"}
{"level":"info","message":"Получение ожидающих приглашений пользователя","timestamp":"2026-03-21 16:11:00","userId":1}
{"level":"info","message":"Получение ожидающих приглашений пользователя","timestamp":"2026-03-21 16:11:00","userId":1}
{"level":"info","message":"Получение заданий для пользователя ID: 1","timestamp":"2026-03-21 16:11:00"}
{"level":"info","message":"Получение ожидающих приглашений пользователя","timestamp":"2026-03-21 16:11:00","userId":1}
{"level":"info","message":"Получение заданий для пользователя ID: 1","timestamp":"2026-03-21 16:11:00"}
{"level":"info","message":"Получение заданий для пользователя ID: 1","timestamp":"2026-03-21 16:11:31"}
{"level":"info","message":"Получение ожидающих приглашений пользователя","timestamp":"2026-03-21 16:11:31","userId":1}
{"level":"info","message":"Получение заданий для пользователя ID: 1","timestamp":"2026-03-21 16:11:31"}
{"level":"info","message":"Получение ожидающих приглашений пользователя","timestamp":"2026-03-21 16:11:31","userId":1}
{"level":"info","message":"Получение заданий для пользователя ID: 1","timestamp":"2026-03-21 16:11:31"}
{"level":"info","message":"Получение ожидающих приглашений пользователя","timestamp":"2026-03-21 16:11:31","userId":1}
{"level":"info","message":"Получение заданий для пользователя ID: 1","timestamp":"2026-03-21 16:12:02"}
{"level":"info","message":"Получение ожидающих приглашений пользователя","timestamp":"2026-03-21 16:12:02","userId":1}
{"level":"info","message":"Получение заданий для пользователя ID: 1","timestamp":"2026-03-21 16:12:02"}
{"level":"info","message":"Получение ожидающих приглашений пользователя","timestamp":"2026-03-21 16:12:02","userId":1}
{"level":"info","message":"Получение заданий для пользователя ID: 1","timestamp":"2026-03-21 16:12:02"}
{"level":"info","message":"Получение ожидающих приглашений пользователя","timestamp":"2026-03-21 16:12:02","userId":1}
{"level":"info","message":"Получение ожидающих приглашений пользователя","timestamp":"2026-03-21 16:12:33","userId":1}
{"level":"info","message":"Получение заданий для пользователя ID: 1","timestamp":"2026-03-21 16:12:33"}
{"level":"info","message":"Получение заданий для пользователя ID: 1","timestamp":"2026-03-21 16:12:33"}
{"level":"info","message":"Получение ожидающих приглашений пользователя","timestamp":"2026-03-21 16:12:33","userId":1}
{"level":"info","message":"Получение заданий для пользователя ID: 1","timestamp":"2026-03-21 16:12:33"}
{"level":"info","message":"Получение ожидающих приглашений пользователя","timestamp":"2026-03-21 16:12:33","userId":1}
{"level":"info","message":"Получение заданий для пользователя ID: 1","timestamp":"2026-03-21 16:13:04"}
{"level":"info","message":"Получение ожидающих приглашений пользователя","timestamp":"2026-03-21 16:13:04","userId":1}
{"level":"info","message":"Получение заданий для пользователя ID: 1","timestamp":"2026-03-21 16:13:04"}
{"level":"info","message":"Получение ожидающих приглашений пользователя","timestamp":"2026-03-21 16:13:04","userId":1}
{"level":"info","message":"Получение ожидающих приглашений пользователя","timestamp":"2026-03-21 16:13:04","userId":1}
{"level":"info","message":"Получение заданий для пользователя ID: 1","timestamp":"2026-03-21 16:13:04"}
{"level":"info","message":"Получение заданий для пользователя ID: 1","timestamp":"2026-03-21 16:13:35"}
{"level":"info","message":"Получение ожидающих приглашений пользователя","timestamp":"2026-03-21 16:13:35","userId":1}
{"level":"info","message":"Получение заданий для пользователя ID: 1","timestamp":"2026-03-21 16:13:35"}
{"level":"info","message":"Получение ожидающих приглашений пользователя","timestamp":"2026-03-21 16:13:35","userId":1}
{"level":"info","message":"Получение ожидающих приглашений пользователя","timestamp":"2026-03-21 16:13:35","userId":1}
{"level":"info","message":"Получение заданий для пользователя ID: 1","timestamp":"2026-03-21 16:13:35"}
{"level":"info","message":"Получение ожидающих приглашений пользователя","timestamp":"2026-03-21 16:14:06","userId":1}
{"level":"info","message":"Получение заданий для пользователя ID: 1","timestamp":"2026-03-21 16:14:06"}
{"level":"info","message":"Получение заданий для пользователя ID: 1","timestamp":"2026-03-21 16:14:06"}
{"level":"info","message":"Получение ожидающих приглашений пользователя","timestamp":"2026-03-21 16:14:06","userId":1}
{"level":"info","message":"Получение ожидающих приглашений пользователя","timestamp":"2026-03-21 16:14:06","userId":1}
{"level":"info","message":"Получение заданий для пользователя ID: 1","timestamp":"2026-03-21 16:14:06"}
{"assignmentId":32,"level":"info","message":"Получение состава команды проекта","timestamp":"2026-03-21 16:14:24"}
{"assignmentId":32,"level":"info","message":"Получение состава команды проекта","timestamp":"2026-03-21 16:14:24"}
{"assignmentId":32,"level":"info","message":"Получение состава команды проекта","timestamp":"2026-03-21 16:14:24"}
{"level":"info","message":"Получение заданий для пользователя ID: 1","timestamp":"2026-03-21 16:14:54"}
{"level":"info","message":"Получение ожидающих приглашений пользователя","timestamp":"2026-03-21 16:14:54","userId":1}
{"level":"info","message":"Получение ожидающих приглашений пользователя","timestamp":"2026-03-21 16:14:54","userId":1}
{"level":"info","message":"Получение заданий для пользователя ID: 1","timestamp":"2026-03-21 16:14:54"}
{"level":"info","message":"Получение заданий для пользователя ID: 1","timestamp":"2026-03-21 16:14:54"}
{"level":"info","message":"Получение ожидающих приглашений пользователя","timestamp":"2026-03-21 16:14:54","userId":1}
{"assignmentId":32,"level":"info","message":"Получение состава команды проекта","timestamp":"2026-03-21 16:15:03"}
{"assignmentId":32,"level":"info","message":"Получение состава команды проекта","timestamp":"2026-03-21 16:15:03"}
{"assignmentId":32,"level":"info","message":"Получение состава команды проекта","timestamp":"2026-03-21 16:15:03"}
{"level":"info","message":"Получение заданий для пользователя ID: 1","timestamp":"2026-03-21 16:15:34"}
{"level":"info","message":"Получение ожидающих приглашений пользователя","timestamp":"2026-03-21 16:15:34","userId":1}
{"level":"info","message":"Получение заданий для пользователя ID: 1","timestamp":"2026-03-21 16:15:34"}
{"level":"info","message":"Получение ожидающих приглашений пользователя","timestamp":"2026-03-21 16:15:34","userId":1}
{"level":"info","message":"Получение ожидающих приглашений пользователя","timestamp":"2026-03-21 16:15:34","userId":1}
{"level":"info","message":"Получение заданий для пользователя ID: 1","timestamp":"2026-03-21 16:15:34"}
{"assignmentId":32,"level":"info","message":"Получение состава команды проекта","timestamp":"2026-03-21 16:15:37"}
{"level":"info","message":"Получение ожидающих приглашений пользователя","timestamp":"2026-03-21 16:16:08","userId":1}
{"level":"info","message":"Получение заданий для пользователя ID: 1","timestamp":"2026-03-21 16:16:08"}
{"level":"info","message":"Получение ожидающих приглашений пользователя","timestamp":"2026-03-21 16:16:08","userId":1}
{"level":"info","message":"Получение заданий для пользователя ID: 1","timestamp":"2026-03-21 16:16:08"}
{"level":"info","message":"Получение ожидающих приглашений пользователя","timestamp":"2026-03-21 16:16:08","userId":1}
{"level":"info","message":"Получение заданий для пользователя ID: 1","timestamp":"2026-03-21 16:16:08"}
{"level":"info","message":"Получение заданий для пользователя ID: 1","timestamp":"2026-03-21 16:16:39"}
{"level":"info","message":"Получение ожидающих приглашений пользователя","timestamp":"2026-03-21 16:16:39","userId":1}
{"level":"info","message":"Получение заданий для пользователя ID: 1","timestamp":"2026-03-21 16:16:39"}
{"level":"info","message":"Получение ожидающих приглашений пользователя","timestamp":"2026-03-21 16:16:39","userId":1}
{"level":"info","message":"Получение заданий для пользователя ID: 1","timestamp":"2026-03-21 16:16:39"}
{"level":"info","message":"Получение ожидающих приглашений пользователя","timestamp":"2026-03-21 16:16:39","userId":1}
{"level":"info","message":"Получение заданий для пользователя ID: 1","timestamp":"2026-03-21 16:17:10"}
{"level":"info","message":"Получение ожидающих приглашений пользователя","timestamp":"2026-03-21 16:17:10","userId":1}
{"level":"info","message":"Получение заданий для пользователя ID: 1","timestamp":"2026-03-21 16:17:10"}
{"level":"info","message":"Получение ожидающих приглашений пользователя","timestamp":"2026-03-21 16:17:10","userId":1}
{"level":"info","message":"Получение ожидающих приглашений пользователя","timestamp":"2026-03-21 16:17:10","userId":1}
{"level":"info","message":"Получение заданий для пользователя ID: 1","timestamp":"2026-03-21 16:17:10"}
{"level":"info","message":"Получение заданий для пользователя ID: 1","timestamp":"2026-03-21 16:17:41"}
{"level":"info","message":"Получение ожидающих приглашений пользователя","timestamp":"2026-03-21 16:17:41","userId":1}
{"level":"info","message":"Получение заданий для пользователя ID: 1","timestamp":"2026-03-21 16:17:41"}
{"level":"info","message":"Получение ожидающих приглашений пользователя","timestamp":"2026-03-21 16:17:41","userId":1}
{"level":"info","message":"Получение заданий для пользователя ID: 1","timestamp":"2026-03-21 16:17:41"}
{"level":"info","message":"Получение ожидающих приглашений пользователя","timestamp":"2026-03-21 16:17:41","userId":1}
{"level":"info","message":"Получение заданий для пользователя ID: 1","timestamp":"2026-03-21 16:18:12"}
{"level":"info","message":"Получение ожидающих приглашений пользователя","timestamp":"2026-03-21 16:18:12","userId":1}
{"level":"info","message":"Получение заданий для пользователя ID: 1","timestamp":"2026-03-21 16:18:12"}
{"level":"info","message":"Получение ожидающих приглашений пользователя","timestamp":"2026-03-21 16:18:12","userId":1}
{"level":"info","message":"Получение заданий для пользователя ID: 1","timestamp":"2026-03-21 16:18:12"}
{"level":"info","message":"Получение ожидающих приглашений пользователя","timestamp":"2026-03-21 16:18:12","userId":1}
{"level":"info","message":"Получение заданий для пользователя ID: 1","timestamp":"2026-03-21 16:18:43"}
{"level":"info","message":"Получение ожидающих приглашений пользователя","timestamp":"2026-03-21 16:18:43","userId":1}
{"level":"info","message":"Получение заданий для пользователя ID: 1","timestamp":"2026-03-21 16:18:43"}
{"level":"info","message":"Получение ожидающих приглашений пользователя","timestamp":"2026-03-21 16:18:43","userId":1}
{"level":"info","message":"Получение ожидающих приглашений пользователя","timestamp":"2026-03-21 16:18:43","userId":1}
{"level":"info","message":"Получение заданий для пользователя ID: 1","timestamp":"2026-03-21 16:18:43"}
{"level":"info","message":"Получение заданий для пользователя ID: 1","timestamp":"2026-03-21 16:19:07"}
{"level":"info","message":"Получение заданий для пользователя ID: 1","timestamp":"2026-03-21 16:19:07"}
{"level":"info","message":"Получение ожидающих приглашений пользователя","timestamp":"2026-03-21 16:19:08","userId":1}
{"level":"info","message":"Получение ожидающих приглашений пользователя","timestamp":"2026-03-21 16:19:08","userId":1}
{"level":"info","message":"Получение заданий для пользователя ID: 1","timestamp":"2026-03-21 16:19:51"}
{"level":"info","message":"Получение ожидающих приглашений пользователя","timestamp":"2026-03-21 16:19:51","userId":1}
{"level":"info","message":"Получение ожидающих приглашений пользователя","timestamp":"2026-03-21 16:20:05","userId":1}
{"level":"info","message":"Получение заданий для пользователя ID: 1","timestamp":"2026-03-21 16:20:05"}
{"level":"info","message":"Получение заданий для пользователя ID: 1","timestamp":"2026-03-21 16:20:19"}
{"level":"info","message":"Получение ожидающих приглашений пользователя","timestamp":"2026-03-21 16:20:19","userId":1}
{"level":"info","message":"Получение заданий для пользователя ID: 1","timestamp":"2026-03-21 16:20:24"}
{"level":"info","message":"Получение заданий для пользователя ID: 1","timestamp":"2026-03-21 16:20:24"}
{"level":"info","message":"Получение ожидающих приглашений пользователя","timestamp":"2026-03-21 16:20:24","userId":1}
{"level":"info","message":"Получение ожидающих приглашений пользователя","timestamp":"2026-03-21 16:20:24","userId":1}
{"level":"info","message":"Получение заданий для пользователя ID: 1","timestamp":"2026-03-21 16:20:24"}
{"level":"info","message":"Получение ожидающих приглашений пользователя","timestamp":"2026-03-21 16:20:24","userId":1}
{"assignmentId":32,"level":"info","message":"Получение состава команды проекта","timestamp":"2026-03-21 16:20:24"}
{"level":"info","message":"Получение ожидающих приглашений пользователя","timestamp":"2026-03-21 16:20:24","userId":1}
{"assignmentId":32,"level":"info","message":"Получение состава команды проекта","timestamp":"2026-03-21 16:20:24"}
{"level":"info","message":"Получение ожидающих приглашений пользователя","timestamp":"2026-03-21 16:20:24","userId":1}
{"assignmentId":32,"level":"info","message":"Получение состава команды проекта","timestamp":"2026-03-21 16:20:24"}
{"level":"info","message":"Получение заданий для пользователя ID: 1","timestamp":"2026-03-21 16:20:24"}
{"assignmentId":32,"level":"info","message":"Получение состава команды проекта","timestamp":"2026-03-21 16:20:24"}
{"level":"info","message":"Получение заданий для пользователя ID: 1","timestamp":"2026-03-21 16:20:24"}
{"assignmentId":32,"level":"info","message":"Получение состава команды проекта","timestamp":"2026-03-21 16:20:24"}
{"assignmentId":32,"level":"info","message":"Получение состава команды проекта","timestamp":"2026-03-21 16:20:24"}
{"assignmentId":32,"level":"info","message":"Получение состава команды проекта","timestamp":"2026-03-21 16:20:24"}
{"level":"info","message":"Получение заданий для пользователя ID: 3","timestamp":"2026-03-21 16:20:31"}
{"level":"info","message":"Получение ожидающих приглашений пользователя","timestamp":"2026-03-21 16:20:31","userId":3}
{"level":"info","message":"Получение заданий для пользователя ID: 3","timestamp":"2026-03-21 16:20:31"}
{"level":"info","message":"Получение ожидающих приглашений пользователя","timestamp":"2026-03-21 16:20:31","userId":3}
{"level":"info","message":"Получение ожидающих приглашений пользователя","timestamp":"2026-03-21 16:20:31","userId":3}
{"level":"info","message":"Получение заданий для пользователя ID: 3","timestamp":"2026-03-21 16:20:31"}
{"assignmentId":35,"level":"info","message":"Получение состава команды проекта","timestamp":"2026-03-21 16:20:31"}
{"assignmentId":35,"level":"info","message":"Получение состава команды проекта","timestamp":"2026-03-21 16:20:31"}
{"assignmentId":35,"level":"info","message":"Получение состава команды проекта","timestamp":"2026-03-21 16:20:31"}
{"level":"info","message":"Получение заданий для пользователя ID: 3","timestamp":"2026-03-21 16:20:31"}
{"level":"info","message":"Получение ожидающих приглашений пользователя","timestamp":"2026-03-21 16:20:31","userId":3}
{"level":"info","message":"Получение заданий для пользователя ID: 3","timestamp":"2026-03-21 16:20:31"}
{"level":"info","message":"Получение ожидающих приглашений пользователя","timestamp":"2026-03-21 16:20:31","userId":3}
{"assignmentId":35,"level":"info","message":"Получение состава команды проекта","timestamp":"2026-03-21 16:20:31"}
{"assignmentId":35,"level":"info","message":"Создание задачи в задании","taskTitle":"пкец56уаымсв","timestamp":"2026-03-21 16:20:43"}
{"assignmentId":35,"level":"info","message":"Задача успешно создана","taskId":187,"timestamp":"2026-03-21 16:20:43"}
{"level":"info","message":"Получение заданий для пользователя ID: 3","timestamp":"2026-03-21 16:20:43"}
{"level":"info","message":"Получение заданий для пользователя ID: 3","timestamp":"2026-03-21 16:20:43"}
{"level":"info","message":"Получение ожидающих приглашений пользователя","timestamp":"2026-03-21 16:20:43","userId":3}
{"level":"info","message":"Получение заданий для пользователя ID: 3","timestamp":"2026-03-21 16:20:45"}
{"level":"info","message":"Получение заданий для пользователя ID: 3","timestamp":"2026-03-21 16:20:45"}
{"level":"info","message":"Получение ожидающих приглашений пользователя","timestamp":"2026-03-21 16:20:45","userId":3}
{"level":"info","message":"Получение ожидающих приглашений пользователя","timestamp":"2026-03-21 16:20:45","userId":3}
{"assignmentId":35,"level":"info","message":"Получение состава команды проекта","timestamp":"2026-03-21 16:20:45"}
{"assignmentId":35,"level":"info","message":"Получение состава команды проекта","timestamp":"2026-03-21 16:20:45"}
{"level":"info","message":"Получение заданий для пользователя ID: 3","timestamp":"2026-03-21 16:20:45"}
{"level":"info","message":"Получение ожидающих приглашений пользователя","timestamp":"2026-03-21 16:20:45","userId":3}
{"assignmentId":35,"level":"info","message":"Получение состава команды проекта","timestamp":"2026-03-21 16:20:45"}
{"level":"info","message":"Получение ожидающих приглашений пользователя","timestamp":"2026-03-21 16:20:45","userId":3}
{"assignmentId":35,"level":"info","message":"Получение состава команды проекта","timestamp":"2026-03-21 16:20:45"}
{"level":"info","message":"Получение заданий для пользователя ID: 3","timestamp":"2026-03-21 16:20:45"}
{"level":"info","message":"Получение ожидающих приглашений пользователя","timestamp":"2026-03-21 16:20:45","userId":3}
{"level":"info","message":"Получение заданий для пользователя ID: 3","timestamp":"2026-03-21 16:20:45"}
{"level":"info","message":"Получение ожидающих приглашений пользователя","timestamp":"2026-03-21 16:20:45","userId":3}
{"level":"info","message":"Получение заданий для пользователя ID: 3","timestamp":"2026-03-21 16:20:45"}
{"level":"info","message":"Получение заданий для пользователя ID: 1","timestamp":"2026-03-21 16:20:57"}
{"level":"info","message":"Получение заданий для пользователя ID: 1","timestamp":"2026-03-21 16:20:57"}
{"level":"info","message":"Получение ожидающих приглашений пользователя","timestamp":"2026-03-21 16:20:57","userId":1}
{"level":"info","message":"Получение ожидающих приглашений пользователя","timestamp":"2026-03-21 16:20:57","userId":1}
{"assignmentId":32,"level":"info","message":"Получение состава команды проекта","timestamp":"2026-03-21 16:20:57"}
{"assignmentId":32,"level":"info","message":"Получение состава команды проекта","timestamp":"2026-03-21 16:20:57"}
{"assignmentId":32,"level":"info","message":"Получение состава команды проекта","timestamp":"2026-03-21 16:20:57"}
{"level":"info","message":"Получение заданий для пользователя ID: 1","timestamp":"2026-03-21 16:20:57"}
{"level":"info","message":"Получение ожидающих приглашений пользователя","timestamp":"2026-03-21 16:20:57","userId":1}
{"level":"info","message":"Получение ожидающих приглашений пользователя","timestamp":"2026-03-21 16:20:57","userId":1}
{"assignmentId":32,"level":"info","message":"Получение состава команды проекта","timestamp":"2026-03-21 16:20:57"}
{"level":"info","message":"Получение заданий для пользователя ID: 1","timestamp":"2026-03-21 16:20:57"}
{"level":"info","message":"Получение ожидающих приглашений пользователя","timestamp":"2026-03-21 16:20:57","userId":1}
{"level":"info","message":"Получение заданий для пользователя ID: 1","timestamp":"2026-03-21 16:20:57"}
{"level":"info","message":"Получение ожидающих приглашений пользователя","timestamp":"2026-03-21 16:20:57","userId":1}
{"level":"info","message":"Получение заданий для пользователя ID: 1","timestamp":"2026-03-21 16:20:57"}
{"level":"info","message":"Получение заданий для пользователя ID: 1","timestamp":"2026-03-21 16:20:59"}
{"level":"info","message":"Получение ожидающих приглашений пользователя","timestamp":"2026-03-21 16:20:59","userId":1}
{"level":"info","message":"Получение ожидающих приглашений пользователя","timestamp":"2026-03-21 16:20:59","userId":1}
{"level":"info","message":"Получение заданий для пользователя ID: 1","timestamp":"2026-03-21 16:20:59"}
{"level":"info","message":"Task status updated with audit","newStatus":2,"taskId":187,"timestamp":"2026-03-21 16:21:04","userId":1}
{"level":"info","message":"Task status updated with audit","newStatus":2,"taskId":187,"timestamp":"2026-03-21 16:21:16","userId":1}
{"level":"info","message":"Получение заданий для пользователя ID: 1","timestamp":"2026-03-21 16:21:18"}
{"level":"info","message":"Получение ожидающих приглашений пользователя","timestamp":"2026-03-21 16:21:18","userId":1}
{"level":"info","message":"Получение ожидающих приглашений пользователя","timestamp":"2026-03-21 16:21:18","userId":1}
{"level":"info","message":"Получение ожидающих приглашений пользователя","timestamp":"2026-03-21 16:21:18","userId":1}
{"level":"info","message":"Получение заданий для пользователя ID: 1","timestamp":"2026-03-21 16:21:18"}
{"level":"info","message":"Получение ожидающих приглашений пользователя","timestamp":"2026-03-21 16:21:18","userId":1}
{"level":"info","message":"Получение заданий для пользователя ID: 1","timestamp":"2026-03-21 16:21:18"}
{"assignmentId":32,"level":"info","message":"Получение состава команды проекта","timestamp":"2026-03-21 16:21:18"}
{"level":"info","message":"Получение ожидающих приглашений пользователя","timestamp":"2026-03-21 16:21:18","userId":1}
{"assignmentId":32,"level":"info","message":"Получение состава команды проекта","timestamp":"2026-03-21 16:21:18"}
{"assignmentId":32,"level":"info","message":"Получение состава команды проекта","timestamp":"2026-03-21 16:21:18"}
{"level":"info","message":"Получение заданий для пользователя ID: 1","timestamp":"2026-03-21 16:21:18"}
{"assignmentId":32,"level":"info","message":"Получение состава команды проекта","timestamp":"2026-03-21 16:21:18"}
{"level":"info","message":"Получение заданий для пользователя ID: 1","timestamp":"2026-03-21 16:21:18"}
{"assignmentId":32,"level":"info","message":"Получение состава команды проекта","timestamp":"2026-03-21 16:21:18"}
{"assignmentId":32,"level":"info","message":"Получение состава команды проекта","timestamp":"2026-03-21 16:21:18"}
{"level":"info","message":"Получение заданий для пользователя ID: 1","timestamp":"2026-03-21 16:21:20"}
{"level":"info","message":"Получение ожидающих приглашений пользователя","timestamp":"2026-03-21 16:21:20","userId":1}
{"level":"info","message":"Получение ожидающих приглашений пользователя","timestamp":"2026-03-21 16:21:20","userId":1}
{"level":"info","message":"Получение заданий для пользователя ID: 1","timestamp":"2026-03-21 16:21:20"}
{"level":"info","message":"Task status updated with audit","newStatus":3,"taskId":187,"timestamp":"2026-03-21 16:21:20","userId":1}
{"level":"info","message":"Получение заданий для пользователя ID: 3","timestamp":"2026-03-21 16:21:28"}
{"level":"info","message":"Получение заданий для пользователя ID: 3","timestamp":"2026-03-21 16:21:28"}
{"level":"info","message":"Получение заданий для пользователя ID: 3","timestamp":"2026-03-21 16:21:28"}
{"level":"info","message":"Получение ожидающих приглашений пользователя","timestamp":"2026-03-21 16:21:28","userId":3}
{"level":"info","message":"Получение ожидающих приглашений пользователя","timestamp":"2026-03-21 16:21:28","userId":3}
{"level":"info","message":"Получение ожидающих приглашений пользователя","timestamp":"2026-03-21 16:21:28","userId":3}
{"assignmentId":35,"level":"info","message":"Получение состава команды проекта","timestamp":"2026-03-21 16:21:28"}
{"assignmentId":35,"level":"info","message":"Получение состава команды проекта","timestamp":"2026-03-21 16:21:28"}
{"assignmentId":35,"level":"info","message":"Получение состава команды проекта","timestamp":"2026-03-21 16:21:28"}
{"level":"info","message":"Получение заданий для пользователя ID: 3","timestamp":"2026-03-21 16:21:28"}
{"level":"info","message":"Получение ожидающих приглашений пользователя","timestamp":"2026-03-21 16:21:28","userId":3}
{"level":"info","message":"Получение ожидающих приглашений пользователя","timestamp":"2026-03-21 16:21:28","userId":3}
{"level":"info","message":"Получение заданий для пользователя ID: 3","timestamp":"2026-03-21 16:21:28"}
{"assignmentId":35,"level":"info","message":"Получение состава команды проекта","timestamp":"2026-03-21 16:21:28"}
{"level":"info","message":"Получение заданий для пользователя ID: 3","timestamp":"2026-03-21 16:21:59"}
{"level":"info","message":"Получение ожидающих приглашений пользователя","timestamp":"2026-03-21 16:21:59","userId":3}
{"level":"info","message":"Получение заданий для пользователя ID: 3","timestamp":"2026-03-21 16:21:59"}
{"level":"info","message":"Получение ожидающих приглашений пользователя","timestamp":"2026-03-21 16:21:59","userId":3}
{"level":"info","message":"Получение заданий для пользователя ID: 3","timestamp":"2026-03-21 16:21:59"}
{"level":"info","message":"Получение ожидающих приглашений пользователя","timestamp":"2026-03-21 16:21:59","userId":3}
{"assignmentId":35,"level":"info","message":"Получение состава команды проекта","timestamp":"2026-03-21 16:22:20"}
{"level":"info","message":"Получение заданий для пользователя ID: 3","timestamp":"2026-03-21 16:22:51"}
{"level":"info","message":"Получение ожидающих приглашений пользователя","timestamp":"2026-03-21 16:22:51","userId":3}
{"level":"info","message":"Получение заданий для пользователя ID: 3","timestamp":"2026-03-21 16:22:51"}
{"level":"info","message":"Получение ожидающих приглашений пользователя","timestamp":"2026-03-21 16:22:51","userId":3}
{"level":"info","message":"Получение заданий для пользователя ID: 3","timestamp":"2026-03-21 16:22:51"}
{"level":"info","message":"Получение ожидающих приглашений пользователя","timestamp":"2026-03-21 16:22:51","userId":3}
{"assignmentId":35,"level":"info","message":"Получение состава команды проекта","timestamp":"2026-03-21 16:22:59"}
{"assignmentId":35,"level":"info","message":"Получение состава команды проекта","timestamp":"2026-03-21 16:23:11"}
{"assignmentId":35,"level":"info","message":"Удаление задания","timestamp":"2026-03-21 16:23:20"}
{"assignmentId":35,"level":"info","message":"Задание успешно удалено","timestamp":"2026-03-21 16:23:20"}
{"level":"info","message":"Получение заданий для пользователя ID: 3","timestamp":"2026-03-21 16:23:20"}
{"level":"info","message":"Получение заданий для пользователя ID: 3","timestamp":"2026-03-21 16:23:21"}
{"level":"info","message":"Получение ожидающих приглашений пользователя","timestamp":"2026-03-21 16:23:21","userId":3}
{"level":"info","message":"Получение заданий для пользователя ID: 3","timestamp":"2026-03-21 16:23:21"}
{"level":"info","message":"Получение ожидающих приглашений пользователя","timestamp":"2026-03-21 16:23:21","userId":3}
{"level":"info","message":"Получение заданий для пользователя ID: 3","timestamp":"2026-03-21 16:23:21"}
{"level":"info","message":"Получение ожидающих приглашений пользователя","timestamp":"2026-03-21 16:23:21","userId":3}
{"level":"info","message":"Получение заданий для пользователя ID: 3","timestamp":"2026-03-21 16:23:21"}
{"level":"info","message":"Получение заданий для пользователя ID: 3","timestamp":"2026-03-21 16:23:21"}
{"level":"info","message":"Получение ожидающих приглашений пользователя","timestamp":"2026-03-21 16:23:21","userId":3}
{"level":"info","message":"Получение ожидающих приглашений пользователя","timestamp":"2026-03-21 16:23:21","userId":3}
{"level":"info","message":"Получение заданий для пользователя ID: 3","timestamp":"2026-03-21 16:23:32"}
{"level":"info","message":"Получение ожидающих приглашений пользователя","timestamp":"2026-03-21 16:23:32","userId":3}
{"level":"info","message":"Получение заданий для пользователя ID: 3","timestamp":"2026-03-21 16:23:32"}
{"level":"info","message":"Получение ожидающих приглашений пользователя","timestamp":"2026-03-21 16:23:32","userId":3}
{"level":"info","message":"Получение заданий для пользователя ID: 3","timestamp":"2026-03-21 16:23:32"}
{"level":"info","message":"Получение ожидающих приглашений пользователя","timestamp":"2026-03-21 16:23:32","userId":3}
{"level":"info","message":"Получение заданий для пользователя ID: 3","timestamp":"2026-03-21 16:23:32"}
{"level":"info","message":"Получение ожидающих приглашений пользователя","timestamp":"2026-03-21 16:23:32","userId":3}
{"level":"info","message":"Получение заданий для пользователя ID: 3","timestamp":"2026-03-21 16:23:32"}
{"level":"info","message":"Получение ожидающих приглашений пользователя","timestamp":"2026-03-21 16:23:32","userId":3}
{"level":"info","message":"Получение заданий для пользователя ID: 3","timestamp":"2026-03-21 16:23:32"}
{"level":"info","message":"Получение ожидающих приглашений пользователя","timestamp":"2026-03-21 16:23:32","userId":3}
{"level":"info","message":"Получение заданий для пользователя ID: 3","timestamp":"2026-03-21 16:23:59"}
{"level":"info","message":"Получение заданий для пользователя ID: 3","timestamp":"2026-03-21 16:23:59"}
{"level":"info","message":"Получение ожидающих приглашений пользователя","timestamp":"2026-03-21 16:23:59","userId":3}
{"level":"info","message":"Получение ожидающих приглашений пользователя","timestamp":"2026-03-21 16:23:59","userId":3}
{"level":"info","message":"Получение заданий для пользователя ID: 3","timestamp":"2026-03-21 16:23:59"}
{"level":"info","message":"Получение ожидающих приглашений пользователя","timestamp":"2026-03-21 16:23:59","userId":3}
{"level":"info","message":"Получение заданий для пользователя ID: 3","timestamp":"2026-03-21 16:23:59"}
{"level":"info","message":"Получение ожидающих приглашений пользователя","timestamp":"2026-03-21 16:23:59","userId":3}
{"level":"info","message":"Получение заданий для пользователя ID: 3","timestamp":"2026-03-21 16:23:59"}
{"level":"info","message":"Получение ожидающих приглашений пользователя","timestamp":"2026-03-21 16:23:59","userId":3}
{"level":"info","message":"Получение заданий для пользователя ID: 3","timestamp":"2026-03-21 16:23:59"}
{"level":"info","message":"Получение ожидающих приглашений пользователя","timestamp":"2026-03-21 16:23:59","userId":3}
{"assignmentId":36,"level":"info","message":"Assignment created with audit","timestamp":"2026-03-21 16:24:10","userId":3}
{"level":"info","message":"Получение заданий для пользователя ID: 3","timestamp":"2026-03-21 16:24:10"}
{"assignmentId":36,"level":"info","message":"Получение состава команды проекта","timestamp":"2026-03-21 16:24:10"}
{"assignmentId":36,"level":"info","message":"Получение состава команды проекта","timestamp":"2026-03-21 16:24:10"}
{"assignmentId":36,"level":"info","message":"Удаление задания","timestamp":"2026-03-21 16:24:13"}
{"assignmentId":36,"level":"info","message":"Задание успешно удалено","timestamp":"2026-03-21 16:24:13"}
{"level":"info","message":"Получение заданий для пользователя ID: 3","timestamp":"2026-03-21 16:24:13"}
{"level":"info","message":"Получение заданий для пользователя ID: 3","timestamp":"2026-03-21 16:24:16"}
{"level":"info","message":"Получение ожидающих приглашений пользователя","timestamp":"2026-03-21 16:24:16","userId":3}
{"level":"info","message":"Получение заданий для пользователя ID: 3","timestamp":"2026-03-21 16:24:16"}
{"level":"info","message":"Получение ожидающих приглашений пользователя","timestamp":"2026-03-21 16:24:16","userId":3}
{"level":"info","message":"Получение заданий для пользователя ID: 3","timestamp":"2026-03-21 16:24:16"}
{"level":"info","message":"Получение ожидающих приглашений пользователя","timestamp":"2026-03-21 16:24:16","userId":3}
{"level":"info","message":"Получение заданий для пользователя ID: 3","timestamp":"2026-03-21 16:24:16"}
{"level":"info","message":"Получение ожидающих приглашений пользователя","timestamp":"2026-03-21 16:24:16","userId":3}
{"level":"info","message":"Получение заданий для пользователя ID: 3","timestamp":"2026-03-21 16:24:16"}
{"level":"info","message":"Получение ожидающих приглашений пользователя","timestamp":"2026-03-21 16:24:16","userId":3}
{"level":"info","message":"Получение заданий для пользователя ID: 3","timestamp":"2026-03-21 16:24:16"}
{"level":"info","message":"Получение ожидающих приглашений пользователя","timestamp":"2026-03-21 16:24:16","userId":3}
{"level":"info","message":"Получение ожидающих приглашений пользователя","timestamp":"2026-03-21 16:24:47","userId":3}
{"level":"info","message":"Получение заданий для пользователя ID: 3","timestamp":"2026-03-21 16:24:47"}
{"level":"info","message":"Получение заданий для пользователя ID: 3","timestamp":"2026-03-21 16:24:47"}
{"level":"info","message":"Получение ожидающих приглашений пользователя","timestamp":"2026-03-21 16:24:47","userId":3}
{"level":"info","message":"Получение заданий для пользователя ID: 3","timestamp":"2026-03-21 16:24:47"}
{"level":"info","message":"Получение ожидающих приглашений пользователя","timestamp":"2026-03-21 16:24:47","userId":3}
{"level":"info","message":"Получение ожидающих приглашений пользователя","timestamp":"2026-03-21 16:25:17","userId":3}
{"level":"info","message":"Получение заданий для пользователя ID: 3","timestamp":"2026-03-21 16:25:17"}
{"level":"info","message":"Получение заданий для пользователя ID: 3","timestamp":"2026-03-21 16:25:17"}
{"level":"info","message":"Получение ожидающих приглашений пользователя","timestamp":"2026-03-21 16:25:17","userId":3}
{"level":"info","message":"Получение заданий для пользователя ID: 3","timestamp":"2026-03-21 16:25:17"}
{"level":"info","message":"Получение ожидающих приглашений пользователя","timestamp":"2026-03-21 16:25:17","userId":3}
{"level":"info","message":"Получение заданий для пользователя ID: 3","timestamp":"2026-03-21 16:25:48"}
{"level":"info","message":"Получение ожидающих приглашений пользователя","timestamp":"2026-03-21 16:25:48","userId":3}
{"level":"info","message":"Получение заданий для пользователя ID: 3","timestamp":"2026-03-21 16:25:48"}
{"level":"info","message":"Получение ожидающих приглашений пользователя","timestamp":"2026-03-21 16:25:48","userId":3}
{"level":"info","message":"Получение заданий для пользователя ID: 3","timestamp":"2026-03-21 16:25:48"}
{"level":"info","message":"Получение ожидающих приглашений пользователя","timestamp":"2026-03-21 16:25:48","userId":3}
{"level":"info","message":"Получение заданий для пользователя ID: 3","timestamp":"2026-03-21 16:26:27"}
{"level":"info","message":"Получение ожидающих приглашений пользователя","timestamp":"2026-03-21 16:26:27","userId":3}
{"level":"info","message":"Получение заданий для пользователя ID: 3","timestamp":"2026-03-21 16:26:27"}
{"level":"info","message":"Получение ожидающих приглашений пользователя","timestamp":"2026-03-21 16:26:27","userId":3}
{"level":"info","message":"Получение заданий для пользователя ID: 3","timestamp":"2026-03-21 16:26:27"}
{"level":"info","message":"Получение ожидающих приглашений пользователя","timestamp":"2026-03-21 16:26:27","userId":3}
{"level":"info","message":"Получение заданий для пользователя ID: 3","timestamp":"2026-03-21 16:26:58"}
{"level":"info","message":"Получение ожидающих приглашений пользователя","timestamp":"2026-03-21 16:26:58","userId":3}
{"level":"info","message":"Получение заданий для пользователя ID: 3","timestamp":"2026-03-21 16:26:58"}
{"level":"info","message":"Получение ожидающих приглашений пользователя","timestamp":"2026-03-21 16:26:58","userId":3}
{"level":"info","message":"Получение заданий для пользователя ID: 3","timestamp":"2026-03-21 16:26:58"}
{"level":"info","message":"Получение ожидающих приглашений пользователя","timestamp":"2026-03-21 16:26:58","userId":3}
{"level":"info","message":"Получение ожидающих приглашений пользователя","timestamp":"2026-03-21 16:27:29","userId":3}
{"level":"info","message":"Получение заданий для пользователя ID: 3","timestamp":"2026-03-21 16:27:29"}
{"level":"info","message":"Получение заданий для пользователя ID: 3","timestamp":"2026-03-21 16:27:29"}
{"level":"info","message":"Получение ожидающих приглашений пользователя","timestamp":"2026-03-21 16:27:29","userId":3}
{"level":"info","message":"Получение заданий для пользователя ID: 3","timestamp":"2026-03-21 16:27:29"}
{"level":"info","message":"Получение ожидающих приглашений пользователя","timestamp":"2026-03-21 16:27:29","userId":3}
{"level":"info","message":"Получение заданий для пользователя ID: 3","timestamp":"2026-03-21 16:28:00"}
{"level":"info","message":"Получение ожидающих приглашений пользователя","timestamp":"2026-03-21 16:28:00","userId":3}
{"level":"info","message":"Получение заданий для пользователя ID: 3","timestamp":"2026-03-21 16:28:00"}
{"level":"info","message":"Получение ожидающих приглашений пользователя","timestamp":"2026-03-21 16:28:00","userId":3}
{"level":"info","message":"Получение заданий для пользователя ID: 3","timestamp":"2026-03-21 16:28:00"}
{"level":"info","message":"Получение ожидающих приглашений пользователя","timestamp":"2026-03-21 16:28:00","userId":3}
{"level":"info","message":"Получение ожидающих приглашений пользователя","timestamp":"2026-03-21 16:28:44","userId":3}
{"level":"info","message":"Получение заданий для пользователя ID: 3","timestamp":"2026-03-21 16:28:44"}
{"level":"info","message":"Получение заданий для пользователя ID: 3","timestamp":"2026-03-21 16:28:44"}
{"level":"info","message":"Получение ожидающих приглашений пользователя","timestamp":"2026-03-21 16:28:44","userId":3}
{"level":"info","message":"Получение заданий для пользователя ID: 3","timestamp":"2026-03-21 16:28:44"}
{"level":"info","message":"Получение ожидающих приглашений пользователя","timestamp":"2026-03-21 16:28:44","userId":3}
{"assignmentId":37,"level":"info","message":"Assignment created with audit","timestamp":"2026-03-21 16:29:21","userId":3}
{"level":"info","message":"Получение заданий для пользователя ID: 3","timestamp":"2026-03-21 16:29:21"}
{"assignmentId":37,"level":"info","message":"Получение состава команды проекта","timestamp":"2026-03-21 16:29:21"}
{"assignmentId":37,"level":"info","message":"Получение состава команды проекта","timestamp":"2026-03-21 16:29:21"}
{"assignmentId":38,"level":"info","message":"Assignment created with audit","timestamp":"2026-03-21 16:29:24","userId":3}
{"level":"info","message":"Получение заданий для пользователя ID: 3","timestamp":"2026-03-21 16:29:24"}
{"assignmentId":38,"level":"info","message":"Получение состава команды проекта","timestamp":"2026-03-21 16:29:26"}
{"assignmentId":38,"level":"info","message":"Получение состава команды проекта","timestamp":"2026-03-21 16:29:26"}
{"assignmentId":37,"level":"info","message":"Получение состава команды проекта","timestamp":"2026-03-21 16:29:27"}
{"assignmentId":37,"level":"info","message":"Получение состава команды проекта","timestamp":"2026-03-21 16:29:27"}
{"level":"info","message":"Получение ожидающих приглашений пользователя","timestamp":"2026-03-21 16:29:58","userId":3}
{"level":"info","message":"Получение заданий для пользователя ID: 3","timestamp":"2026-03-21 16:29:58"}
{"level":"info","message":"Получение заданий для пользователя ID: 3","timestamp":"2026-03-21 16:29:58"}
{"level":"info","message":"Получение ожидающих приглашений пользователя","timestamp":"2026-03-21 16:29:58","userId":3}
{"level":"info","message":"Получение заданий для пользователя ID: 3","timestamp":"2026-03-21 16:29:58"}
{"level":"info","message":"Получение ожидающих приглашений пользователя","timestamp":"2026-03-21 16:29:58","userId":3}
{"level":"info","message":"Получение ожидающих приглашений пользователя","timestamp":"2026-03-21 16:30:29","userId":3}
{"level":"info","message":"Получение заданий для пользователя ID: 3","timestamp":"2026-03-21 16:30:29"}
{"level":"info","message":"Получение ожидающих приглашений пользователя","timestamp":"2026-03-21 16:30:29","userId":3}
{"level":"info","message":"Получение заданий для пользователя ID: 3","timestamp":"2026-03-21 16:30:29"}
{"level":"info","message":"Получение ожидающих приглашений пользователя","timestamp":"2026-03-21 16:30:29","userId":3}
{"level":"info","message":"Получение заданий для пользователя ID: 3","timestamp":"2026-03-21 16:30:29"}
{"level":"info","message":"Получение заданий для пользователя ID: 3","timestamp":"2026-03-21 16:31:00"}
{"level":"info","message":"Получение ожидающих приглашений пользователя","timestamp":"2026-03-21 16:31:00","userId":3}
{"level":"info","message":"Получение заданий для пользователя ID: 3","timestamp":"2026-03-21 16:31:00"}
{"level":"info","message":"Получение ожидающих приглашений пользователя","timestamp":"2026-03-21 16:31:00","userId":3}
{"level":"info","message":"Получение заданий для пользователя ID: 3","timestamp":"2026-03-21 16:31:00"}
{"level":"info","message":"Получение ожидающих приглашений пользователя","timestamp":"2026-03-21 16:31:00","userId":3}
{"level":"info","message":"Получение заданий для пользователя ID: 3","timestamp":"2026-03-21 16:31:31"}
{"level":"info","message":"Получение ожидающих приглашений пользователя","timestamp":"2026-03-21 16:31:31","userId":3}
{"level":"info","message":"Получение заданий для пользователя ID: 3","timestamp":"2026-03-21 16:31:31"}
{"level":"info","message":"Получение ожидающих приглашений пользователя","timestamp":"2026-03-21 16:31:31","userId":3}
{"level":"info","message":"Получение ожидающих приглашений пользователя","timestamp":"2026-03-21 16:31:31","userId":3}
{"level":"info","message":"Получение заданий для пользователя ID: 3","timestamp":"2026-03-21 16:31:31"}
{"level":"info","message":"Получение заданий для пользователя ID: 3","timestamp":"2026-03-21 16:32:02"}
{"level":"info","message":"Получение ожидающих приглашений пользователя","timestamp":"2026-03-21 16:32:02","userId":3}
{"level":"info","message":"Получение заданий для пользователя ID: 3","timestamp":"2026-03-21 16:32:02"}
{"level":"info","message":"Получение ожидающих приглашений пользователя","timestamp":"2026-03-21 16:32:02","userId":3}
{"level":"info","message":"Получение ожидающих приглашений пользователя","timestamp":"2026-03-21 16:32:02","userId":3}
{"level":"info","message":"Получение заданий для пользователя ID: 3","timestamp":"2026-03-21 16:32:02"}
{"level":"info","message":"Получение заданий для пользователя ID: 3","timestamp":"2026-03-21 16:32:33"}
{"level":"info","message":"Получение ожидающих приглашений пользователя","timestamp":"2026-03-21 16:32:33","userId":3}
{"level":"info","message":"Получение ожидающих приглашений пользователя","timestamp":"2026-03-21 16:32:33","userId":3}
{"level":"info","message":"Получение заданий для пользователя ID: 3","timestamp":"2026-03-21 16:32:33"}
{"level":"info","message":"Получение заданий для пользователя ID: 3","timestamp":"2026-03-21 16:32:33"}
{"level":"info","message":"Получение ожидающих приглашений пользователя","timestamp":"2026-03-21 16:32:33","userId":3}
{"level":"info","message":"Получение заданий для пользователя ID: 3","timestamp":"2026-03-21 16:33:04"}
{"level":"info","message":"Получение ожидающих приглашений пользователя","timestamp":"2026-03-21 16:33:04","userId":3}
{"level":"info","message":"Получение заданий для пользователя ID: 3","timestamp":"2026-03-21 16:33:04"}
{"level":"info","message":"Получение ожидающих приглашений пользователя","timestamp":"2026-03-21 16:33:04","userId":3}
{"level":"info","message":"Получение ожидающих приглашений пользователя","timestamp":"2026-03-21 16:33:04","userId":3}
{"level":"info","message":"Получение заданий для пользователя ID: 3","timestamp":"2026-03-21 16:33:04"}
{"level":"info","message":"Получение ожидающих приглашений пользователя","timestamp":"2026-03-21 16:33:35","userId":3}
{"level":"info","message":"Получение заданий для пользователя ID: 3","timestamp":"2026-03-21 16:33:35"}
{"level":"info","message":"Получение ожидающих приглашений пользователя","timestamp":"2026-03-21 16:33:35","userId":3}
{"level":"info","message":"Получение заданий для пользователя ID: 3","timestamp":"2026-03-21 16:33:35"}
{"level":"info","message":"Получение заданий для пользователя ID: 3","timestamp":"2026-03-21 16:33:35"}
{"level":"info","message":"Получение ожидающих приглашений пользователя","timestamp":"2026-03-21 16:33:35","userId":3}
{"level":"info","message":"Получение заданий для пользователя ID: 3","timestamp":"2026-03-21 16:34:06"}
{"level":"info","message":"Получение ожидающих приглашений пользователя","timestamp":"2026-03-21 16:34:06","userId":3}
{"level":"info","message":"Получение заданий для пользователя ID: 3","timestamp":"2026-03-21 16:34:06"}
{"level":"info","message":"Получение ожидающих приглашений пользователя","timestamp":"2026-03-21 16:34:06","userId":3}
{"level":"info","message":"Получение заданий для пользователя ID: 3","timestamp":"2026-03-21 16:34:06"}
{"level":"info","message":"Получение ожидающих приглашений пользователя","timestamp":"2026-03-21 16:34:06","userId":3}
{"level":"info","message":"Получение ожидающих приглашений пользователя","timestamp":"2026-03-21 16:34:36","userId":3}
{"level":"info","message":"Получение заданий для пользователя ID: 3","timestamp":"2026-03-21 16:34:36"}
{"level":"info","message":"Получение ожидающих приглашений пользователя","timestamp":"2026-03-21 16:34:36","userId":3}
{"level":"info","message":"Получение заданий для пользователя ID: 3","timestamp":"2026-03-21 16:34:36"}
{"level":"info","message":"Получение ожидающих приглашений пользователя","timestamp":"2026-03-21 16:34:36","userId":3}
{"level":"info","message":"Получение заданий для пользователя ID: 3","timestamp":"2026-03-21 16:34:36"}
{"assignmentId":38,"level":"info","message":"Получение состава команды проекта","timestamp":"2026-03-21 16:34:36"}
{"assignmentId":38,"level":"info","message":"Получение состава команды проекта","timestamp":"2026-03-21 16:34:36"}
{"assignmentId":37,"level":"info","message":"Получение состава команды проекта","timestamp":"2026-03-21 16:34:36"}
{"assignmentId":37,"level":"info","message":"Получение состава команды проекта","timestamp":"2026-03-21 16:34:36"}
{"assignmentId":38,"level":"info","message":"Получение состава команды проекта","timestamp":"2026-03-21 16:34:39"}
{"assignmentId":38,"level":"info","message":"Получение состава команды проекта","timestamp":"2026-03-21 16:34:39"}
{"level":"info","message":"Получение ожидающих приглашений пользователя","timestamp":"2026-03-21 16:35:09","userId":3}
{"level":"info","message":"Получение заданий для пользователя ID: 3","timestamp":"2026-03-21 16:35:09"}
{"level":"info","message":"Получение ожидающих приглашений пользователя","timestamp":"2026-03-21 16:35:09","userId":3}
{"level":"info","message":"Получение заданий для пользователя ID: 3","timestamp":"2026-03-21 16:35:09"}
{"level":"info","message":"Получение заданий для пользователя ID: 3","timestamp":"2026-03-21 16:35:09"}
{"level":"info","message":"Получение ожидающих приглашений пользователя","timestamp":"2026-03-21 16:35:09","userId":3}
{"level":"info","message":"Получение ожидающих приглашений пользователя","timestamp":"2026-03-21 16:35:40","userId":3}
{"level":"info","message":"Получение заданий для пользователя ID: 3","timestamp":"2026-03-21 16:35:40"}
{"level":"info","message":"Получение заданий для пользователя ID: 3","timestamp":"2026-03-21 16:35:40"}
{"level":"info","message":"Получение ожидающих приглашений пользователя","timestamp":"2026-03-21 16:35:40","userId":3}
{"level":"info","message":"Получение ожидающих приглашений пользователя","timestamp":"2026-03-21 16:35:40","userId":3}
{"level":"info","message":"Получение заданий для пользователя ID: 3","timestamp":"2026-03-21 16:35:40"}
{"level":"info","message":"Получение заданий для пользователя ID: 3","timestamp":"2026-03-21 16:36:10"}
{"level":"info","message":"Получение ожидающих приглашений пользователя","timestamp":"2026-03-21 16:36:10","userId":3}
{"level":"info","message":"Получение ожидающих приглашений пользователя","timestamp":"2026-03-21 16:36:10","userId":3}
{"level":"info","message":"Получение заданий для пользователя ID: 3","timestamp":"2026-03-21 16:36:10"}
{"level":"info","message":"Получение ожидающих приглашений пользователя","timestamp":"2026-03-21 16:36:10","userId":3}
{"level":"info","message":"Получение заданий для пользователя ID: 3","timestamp":"2026-03-21 16:36:10"}
{"assignmentId":39,"level":"info","message":"Assignment created with audit","timestamp":"2026-03-21 16:36:15","userId":3}
{"level":"info","message":"Получение заданий для пользователя ID: 3","timestamp":"2026-03-21 16:36:15"}
{"level":"info","message":"Получение заданий для пользователя ID: 3","timestamp":"2026-03-21 16:36:40"}
{"level":"info","message":"Получение ожидающих приглашений пользователя","timestamp":"2026-03-21 16:36:40","userId":3}
{"level":"info","message":"Получение ожидающих приглашений пользователя","timestamp":"2026-03-21 16:36:40","userId":3}
{"level":"info","message":"Получение заданий для пользователя ID: 3","timestamp":"2026-03-21 16:36:40"}
{"level":"info","message":"Получение ожидающих приглашений пользователя","timestamp":"2026-03-21 16:36:40","userId":3}
{"level":"info","message":"Получение заданий для пользователя ID: 3","timestamp":"2026-03-21 16:36:40"}
{"level":"info","message":"Получение заданий для пользователя ID: 3","timestamp":"2026-03-21 16:37:11"}
{"level":"info","message":"Получение ожидающих приглашений пользователя","timestamp":"2026-03-21 16:37:11","userId":3}
{"level":"info","message":"Получение ожидающих приглашений пользователя","timestamp":"2026-03-21 16:37:11","userId":3}
{"level":"info","message":"Получение заданий для пользователя ID: 3","timestamp":"2026-03-21 16:37:11"}
{"level":"info","message":"Получение заданий для пользователя ID: 3","timestamp":"2026-03-21 16:37:11"}
{"level":"info","message":"Получение ожидающих приглашений пользователя","timestamp":"2026-03-21 16:37:11","userId":3}
{"level":"info","message":"Получение ожидающих приглашений пользователя","timestamp":"2026-03-21 16:37:42","userId":3}
{"level":"info","message":"Получение заданий для пользователя ID: 3","timestamp":"2026-03-21 16:37:42"}
{"level":"info","message":"Получение заданий для пользователя ID: 3","timestamp":"2026-03-21 16:37:42"}
{"level":"info","message":"Получение ожидающих приглашений пользователя","timestamp":"2026-03-21 16:37:42","userId":3}
{"level":"info","message":"Получение ожидающих приглашений пользователя","timestamp":"2026-03-21 16:37:42","userId":3}
{"level":"info","message":"Получение заданий для пользователя ID: 3","timestamp":"2026-03-21 16:37:42"}
{"level":"info","message":"Получение заданий для пользователя ID: 3","timestamp":"2026-03-21 16:38:13"}
{"level":"info","message":"Получение ожидающих приглашений пользователя","timestamp":"2026-03-21 16:38:13","userId":3}
{"level":"info","message":"Получение ожидающих приглашений пользователя","timestamp":"2026-03-21 16:38:13","userId":3}
{"level":"info","message":"Получение ожидающих приглашений пользователя","timestamp":"2026-03-21 16:38:13","userId":3}
{"level":"info","message":"Получение заданий для пользователя ID: 3","timestamp":"2026-03-21 16:38:13"}
{"level":"info","message":"Получение заданий для пользователя ID: 3","timestamp":"2026-03-21 16:38:13"}
{"level":"info","message":"Получение заданий для пользователя ID: 3","timestamp":"2026-03-21 16:38:44"}
{"level":"info","message":"Получение ожидающих приглашений пользователя","timestamp":"2026-03-21 16:38:44","userId":3}
{"level":"info","message":"Получение ожидающих приглашений пользователя","timestamp":"2026-03-21 16:38:44","userId":3}
{"level":"info","message":"Получение заданий для пользователя ID: 3","timestamp":"2026-03-21 16:38:44"}
{"level":"info","message":"Получение ожидающих приглашений пользователя","timestamp":"2026-03-21 16:38:44","userId":3}
{"level":"info","message":"Получение заданий для пользователя ID: 3","timestamp":"2026-03-21 16:38:44"}
{"level":"info","message":"Получение заданий для пользователя ID: 3","timestamp":"2026-03-21 16:39:15"}
{"level":"info","message":"Получение ожидающих приглашений пользователя","timestamp":"2026-03-21 16:39:15","userId":3}
{"level":"info","message":"Получение заданий для пользователя ID: 3","timestamp":"2026-03-21 16:39:15"}
{"level":"info","message":"Получение ожидающих приглашений пользователя","timestamp":"2026-03-21 16:39:15","userId":3}
{"level":"info","message":"Получение заданий для пользователя ID: 3","timestamp":"2026-03-21 16:39:15"}
{"level":"info","message":"Получение ожидающих приглашений пользователя","timestamp":"2026-03-21 16:39:15","userId":3}
{"level":"info","message":"Получение заданий для пользователя ID: 3","timestamp":"2026-03-21 16:39:46"}
{"level":"info","message":"Получение ожидающих приглашений пользователя","timestamp":"2026-03-21 16:39:46","userId":3}
{"level":"info","message":"Получение ожидающих приглашений пользователя","timestamp":"2026-03-21 16:39:46","userId":3}
{"level":"info","message":"Получение заданий для пользователя ID: 3","timestamp":"2026-03-21 16:39:46"}
{"level":"info","message":"Получение ожидающих приглашений пользователя","timestamp":"2026-03-21 16:39:46","userId":3}
{"level":"info","message":"Получение заданий для пользователя ID: 3","timestamp":"2026-03-21 16:39:46"}
{"level":"info","message":"Получение заданий для пользователя ID: 3","timestamp":"2026-03-21 16:40:17"}
{"level":"info","message":"Получение ожидающих приглашений пользователя","timestamp":"2026-03-21 16:40:17","userId":3}
{"level":"info","message":"Получение ожидающих приглашений пользователя","timestamp":"2026-03-21 16:40:17","userId":3}
{"level":"info","message":"Получение заданий для пользователя ID: 3","timestamp":"2026-03-21 16:40:17"}
{"level":"info","message":"Получение ожидающих приглашений пользователя","timestamp":"2026-03-21 16:40:17","userId":3}
{"level":"info","message":"Получение заданий для пользователя ID: 3","timestamp":"2026-03-21 16:40:17"}
{"assignmentId":38,"level":"info","message":"Получение состава команды проекта","timestamp":"2026-03-21 16:40:27"}
{"assignmentId":39,"level":"info","message":"Получение состава команды проекта","timestamp":"2026-03-21 16:40:30"}
{"assignmentId":39,"level":"info","message":"Получение состава команды проекта","timestamp":"2026-03-21 16:40:30"}
{"assignmentId":38,"level":"info","message":"Получение состава команды проекта","timestamp":"2026-03-21 16:40:31"}
{"assignmentId":38,"level":"info","message":"Получение состава команды проекта","timestamp":"2026-03-21 16:40:31"}
{"assignmentId":37,"level":"info","message":"Получение состава команды проекта","timestamp":"2026-03-21 16:40:31"}
{"assignmentId":37,"level":"info","message":"Получение состава команды проекта","timestamp":"2026-03-21 16:40:31"}
{"level":"info","message":"Получение ожидающих приглашений пользователя","timestamp":"2026-03-21 16:41:02","userId":3}
{"level":"info","message":"Получение ожидающих приглашений пользователя","timestamp":"2026-03-21 16:41:02","userId":3}
{"level":"info","message":"Получение заданий для пользователя ID: 3","timestamp":"2026-03-21 16:41:02"}
{"level":"info","message":"Получение ожидающих приглашений пользователя","timestamp":"2026-03-21 16:41:02","userId":3}
{"level":"info","message":"Получение заданий для пользователя ID: 3","timestamp":"2026-03-21 16:41:02"}
{"level":"info","message":"Получение заданий для пользователя ID: 3","timestamp":"2026-03-21 16:41:02"}
{"level":"info","message":"Получение ожидающих приглашений пользователя","timestamp":"2026-03-21 16:41:33","userId":3}
{"level":"info","message":"Получение заданий для пользователя ID: 3","timestamp":"2026-03-21 16:41:33"}
{"level":"info","message":"Получение ожидающих приглашений пользователя","timestamp":"2026-03-21 16:41:33","userId":3}
{"level":"info","message":"Получение заданий для пользователя ID: 3","timestamp":"2026-03-21 16:41:33"}
{"level":"info","message":"Получение ожидающих приглашений пользователя","timestamp":"2026-03-21 16:41:33","userId":3}
{"level":"info","message":"Получение заданий для пользователя ID: 3","timestamp":"2026-03-21 16:41:33"}
{"assignmentId":40,"level":"info","message":"Assignment created with audit","timestamp":"2026-03-21 16:41:59","userId":3}
{"level":"info","message":"Получение заданий для пользователя ID: 3","timestamp":"2026-03-21 16:41:59"}
{"assignmentId":41,"level":"info","message":"Assignment created with audit","timestamp":"2026-03-21 16:42:00","userId":3}
{"level":"info","message":"Получение заданий для пользователя ID: 3","timestamp":"2026-03-21 16:42:00"}
{"assignmentId":42,"level":"info","message":"Assignment created with audit","timestamp":"2026-03-21 16:42:02","userId":3}
{"level":"info","message":"Получение заданий для пользователя ID: 3","timestamp":"2026-03-21 16:42:02"}
{"assignmentId":43,"level":"info","message":"Assignment created with audit","timestamp":"2026-03-21 16:42:03","userId":3}
{"level":"info","message":"Получение заданий для пользователя ID: 3","timestamp":"2026-03-21 16:42:03"}
{"level":"info","message":"Получение ожидающих приглашений пользователя","timestamp":"2026-03-21 16:42:03","userId":3}
{"level":"info","message":"Получение ожидающих приглашений пользователя","timestamp":"2026-03-21 16:42:03","userId":3}
{"level":"info","message":"Получение ожидающих приглашений пользователя","timestamp":"2026-03-21 16:42:03","userId":3}
{"level":"info","message":"Получение заданий для пользователя ID: 3","timestamp":"2026-03-21 16:42:03"}
{"level":"info","message":"Получение заданий для пользователя ID: 3","timestamp":"2026-03-21 16:42:03"}
{"level":"info","message":"Получение заданий для пользователя ID: 3","timestamp":"2026-03-21 16:42:03"}
{"assignmentId":44,"level":"info","message":"Assignment created with audit","timestamp":"2026-03-21 16:42:04","userId":3}
{"level":"info","message":"Получение заданий для пользователя ID: 3","timestamp":"2026-03-21 16:42:04"}
{"assignmentId":45,"level":"info","message":"Assignment created with audit","timestamp":"2026-03-21 16:42:06","userId":3}
{"level":"info","message":"Получение заданий для пользователя ID: 3","timestamp":"2026-03-21 16:42:06"}
{"assignmentId":46,"level":"info","message":"Assignment created with audit","timestamp":"2026-03-21 16:42:07","userId":3}
{"level":"info","message":"Получение заданий для пользователя ID: 3","timestamp":"2026-03-21 16:42:07"}
{"assignmentId":47,"level":"info","message":"Assignment created with audit","timestamp":"2026-03-21 16:42:08","userId":3}
{"level":"info","message":"Получение заданий для пользователя ID: 3","timestamp":"2026-03-21 16:42:08"}
{"assignmentId":48,"level":"info","message":"Assignment created with audit","timestamp":"2026-03-21 16:42:10","userId":3}
{"level":"info","message":"Получение заданий для пользователя ID: 3","timestamp":"2026-03-21 16:42:10"}
{"assignmentId":49,"level":"info","message":"Assignment created with audit","timestamp":"2026-03-21 16:42:11","userId":3}
{"level":"info","message":"Получение заданий для пользователя ID: 3","timestamp":"2026-03-21 16:42:11"}
{"assignmentId":50,"level":"info","message":"Assignment created with audit","timestamp":"2026-03-21 16:42:13","userId":3}
{"level":"info","message":"Получение заданий для пользователя ID: 3","timestamp":"2026-03-21 16:42:13"}
{"assignmentId":51,"level":"info","message":"Assignment created with audit","timestamp":"2026-03-21 16:42:14","userId":3}
{"level":"info","message":"Получение заданий для пользователя ID: 3","timestamp":"2026-03-21 16:42:14"}
{"assignmentId":51,"level":"info","message":"Получение состава команды проекта","timestamp":"2026-03-21 16:42:19"}
{"assignmentId":51,"level":"info","message":"Получение состава команды проекта","timestamp":"2026-03-21 16:42:19"}
{"level":"info","message":"Получение ожидающих приглашений пользователя","timestamp":"2026-03-21 16:42:50","userId":3}
{"level":"info","message":"Получение заданий для пользователя ID: 3","timestamp":"2026-03-21 16:42:50"}
{"level":"info","message":"Получение ожидающих приглашений пользователя","timestamp":"2026-03-21 16:42:50","userId":3}
{"level":"info","message":"Получение ожидающих приглашений пользователя","timestamp":"2026-03-21 16:42:50","userId":3}
{"level":"info","message":"Получение заданий для пользователя ID: 3","timestamp":"2026-03-21 16:42:50"}
{"level":"info","message":"Получение заданий для пользователя ID: 3","timestamp":"2026-03-21 16:42:50"}
{"level":"info","message":"Получение заданий для пользователя ID: 3","timestamp":"2026-03-21 16:43:21"}
{"level":"info","message":"Получение ожидающих приглашений пользователя","timestamp":"2026-03-21 16:43:21","userId":3}
{"level":"info","message":"Получение ожидающих приглашений пользователя","timestamp":"2026-03-21 16:43:21","userId":3}
{"level":"info","message":"Получение ожидающих приглашений пользователя","timestamp":"2026-03-21 16:43:21","userId":3}
{"level":"info","message":"Получение заданий для пользователя ID: 3","timestamp":"2026-03-21 16:43:21"}
{"level":"info","message":"Получение заданий для пользователя ID: 3","timestamp":"2026-03-21 16:43:21"}
{"level":"info","message":"Получение заданий для пользователя ID: 3","timestamp":"2026-03-21 16:43:52"}
{"level":"info","message":"Получение ожидающих приглашений пользователя","timestamp":"2026-03-21 16:43:52","userId":3}
{"level":"info","message":"Получение ожидающих приглашений пользователя","timestamp":"2026-03-21 16:43:52","userId":3}
{"level":"info","message":"Получение ожидающих приглашений пользователя","timestamp":"2026-03-21 16:43:52","userId":3}
{"level":"info","message":"Получение заданий для пользователя ID: 3","timestamp":"2026-03-21 16:43:52"}
{"level":"info","message":"Получение заданий для пользователя ID: 3","timestamp":"2026-03-21 16:43:52"}
{"level":"info","message":"Получение ожидающих приглашений пользователя","timestamp":"2026-03-21 16:44:23","userId":3}
{"level":"info","message":"Получение заданий для пользователя ID: 3","timestamp":"2026-03-21 16:44:23"}
{"level":"info","message":"Получение ожидающих приглашений пользователя","timestamp":"2026-03-21 16:44:23","userId":3}
{"level":"info","message":"Получение ожидающих приглашений пользователя","timestamp":"2026-03-21 16:44:23","userId":3}
{"level":"info","message":"Получение заданий для пользователя ID: 3","timestamp":"2026-03-21 16:44:23"}
{"level":"info","message":"Получение заданий для пользователя ID: 3","timestamp":"2026-03-21 16:44:23"}
{"level":"info","message":"Получение заданий для пользователя ID: 3","timestamp":"2026-03-21 16:44:35"}
{"level":"info","message":"Получение заданий для пользователя ID: 3","timestamp":"2026-03-21 16:44:35"}
{"level":"info","message":"Получение заданий для пользователя ID: 3","timestamp":"2026-03-21 16:44:36"}
{"level":"info","message":"Получение заданий для пользователя ID: 3","timestamp":"2026-03-21 16:44:37"}
{"level":"info","message":"Получение ожидающих приглашений пользователя","timestamp":"2026-03-21 16:44:37","userId":3}
{"level":"info","message":"Получение ожидающих приглашений пользователя","timestamp":"2026-03-21 16:44:37","userId":3}
{"level":"info","message":"Получение заданий для пользователя ID: 3","timestamp":"2026-03-21 16:44:37"}
{"level":"info","message":"Получение заданий для пользователя ID: 3","timestamp":"2026-03-21 16:44:38"}
{"level":"info","message":"Получение ожидающих приглашений пользователя","timestamp":"2026-03-21 16:44:38","userId":3}
{"level":"info","message":"Получение ожидающих приглашений пользователя","timestamp":"2026-03-21 16:44:38","userId":3}
{"level":"info","message":"Получение ожидающих приглашений пользователя","timestamp":"2026-03-21 16:44:38","userId":3}
{"level":"info","message":"Получение ожидающих приглашений пользователя","timestamp":"2026-03-21 16:44:38","userId":3}
{"level":"info","message":"Получение ожидающих приглашений пользователя","timestamp":"2026-03-21 16:44:38","userId":3}
{"level":"info","message":"Получение заданий для пользователя ID: 3","timestamp":"2026-03-21 16:44:38"}
{"assignmentId":51,"level":"info","message":"Получение состава команды проекта","timestamp":"2026-03-21 16:44:38"}
{"assignmentId":51,"level":"info","message":"Получение состава команды проекта","timestamp":"2026-03-21 16:44:38"}
{"assignmentId":51,"level":"info","message":"Получение состава команды проекта","timestamp":"2026-03-21 16:44:38"}
{"level":"info","message":"Получение заданий для пользователя ID: 3","timestamp":"2026-03-21 16:44:38"}
{"assignmentId":51,"level":"info","message":"Получение состава команды проекта","timestamp":"2026-03-21 16:44:38"}
{"level":"info","message":"Получение заданий для пользователя ID: 3","timestamp":"2026-03-21 16:44:38"}
{"assignmentId":51,"level":"info","message":"Получение состава команды проекта","timestamp":"2026-03-21 16:44:38"}
{"level":"info","message":"Получение заданий для пользователя ID: 3","timestamp":"2026-03-21 16:44:38"}
{"assignmentId":51,"level":"info","message":"Получение состава команды проекта","timestamp":"2026-03-21 16:44:38"}
{"assignmentId":51,"level":"info","message":"Получение состава команды проекта","timestamp":"2026-03-21 16:44:38"}
{"level":"info","message":"Получение заданий для пользователя ID: 3","timestamp":"2026-03-21 16:45:09"}
{"level":"info","message":"Получение ожидающих приглашений пользователя","timestamp":"2026-03-21 16:45:09","userId":3}
{"level":"info","message":"Получение ожидающих приглашений пользователя","timestamp":"2026-03-21 16:45:09","userId":3}
{"level":"info","message":"Получение ожидающих приглашений пользователя","timestamp":"2026-03-21 16:45:09","userId":3}
{"level":"info","message":"Получение заданий для пользователя ID: 3","timestamp":"2026-03-21 16:45:09"}
{"level":"info","message":"Получение заданий для пользователя ID: 3","timestamp":"2026-03-21 16:45:09"}
{"level":"info","message":"Получение ожидающих приглашений пользователя","timestamp":"2026-03-21 16:45:40","userId":3}
{"level":"info","message":"Получение заданий для пользователя ID: 3","timestamp":"2026-03-21 16:45:40"}
{"level":"info","message":"Получение ожидающих приглашений пользователя","timestamp":"2026-03-21 16:45:40","userId":3}
{"level":"info","message":"Получение ожидающих приглашений пользователя","timestamp":"2026-03-21 16:45:40","userId":3}
{"level":"info","message":"Получение заданий для пользователя ID: 3","timestamp":"2026-03-21 16:45:40"}
{"level":"info","message":"Получение заданий для пользователя ID: 3","timestamp":"2026-03-21 16:45:40"}
{"level":"info","message":"Получение ожидающих приглашений пользователя","timestamp":"2026-03-21 16:46:10","userId":3}
{"level":"info","message":"Получение заданий для пользователя ID: 3","timestamp":"2026-03-21 16:46:10"}
{"level":"info","message":"Получение ожидающих приглашений пользователя","timestamp":"2026-03-21 16:46:10","userId":3}
{"level":"info","message":"Получение ожидающих приглашений пользователя","timestamp":"2026-03-21 16:46:10","userId":3}
{"level":"info","message":"Получение заданий для пользователя ID: 3","timestamp":"2026-03-21 16:46:10"}
{"level":"info","message":"Получение заданий для пользователя ID: 3","timestamp":"2026-03-21 16:46:10"}
{"level":"info","message":"Получение заданий для пользователя ID: 3","timestamp":"2026-03-21 16:46:41"}
{"level":"info","message":"Получение ожидающих приглашений пользователя","timestamp":"2026-03-21 16:46:41","userId":3}
{"level":"info","message":"Получение ожидающих приглашений пользователя","timestamp":"2026-03-21 16:46:41","userId":3}
{"level":"info","message":"Получение ожидающих приглашений пользователя","timestamp":"2026-03-21 16:46:41","userId":3}
{"level":"info","message":"Получение заданий для пользователя ID: 3","timestamp":"2026-03-21 16:46:41"}
{"level":"info","message":"Получение заданий для пользователя ID: 3","timestamp":"2026-03-21 16:46:41"}
{"level":"info","message":"Получение заданий для пользователя ID: 3","timestamp":"2026-03-21 16:47:12"}
{"level":"info","message":"Получение ожидающих приглашений пользователя","timestamp":"2026-03-21 16:47:12","userId":3}
{"level":"info","message":"Получение ожидающих приглашений пользователя","timestamp":"2026-03-21 16:47:12","userId":3}
{"level":"info","message":"Получение ожидающих приглашений пользователя","timestamp":"2026-03-21 16:47:12","userId":3}
{"level":"info","message":"Получение заданий для пользователя ID: 3","timestamp":"2026-03-21 16:47:12"}
{"level":"info","message":"Получение заданий для пользователя ID: 3","timestamp":"2026-03-21 16:47:12"}
{"level":"info","message":"Получение ожидающих приглашений пользователя","timestamp":"2026-03-21 16:47:43","userId":3}
{"level":"info","message":"Получение заданий для пользователя ID: 3","timestamp":"2026-03-21 16:47:43"}
{"level":"info","message":"Получение ожидающих приглашений пользователя","timestamp":"2026-03-21 16:47:43","userId":3}
{"level":"info","message":"Получение ожидающих приглашений пользователя","timestamp":"2026-03-21 16:47:43","userId":3}
{"level":"info","message":"Получение заданий для пользователя ID: 3","timestamp":"2026-03-21 16:47:43"}
{"level":"info","message":"Получение заданий для пользователя ID: 3","timestamp":"2026-03-21 16:47:43"}
{"level":"info","message":"Получение заданий для пользователя ID: 3","timestamp":"2026-03-21 16:48:14"}
{"level":"info","message":"Получение ожидающих приглашений пользователя","timestamp":"2026-03-21 16:48:14","userId":3}
{"level":"info","message":"Получение ожидающих приглашений пользователя","timestamp":"2026-03-21 16:48:14","userId":3}
{"level":"info","message":"Получение ожидающих приглашений пользователя","timestamp":"2026-03-21 16:48:14","userId":3}
{"level":"info","message":"Получение заданий для пользователя ID: 3","timestamp":"2026-03-21 16:48:14"}
{"level":"info","message":"Получение заданий для пользователя ID: 3","timestamp":"2026-03-21 16:48:14"}
{"level":"info","message":"Получение ожидающих приглашений пользователя","timestamp":"2026-03-21 16:48:45","userId":3}
{"level":"info","message":"Получение заданий для пользователя ID: 3","timestamp":"2026-03-21 16:48:45"}
{"level":"info","message":"Получение ожидающих приглашений пользователя","timestamp":"2026-03-21 16:48:45","userId":3}
{"level":"info","message":"Получение заданий для пользователя ID: 3","timestamp":"2026-03-21 16:48:45"}
{"level":"info","message":"Получение ожидающих приглашений пользователя","timestamp":"2026-03-21 16:48:45","userId":3}
{"level":"info","message":"Получение заданий для пользователя ID: 3","timestamp":"2026-03-21 16:48:45"}
{"level":"info","message":"Получение заданий для пользователя ID: 3","timestamp":"2026-03-21 16:49:15"}
{"level":"info","message":"Получение ожидающих приглашений пользователя","timestamp":"2026-03-21 16:49:15","userId":3}
{"level":"info","message":"Получение ожидающих приглашений пользователя","timestamp":"2026-03-21 16:49:15","userId":3}
{"level":"info","message":"Получение ожидающих приглашений пользователя","timestamp":"2026-03-21 16:49:15","userId":3}
{"level":"info","message":"Получение заданий для пользователя ID: 3","timestamp":"2026-03-21 16:49:15"}
{"level":"info","message":"Получение заданий для пользователя ID: 3","timestamp":"2026-03-21 16:49:15"}
{"level":"info","message":"Получение заданий для пользователя ID: 3","timestamp":"2026-03-21 16:49:46"}
{"level":"info","message":"Получение ожидающих приглашений пользователя","timestamp":"2026-03-21 16:49:46","userId":3}
{"level":"info","message":"Получение ожидающих приглашений пользователя","timestamp":"2026-03-21 16:49:46","userId":3}
{"level":"info","message":"Получение ожидающих приглашений пользователя","timestamp":"2026-03-21 16:49:46","userId":3}
{"level":"info","message":"Получение заданий для пользователя ID: 3","timestamp":"2026-03-21 16:49:46"}
{"level":"info","message":"Получение заданий для пользователя ID: 3","timestamp":"2026-03-21 16:49:46"}
{"level":"info","message":"Получение ожидающих приглашений пользователя","timestamp":"2026-03-21 16:50:17","userId":3}
{"level":"info","message":"Получение заданий для пользователя ID: 3","timestamp":"2026-03-21 16:50:17"}
{"level":"info","message":"Получение ожидающих приглашений пользователя","timestamp":"2026-03-21 16:50:17","userId":3}
{"level":"info","message":"Получение заданий для пользователя ID: 3","timestamp":"2026-03-21 16:50:17"}
{"level":"info","message":"Получение ожидающих приглашений пользователя","timestamp":"2026-03-21 16:50:17","userId":3}
{"level":"info","message":"Получение заданий для пользователя ID: 3","timestamp":"2026-03-21 16:50:17"}
