{"level":"info","message":"Получение заданий для пользователя ID: 1","timestamp":"2025-09-09 13:36:07"}
{"level":"info","message":"Получение заданий для пользователя ID: 1","timestamp":"2025-09-09 13:36:07"}
{"level":"info","message":"Получение заданий для пользователя ID: 1","timestamp":"2025-09-09 13:36:07"}
{"level":"info","message":"Получение заданий для пользователя ID: 1","timestamp":"2025-09-09 13:36:07"}
{"level":"info","message":"Получение заданий для пользователя ID: 1","timestamp":"2025-09-09 13:36:07"}
{"level":"info","message":"Получение заданий для пользователя ID: 1","timestamp":"2025-09-09 13:36:15"}
{"level":"info","message":"Получение заданий для пользователя ID: 1","timestamp":"2025-09-09 13:36:15"}
{"level":"info","message":"Получение заданий для пользователя ID: 1","timestamp":"2025-09-09 13:36:17"}
{"level":"info","message":"Получение заданий для пользователя ID: 1","timestamp":"2025-09-09 13:36:17"}
{"level":"info","message":"Получение заданий для пользователя ID: 1","timestamp":"2025-09-09 13:36:17"}
{"level":"info","message":"Получение заданий для пользователя ID: 2","timestamp":"2025-09-09 13:36:28"}
{"level":"info","message":"Получение заданий для пользователя ID: 2","timestamp":"2025-09-09 13:36:28"}
{"level":"info","message":"Получение заданий для пользователя ID: 2","timestamp":"2025-09-09 13:36:28"}
{"level":"info","message":"Получение заданий для пользователя ID: 2","timestamp":"2025-09-09 13:36:28"}
{"level":"info","message":"Получение заданий для пользователя ID: 2","timestamp":"2025-09-09 13:36:28"}
{"level":"info","message":"Получение заданий для пользователя ID: 2","timestamp":"2025-09-09 13:36:28"}
{"level":"info","message":"Получение заданий для пользователя ID: 2","timestamp":"2025-09-09 13:37:00"}
{"level":"info","message":"Получение заданий для пользователя ID: 2","timestamp":"2025-09-09 13:37:00"}
{"level":"info","message":"Получение заданий для пользователя ID: 2","timestamp":"2025-09-09 13:37:00"}
{"level":"info","message":"Получение заданий для пользователя ID: 2","timestamp":"2025-09-09 13:37:30"}
{"level":"info","message":"Получение заданий для пользователя ID: 2","timestamp":"2025-09-09 13:37:30"}
{"level":"info","message":"Получение заданий для пользователя ID: 2","timestamp":"2025-09-09 13:37:31"}
{"level":"info","message":"Получение заданий для пользователя ID: 2","timestamp":"2025-09-09 13:37:41"}
{"level":"info","message":"Получение заданий для пользователя ID: 2","timestamp":"2025-09-09 13:37:41"}
{"level":"info","message":"Получение заданий для пользователя ID: 2","timestamp":"2025-09-09 13:37:41"}
{"level":"info","message":"Получение заданий для пользователя ID: 2","timestamp":"2025-09-09 13:37:43"}
{"level":"info","message":"Получение заданий для пользователя ID: 2","timestamp":"2025-09-09 13:37:43"}
{"level":"info","message":"Получение заданий для пользователя ID: 2","timestamp":"2025-09-09 13:37:44"}
{"level":"info","message":"Получение заданий для пользователя ID: 2","timestamp":"2025-09-09 13:37:44"}
{"level":"info","message":"Получение заданий для пользователя ID: 2","timestamp":"2025-09-09 13:37:44"}
{"assignmentId":26,"level":"info","message":"Создание задачи в задании","taskTitle":"123","timestamp":"2025-09-09 13:38:10"}
{"assignmentId":26,"level":"info","message":"Задача успешно создана","taskId":172,"timestamp":"2025-09-09 13:38:10"}
{"level":"info","message":"Получение заданий для пользователя ID: 2","timestamp":"2025-09-09 13:38:10"}
{"level":"info","message":"Получение заданий для пользователя ID: 2","timestamp":"2025-09-09 13:38:10"}
{"level":"info","message":"Получение заданий для пользователя ID: 2","timestamp":"2025-09-09 13:38:12"}
{"level":"info","message":"Получение заданий для пользователя ID: 2","timestamp":"2025-09-09 13:38:12"}
{"level":"info","message":"Получение заданий для пользователя ID: 2","timestamp":"2025-09-09 13:38:12"}
{"level":"info","message":"Получение заданий для пользователя ID: 2","timestamp":"2025-09-09 13:38:12"}
{"level":"info","message":"Получение заданий для пользователя ID: 2","timestamp":"2025-09-09 13:38:13"}
{"level":"info","message":"Получение заданий для пользователя ID: 2","timestamp":"2025-09-09 13:38:16"}
{"level":"info","message":"Получение заданий для пользователя ID: 2","timestamp":"2025-09-09 13:38:16"}
{"level":"info","message":"Получение заданий для пользователя ID: 2","timestamp":"2025-09-09 13:38:16"}
{"level":"info","message":"Получение заданий для пользователя ID: 2","timestamp":"2025-09-09 13:38:16"}
{"level":"info","message":"Получение заданий для пользователя ID: 2","timestamp":"2025-09-09 13:38:16"}
{"level":"info","message":"Получение заданий для пользователя ID: 2","timestamp":"2025-09-09 13:38:17"}
{"level":"info","message":"Получение заданий для пользователя ID: 2","timestamp":"2025-09-09 13:38:17"}
{"level":"info","message":"Получение заданий для пользователя ID: 1","timestamp":"2025-09-09 13:38:21"}
{"level":"info","message":"Получение заданий для пользователя ID: 1","timestamp":"2025-09-09 13:38:21"}
{"level":"info","message":"Получение заданий для пользователя ID: 1","timestamp":"2025-09-09 13:38:21"}
{"level":"info","message":"Получение заданий для пользователя ID: 1","timestamp":"2025-09-09 13:38:21"}
{"level":"info","message":"Получение заданий для пользователя ID: 1","timestamp":"2025-09-09 13:38:21"}
{"level":"info","message":"Получение заданий для пользователя ID: 1","timestamp":"2025-09-09 13:38:22"}
{"level":"info","message":"Получение заданий для пользователя ID: 1","timestamp":"2025-09-09 13:38:22"}
{"level":"info","message":"Получение заданий для пользователя ID: 1","timestamp":"2025-09-09 13:38:27"}
{"level":"info","message":"Получение заданий для пользователя ID: 1","timestamp":"2025-09-09 13:38:27"}
{"level":"info","message":"Получение заданий для пользователя ID: 1","timestamp":"2025-09-09 13:38:27"}
{"level":"info","message":"Получение заданий для пользователя ID: 1","timestamp":"2025-09-09 13:38:27"}
{"level":"info","message":"Получение заданий для пользователя ID: 1","timestamp":"2025-09-09 13:38:27"}
{"level":"info","message":"Получение заданий для пользователя ID: 1","timestamp":"2025-09-09 13:38:57"}
{"level":"info","message":"Получение заданий для пользователя ID: 1","timestamp":"2025-09-09 13:38:57"}
{"level":"info","message":"Получение заданий для пользователя ID: 1","timestamp":"2025-09-09 13:38:57"}
{"level":"info","message":"Получение заданий для пользователя ID: 1","timestamp":"2025-09-09 13:39:27"}
{"level":"info","message":"Получение заданий для пользователя ID: 1","timestamp":"2025-09-09 13:39:27"}
{"level":"info","message":"Получение заданий для пользователя ID: 1","timestamp":"2025-09-09 13:39:27"}
{"level":"info","message":"Получение заданий для пользователя ID: 1","timestamp":"2025-09-09 13:39:34"}
{"level":"info","message":"Получение заданий для пользователя ID: 1","timestamp":"2025-09-09 13:39:34"}
{"level":"info","message":"Получение заданий для пользователя ID: 1","timestamp":"2025-09-09 13:51:48"}
{"level":"info","message":"Получение заданий для пользователя ID: 1","timestamp":"2025-09-09 13:51:48"}
{"level":"info","message":"Получение заданий для пользователя ID: 1","timestamp":"2025-09-09 20:25:56"}
{"level":"info","message":"Получение заданий для пользователя ID: 1","timestamp":"2025-09-09 20:25:56"}
{"level":"info","message":"Получение заданий для пользователя ID: 1","timestamp":"2025-09-09 20:25:56"}
{"level":"info","message":"Получение заданий для пользователя ID: 1","timestamp":"2025-09-09 20:25:56"}
{"level":"info","message":"Получение заданий для пользователя ID: 1","timestamp":"2025-09-09 20:25:56"}
{"level":"info","message":"Получение заданий для пользователя ID: 1","timestamp":"2025-09-09 20:26:27"}
{"level":"info","message":"Получение заданий для пользователя ID: 1","timestamp":"2025-09-09 20:26:27"}
{"level":"info","message":"Получение заданий для пользователя ID: 1","timestamp":"2025-09-09 20:26:27"}
{"level":"info","message":"Получение заданий для пользователя ID: 1","timestamp":"2025-09-09 20:26:58"}
{"level":"info","message":"Получение заданий для пользователя ID: 1","timestamp":"2025-09-09 20:26:58"}
{"level":"info","message":"Получение заданий для пользователя ID: 1","timestamp":"2025-09-09 20:26:58"}
{"level":"info","message":"Получение заданий для пользователя ID: 1","timestamp":"2025-09-09 20:27:33"}
{"level":"info","message":"Получение заданий для пользователя ID: 1","timestamp":"2025-09-09 20:27:33"}
{"level":"info","message":"Получение заданий для пользователя ID: 1","timestamp":"2025-09-09 20:27:33"}
{"level":"info","message":"Получение заданий для пользователя ID: 1","timestamp":"2025-09-09 20:27:45"}
{"level":"info","message":"Получение заданий для пользователя ID: 1","timestamp":"2025-09-09 20:27:45"}
{"level":"info","message":"Получение заданий для пользователя ID: 1","timestamp":"2025-09-09 20:27:45"}
{"level":"info","message":"Получение ожидающих приглашений пользователя","timestamp":"2025-09-09 20:28:26","userId":1}
{"level":"info","message":"Получение заданий для пользователя ID: 1","timestamp":"2025-09-09 20:28:26"}
{"level":"info","message":"Получение заданий для пользователя ID: 1","timestamp":"2025-09-09 20:28:26"}
{"level":"info","message":"Получение ожидающих приглашений пользователя","timestamp":"2025-09-09 20:28:26","userId":1}
{"level":"info","message":"Получение заданий для пользователя ID: 1","timestamp":"2025-09-09 20:28:26"}
{"level":"info","message":"Получение ожидающих приглашений пользователя","timestamp":"2025-09-09 20:28:26","userId":1}
{"level":"info","message":"Получение заданий для пользователя ID: 1","timestamp":"2025-09-09 20:28:57"}
{"level":"info","message":"Получение ожидающих приглашений пользователя","timestamp":"2025-09-09 20:28:57","userId":1}
{"level":"info","message":"Получение ожидающих приглашений пользователя","timestamp":"2025-09-09 20:28:57","userId":1}
{"level":"info","message":"Получение заданий для пользователя ID: 1","timestamp":"2025-09-09 20:28:57"}
{"level":"info","message":"Получение заданий для пользователя ID: 1","timestamp":"2025-09-09 20:28:57"}
{"level":"info","message":"Получение ожидающих приглашений пользователя","timestamp":"2025-09-09 20:28:57","userId":1}
{"level":"info","message":"Получение заданий для пользователя ID: 1","timestamp":"2025-09-09 20:29:40"}
{"level":"info","message":"Получение ожидающих приглашений пользователя","timestamp":"2025-09-09 20:29:40","userId":1}
{"level":"info","message":"Получение заданий для пользователя ID: 1","timestamp":"2025-09-09 20:29:40"}
{"level":"info","message":"Получение ожидающих приглашений пользователя","timestamp":"2025-09-09 20:29:40","userId":1}
{"level":"info","message":"Получение заданий для пользователя ID: 1","timestamp":"2025-09-09 20:29:40"}
{"level":"info","message":"Получение ожидающих приглашений пользователя","timestamp":"2025-09-09 20:29:40","userId":1}
{"level":"info","message":"Получение заданий для пользователя ID: 1","timestamp":"2025-09-09 20:30:11"}
{"level":"info","message":"Получение ожидающих приглашений пользователя","timestamp":"2025-09-09 20:30:11","userId":1}
{"level":"info","message":"Получение заданий для пользователя ID: 1","timestamp":"2025-09-09 20:30:11"}
{"level":"info","message":"Получение ожидающих приглашений пользователя","timestamp":"2025-09-09 20:30:11","userId":1}
{"level":"info","message":"Получение заданий для пользователя ID: 1","timestamp":"2025-09-09 20:30:11"}
{"level":"info","message":"Получение ожидающих приглашений пользователя","timestamp":"2025-09-09 20:30:11","userId":1}
{"level":"info","message":"Получение заданий для пользователя ID: 1","timestamp":"2025-09-09 20:30:42"}
{"level":"info","message":"Получение ожидающих приглашений пользователя","timestamp":"2025-09-09 20:30:42","userId":1}
{"level":"info","message":"Получение заданий для пользователя ID: 1","timestamp":"2025-09-09 20:30:42"}
{"level":"info","message":"Получение ожидающих приглашений пользователя","timestamp":"2025-09-09 20:30:42","userId":1}
{"level":"info","message":"Получение заданий для пользователя ID: 1","timestamp":"2025-09-09 20:30:42"}
{"level":"info","message":"Получение ожидающих приглашений пользователя","timestamp":"2025-09-09 20:30:42","userId":1}
{"level":"info","message":"Получение заданий для пользователя ID: 1","timestamp":"2025-09-09 20:31:13"}
{"level":"info","message":"Получение ожидающих приглашений пользователя","timestamp":"2025-09-09 20:31:13","userId":1}
{"level":"info","message":"Получение заданий для пользователя ID: 1","timestamp":"2025-09-09 20:31:13"}
{"level":"info","message":"Получение ожидающих приглашений пользователя","timestamp":"2025-09-09 20:31:13","userId":1}
{"level":"info","message":"Получение заданий для пользователя ID: 1","timestamp":"2025-09-09 20:31:13"}
{"level":"info","message":"Получение ожидающих приглашений пользователя","timestamp":"2025-09-09 20:31:13","userId":1}
{"level":"info","message":"Получение заданий для пользователя ID: 1","timestamp":"2025-09-09 20:31:44"}
{"level":"info","message":"Получение ожидающих приглашений пользователя","timestamp":"2025-09-09 20:31:44","userId":1}
{"level":"info","message":"Получение заданий для пользователя ID: 1","timestamp":"2025-09-09 20:31:44"}
{"level":"info","message":"Получение ожидающих приглашений пользователя","timestamp":"2025-09-09 20:31:44","userId":1}
{"level":"info","message":"Получение заданий для пользователя ID: 1","timestamp":"2025-09-09 20:31:44"}
{"level":"info","message":"Получение ожидающих приглашений пользователя","timestamp":"2025-09-09 20:31:44","userId":1}
{"level":"info","message":"Получение заданий для пользователя ID: 1","timestamp":"2025-09-09 20:32:15"}
{"level":"info","message":"Получение ожидающих приглашений пользователя","timestamp":"2025-09-09 20:32:15","userId":1}
{"level":"info","message":"Получение заданий для пользователя ID: 1","timestamp":"2025-09-09 20:32:15"}
{"level":"info","message":"Получение ожидающих приглашений пользователя","timestamp":"2025-09-09 20:32:15","userId":1}
{"level":"info","message":"Получение заданий для пользователя ID: 1","timestamp":"2025-09-09 20:32:15"}
{"level":"info","message":"Получение ожидающих приглашений пользователя","timestamp":"2025-09-09 20:32:15","userId":1}
{"level":"info","message":"Получение заданий для пользователя ID: 1","timestamp":"2025-09-09 20:32:46"}
{"level":"info","message":"Получение ожидающих приглашений пользователя","timestamp":"2025-09-09 20:32:46","userId":1}
{"level":"info","message":"Получение заданий для пользователя ID: 1","timestamp":"2025-09-09 20:32:46"}
{"level":"info","message":"Получение ожидающих приглашений пользователя","timestamp":"2025-09-09 20:32:46","userId":1}
{"level":"info","message":"Получение заданий для пользователя ID: 1","timestamp":"2025-09-09 20:32:46"}
{"level":"info","message":"Получение ожидающих приглашений пользователя","timestamp":"2025-09-09 20:32:46","userId":1}
{"level":"info","message":"Получение заданий для пользователя ID: 1","timestamp":"2025-09-09 20:33:17"}
{"level":"info","message":"Получение ожидающих приглашений пользователя","timestamp":"2025-09-09 20:33:17","userId":1}
{"level":"info","message":"Получение заданий для пользователя ID: 1","timestamp":"2025-09-09 20:33:17"}
{"level":"info","message":"Получение ожидающих приглашений пользователя","timestamp":"2025-09-09 20:33:17","userId":1}
{"level":"info","message":"Получение заданий для пользователя ID: 1","timestamp":"2025-09-09 20:33:17"}
{"level":"info","message":"Получение ожидающих приглашений пользователя","timestamp":"2025-09-09 20:33:17","userId":1}
{"level":"info","message":"Получение ожидающих приглашений пользователя","timestamp":"2025-09-09 20:33:48","userId":1}
{"level":"info","message":"Получение заданий для пользователя ID: 1","timestamp":"2025-09-09 20:33:48"}
{"level":"info","message":"Получение ожидающих приглашений пользователя","timestamp":"2025-09-09 20:33:48","userId":1}
{"level":"info","message":"Получение заданий для пользователя ID: 1","timestamp":"2025-09-09 20:33:48"}
{"level":"info","message":"Получение ожидающих приглашений пользователя","timestamp":"2025-09-09 20:33:48","userId":1}
{"level":"info","message":"Получение заданий для пользователя ID: 1","timestamp":"2025-09-09 20:33:48"}
{"level":"info","message":"Получение заданий для пользователя ID: 1","timestamp":"2025-09-09 20:34:19"}
{"level":"info","message":"Получение ожидающих приглашений пользователя","timestamp":"2025-09-09 20:34:19","userId":1}
{"level":"info","message":"Получение ожидающих приглашений пользователя","timestamp":"2025-09-09 20:34:19","userId":1}
{"level":"info","message":"Получение заданий для пользователя ID: 1","timestamp":"2025-09-09 20:34:19"}
{"level":"info","message":"Получение заданий для пользователя ID: 1","timestamp":"2025-09-09 20:34:19"}
{"level":"info","message":"Получение ожидающих приглашений пользователя","timestamp":"2025-09-09 20:34:19","userId":1}
{"level":"info","message":"Получение заданий для пользователя ID: 1","timestamp":"2025-09-09 20:34:50"}
{"level":"info","message":"Получение ожидающих приглашений пользователя","timestamp":"2025-09-09 20:34:50","userId":1}
{"level":"info","message":"Получение заданий для пользователя ID: 1","timestamp":"2025-09-09 20:34:50"}
{"level":"info","message":"Получение ожидающих приглашений пользователя","timestamp":"2025-09-09 20:34:50","userId":1}
{"level":"info","message":"Получение заданий для пользователя ID: 1","timestamp":"2025-09-09 20:34:50"}
{"level":"info","message":"Получение ожидающих приглашений пользователя","timestamp":"2025-09-09 20:34:50","userId":1}
{"level":"info","message":"Получение заданий для пользователя ID: 1","timestamp":"2025-09-09 20:35:21"}
{"level":"info","message":"Получение ожидающих приглашений пользователя","timestamp":"2025-09-09 20:35:21","userId":1}
{"level":"info","message":"Получение ожидающих приглашений пользователя","timestamp":"2025-09-09 20:35:21","userId":1}
{"level":"info","message":"Получение заданий для пользователя ID: 1","timestamp":"2025-09-09 20:35:21"}
{"level":"info","message":"Получение заданий для пользователя ID: 1","timestamp":"2025-09-09 20:35:21"}
{"level":"info","message":"Получение ожидающих приглашений пользователя","timestamp":"2025-09-09 20:35:21","userId":1}
{"level":"info","message":"Получение заданий для пользователя ID: 1","timestamp":"2025-09-09 20:35:52"}
{"level":"info","message":"Получение ожидающих приглашений пользователя","timestamp":"2025-09-09 20:35:52","userId":1}
{"level":"info","message":"Получение заданий для пользователя ID: 1","timestamp":"2025-09-09 20:35:52"}
{"level":"info","message":"Получение ожидающих приглашений пользователя","timestamp":"2025-09-09 20:35:52","userId":1}
{"level":"info","message":"Получение заданий для пользователя ID: 1","timestamp":"2025-09-09 20:35:52"}
{"level":"info","message":"Получение ожидающих приглашений пользователя","timestamp":"2025-09-09 20:35:52","userId":1}
{"level":"info","message":"Получение заданий для пользователя ID: 1","timestamp":"2025-09-09 20:36:23"}
{"level":"info","message":"Получение ожидающих приглашений пользователя","timestamp":"2025-09-09 20:36:23","userId":1}
{"level":"info","message":"Получение заданий для пользователя ID: 1","timestamp":"2025-09-09 20:36:23"}
{"level":"info","message":"Получение ожидающих приглашений пользователя","timestamp":"2025-09-09 20:36:23","userId":1}
{"level":"info","message":"Получение заданий для пользователя ID: 1","timestamp":"2025-09-09 20:36:23"}
{"level":"info","message":"Получение ожидающих приглашений пользователя","timestamp":"2025-09-09 20:36:23","userId":1}
{"level":"info","message":"Получение заданий для пользователя ID: 1","timestamp":"2025-09-09 20:36:46"}
{"level":"info","message":"Получение ожидающих приглашений пользователя","timestamp":"2025-09-09 20:36:46","userId":1}
{"level":"info","message":"Получение заданий для пользователя ID: 1","timestamp":"2025-09-09 20:36:46"}
{"level":"info","message":"Получение ожидающих приглашений пользователя","timestamp":"2025-09-09 20:36:46","userId":1}
{"level":"info","message":"Получение заданий для пользователя ID: 1","timestamp":"2025-09-09 20:36:46"}
{"level":"info","message":"Получение ожидающих приглашений пользователя","timestamp":"2025-09-09 20:36:46","userId":1}
{"level":"info","message":"Получение ожидающих приглашений пользователя","timestamp":"2025-09-09 20:36:46","userId":1}
{"level":"info","message":"Получение заданий для пользователя ID: 1","timestamp":"2025-09-09 20:36:46"}
{"level":"info","message":"Получение ожидающих приглашений пользователя","timestamp":"2025-09-09 20:36:46","userId":1}
{"level":"info","message":"Получение ожидающих приглашений пользователя","timestamp":"2025-09-09 20:36:46","userId":1}
{"level":"info","message":"Получение заданий для пользователя ID: 1","timestamp":"2025-09-09 20:36:46"}
{"level":"info","message":"Получение заданий для пользователя ID: 1","timestamp":"2025-09-09 20:36:46"}
{"level":"info","message":"Получение заданий для пользователя ID: 1","timestamp":"2025-09-09 20:36:46"}
{"level":"info","message":"Получение заданий для пользователя ID: 1","timestamp":"2025-09-09 20:36:46"}
{"level":"info","message":"Получение заданий для пользователя ID: 1","timestamp":"2025-09-09 20:36:51"}
{"level":"info","message":"Получение ожидающих приглашений пользователя","timestamp":"2025-09-09 20:36:51","userId":1}
{"level":"info","message":"Получение ожидающих приглашений пользователя","timestamp":"2025-09-09 20:36:51","userId":1}
{"level":"info","message":"Получение заданий для пользователя ID: 1","timestamp":"2025-09-09 20:36:51"}
{"level":"info","message":"Получение ожидающих приглашений пользователя","timestamp":"2025-09-09 20:36:51","userId":1}
{"level":"info","message":"Получение заданий для пользователя ID: 1","timestamp":"2025-09-09 20:36:51"}
{"level":"info","message":"Получение заданий для пользователя ID: 1","timestamp":"2025-09-09 20:36:51"}
{"level":"info","message":"Получение ожидающих приглашений пользователя","timestamp":"2025-09-09 20:36:51","userId":1}
{"level":"info","message":"Получение заданий для пользователя ID: 1","timestamp":"2025-09-09 20:36:51"}
{"level":"info","message":"Получение ожидающих приглашений пользователя","timestamp":"2025-09-09 20:36:51","userId":1}
{"level":"info","message":"Получение заданий для пользователя ID: 1","timestamp":"2025-09-09 20:37:21"}
{"level":"info","message":"Получение ожидающих приглашений пользователя","timestamp":"2025-09-09 20:37:21","userId":1}
{"level":"info","message":"Получение заданий для пользователя ID: 1","timestamp":"2025-09-09 20:37:21"}
{"level":"info","message":"Получение ожидающих приглашений пользователя","timestamp":"2025-09-09 20:37:21","userId":1}
{"level":"info","message":"Получение заданий для пользователя ID: 1","timestamp":"2025-09-09 20:37:21"}
{"level":"info","message":"Получение ожидающих приглашений пользователя","timestamp":"2025-09-09 20:37:21","userId":1}
{"level":"info","message":"Получение заданий для пользователя ID: 1","timestamp":"2025-09-09 20:37:51"}
{"level":"info","message":"Получение ожидающих приглашений пользователя","timestamp":"2025-09-09 20:37:51","userId":1}
{"level":"info","message":"Получение заданий для пользователя ID: 1","timestamp":"2025-09-09 20:37:51"}
{"level":"info","message":"Получение ожидающих приглашений пользователя","timestamp":"2025-09-09 20:37:51","userId":1}
{"level":"info","message":"Получение заданий для пользователя ID: 1","timestamp":"2025-09-09 20:37:51"}
{"level":"info","message":"Получение ожидающих приглашений пользователя","timestamp":"2025-09-09 20:37:51","userId":1}
{"level":"info","message":"Получение заданий для пользователя ID: 1","timestamp":"2025-09-09 20:38:22"}
{"level":"info","message":"Получение ожидающих приглашений пользователя","timestamp":"2025-09-09 20:38:22","userId":1}
{"level":"info","message":"Получение заданий для пользователя ID: 1","timestamp":"2025-09-09 20:38:22"}
{"level":"info","message":"Получение ожидающих приглашений пользователя","timestamp":"2025-09-09 20:38:22","userId":1}
{"level":"info","message":"Получение заданий для пользователя ID: 1","timestamp":"2025-09-09 20:38:22"}
{"level":"info","message":"Получение ожидающих приглашений пользователя","timestamp":"2025-09-09 20:38:22","userId":1}
{"level":"info","message":"Получение заданий для пользователя ID: 1","timestamp":"2025-09-09 20:38:53"}
{"level":"info","message":"Получение ожидающих приглашений пользователя","timestamp":"2025-09-09 20:38:53","userId":1}
{"level":"info","message":"Получение заданий для пользователя ID: 1","timestamp":"2025-09-09 20:38:53"}
{"level":"info","message":"Получение ожидающих приглашений пользователя","timestamp":"2025-09-09 20:38:53","userId":1}
{"level":"info","message":"Получение заданий для пользователя ID: 1","timestamp":"2025-09-09 20:38:53"}
{"level":"info","message":"Получение ожидающих приглашений пользователя","timestamp":"2025-09-09 20:38:53","userId":1}
{"level":"info","message":"Получение заданий для пользователя ID: 1","timestamp":"2025-09-09 20:39:24"}
{"level":"info","message":"Получение ожидающих приглашений пользователя","timestamp":"2025-09-09 20:39:24","userId":1}
{"level":"info","message":"Получение ожидающих приглашений пользователя","timestamp":"2025-09-09 20:39:24","userId":1}
{"level":"info","message":"Получение заданий для пользователя ID: 1","timestamp":"2025-09-09 20:39:24"}
{"level":"info","message":"Получение заданий для пользователя ID: 1","timestamp":"2025-09-09 20:39:24"}
{"level":"info","message":"Получение ожидающих приглашений пользователя","timestamp":"2025-09-09 20:39:24","userId":1}
{"level":"info","message":"Получение заданий для пользователя ID: 1","timestamp":"2025-09-09 20:39:55"}
{"level":"info","message":"Получение ожидающих приглашений пользователя","timestamp":"2025-09-09 20:39:55","userId":1}
{"level":"info","message":"Получение ожидающих приглашений пользователя","timestamp":"2025-09-09 20:39:55","userId":1}
{"level":"info","message":"Получение заданий для пользователя ID: 1","timestamp":"2025-09-09 20:39:55"}
{"level":"info","message":"Получение ожидающих приглашений пользователя","timestamp":"2025-09-09 20:39:55","userId":1}
{"level":"info","message":"Получение заданий для пользователя ID: 1","timestamp":"2025-09-09 20:39:55"}
{"level":"info","message":"Получение заданий для пользователя ID: 1","timestamp":"2025-09-09 20:40:26"}
{"level":"info","message":"Получение ожидающих приглашений пользователя","timestamp":"2025-09-09 20:40:26","userId":1}
{"level":"info","message":"Получение заданий для пользователя ID: 1","timestamp":"2025-09-09 20:40:26"}
{"level":"info","message":"Получение ожидающих приглашений пользователя","timestamp":"2025-09-09 20:40:26","userId":1}
{"level":"info","message":"Получение заданий для пользователя ID: 1","timestamp":"2025-09-09 20:40:26"}
{"level":"info","message":"Получение ожидающих приглашений пользователя","timestamp":"2025-09-09 20:40:26","userId":1}
{"level":"info","message":"Получение ожидающих приглашений пользователя","timestamp":"2025-09-09 20:40:56","userId":1}
{"level":"info","message":"Получение заданий для пользователя ID: 1","timestamp":"2025-09-09 20:40:56"}
{"level":"info","message":"Получение заданий для пользователя ID: 1","timestamp":"2025-09-09 20:40:56"}
{"level":"info","message":"Получение ожидающих приглашений пользователя","timestamp":"2025-09-09 20:40:56","userId":1}
{"level":"info","message":"Получение заданий для пользователя ID: 1","timestamp":"2025-09-09 20:40:56"}
{"level":"info","message":"Получение ожидающих приглашений пользователя","timestamp":"2025-09-09 20:40:56","userId":1}
{"level":"info","message":"Получение заданий для пользователя ID: 1","timestamp":"2025-09-09 20:41:02"}
{"level":"info","message":"Получение ожидающих приглашений пользователя","timestamp":"2025-09-09 20:41:02","userId":1}
{"level":"info","message":"Получение заданий для пользователя ID: 1","timestamp":"2025-09-09 20:41:02"}
{"level":"info","message":"Получение ожидающих приглашений пользователя","timestamp":"2025-09-09 20:41:02","userId":1}
{"level":"info","message":"Получение ожидающих приглашений пользователя","timestamp":"2025-09-09 20:41:02","userId":1}
{"level":"info","message":"Получение заданий для пользователя ID: 1","timestamp":"2025-09-09 20:41:02"}
{"level":"info","message":"Получение заданий для пользователя ID: 1","timestamp":"2025-09-09 20:41:02"}
{"level":"info","message":"Получение ожидающих приглашений пользователя","timestamp":"2025-09-09 20:41:02","userId":1}
{"level":"info","message":"Получение заданий для пользователя ID: 1","timestamp":"2025-09-09 20:41:02"}
{"level":"info","message":"Получение ожидающих приглашений пользователя","timestamp":"2025-09-09 20:41:02","userId":1}
{"level":"info","message":"Получение заданий для пользователя ID: 1","timestamp":"2025-09-09 20:41:06"}
{"level":"info","message":"Получение ожидающих приглашений пользователя","timestamp":"2025-09-09 20:41:06","userId":1}
{"level":"info","message":"Получение заданий для пользователя ID: 1","timestamp":"2025-09-09 20:41:06"}
{"level":"info","message":"Получение ожидающих приглашений пользователя","timestamp":"2025-09-09 20:41:06","userId":1}
{"level":"info","message":"Получение заданий для пользователя ID: 1","timestamp":"2025-09-09 20:41:06"}
{"level":"info","message":"Получение ожидающих приглашений пользователя","timestamp":"2025-09-09 20:41:06","userId":1}
{"level":"info","message":"Получение заданий для пользователя ID: 1","timestamp":"2025-09-09 20:41:14"}
{"level":"info","message":"Получение ожидающих приглашений пользователя","timestamp":"2025-09-09 20:41:14","userId":1}
{"level":"info","message":"Получение ожидающих приглашений пользователя","timestamp":"2025-09-09 20:41:14","userId":1}
{"level":"info","message":"Получение заданий для пользователя ID: 1","timestamp":"2025-09-09 20:41:14"}
{"assignmentId":32,"level":"info","message":"Получение состава команды проекта","timestamp":"2025-09-09 20:41:14"}
{"level":"info","message":"Получение заданий для пользователя ID: 1","timestamp":"2025-09-09 20:41:14"}
{"level":"info","message":"Получение ожидающих приглашений пользователя","timestamp":"2025-09-09 20:41:14","userId":1}
{"assignmentId":32,"level":"info","message":"Получение состава команды проекта","timestamp":"2025-09-09 20:41:14"}
{"assignmentId":32,"level":"info","message":"Получение состава команды проекта","timestamp":"2025-09-09 20:41:20"}
{"assignmentId":32,"level":"info","message":"Получение состава команды проекта","timestamp":"2025-09-09 20:41:20"}
{"assignmentId":32,"level":"info","message":"Получение состава команды проекта","timestamp":"2025-09-09 20:41:20"}
{"assignmentId":32,"level":"info","message":"Получение состава команды проекта","timestamp":"2025-09-09 20:41:37"}
{"assignmentId":32,"level":"info","message":"Получение состава команды проекта","timestamp":"2025-09-09 20:41:37"}
{"assignmentId":32,"level":"info","message":"Получение состава команды проекта","timestamp":"2025-09-09 20:41:37"}
{"level":"info","message":"Получение заданий для пользователя ID: 1","timestamp":"2025-09-09 20:42:08"}
{"level":"info","message":"Получение ожидающих приглашений пользователя","timestamp":"2025-09-09 20:42:08","userId":1}
{"level":"info","message":"Получение заданий для пользователя ID: 1","timestamp":"2025-09-09 20:42:08"}
{"level":"info","message":"Получение ожидающих приглашений пользователя","timestamp":"2025-09-09 20:42:08","userId":1}
{"level":"info","message":"Получение заданий для пользователя ID: 1","timestamp":"2025-09-09 20:42:08"}
{"level":"info","message":"Получение ожидающих приглашений пользователя","timestamp":"2025-09-09 20:42:08","userId":1}
{"level":"info","message":"Получение заданий для пользователя ID: 1","timestamp":"2025-09-09 20:42:39"}
{"level":"info","message":"Получение ожидающих приглашений пользователя","timestamp":"2025-09-09 20:42:39","userId":1}
{"level":"info","message":"Получение заданий для пользователя ID: 1","timestamp":"2025-09-09 20:42:39"}
{"level":"info","message":"Получение ожидающих приглашений пользователя","timestamp":"2025-09-09 20:42:39","userId":1}
{"level":"info","message":"Получение заданий для пользователя ID: 1","timestamp":"2025-09-09 20:42:39"}
{"level":"info","message":"Получение ожидающих приглашений пользователя","timestamp":"2025-09-09 20:42:39","userId":1}
{"level":"info","message":"Получение заданий для пользователя ID: 1","timestamp":"2025-09-09 20:43:09"}
{"level":"info","message":"Получение ожидающих приглашений пользователя","timestamp":"2025-09-09 20:43:09","userId":1}
{"level":"info","message":"Получение заданий для пользователя ID: 1","timestamp":"2025-09-09 20:43:09"}
{"level":"info","message":"Получение ожидающих приглашений пользователя","timestamp":"2025-09-09 20:43:09","userId":1}
{"level":"info","message":"Получение заданий для пользователя ID: 1","timestamp":"2025-09-09 20:43:09"}
{"level":"info","message":"Получение ожидающих приглашений пользователя","timestamp":"2025-09-09 20:43:09","userId":1}
{"level":"info","message":"Получение заданий для пользователя ID: 1","timestamp":"2025-09-09 20:43:39"}
{"level":"info","message":"Получение ожидающих приглашений пользователя","timestamp":"2025-09-09 20:43:39","userId":1}
{"level":"info","message":"Получение ожидающих приглашений пользователя","timestamp":"2025-09-09 20:43:39","userId":1}
{"level":"info","message":"Получение заданий для пользователя ID: 1","timestamp":"2025-09-09 20:43:39"}
{"level":"info","message":"Получение заданий для пользователя ID: 1","timestamp":"2025-09-09 20:43:39"}
{"level":"info","message":"Получение ожидающих приглашений пользователя","timestamp":"2025-09-09 20:43:39","userId":1}
{"level":"info","message":"Получение заданий для пользователя ID: 1","timestamp":"2025-09-09 20:44:07"}
{"level":"info","message":"Получение ожидающих приглашений пользователя","timestamp":"2025-09-09 20:44:07","userId":1}
{"level":"info","message":"Получение заданий для пользователя ID: 1","timestamp":"2025-09-09 20:44:07"}
{"level":"info","message":"Получение ожидающих приглашений пользователя","timestamp":"2025-09-09 20:44:07","userId":1}
{"level":"info","message":"Получение ожидающих приглашений пользователя","timestamp":"2025-09-09 20:44:07","userId":1}
{"level":"info","message":"Получение заданий для пользователя ID: 1","timestamp":"2025-09-09 20:44:07"}
{"level":"info","message":"Получение ожидающих приглашений пользователя","timestamp":"2025-09-09 20:44:07","userId":1}
{"level":"info","message":"Получение ожидающих приглашений пользователя","timestamp":"2025-09-09 20:44:07","userId":1}
{"level":"info","message":"Получение заданий для пользователя ID: 1","timestamp":"2025-09-09 20:44:07"}
{"assignmentId":32,"level":"info","message":"Получение состава команды проекта","timestamp":"2025-09-09 20:44:07"}
{"assignmentId":32,"level":"info","message":"Получение состава команды проекта","timestamp":"2025-09-09 20:44:07"}
{"assignmentId":32,"level":"info","message":"Получение состава команды проекта","timestamp":"2025-09-09 20:44:07"}
{"level":"info","message":"Получение заданий для пользователя ID: 1","timestamp":"2025-09-09 20:44:07"}
{"assignmentId":32,"level":"info","message":"Получение состава команды проекта","timestamp":"2025-09-09 20:44:07"}
{"assignmentId":32,"level":"info","message":"Получение состава команды проекта","timestamp":"2025-09-09 20:44:07"}
{"assignmentId":32,"level":"info","message":"Получение состава команды проекта","timestamp":"2025-09-09 20:44:07"}
{"assignmentId":32,"level":"info","message":"Получение состава команды проекта","timestamp":"2025-09-09 20:44:07"}
{"assignmentId":32,"level":"info","message":"Получение состава команды проекта","timestamp":"2025-09-09 20:44:10"}
{"level":"info","message":"Получение заданий для пользователя ID: 1","timestamp":"2025-09-09 20:44:37"}
{"level":"info","message":"Получение ожидающих приглашений пользователя","timestamp":"2025-09-09 20:44:37","userId":1}
{"level":"info","message":"Получение заданий для пользователя ID: 1","timestamp":"2025-09-09 20:44:37"}
{"level":"info","message":"Получение ожидающих приглашений пользователя","timestamp":"2025-09-09 20:44:37","userId":1}
{"level":"info","message":"Получение заданий для пользователя ID: 1","timestamp":"2025-09-09 20:44:37"}
{"level":"info","message":"Получение ожидающих приглашений пользователя","timestamp":"2025-09-09 20:44:37","userId":1}
{"level":"info","message":"Получение заданий для пользователя ID: 1","timestamp":"2025-09-09 20:45:08"}
{"level":"info","message":"Получение ожидающих приглашений пользователя","timestamp":"2025-09-09 20:45:08","userId":1}
{"level":"info","message":"Получение заданий для пользователя ID: 1","timestamp":"2025-09-09 20:45:08"}
{"level":"info","message":"Получение ожидающих приглашений пользователя","timestamp":"2025-09-09 20:45:08","userId":1}
{"level":"info","message":"Получение заданий для пользователя ID: 1","timestamp":"2025-09-09 20:45:08"}
{"level":"info","message":"Получение ожидающих приглашений пользователя","timestamp":"2025-09-09 20:45:08","userId":1}
{"level":"info","message":"Получение заданий для пользователя ID: 1","timestamp":"2025-09-09 20:45:39"}
{"level":"info","message":"Получение ожидающих приглашений пользователя","timestamp":"2025-09-09 20:45:39","userId":1}
{"level":"info","message":"Получение ожидающих приглашений пользователя","timestamp":"2025-09-09 20:45:39","userId":1}
{"level":"info","message":"Получение заданий для пользователя ID: 1","timestamp":"2025-09-09 20:45:39"}
{"level":"info","message":"Получение заданий для пользователя ID: 1","timestamp":"2025-09-09 20:45:39"}
{"level":"info","message":"Получение ожидающих приглашений пользователя","timestamp":"2025-09-09 20:45:39","userId":1}
{"level":"info","message":"Получение заданий для пользователя ID: 1","timestamp":"2025-09-09 20:46:10"}
{"level":"info","message":"Получение ожидающих приглашений пользователя","timestamp":"2025-09-09 20:46:10","userId":1}
{"level":"info","message":"Получение заданий для пользователя ID: 1","timestamp":"2025-09-09 20:46:10"}
{"level":"info","message":"Получение ожидающих приглашений пользователя","timestamp":"2025-09-09 20:46:10","userId":1}
{"level":"info","message":"Получение заданий для пользователя ID: 1","timestamp":"2025-09-09 20:46:10"}
{"level":"info","message":"Получение ожидающих приглашений пользователя","timestamp":"2025-09-09 20:46:10","userId":1}
{"level":"info","message":"Получение заданий для пользователя ID: 1","timestamp":"2025-09-09 20:46:40"}
{"level":"info","message":"Получение ожидающих приглашений пользователя","timestamp":"2025-09-09 20:46:40","userId":1}
{"level":"info","message":"Получение заданий для пользователя ID: 1","timestamp":"2025-09-09 20:46:40"}
{"level":"info","message":"Получение ожидающих приглашений пользователя","timestamp":"2025-09-09 20:46:40","userId":1}
{"level":"info","message":"Получение заданий для пользователя ID: 1","timestamp":"2025-09-09 20:46:40"}
{"level":"info","message":"Получение ожидающих приглашений пользователя","timestamp":"2025-09-09 20:46:40","userId":1}
{"level":"info","message":"Получение заданий для пользователя ID: 1","timestamp":"2025-09-09 20:47:10"}
{"level":"info","message":"Получение ожидающих приглашений пользователя","timestamp":"2025-09-09 20:47:10","userId":1}
{"level":"info","message":"Получение заданий для пользователя ID: 1","timestamp":"2025-09-09 20:47:10"}
{"level":"info","message":"Получение ожидающих приглашений пользователя","timestamp":"2025-09-09 20:47:10","userId":1}
{"level":"info","message":"Получение заданий для пользователя ID: 1","timestamp":"2025-09-09 20:47:10"}
{"level":"info","message":"Получение ожидающих приглашений пользователя","timestamp":"2025-09-09 20:47:10","userId":1}
{"level":"info","message":"Получение заданий для пользователя ID: 1","timestamp":"2025-09-09 20:47:12"}
{"level":"info","message":"Получение ожидающих приглашений пользователя","timestamp":"2025-09-09 20:47:12","userId":1}
{"level":"info","message":"Получение ожидающих приглашений пользователя","timestamp":"2025-09-09 20:47:12","userId":1}
{"level":"info","message":"Получение заданий для пользователя ID: 1","timestamp":"2025-09-09 20:47:12"}
{"level":"info","message":"Получение ожидающих приглашений пользователя","timestamp":"2025-09-09 20:47:12","userId":1}
{"level":"info","message":"Получение ожидающих приглашений пользователя","timestamp":"2025-09-09 20:47:12","userId":1}
{"level":"info","message":"Получение заданий для пользователя ID: 1","timestamp":"2025-09-09 20:47:12"}
{"assignmentId":32,"level":"info","message":"Получение состава команды проекта","timestamp":"2025-09-09 20:47:12"}
{"level":"info","message":"Получение заданий для пользователя ID: 1","timestamp":"2025-09-09 20:47:12"}
{"assignmentId":32,"level":"info","message":"Получение состава команды проекта","timestamp":"2025-09-09 20:47:12"}
{"level":"info","message":"Получение ожидающих приглашений пользователя","timestamp":"2025-09-09 20:47:12","userId":1}
{"assignmentId":32,"level":"info","message":"Получение состава команды проекта","timestamp":"2025-09-09 20:47:12"}
{"level":"info","message":"Получение заданий для пользователя ID: 1","timestamp":"2025-09-09 20:47:12"}
{"assignmentId":32,"level":"info","message":"Получение состава команды проекта","timestamp":"2025-09-09 20:47:12"}
{"assignmentId":32,"level":"info","message":"Получение состава команды проекта","timestamp":"2025-09-09 20:47:12"}
{"assignmentId":32,"level":"info","message":"Получение состава команды проекта","timestamp":"2025-09-09 20:47:12"}
{"level":"info","message":"Получение заданий для пользователя ID: 1","timestamp":"2025-09-09 20:47:34"}
{"level":"info","message":"Получение ожидающих приглашений пользователя","timestamp":"2025-09-09 20:47:34","userId":1}
{"level":"info","message":"Получение заданий для пользователя ID: 1","timestamp":"2025-09-09 20:47:34"}
{"level":"info","message":"Получение ожидающих приглашений пользователя","timestamp":"2025-09-09 20:47:34","userId":1}
{"level":"info","message":"Получение ожидающих приглашений пользователя","timestamp":"2025-09-09 20:47:34","userId":1}
{"level":"info","message":"Получение ожидающих приглашений пользователя","timestamp":"2025-09-09 20:47:34","userId":1}
{"level":"info","message":"Получение заданий для пользователя ID: 1","timestamp":"2025-09-09 20:47:34"}
{"assignmentId":32,"level":"info","message":"Получение состава команды проекта","timestamp":"2025-09-09 20:47:34"}
{"level":"info","message":"Получение ожидающих приглашений пользователя","timestamp":"2025-09-09 20:47:34","userId":1}
{"assignmentId":32,"level":"info","message":"Получение состава команды проекта","timestamp":"2025-09-09 20:47:34"}
{"level":"info","message":"Получение заданий для пользователя ID: 1","timestamp":"2025-09-09 20:47:34"}
{"assignmentId":32,"level":"info","message":"Получение состава команды проекта","timestamp":"2025-09-09 20:47:34"}
{"assignmentId":32,"level":"info","message":"Получение состава команды проекта","timestamp":"2025-09-09 20:47:34"}
{"level":"info","message":"Получение заданий для пользователя ID: 1","timestamp":"2025-09-09 20:47:34"}
{"assignmentId":32,"level":"info","message":"Получение состава команды проекта","timestamp":"2025-09-09 20:47:34"}
{"assignmentId":32,"level":"info","message":"Получение состава команды проекта","timestamp":"2025-09-09 20:47:34"}
{"assignmentId":32,"level":"info","message":"Получение состава команды проекта","timestamp":"2025-09-09 20:47:34"}
{"level":"info","message":"Получение заданий для пользователя ID: 1","timestamp":"2025-09-09 20:48:05"}
{"level":"info","message":"Получение ожидающих приглашений пользователя","timestamp":"2025-09-09 20:48:05","userId":1}
{"level":"info","message":"Получение заданий для пользователя ID: 1","timestamp":"2025-09-09 20:48:05"}
{"level":"info","message":"Получение ожидающих приглашений пользователя","timestamp":"2025-09-09 20:48:05","userId":1}
{"level":"info","message":"Получение заданий для пользователя ID: 1","timestamp":"2025-09-09 20:48:05"}
{"level":"info","message":"Получение ожидающих приглашений пользователя","timestamp":"2025-09-09 20:48:05","userId":1}
{"level":"info","message":"Получение заданий для пользователя ID: 1","timestamp":"2025-09-09 20:48:36"}
{"level":"info","message":"Получение ожидающих приглашений пользователя","timestamp":"2025-09-09 20:48:36","userId":1}
{"level":"info","message":"Получение заданий для пользователя ID: 1","timestamp":"2025-09-09 20:48:36"}
{"level":"info","message":"Получение ожидающих приглашений пользователя","timestamp":"2025-09-09 20:48:36","userId":1}
{"level":"info","message":"Получение ожидающих приглашений пользователя","timestamp":"2025-09-09 20:48:36","userId":1}
{"level":"info","message":"Получение заданий для пользователя ID: 1","timestamp":"2025-09-09 20:48:36"}
{"level":"info","message":"Получение заданий для пользователя ID: 1","timestamp":"2025-09-09 20:49:07"}
{"level":"info","message":"Получение ожидающих приглашений пользователя","timestamp":"2025-09-09 20:49:07","userId":1}
{"level":"info","message":"Получение заданий для пользователя ID: 1","timestamp":"2025-09-09 20:49:07"}
{"level":"info","message":"Получение ожидающих приглашений пользователя","timestamp":"2025-09-09 20:49:07","userId":1}
{"level":"info","message":"Получение заданий для пользователя ID: 1","timestamp":"2025-09-09 20:49:07"}
{"level":"info","message":"Получение ожидающих приглашений пользователя","timestamp":"2025-09-09 20:49:07","userId":1}
{"level":"info","message":"Получение заданий для пользователя ID: 1","timestamp":"2025-09-09 20:49:38"}
{"level":"info","message":"Получение ожидающих приглашений пользователя","timestamp":"2025-09-09 20:49:38","userId":1}
{"level":"info","message":"Получение заданий для пользователя ID: 1","timestamp":"2025-09-09 20:49:38"}
{"level":"info","message":"Получение ожидающих приглашений пользователя","timestamp":"2025-09-09 20:49:38","userId":1}
{"level":"info","message":"Получение заданий для пользователя ID: 1","timestamp":"2025-09-09 20:49:38"}
{"level":"info","message":"Получение ожидающих приглашений пользователя","timestamp":"2025-09-09 20:49:38","userId":1}
{"level":"info","message":"Получение заданий для пользователя ID: 1","timestamp":"2025-09-09 20:49:45"}
{"level":"info","message":"Получение ожидающих приглашений пользователя","timestamp":"2025-09-09 20:49:45","userId":1}
{"level":"info","message":"Получение ожидающих приглашений пользователя","timestamp":"2025-09-09 20:49:45","userId":1}
{"level":"info","message":"Получение заданий для пользователя ID: 1","timestamp":"2025-09-09 20:49:45"}
{"level":"info","message":"Получение ожидающих приглашений пользователя","timestamp":"2025-09-09 20:49:45","userId":1}
{"level":"info","message":"Получение заданий для пользователя ID: 1","timestamp":"2025-09-09 20:49:45"}
{"level":"info","message":"Получение ожидающих приглашений пользователя","timestamp":"2025-09-09 20:49:45","userId":1}
{"level":"info","message":"Получение заданий для пользователя ID: 1","timestamp":"2025-09-09 20:49:45"}
{"assignmentId":32,"level":"info","message":"Получение состава команды проекта","timestamp":"2025-09-09 20:49:45"}
{"assignmentId":32,"level":"info","message":"Получение состава команды проекта","timestamp":"2025-09-09 20:49:45"}
{"assignmentId":32,"level":"info","message":"Получение состава команды проекта","timestamp":"2025-09-09 20:49:45"}
{"level":"info","message":"Получение заданий для пользователя ID: 1","timestamp":"2025-09-09 20:49:45"}
{"level":"info","message":"Получение ожидающих приглашений пользователя","timestamp":"2025-09-09 20:49:45","userId":1}
{"assignmentId":32,"level":"info","message":"Получение состава команды проекта","timestamp":"2025-09-09 20:49:45"}
{"assignmentId":32,"level":"info","message":"Получение состава команды проекта","timestamp":"2025-09-09 20:49:45"}
{"assignmentId":32,"level":"info","message":"Получение состава команды проекта","timestamp":"2025-09-09 20:49:45"}
{"assignmentId":32,"level":"info","message":"Получение состава команды проекта","timestamp":"2025-09-09 20:50:06"}
{"assignmentId":32,"level":"info","message":"Получение состава команды проекта","timestamp":"2025-09-09 20:50:06"}
{"assignmentId":32,"level":"info","message":"Получение состава команды проекта","timestamp":"2025-09-09 20:50:06"}
{"level":"info","message":"Получение заданий для пользователя ID: 1","timestamp":"2025-09-09 20:50:37"}
{"level":"info","message":"Получение ожидающих приглашений пользователя","timestamp":"2025-09-09 20:50:37","userId":1}
{"level":"info","message":"Получение заданий для пользователя ID: 1","timestamp":"2025-09-09 20:50:37"}
{"level":"info","message":"Получение ожидающих приглашений пользователя","timestamp":"2025-09-09 20:50:37","userId":1}
{"level":"info","message":"Получение заданий для пользователя ID: 1","timestamp":"2025-09-09 20:50:37"}
{"level":"info","message":"Получение ожидающих приглашений пользователя","timestamp":"2025-09-09 20:50:37","userId":1}
{"level":"info","message":"Получение заданий для пользователя ID: 1","timestamp":"2025-09-09 20:51:08"}
{"level":"info","message":"Получение ожидающих приглашений пользователя","timestamp":"2025-09-09 20:51:08","userId":1}
{"level":"info","message":"Получение заданий для пользователя ID: 1","timestamp":"2025-09-09 20:51:08"}
{"level":"info","message":"Получение ожидающих приглашений пользователя","timestamp":"2025-09-09 20:51:08","userId":1}
{"level":"info","message":"Получение заданий для пользователя ID: 1","timestamp":"2025-09-09 20:51:08"}
{"level":"info","message":"Получение ожидающих приглашений пользователя","timestamp":"2025-09-09 20:51:08","userId":1}
{"level":"info","message":"Получение заданий для пользователя ID: 1","timestamp":"2025-09-09 20:51:39"}
{"level":"info","message":"Получение ожидающих приглашений пользователя","timestamp":"2025-09-09 20:51:39","userId":1}
{"level":"info","message":"Получение заданий для пользователя ID: 1","timestamp":"2025-09-09 20:51:39"}
{"level":"info","message":"Получение ожидающих приглашений пользователя","timestamp":"2025-09-09 20:51:39","userId":1}
{"level":"info","message":"Получение заданий для пользователя ID: 1","timestamp":"2025-09-09 20:51:39"}
{"level":"info","message":"Получение ожидающих приглашений пользователя","timestamp":"2025-09-09 20:51:39","userId":1}
{"level":"info","message":"Получение заданий для пользователя ID: 1","timestamp":"2025-09-09 20:52:10"}
{"level":"info","message":"Получение ожидающих приглашений пользователя","timestamp":"2025-09-09 20:52:10","userId":1}
{"level":"info","message":"Получение ожидающих приглашений пользователя","timestamp":"2025-09-09 20:52:10","userId":1}
{"level":"info","message":"Получение заданий для пользователя ID: 1","timestamp":"2025-09-09 20:52:10"}
{"level":"info","message":"Получение заданий для пользователя ID: 1","timestamp":"2025-09-09 20:52:10"}
{"level":"info","message":"Получение ожидающих приглашений пользователя","timestamp":"2025-09-09 20:52:10","userId":1}
{"level":"info","message":"Получение заданий для пользователя ID: 1","timestamp":"2025-09-09 20:52:41"}
{"level":"info","message":"Получение ожидающих приглашений пользователя","timestamp":"2025-09-09 20:52:41","userId":1}
{"level":"info","message":"Получение заданий для пользователя ID: 1","timestamp":"2025-09-09 20:52:41"}
{"level":"info","message":"Получение ожидающих приглашений пользователя","timestamp":"2025-09-09 20:52:41","userId":1}
{"level":"info","message":"Получение заданий для пользователя ID: 1","timestamp":"2025-09-09 20:52:41"}
{"level":"info","message":"Получение ожидающих приглашений пользователя","timestamp":"2025-09-09 20:52:41","userId":1}
{"level":"info","message":"Получение заданий для пользователя ID: 1","timestamp":"2025-09-09 20:53:12"}
{"level":"info","message":"Получение ожидающих приглашений пользователя","timestamp":"2025-09-09 20:53:12","userId":1}
{"level":"info","message":"Получение заданий для пользователя ID: 1","timestamp":"2025-09-09 20:53:12"}
{"level":"info","message":"Получение ожидающих приглашений пользователя","timestamp":"2025-09-09 20:53:12","userId":1}
{"level":"info","message":"Получение заданий для пользователя ID: 1","timestamp":"2025-09-09 20:53:12"}
{"level":"info","message":"Получение ожидающих приглашений пользователя","timestamp":"2025-09-09 20:53:12","userId":1}
{"level":"info","message":"Получение заданий для пользователя ID: 1","timestamp":"2025-09-09 20:53:43"}
{"level":"info","message":"Получение ожидающих приглашений пользователя","timestamp":"2025-09-09 20:53:43","userId":1}
{"level":"info","message":"Получение заданий для пользователя ID: 1","timestamp":"2025-09-09 20:53:43"}
{"level":"info","message":"Получение ожидающих приглашений пользователя","timestamp":"2025-09-09 20:53:43","userId":1}
{"level":"info","message":"Получение заданий для пользователя ID: 1","timestamp":"2025-09-09 20:53:43"}
{"level":"info","message":"Получение ожидающих приглашений пользователя","timestamp":"2025-09-09 20:53:43","userId":1}
{"level":"info","message":"Получение заданий для пользователя ID: 1","timestamp":"2025-09-09 20:54:14"}
{"level":"info","message":"Получение ожидающих приглашений пользователя","timestamp":"2025-09-09 20:54:14","userId":1}
{"level":"info","message":"Получение ожидающих приглашений пользователя","timestamp":"2025-09-09 20:54:14","userId":1}
{"level":"info","message":"Получение заданий для пользователя ID: 1","timestamp":"2025-09-09 20:54:14"}
{"level":"info","message":"Получение заданий для пользователя ID: 1","timestamp":"2025-09-09 20:54:14"}
{"level":"info","message":"Получение ожидающих приглашений пользователя","timestamp":"2025-09-09 20:54:14","userId":1}
{"level":"info","message":"Получение заданий для пользователя ID: 1","timestamp":"2025-09-09 20:54:45"}
{"level":"info","message":"Получение ожидающих приглашений пользователя","timestamp":"2025-09-09 20:54:45","userId":1}
{"level":"info","message":"Получение заданий для пользователя ID: 1","timestamp":"2025-09-09 20:54:45"}
{"level":"info","message":"Получение ожидающих приглашений пользователя","timestamp":"2025-09-09 20:54:45","userId":1}
{"level":"info","message":"Получение заданий для пользователя ID: 1","timestamp":"2025-09-09 20:54:45"}
{"level":"info","message":"Получение ожидающих приглашений пользователя","timestamp":"2025-09-09 20:54:45","userId":1}
{"level":"info","message":"Получение заданий для пользователя ID: 1","timestamp":"2025-09-09 20:55:16"}
{"level":"info","message":"Получение ожидающих приглашений пользователя","timestamp":"2025-09-09 20:55:16","userId":1}
{"level":"info","message":"Получение заданий для пользователя ID: 1","timestamp":"2025-09-09 20:55:16"}
{"level":"info","message":"Получение ожидающих приглашений пользователя","timestamp":"2025-09-09 20:55:16","userId":1}
{"level":"info","message":"Получение заданий для пользователя ID: 1","timestamp":"2025-09-09 20:55:16"}
{"level":"info","message":"Получение ожидающих приглашений пользователя","timestamp":"2025-09-09 20:55:16","userId":1}
{"level":"info","message":"Получение заданий для пользователя ID: 1","timestamp":"2025-09-09 20:55:47"}
{"level":"info","message":"Получение ожидающих приглашений пользователя","timestamp":"2025-09-09 20:55:47","userId":1}
{"level":"info","message":"Получение заданий для пользователя ID: 1","timestamp":"2025-09-09 20:55:47"}
{"level":"info","message":"Получение ожидающих приглашений пользователя","timestamp":"2025-09-09 20:55:47","userId":1}
{"level":"info","message":"Получение заданий для пользователя ID: 1","timestamp":"2025-09-09 20:55:47"}
{"level":"info","message":"Получение ожидающих приглашений пользователя","timestamp":"2025-09-09 20:55:47","userId":1}
{"level":"info","message":"Получение заданий для пользователя ID: 1","timestamp":"2025-09-09 20:56:18"}
{"level":"info","message":"Получение ожидающих приглашений пользователя","timestamp":"2025-09-09 20:56:18","userId":1}
{"level":"info","message":"Получение заданий для пользователя ID: 1","timestamp":"2025-09-09 20:56:18"}
{"level":"info","message":"Получение ожидающих приглашений пользователя","timestamp":"2025-09-09 20:56:18","userId":1}
{"level":"info","message":"Получение заданий для пользователя ID: 1","timestamp":"2025-09-09 20:56:18"}
{"level":"info","message":"Получение ожидающих приглашений пользователя","timestamp":"2025-09-09 20:56:18","userId":1}
{"level":"info","message":"Получение заданий для пользователя ID: 1","timestamp":"2025-09-09 20:56:49"}
{"level":"info","message":"Получение ожидающих приглашений пользователя","timestamp":"2025-09-09 20:56:49","userId":1}
{"level":"info","message":"Получение заданий для пользователя ID: 1","timestamp":"2025-09-09 20:56:49"}
{"level":"info","message":"Получение ожидающих приглашений пользователя","timestamp":"2025-09-09 20:56:49","userId":1}
{"level":"info","message":"Получение заданий для пользователя ID: 1","timestamp":"2025-09-09 20:56:49"}
{"level":"info","message":"Получение ожидающих приглашений пользователя","timestamp":"2025-09-09 20:56:49","userId":1}
{"level":"info","message":"Получение заданий для пользователя ID: 1","timestamp":"2025-09-09 20:57:19"}
{"level":"info","message":"Получение ожидающих приглашений пользователя","timestamp":"2025-09-09 20:57:19","userId":1}
{"level":"info","message":"Получение заданий для пользователя ID: 1","timestamp":"2025-09-09 20:57:19"}
{"level":"info","message":"Получение ожидающих приглашений пользователя","timestamp":"2025-09-09 20:57:19","userId":1}
{"level":"info","message":"Получение заданий для пользователя ID: 1","timestamp":"2025-09-09 20:57:19"}
{"level":"info","message":"Получение ожидающих приглашений пользователя","timestamp":"2025-09-09 20:57:19","userId":1}
{"assignmentId":32,"invitedBy":1,"level":"info","message":"Приглашение пользователя в команду проекта","timestamp":"2025-09-09 20:57:23","userId":2}
{"assignmentId":32,"invitationId":1,"level":"info","message":"Пользователь успешно приглашен в проект","timestamp":"2025-09-09 20:57:23","userId":2}
{"assignmentId":32,"level":"info","message":"Получение состава команды проекта","timestamp":"2025-09-09 20:57:25"}
{"level":"info","message":"Получение заданий для пользователя ID: 2","timestamp":"2025-09-09 20:57:32"}
{"level":"info","message":"Получение заданий для пользователя ID: 2","timestamp":"2025-09-09 20:57:32"}
{"level":"info","message":"Получение ожидающих приглашений пользователя","timestamp":"2025-09-09 20:57:32","userId":2}
{"level":"info","message":"Получение ожидающих приглашений пользователя","timestamp":"2025-09-09 20:57:32","userId":2}
{"assignmentId":26,"level":"info","message":"Получение состава команды проекта","timestamp":"2025-09-09 20:57:32"}
{"assignmentId":26,"level":"info","message":"Получение состава команды проекта","timestamp":"2025-09-09 20:57:32"}
{"level":"info","message":"Получение заданий для пользователя ID: 2","timestamp":"2025-09-09 20:57:32"}
{"assignmentId":26,"level":"info","message":"Получение состава команды проекта","timestamp":"2025-09-09 20:57:32"}
{"level":"info","message":"Получение заданий для пользователя ID: 2","timestamp":"2025-09-09 20:57:32"}
{"level":"info","message":"Получение ожидающих приглашений пользователя","timestamp":"2025-09-09 20:57:32","userId":2}
{"assignmentId":26,"level":"info","message":"Получение состава команды проекта","timestamp":"2025-09-09 20:57:32"}
{"level":"info","message":"Получение ожидающих приглашений пользователя","timestamp":"2025-09-09 20:57:32","userId":2}
{"level":"info","message":"Получение заданий для пользователя ID: 2","timestamp":"2025-09-09 20:57:32"}
{"level":"info","message":"Получение ожидающих приглашений пользователя","timestamp":"2025-09-09 20:57:32","userId":2}
{"level":"info","message":"Получение заданий для пользователя ID: 2","timestamp":"2025-09-09 20:57:32"}
{"level":"info","message":"Получение ожидающих приглашений пользователя","timestamp":"2025-09-09 20:57:32","userId":2}
{"level":"info","message":"Получение заданий для пользователя ID: 2","timestamp":"2025-09-09 20:57:34"}
{"level":"info","message":"Получение заданий для пользователя ID: 2","timestamp":"2025-09-09 20:57:34"}
{"level":"info","message":"Получение заданий для пользователя ID: 2","timestamp":"2025-09-09 20:57:35"}
{"level":"info","message":"Получение ожидающих приглашений пользователя","timestamp":"2025-09-09 20:57:35","userId":2}
{"level":"info","message":"Получение ожидающих приглашений пользователя","timestamp":"2025-09-09 20:57:35","userId":2}
{"level":"info","message":"Получение заданий для пользователя ID: 2","timestamp":"2025-09-09 20:57:35"}
{"level":"info","message":"Получение ожидающих приглашений пользователя","timestamp":"2025-09-09 20:57:35","userId":2}
{"level":"info","message":"Получение заданий для пользователя ID: 2","timestamp":"2025-09-09 20:57:35"}
{"assignmentId":26,"level":"info","message":"Получение состава команды проекта","timestamp":"2025-09-09 20:57:35"}
{"assignmentId":26,"level":"info","message":"Получение состава команды проекта","timestamp":"2025-09-09 20:57:35"}
{"level":"info","message":"Получение заданий для пользователя ID: 2","timestamp":"2025-09-09 20:57:35"}
{"level":"info","message":"Получение ожидающих приглашений пользователя","timestamp":"2025-09-09 20:57:35","userId":2}
{"assignmentId":26,"level":"info","message":"Получение состава команды проекта","timestamp":"2025-09-09 20:57:35"}
{"level":"info","message":"Получение ожидающих приглашений пользователя","timestamp":"2025-09-09 20:57:35","userId":2}
{"level":"info","message":"Получение заданий для пользователя ID: 2","timestamp":"2025-09-09 20:57:35"}
{"assignmentId":26,"level":"info","message":"Получение состава команды проекта","timestamp":"2025-09-09 20:57:35"}
{"assignmentId":26,"level":"info","message":"Получение состава команды проекта","timestamp":"2025-09-09 20:57:35"}
{"level":"info","message":"Получение заданий для пользователя ID: 2","timestamp":"2025-09-09 20:57:38"}
{"level":"info","message":"Получение заданий для пользователя ID: 2","timestamp":"2025-09-09 20:57:38"}
{"level":"info","message":"Получение ожидающих приглашений пользователя","timestamp":"2025-09-09 20:57:38","userId":2}
{"level":"info","message":"Получение заданий для пользователя ID: 2","timestamp":"2025-09-09 20:57:40"}
{"level":"info","message":"Получение ожидающих приглашений пользователя","timestamp":"2025-09-09 20:57:40","userId":2}
{"level":"info","message":"Получение ожидающих приглашений пользователя","timestamp":"2025-09-09 20:57:40","userId":2}
{"level":"info","message":"Получение заданий для пользователя ID: 2","timestamp":"2025-09-09 20:57:40"}
{"level":"info","message":"Получение ожидающих приглашений пользователя","timestamp":"2025-09-09 20:57:40","userId":2}
{"level":"info","message":"Получение заданий для пользователя ID: 2","timestamp":"2025-09-09 20:57:40"}
{"assignmentId":26,"level":"info","message":"Получение состава команды проекта","timestamp":"2025-09-09 20:57:40"}
{"assignmentId":26,"level":"info","message":"Получение состава команды проекта","timestamp":"2025-09-09 20:57:40"}
{"assignmentId":26,"level":"info","message":"Получение состава команды проекта","timestamp":"2025-09-09 20:57:40"}
{"level":"info","message":"Получение заданий для пользователя ID: 2","timestamp":"2025-09-09 20:57:40"}
{"level":"info","message":"Получение ожидающих приглашений пользователя","timestamp":"2025-09-09 20:57:40","userId":2}
{"level":"info","message":"Получение заданий для пользователя ID: 2","timestamp":"2025-09-09 20:57:40"}
{"level":"info","message":"Получение ожидающих приглашений пользователя","timestamp":"2025-09-09 20:57:40","userId":2}
{"assignmentId":26,"level":"info","message":"Получение состава команды проекта","timestamp":"2025-09-09 20:57:40"}
{"assignmentId":26,"level":"info","message":"Получение состава команды проекта","timestamp":"2025-09-09 20:57:40"}
{"level":"info","message":"Получение заданий для пользователя ID: 2","timestamp":"2025-09-09 20:57:43"}
{"level":"info","message":"Получение заданий для пользователя ID: 2","timestamp":"2025-09-09 20:57:43"}
{"level":"info","message":"Получение заданий для пользователя ID: 2","timestamp":"2025-09-09 20:57:44"}
{"level":"info","message":"Получение ожидающих приглашений пользователя","timestamp":"2025-09-09 20:57:44","userId":2}
{"level":"info","message":"Получение ожидающих приглашений пользователя","timestamp":"2025-09-09 20:57:44","userId":2}
{"level":"info","message":"Получение заданий для пользователя ID: 2","timestamp":"2025-09-09 20:57:44"}
{"level":"info","message":"Получение заданий для пользователя ID: 2","timestamp":"2025-09-09 20:57:44"}
{"level":"info","message":"Получение ожидающих приглашений пользователя","timestamp":"2025-09-09 20:57:44","userId":2}
{"level":"info","message":"Получение ожидающих приглашений пользователя","timestamp":"2025-09-09 20:57:44","userId":2}
{"level":"info","message":"Получение заданий для пользователя ID: 2","timestamp":"2025-09-09 20:57:44"}
{"assignmentId":26,"level":"info","message":"Получение состава команды проекта","timestamp":"2025-09-09 20:57:44"}
{"assignmentId":26,"level":"info","message":"Получение состава команды проекта","timestamp":"2025-09-09 20:57:44"}
{"level":"info","message":"Получение заданий для пользователя ID: 2","timestamp":"2025-09-09 20:57:44"}
{"level":"info","message":"Получение ожидающих приглашений пользователя","timestamp":"2025-09-09 20:57:44","userId":2}
{"assignmentId":26,"level":"info","message":"Получение состава команды проекта","timestamp":"2025-09-09 20:57:44"}
{"assignmentId":26,"level":"info","message":"Получение состава команды проекта","timestamp":"2025-09-09 20:57:44"}
{"assignmentId":26,"level":"info","message":"Получение состава команды проекта","timestamp":"2025-09-09 20:57:44"}
{"level":"info","message":"Получение заданий для пользователя ID: 2","timestamp":"2025-09-09 20:58:08"}
{"level":"info","message":"Получение ожидающих приглашений пользователя","timestamp":"2025-09-09 20:58:08","userId":2}
{"level":"info","message":"Получение заданий для пользователя ID: 2","timestamp":"2025-09-09 20:58:08"}
{"level":"info","message":"Получение ожидающих приглашений пользователя","timestamp":"2025-09-09 20:58:08","userId":2}
{"level":"info","message":"Получение ожидающих приглашений пользователя","timestamp":"2025-09-09 20:58:08","userId":2}
{"level":"info","message":"Получение заданий для пользователя ID: 2","timestamp":"2025-09-09 20:58:08"}
{"level":"info","message":"Получение ожидающих приглашений пользователя","timestamp":"2025-09-09 20:58:08","userId":2}
{"level":"info","message":"Получение заданий для пользователя ID: 2","timestamp":"2025-09-09 20:58:08"}
{"assignmentId":26,"level":"info","message":"Получение состава команды проекта","timestamp":"2025-09-09 20:58:08"}
{"level":"info","message":"Получение ожидающих приглашений пользователя","timestamp":"2025-09-09 20:58:08","userId":2}
{"level":"info","message":"Получение заданий для пользователя ID: 2","timestamp":"2025-09-09 20:58:09"}
{"assignmentId":26,"level":"info","message":"Получение состава команды проекта","timestamp":"2025-09-09 20:58:09"}
{"assignmentId":26,"level":"info","message":"Получение состава команды проекта","timestamp":"2025-09-09 20:58:09"}
{"assignmentId":26,"level":"info","message":"Получение состава команды проекта","timestamp":"2025-09-09 20:58:09"}
{"assignmentId":26,"level":"info","message":"Получение состава команды проекта","timestamp":"2025-09-09 20:58:09"}
{"assignmentId":26,"level":"info","message":"Получение состава команды проекта","timestamp":"2025-09-09 20:58:09"}
{"assignmentId":23,"level":"info","message":"Получение состава команды проекта","timestamp":"2025-09-09 20:58:12"}
{"assignmentId":23,"level":"info","message":"Получение состава команды проекта","timestamp":"2025-09-09 20:58:12"}
{"assignmentId":26,"level":"info","message":"Получение состава команды проекта","timestamp":"2025-09-09 20:58:13"}
{"assignmentId":26,"level":"info","message":"Получение состава команды проекта","timestamp":"2025-09-09 20:58:13"}
{"level":"info","message":"Получение заданий для пользователя ID: 2","timestamp":"2025-09-09 20:58:15"}
{"level":"info","message":"Получение заданий для пользователя ID: 2","timestamp":"2025-09-09 20:58:15"}
{"level":"info","message":"Получение заданий для пользователя ID: 2","timestamp":"2025-09-09 20:58:15"}
{"level":"info","message":"Получение заданий для пользователя ID: 2","timestamp":"2025-09-09 20:58:18"}
{"level":"info","message":"Получение заданий для пользователя ID: 2","timestamp":"2025-09-09 20:58:18"}
{"level":"info","message":"Получение заданий для пользователя ID: 2","timestamp":"2025-09-09 20:58:19"}
{"level":"info","message":"Получение ожидающих приглашений пользователя","timestamp":"2025-09-09 20:58:19","userId":2}
{"level":"info","message":"Получение ожидающих приглашений пользователя","timestamp":"2025-09-09 20:58:19","userId":2}
{"level":"info","message":"Получение заданий для пользователя ID: 2","timestamp":"2025-09-09 20:58:19"}
{"level":"info","message":"Получение ожидающих приглашений пользователя","timestamp":"2025-09-09 20:58:19","userId":2}
{"level":"info","message":"Получение заданий для пользователя ID: 2","timestamp":"2025-09-09 20:58:19"}
{"assignmentId":26,"level":"info","message":"Получение состава команды проекта","timestamp":"2025-09-09 20:58:19"}
{"assignmentId":26,"level":"info","message":"Получение состава команды проекта","timestamp":"2025-09-09 20:58:19"}
{"level":"info","message":"Получение заданий для пользователя ID: 2","timestamp":"2025-09-09 20:58:19"}
{"level":"info","message":"Получение ожидающих приглашений пользователя","timestamp":"2025-09-09 20:58:19","userId":2}
{"assignmentId":26,"level":"info","message":"Получение состава команды проекта","timestamp":"2025-09-09 20:58:19"}
{"level":"info","message":"Получение заданий для пользователя ID: 2","timestamp":"2025-09-09 20:58:19"}
{"level":"info","message":"Получение ожидающих приглашений пользователя","timestamp":"2025-09-09 20:58:19","userId":2}
{"assignmentId":26,"level":"info","message":"Получение состава команды проекта","timestamp":"2025-09-09 20:58:19"}
{"assignmentId":26,"level":"info","message":"Получение состава команды проекта","timestamp":"2025-09-09 20:58:19"}
{"level":"info","message":"Получение заданий для пользователя ID: 2","timestamp":"2025-09-09 20:58:24"}
{"level":"info","message":"Получение ожидающих приглашений пользователя","timestamp":"2025-09-09 20:58:24","userId":2}
{"level":"info","message":"Получение ожидающих приглашений пользователя","timestamp":"2025-09-09 20:58:24","userId":2}
{"level":"info","message":"Получение заданий для пользователя ID: 2","timestamp":"2025-09-09 20:58:24"}
{"level":"info","message":"Получение ожидающих приглашений пользователя","timestamp":"2025-09-09 20:58:24","userId":2}
{"level":"info","message":"Получение заданий для пользователя ID: 2","timestamp":"2025-09-09 20:58:24"}
{"assignmentId":26,"level":"info","message":"Получение состава команды проекта","timestamp":"2025-09-09 20:58:24"}
{"assignmentId":26,"level":"info","message":"Получение состава команды проекта","timestamp":"2025-09-09 20:58:24"}
{"assignmentId":26,"level":"info","message":"Получение состава команды проекта","timestamp":"2025-09-09 20:58:24"}
{"level":"info","message":"Получение заданий для пользователя ID: 2","timestamp":"2025-09-09 20:58:24"}
{"level":"info","message":"Получение ожидающих приглашений пользователя","timestamp":"2025-09-09 20:58:24","userId":2}
{"level":"info","message":"Получение заданий для пользователя ID: 2","timestamp":"2025-09-09 20:58:24"}
{"level":"info","message":"Получение ожидающих приглашений пользователя","timestamp":"2025-09-09 20:58:24","userId":2}
{"assignmentId":26,"level":"info","message":"Получение состава команды проекта","timestamp":"2025-09-09 20:58:24"}
{"assignmentId":26,"level":"info","message":"Получение состава команды проекта","timestamp":"2025-09-09 20:58:24"}
{"level":"info","message":"Получение заданий для пользователя ID: 1","timestamp":"2025-09-09 20:58:35"}
{"level":"info","message":"Получение заданий для пользователя ID: 1","timestamp":"2025-09-09 20:58:35"}
{"level":"info","message":"Получение ожидающих приглашений пользователя","timestamp":"2025-09-09 20:58:35","userId":1}
{"level":"info","message":"Получение ожидающих приглашений пользователя","timestamp":"2025-09-09 20:58:35","userId":1}
{"assignmentId":32,"level":"info","message":"Получение состава команды проекта","timestamp":"2025-09-09 20:58:35"}
{"assignmentId":32,"level":"info","message":"Получение состава команды проекта","timestamp":"2025-09-09 20:58:35"}
{"assignmentId":32,"level":"info","message":"Получение состава команды проекта","timestamp":"2025-09-09 20:58:35"}
{"level":"info","message":"Получение заданий для пользователя ID: 1","timestamp":"2025-09-09 20:58:35"}
{"level":"info","message":"Получение ожидающих приглашений пользователя","timestamp":"2025-09-09 20:58:35","userId":1}
{"level":"info","message":"Получение ожидающих приглашений пользователя","timestamp":"2025-09-09 20:58:35","userId":1}
{"assignmentId":32,"level":"info","message":"Получение состава команды проекта","timestamp":"2025-09-09 20:58:35"}
{"level":"info","message":"Получение заданий для пользователя ID: 1","timestamp":"2025-09-09 20:58:35"}
{"level":"info","message":"Получение заданий для пользователя ID: 1","timestamp":"2025-09-09 20:58:35"}
{"level":"info","message":"Получение ожидающих приглашений пользователя","timestamp":"2025-09-09 20:58:35","userId":1}
{"level":"info","message":"Получение ожидающих приглашений пользователя","timestamp":"2025-09-09 20:58:35","userId":1}
{"level":"info","message":"Получение заданий для пользователя ID: 1","timestamp":"2025-09-09 20:58:35"}
{"level":"info","message":"Получение заданий для пользователя ID: 1","timestamp":"2025-09-09 20:59:05"}
{"level":"info","message":"Получение ожидающих приглашений пользователя","timestamp":"2025-09-09 20:59:05","userId":1}
{"level":"info","message":"Получение заданий для пользователя ID: 1","timestamp":"2025-09-09 20:59:05"}
{"level":"info","message":"Получение ожидающих приглашений пользователя","timestamp":"2025-09-09 20:59:05","userId":1}
{"level":"info","message":"Получение заданий для пользователя ID: 1","timestamp":"2025-09-09 20:59:05"}
{"level":"info","message":"Получение ожидающих приглашений пользователя","timestamp":"2025-09-09 20:59:05","userId":1}
{"level":"info","message":"Получение заданий для пользователя ID: 2","timestamp":"2025-09-09 20:59:13"}
{"level":"info","message":"Получение ожидающих приглашений пользователя","timestamp":"2025-09-09 20:59:13","userId":2}
{"level":"info","message":"Получение заданий для пользователя ID: 2","timestamp":"2025-09-09 20:59:13"}
{"level":"info","message":"Получение ожидающих приглашений пользователя","timestamp":"2025-09-09 20:59:13","userId":2}
{"level":"info","message":"Получение заданий для пользователя ID: 2","timestamp":"2025-09-09 20:59:13"}
{"level":"info","message":"Получение ожидающих приглашений пользователя","timestamp":"2025-09-09 20:59:13","userId":2}
{"assignmentId":26,"level":"info","message":"Получение состава команды проекта","timestamp":"2025-09-09 20:59:13"}
{"assignmentId":26,"level":"info","message":"Получение состава команды проекта","timestamp":"2025-09-09 20:59:13"}
{"assignmentId":26,"level":"info","message":"Получение состава команды проекта","timestamp":"2025-09-09 20:59:13"}
{"level":"info","message":"Получение заданий для пользователя ID: 2","timestamp":"2025-09-09 20:59:13"}
{"level":"info","message":"Получение ожидающих приглашений пользователя","timestamp":"2025-09-09 20:59:13","userId":2}
{"level":"info","message":"Получение заданий для пользователя ID: 2","timestamp":"2025-09-09 20:59:13"}
{"level":"info","message":"Получение ожидающих приглашений пользователя","timestamp":"2025-09-09 20:59:13","userId":2}
{"assignmentId":26,"level":"info","message":"Получение состава команды проекта","timestamp":"2025-09-09 20:59:13"}
{"assignmentId":26,"level":"info","message":"Получение состава команды проекта","timestamp":"2025-09-09 20:59:13"}
{"level":"info","message":"Получение заданий для пользователя ID: 2","timestamp":"2025-09-09 20:59:21"}
{"level":"info","message":"Получение ожидающих приглашений пользователя","timestamp":"2025-09-09 20:59:21","userId":2}
{"level":"info","message":"Получение ожидающих приглашений пользователя","timestamp":"2025-09-09 20:59:21","userId":2}
{"level":"info","message":"Получение заданий для пользователя ID: 2","timestamp":"2025-09-09 20:59:21"}
{"level":"info","message":"Получение ожидающих приглашений пользователя","timestamp":"2025-09-09 20:59:21","userId":2}
{"level":"info","message":"Получение заданий для пользователя ID: 2","timestamp":"2025-09-09 20:59:21"}
{"assignmentId":26,"level":"info","message":"Получение состава команды проекта","timestamp":"2025-09-09 20:59:21"}
{"assignmentId":26,"level":"info","message":"Получение состава команды проекта","timestamp":"2025-09-09 20:59:21"}
{"level":"info","message":"Получение заданий для пользователя ID: 2","timestamp":"2025-09-09 20:59:21"}
{"level":"info","message":"Получение ожидающих приглашений пользователя","timestamp":"2025-09-09 20:59:21","userId":2}
{"assignmentId":26,"level":"info","message":"Получение состава команды проекта","timestamp":"2025-09-09 20:59:21"}
{"level":"info","message":"Получение ожидающих приглашений пользователя","timestamp":"2025-09-09 20:59:21","userId":2}
{"level":"info","message":"Получение заданий для пользователя ID: 2","timestamp":"2025-09-09 20:59:21"}
{"assignmentId":26,"level":"info","message":"Получение состава команды проекта","timestamp":"2025-09-09 20:59:21"}
{"assignmentId":26,"level":"info","message":"Получение состава команды проекта","timestamp":"2025-09-09 20:59:21"}
{"assignmentId":26,"invitedBy":2,"level":"info","message":"Приглашение пользователя в команду проекта","timestamp":"2025-09-09 20:59:39","userId":1}
{"assignmentId":26,"invitationId":2,"level":"info","message":"Пользователь успешно приглашен в проект","timestamp":"2025-09-09 20:59:39","userId":1}
{"assignmentId":26,"level":"info","message":"Получение состава команды проекта","timestamp":"2025-09-09 20:59:40"}
{"level":"info","message":"Получение заданий для пользователя ID: 1","timestamp":"2025-09-09 20:59:45"}
{"level":"info","message":"Получение ожидающих приглашений пользователя","timestamp":"2025-09-09 20:59:45","userId":1}
{"level":"info","message":"Получение заданий для пользователя ID: 1","timestamp":"2025-09-09 20:59:45"}
{"level":"info","message":"Получение ожидающих приглашений пользователя","timestamp":"2025-09-09 20:59:45","userId":1}
{"assignmentId":32,"level":"info","message":"Получение состава команды проекта","timestamp":"2025-09-09 20:59:46"}
{"level":"info","message":"Получение заданий для пользователя ID: 1","timestamp":"2025-09-09 20:59:46"}
{"level":"info","message":"Получение ожидающих приглашений пользователя","timestamp":"2025-09-09 20:59:46","userId":1}
{"assignmentId":32,"level":"info","message":"Получение состава команды проекта","timestamp":"2025-09-09 20:59:46"}
{"assignmentId":32,"level":"info","message":"Получение состава команды проекта","timestamp":"2025-09-09 20:59:46"}
{"level":"info","message":"Получение заданий для пользователя ID: 1","timestamp":"2025-09-09 20:59:46"}
{"level":"info","message":"Получение ожидающих приглашений пользователя","timestamp":"2025-09-09 20:59:46","userId":1}
{"assignmentId":32,"level":"info","message":"Получение состава команды проекта","timestamp":"2025-09-09 20:59:46"}
{"level":"info","message":"Получение заданий для пользователя ID: 1","timestamp":"2025-09-09 20:59:46"}
{"level":"info","message":"Получение ожидающих приглашений пользователя","timestamp":"2025-09-09 20:59:46","userId":1}
{"level":"info","message":"Получение заданий для пользователя ID: 1","timestamp":"2025-09-09 20:59:46"}
{"level":"info","message":"Получение ожидающих приглашений пользователя","timestamp":"2025-09-09 20:59:46","userId":1}
{"level":"info","message":"Получение заданий для пользователя ID: 1","timestamp":"2025-09-09 20:59:47"}
{"level":"info","message":"Получение заданий для пользователя ID: 1","timestamp":"2025-09-09 20:59:47"}
{"level":"info","message":"Получение заданий для пользователя ID: 1","timestamp":"2025-09-09 20:59:48"}
{"level":"info","message":"Получение ожидающих приглашений пользователя","timestamp":"2025-09-09 20:59:48","userId":1}
{"level":"info","message":"Получение ожидающих приглашений пользователя","timestamp":"2025-09-09 20:59:48","userId":1}
{"level":"info","message":"Получение заданий для пользователя ID: 1","timestamp":"2025-09-09 20:59:48"}
{"level":"info","message":"Получение ожидающих приглашений пользователя","timestamp":"2025-09-09 20:59:48","userId":1}
{"level":"info","message":"Получение заданий для пользователя ID: 1","timestamp":"2025-09-09 20:59:48"}
{"assignmentId":32,"level":"info","message":"Получение состава команды проекта","timestamp":"2025-09-09 20:59:48"}
{"level":"info","message":"Получение заданий для пользователя ID: 1","timestamp":"2025-09-09 20:59:48"}
{"level":"info","message":"Получение ожидающих приглашений пользователя","timestamp":"2025-09-09 20:59:48","userId":1}
{"assignmentId":32,"level":"info","message":"Получение состава команды проекта","timestamp":"2025-09-09 20:59:48"}
{"assignmentId":32,"level":"info","message":"Получение состава команды проекта","timestamp":"2025-09-09 20:59:48"}
{"level":"info","message":"Получение ожидающих приглашений пользователя","timestamp":"2025-09-09 20:59:48","userId":1}
{"level":"info","message":"Получение заданий для пользователя ID: 1","timestamp":"2025-09-09 20:59:48"}
{"assignmentId":32,"level":"info","message":"Получение состава команды проекта","timestamp":"2025-09-09 20:59:48"}
{"assignmentId":32,"level":"info","message":"Получение состава команды проекта","timestamp":"2025-09-09 20:59:48"}
{"level":"info","message":"Получение заданий для пользователя ID: 1","timestamp":"2025-09-09 21:00:18"}
{"level":"info","message":"Получение ожидающих приглашений пользователя","timestamp":"2025-09-09 21:00:18","userId":1}
{"level":"info","message":"Получение заданий для пользователя ID: 1","timestamp":"2025-09-09 21:00:18"}
{"level":"info","message":"Получение ожидающих приглашений пользователя","timestamp":"2025-09-09 21:00:18","userId":1}
{"level":"info","message":"Получение заданий для пользователя ID: 1","timestamp":"2025-09-09 21:00:18"}
{"level":"info","message":"Получение ожидающих приглашений пользователя","timestamp":"2025-09-09 21:00:18","userId":1}
{"level":"info","message":"Получение заданий для пользователя ID: 1","timestamp":"2025-09-09 21:00:49"}
{"level":"info","message":"Получение ожидающих приглашений пользователя","timestamp":"2025-09-09 21:00:49","userId":1}
{"level":"info","message":"Получение заданий для пользователя ID: 1","timestamp":"2025-09-09 21:00:49"}
{"level":"info","message":"Получение ожидающих приглашений пользователя","timestamp":"2025-09-09 21:00:49","userId":1}
{"level":"info","message":"Получение заданий для пользователя ID: 1","timestamp":"2025-09-09 21:00:49"}
{"level":"info","message":"Получение ожидающих приглашений пользователя","timestamp":"2025-09-09 21:00:49","userId":1}
{"level":"info","message":"Получение заданий для пользователя ID: 1","timestamp":"2025-09-09 21:01:06"}
{"level":"info","message":"Получение заданий для пользователя ID: 1","timestamp":"2025-09-09 21:01:06"}
{"level":"info","message":"Получение заданий для пользователя ID: 1","timestamp":"2025-09-09 21:01:07"}
{"level":"info","message":"Получение ожидающих приглашений пользователя","timestamp":"2025-09-09 21:01:07","userId":1}
{"level":"info","message":"Получение заданий для пользователя ID: 1","timestamp":"2025-09-09 21:01:07"}
{"level":"info","message":"Получение ожидающих приглашений пользователя","timestamp":"2025-09-09 21:01:07","userId":1}
{"assignmentId":32,"level":"info","message":"Получение состава команды проекта","timestamp":"2025-09-09 21:01:07"}
{"level":"info","message":"Получение заданий для пользователя ID: 1","timestamp":"2025-09-09 21:01:07"}
{"level":"info","message":"Получение ожидающих приглашений пользователя","timestamp":"2025-09-09 21:01:07","userId":1}
{"assignmentId":32,"level":"info","message":"Получение состава команды проекта","timestamp":"2025-09-09 21:01:07"}
{"assignmentId":32,"level":"info","message":"Получение состава команды проекта","timestamp":"2025-09-09 21:01:07"}
{"level":"info","message":"Получение заданий для пользователя ID: 1","timestamp":"2025-09-09 21:01:07"}
{"level":"info","message":"Получение ожидающих приглашений пользователя","timestamp":"2025-09-09 21:01:07","userId":1}
{"level":"info","message":"Получение заданий для пользователя ID: 1","timestamp":"2025-09-09 21:01:07"}
{"level":"info","message":"Получение ожидающих приглашений пользователя","timestamp":"2025-09-09 21:01:07","userId":1}
{"assignmentId":32,"level":"info","message":"Получение состава команды проекта","timestamp":"2025-09-09 21:01:07"}
{"level":"info","message":"Получение заданий для пользователя ID: 1","timestamp":"2025-09-09 21:01:07"}
{"level":"info","message":"Получение ожидающих приглашений пользователя","timestamp":"2025-09-09 21:01:07","userId":1}
{"level":"info","message":"Получение заданий для пользователя ID: 1","timestamp":"2025-09-09 21:01:38"}
{"level":"info","message":"Получение ожидающих приглашений пользователя","timestamp":"2025-09-09 21:01:38","userId":1}
{"level":"info","message":"Получение ожидающих приглашений пользователя","timestamp":"2025-09-09 21:01:38","userId":1}
{"level":"info","message":"Получение заданий для пользователя ID: 1","timestamp":"2025-09-09 21:01:38"}
{"level":"info","message":"Получение заданий для пользователя ID: 1","timestamp":"2025-09-09 21:01:38"}
{"level":"info","message":"Получение ожидающих приглашений пользователя","timestamp":"2025-09-09 21:01:38","userId":1}
{"level":"info","message":"Получение заданий для пользователя ID: 1","timestamp":"2025-09-09 21:02:09"}
{"level":"info","message":"Получение ожидающих приглашений пользователя","timestamp":"2025-09-09 21:02:09","userId":1}
{"level":"info","message":"Получение ожидающих приглашений пользователя","timestamp":"2025-09-09 21:02:09","userId":1}
{"level":"info","message":"Получение заданий для пользователя ID: 1","timestamp":"2025-09-09 21:02:09"}
{"level":"info","message":"Получение заданий для пользователя ID: 1","timestamp":"2025-09-09 21:02:09"}
{"level":"info","message":"Получение ожидающих приглашений пользователя","timestamp":"2025-09-09 21:02:09","userId":1}
{"level":"info","message":"Получение заданий для пользователя ID: 1","timestamp":"2025-09-09 21:02:40"}
{"level":"info","message":"Получение ожидающих приглашений пользователя","timestamp":"2025-09-09 21:02:40","userId":1}
{"level":"info","message":"Получение заданий для пользователя ID: 1","timestamp":"2025-09-09 21:02:40"}
{"level":"info","message":"Получение ожидающих приглашений пользователя","timestamp":"2025-09-09 21:02:40","userId":1}
{"level":"info","message":"Получение заданий для пользователя ID: 1","timestamp":"2025-09-09 21:02:40"}
{"level":"info","message":"Получение ожидающих приглашений пользователя","timestamp":"2025-09-09 21:02:40","userId":1}
{"level":"info","message":"Получение заданий для пользователя ID: 1","timestamp":"2025-09-09 21:03:11"}
{"level":"info","message":"Получение ожидающих приглашений пользователя","timestamp":"2025-09-09 21:03:11","userId":1}
{"level":"info","message":"Получение заданий для пользователя ID: 1","timestamp":"2025-09-09 21:03:11"}
{"level":"info","message":"Получение ожидающих приглашений пользователя","timestamp":"2025-09-09 21:03:11","userId":1}
{"level":"info","message":"Получение заданий для пользователя ID: 1","timestamp":"2025-09-09 21:03:11"}
{"level":"info","message":"Получение ожидающих приглашений пользователя","timestamp":"2025-09-09 21:03:11","userId":1}
{"level":"info","message":"Получение заданий для пользователя ID: 1","timestamp":"2025-09-09 21:03:19"}
{"level":"info","message":"Получение ожидающих приглашений пользователя","timestamp":"2025-09-09 21:03:19","userId":1}
{"level":"info","message":"Получение заданий для пользователя ID: 1","timestamp":"2025-09-09 21:03:19"}
{"level":"info","message":"Получение ожидающих приглашений пользователя","timestamp":"2025-09-09 21:03:19","userId":1}
{"level":"info","message":"Получение заданий для пользователя ID: 1","timestamp":"2025-09-09 21:03:19"}
{"level":"info","message":"Получение ожидающих приглашений пользователя","timestamp":"2025-09-09 21:03:19","userId":1}
{"level":"info","message":"Получение ожидающих приглашений пользователя","timestamp":"2025-09-09 21:03:19","userId":1}
{"level":"info","message":"Получение заданий для пользователя ID: 1","timestamp":"2025-09-09 21:03:19"}
{"assignmentId":32,"level":"info","message":"Получение состава команды проекта","timestamp":"2025-09-09 21:03:19"}
{"assignmentId":32,"level":"info","message":"Получение состава команды проекта","timestamp":"2025-09-09 21:03:19"}
{"assignmentId":32,"level":"info","message":"Получение состава команды проекта","timestamp":"2025-09-09 21:03:19"}
{"level":"info","message":"Получение заданий для пользователя ID: 1","timestamp":"2025-09-09 21:03:19"}
{"level":"info","message":"Получение ожидающих приглашений пользователя","timestamp":"2025-09-09 21:03:19","userId":1}
{"assignmentId":32,"level":"info","message":"Получение состава команды проекта","timestamp":"2025-09-09 21:03:19"}
{"assignmentId":32,"level":"info","message":"Получение состава команды проекта","timestamp":"2025-09-09 21:03:19"}
{"level":"info","message":"Получение заданий для пользователя ID: 1","timestamp":"2025-09-09 21:03:20"}
{"level":"info","message":"Получение заданий для пользователя ID: 1","timestamp":"2025-09-09 21:03:20"}
{"level":"info","message":"Получение заданий для пользователя ID: 1","timestamp":"2025-09-09 21:03:21"}
{"level":"info","message":"Получение заданий для пользователя ID: 1","timestamp":"2025-09-09 21:03:21"}
{"level":"info","message":"Получение заданий для пользователя ID: 1","timestamp":"2025-09-09 21:03:22"}
{"level":"info","message":"Получение ожидающих приглашений пользователя","timestamp":"2025-09-09 21:03:22","userId":1}
{"level":"info","message":"Получение заданий для пользователя ID: 1","timestamp":"2025-09-09 21:03:22"}
{"level":"info","message":"Получение ожидающих приглашений пользователя","timestamp":"2025-09-09 21:03:22","userId":1}
{"level":"info","message":"Получение заданий для пользователя ID: 1","timestamp":"2025-09-09 21:03:22"}
{"level":"info","message":"Получение ожидающих приглашений пользователя","timestamp":"2025-09-09 21:03:22","userId":1}
{"assignmentId":32,"level":"info","message":"Получение состава команды проекта","timestamp":"2025-09-09 21:03:22"}
{"assignmentId":32,"level":"info","message":"Получение состава команды проекта","timestamp":"2025-09-09 21:03:22"}
{"assignmentId":32,"level":"info","message":"Получение состава команды проекта","timestamp":"2025-09-09 21:03:22"}
{"level":"info","message":"Получение заданий для пользователя ID: 1","timestamp":"2025-09-09 21:03:22"}
{"level":"info","message":"Получение ожидающих приглашений пользователя","timestamp":"2025-09-09 21:03:22","userId":1}
{"level":"info","message":"Получение ожидающих приглашений пользователя","timestamp":"2025-09-09 21:03:22","userId":1}
{"level":"info","message":"Получение заданий для пользователя ID: 1","timestamp":"2025-09-09 21:03:22"}
{"assignmentId":32,"level":"info","message":"Получение состава команды проекта","timestamp":"2025-09-09 21:03:22"}
{"level":"info","message":"Получение заданий для пользователя ID: 2","timestamp":"2025-09-09 21:03:26"}
{"level":"info","message":"Получение ожидающих приглашений пользователя","timestamp":"2025-09-09 21:03:26","userId":2}
{"level":"info","message":"Получение заданий для пользователя ID: 2","timestamp":"2025-09-09 21:03:26"}
{"level":"info","message":"Получение ожидающих приглашений пользователя","timestamp":"2025-09-09 21:03:26","userId":2}
{"level":"info","message":"Получение заданий для пользователя ID: 2","timestamp":"2025-09-09 21:03:26"}
{"level":"info","message":"Получение ожидающих приглашений пользователя","timestamp":"2025-09-09 21:03:26","userId":2}
{"level":"info","message":"Получение заданий для пользователя ID: 2","timestamp":"2025-09-09 21:03:26"}
{"level":"info","message":"Получение ожидающих приглашений пользователя","timestamp":"2025-09-09 21:03:26","userId":2}
{"assignmentId":26,"level":"info","message":"Получение состава команды проекта","timestamp":"2025-09-09 21:03:26"}
{"assignmentId":26,"level":"info","message":"Получение состава команды проекта","timestamp":"2025-09-09 21:03:26"}
{"assignmentId":26,"level":"info","message":"Получение состава команды проекта","timestamp":"2025-09-09 21:03:26"}
{"assignmentId":26,"level":"info","message":"Получение состава команды проекта","timestamp":"2025-09-09 21:03:26"}
{"level":"info","message":"Получение заданий для пользователя ID: 2","timestamp":"2025-09-09 21:03:26"}
{"level":"info","message":"Получение ожидающих приглашений пользователя","timestamp":"2025-09-09 21:03:26","userId":2}
{"level":"info","message":"Получение заданий для пользователя ID: 2","timestamp":"2025-09-09 21:03:27"}
{"level":"info","message":"Получение ожидающих приглашений пользователя","timestamp":"2025-09-09 21:03:27","userId":2}
{"assignmentId":26,"level":"info","message":"Получение состава команды проекта","timestamp":"2025-09-09 21:03:27"}
{"assignmentId":26,"level":"info","message":"Получение состава команды проекта","timestamp":"2025-09-09 21:03:27"}
{"assignmentId":23,"level":"info","message":"Получение состава команды проекта","timestamp":"2025-09-09 21:03:40"}
{"assignmentId":23,"level":"info","message":"Получение состава команды проекта","timestamp":"2025-09-09 21:03:40"}
{"assignmentId":26,"level":"info","message":"Получение состава команды проекта","timestamp":"2025-09-09 21:03:41"}
{"assignmentId":26,"level":"info","message":"Получение состава команды проекта","timestamp":"2025-09-09 21:03:41"}
{"level":"info","message":"Получение заданий для пользователя ID: 2","timestamp":"2025-09-09 21:04:11"}
{"level":"info","message":"Получение ожидающих приглашений пользователя","timestamp":"2025-09-09 21:04:11","userId":2}
{"level":"info","message":"Получение заданий для пользователя ID: 2","timestamp":"2025-09-09 21:04:11"}
{"level":"info","message":"Получение ожидающих приглашений пользователя","timestamp":"2025-09-09 21:04:11","userId":2}
{"level":"info","message":"Получение заданий для пользователя ID: 2","timestamp":"2025-09-09 21:04:11"}
{"level":"info","message":"Получение ожидающих приглашений пользователя","timestamp":"2025-09-09 21:04:11","userId":2}
{"level":"info","message":"Получение заданий для пользователя ID: 2","timestamp":"2025-09-09 21:04:53"}
{"level":"info","message":"Получение заданий для пользователя ID: 2","timestamp":"2025-09-09 21:04:53"}
{"level":"info","message":"Получение ожидающих приглашений пользователя","timestamp":"2025-09-09 21:04:53","userId":2}
{"level":"info","message":"Получение ожидающих приглашений пользователя","timestamp":"2025-09-09 21:04:53","userId":2}
{"assignmentId":26,"level":"info","message":"Получение состава команды проекта","timestamp":"2025-09-09 21:04:53"}
{"assignmentId":26,"level":"info","message":"Получение состава команды проекта","timestamp":"2025-09-09 21:04:53"}
{"assignmentId":26,"level":"info","message":"Получение состава команды проекта","timestamp":"2025-09-09 21:04:53"}
{"level":"info","message":"Получение заданий для пользователя ID: 2","timestamp":"2025-09-09 21:04:53"}
{"level":"info","message":"Получение ожидающих приглашений пользователя","timestamp":"2025-09-09 21:04:53","userId":2}
{"level":"info","message":"Получение ожидающих приглашений пользователя","timestamp":"2025-09-09 21:04:53","userId":2}
{"level":"info","message":"Получение заданий для пользователя ID: 2","timestamp":"2025-09-09 21:04:53"}
{"assignmentId":26,"level":"info","message":"Получение состава команды проекта","timestamp":"2025-09-09 21:04:53"}
{"level":"info","message":"Получение заданий для пользователя ID: 2","timestamp":"2025-09-09 21:04:53"}
{"level":"info","message":"Получение ожидающих приглашений пользователя","timestamp":"2025-09-09 21:04:53","userId":2}
{"level":"info","message":"Получение ожидающих приглашений пользователя","timestamp":"2025-09-09 21:04:53","userId":2}
{"level":"info","message":"Получение заданий для пользователя ID: 2","timestamp":"2025-09-09 21:04:53"}
{"level":"info","message":"Получение заданий для пользователя ID: 2","timestamp":"2025-09-09 21:04:55"}
{"level":"info","message":"Получение заданий для пользователя ID: 2","timestamp":"2025-09-09 21:04:55"}
{"level":"info","message":"Получение заданий для пользователя ID: 2","timestamp":"2025-09-09 21:04:55"}
{"level":"info","message":"Получение ожидающих приглашений пользователя","timestamp":"2025-09-09 21:04:55","userId":2}
{"level":"info","message":"Получение заданий для пользователя ID: 2","timestamp":"2025-09-09 21:04:55"}
{"level":"info","message":"Получение ожидающих приглашений пользователя","timestamp":"2025-09-09 21:04:55","userId":2}
{"level":"info","message":"Получение ожидающих приглашений пользователя","timestamp":"2025-09-09 21:04:55","userId":2}
{"level":"info","message":"Получение заданий для пользователя ID: 2","timestamp":"2025-09-09 21:04:55"}
{"assignmentId":26,"level":"info","message":"Получение состава команды проекта","timestamp":"2025-09-09 21:04:55"}
{"assignmentId":26,"level":"info","message":"Получение состава команды проекта","timestamp":"2025-09-09 21:04:55"}
{"level":"info","message":"Получение заданий для пользователя ID: 2","timestamp":"2025-09-09 21:04:55"}
{"level":"info","message":"Получение ожидающих приглашений пользователя","timestamp":"2025-09-09 21:04:55","userId":2}
{"assignmentId":26,"level":"info","message":"Получение состава команды проекта","timestamp":"2025-09-09 21:04:55"}
{"level":"info","message":"Получение заданий для пользователя ID: 2","timestamp":"2025-09-09 21:04:55"}
{"level":"info","message":"Получение ожидающих приглашений пользователя","timestamp":"2025-09-09 21:04:55","userId":2}
{"assignmentId":26,"level":"info","message":"Получение состава команды проекта","timestamp":"2025-09-09 21:04:55"}
{"assignmentId":26,"level":"info","message":"Получение состава команды проекта","timestamp":"2025-09-09 21:04:55"}
{"level":"info","message":"Получение заданий для пользователя ID: 2","timestamp":"2025-09-09 21:04:59"}
{"level":"info","message":"Получение ожидающих приглашений пользователя","timestamp":"2025-09-09 21:04:59","userId":2}
{"level":"info","message":"Получение заданий для пользователя ID: 2","timestamp":"2025-09-09 21:04:59"}
{"level":"info","message":"Получение ожидающих приглашений пользователя","timestamp":"2025-09-09 21:04:59","userId":2}
{"level":"info","message":"Получение заданий для пользователя ID: 2","timestamp":"2025-09-09 21:04:59"}
{"level":"info","message":"Получение ожидающих приглашений пользователя","timestamp":"2025-09-09 21:04:59","userId":2}
{"assignmentId":26,"level":"info","message":"Получение состава команды проекта","timestamp":"2025-09-09 21:04:59"}
{"assignmentId":26,"level":"info","message":"Получение состава команды проекта","timestamp":"2025-09-09 21:04:59"}
{"level":"info","message":"Получение заданий для пользователя ID: 2","timestamp":"2025-09-09 21:04:59"}
{"level":"info","message":"Получение ожидающих приглашений пользователя","timestamp":"2025-09-09 21:04:59","userId":2}
{"assignmentId":26,"level":"info","message":"Получение состава команды проекта","timestamp":"2025-09-09 21:04:59"}
{"level":"info","message":"Получение заданий для пользователя ID: 2","timestamp":"2025-09-09 21:04:59"}
{"level":"info","message":"Получение ожидающих приглашений пользователя","timestamp":"2025-09-09 21:04:59","userId":2}
{"assignmentId":26,"level":"info","message":"Получение состава команды проекта","timestamp":"2025-09-09 21:04:59"}
{"assignmentId":26,"level":"info","message":"Получение состава команды проекта","timestamp":"2025-09-09 21:05:02"}
{"level":"info","message":"Получение заданий для пользователя ID: 2","timestamp":"2025-09-09 21:05:12"}
{"level":"info","message":"Получение заданий для пользователя ID: 2","timestamp":"2025-09-09 21:05:12"}
{"level":"info","message":"Получение ожидающих приглашений пользователя","timestamp":"2025-09-09 21:05:12","userId":2}
{"level":"info","message":"Получение ожидающих приглашений пользователя","timestamp":"2025-09-09 21:05:12","userId":2}
{"assignmentId":26,"level":"info","message":"Получение состава команды проекта","timestamp":"2025-09-09 21:05:12"}
{"assignmentId":26,"level":"info","message":"Получение состава команды проекта","timestamp":"2025-09-09 21:05:12"}
{"assignmentId":26,"level":"info","message":"Получение состава команды проекта","timestamp":"2025-09-09 21:05:12"}
{"level":"info","message":"Получение заданий для пользователя ID: 2","timestamp":"2025-09-09 21:05:12"}
{"level":"info","message":"Получение ожидающих приглашений пользователя","timestamp":"2025-09-09 21:05:12","userId":2}
{"level":"info","message":"Получение ожидающих приглашений пользователя","timestamp":"2025-09-09 21:05:12","userId":2}
{"level":"info","message":"Получение заданий для пользователя ID: 2","timestamp":"2025-09-09 21:05:12"}
{"assignmentId":26,"level":"info","message":"Получение состава команды проекта","timestamp":"2025-09-09 21:05:12"}
{"level":"info","message":"Получение заданий для пользователя ID: 2","timestamp":"2025-09-09 21:05:12"}
{"level":"info","message":"Получение ожидающих приглашений пользователя","timestamp":"2025-09-09 21:05:12","userId":2}
{"level":"info","message":"Получение заданий для пользователя ID: 2","timestamp":"2025-09-09 21:05:12"}
{"level":"info","message":"Получение ожидающих приглашений пользователя","timestamp":"2025-09-09 21:05:12","userId":2}
{"level":"info","message":"Получение заданий для пользователя ID: 2","timestamp":"2025-09-09 21:05:15"}
{"level":"info","message":"Получение ожидающих приглашений пользователя","timestamp":"2025-09-09 21:05:15","userId":2}
{"level":"info","message":"Получение заданий для пользователя ID: 2","timestamp":"2025-09-09 21:05:15"}
{"level":"info","message":"Получение ожидающих приглашений пользователя","timestamp":"2025-09-09 21:05:15","userId":2}
{"level":"info","message":"Получение ожидающих приглашений пользователя","timestamp":"2025-09-09 21:05:15","userId":2}
{"level":"info","message":"Получение заданий для пользователя ID: 2","timestamp":"2025-09-09 21:05:15"}
{"assignmentId":26,"level":"info","message":"Получение состава команды проекта","timestamp":"2025-09-09 21:05:15"}
{"assignmentId":26,"level":"info","message":"Получение состава команды проекта","timestamp":"2025-09-09 21:05:15"}
{"assignmentId":26,"level":"info","message":"Получение состава команды проекта","timestamp":"2025-09-09 21:05:15"}
{"level":"info","message":"Получение заданий для пользователя ID: 2","timestamp":"2025-09-09 21:05:15"}
{"level":"info","message":"Получение ожидающих приглашений пользователя","timestamp":"2025-09-09 21:05:15","userId":2}
{"level":"info","message":"Получение ожидающих приглашений пользователя","timestamp":"2025-09-09 21:05:15","userId":2}
{"level":"info","message":"Получение заданий для пользователя ID: 2","timestamp":"2025-09-09 21:05:15"}
{"assignmentId":26,"level":"info","message":"Получение состава команды проекта","timestamp":"2025-09-09 21:05:15"}
{"level":"info","message":"Получение заданий для пользователя ID: 2","timestamp":"2025-09-09 21:05:22"}
{"level":"info","message":"Получение заданий для пользователя ID: 2","timestamp":"2025-09-09 21:05:22"}
{"level":"info","message":"Получение ожидающих приглашений пользователя","timestamp":"2025-09-09 21:05:22","userId":2}
{"level":"info","message":"Получение ожидающих приглашений пользователя","timestamp":"2025-09-09 21:05:22","userId":2}
{"assignmentId":26,"level":"info","message":"Получение состава команды проекта","timestamp":"2025-09-09 21:05:22"}
{"assignmentId":26,"level":"info","message":"Получение состава команды проекта","timestamp":"2025-09-09 21:05:22"}
{"level":"info","message":"Получение заданий для пользователя ID: 2","timestamp":"2025-09-09 21:05:22"}
{"level":"info","message":"Получение ожидающих приглашений пользователя","timestamp":"2025-09-09 21:05:22","userId":2}
{"assignmentId":26,"level":"info","message":"Получение состава команды проекта","timestamp":"2025-09-09 21:05:22"}
{"level":"info","message":"Получение ожидающих приглашений пользователя","timestamp":"2025-09-09 21:05:22","userId":2}
{"level":"info","message":"Получение заданий для пользователя ID: 2","timestamp":"2025-09-09 21:05:22"}
{"assignmentId":26,"level":"info","message":"Получение состава команды проекта","timestamp":"2025-09-09 21:05:22"}
{"level":"info","message":"Получение заданий для пользователя ID: 2","timestamp":"2025-09-09 21:05:22"}
{"level":"info","message":"Получение ожидающих приглашений пользователя","timestamp":"2025-09-09 21:05:22","userId":2}
{"level":"info","message":"Получение ожидающих приглашений пользователя","timestamp":"2025-09-09 21:05:22","userId":2}
{"level":"info","message":"Получение заданий для пользователя ID: 2","timestamp":"2025-09-09 21:05:22"}
{"level":"info","message":"Получение заданий для пользователя ID: 2","timestamp":"2025-09-09 21:05:52"}
{"level":"info","message":"Получение заданий для пользователя ID: 2","timestamp":"2025-09-09 21:05:52"}
{"level":"info","message":"Получение ожидающих приглашений пользователя","timestamp":"2025-09-09 21:05:52","userId":2}
{"level":"info","message":"Получение ожидающих приглашений пользователя","timestamp":"2025-09-09 21:05:52","userId":2}
{"assignmentId":26,"level":"info","message":"Получение состава команды проекта","timestamp":"2025-09-09 21:05:52"}
{"assignmentId":26,"level":"info","message":"Получение состава команды проекта","timestamp":"2025-09-09 21:05:52"}
{"assignmentId":26,"level":"info","message":"Получение состава команды проекта","timestamp":"2025-09-09 21:05:52"}
{"level":"info","message":"Получение заданий для пользователя ID: 2","timestamp":"2025-09-09 21:05:52"}
{"level":"info","message":"Получение ожидающих приглашений пользователя","timestamp":"2025-09-09 21:05:52","userId":2}
{"level":"info","message":"Получение ожидающих приглашений пользователя","timestamp":"2025-09-09 21:05:52","userId":2}
{"level":"info","message":"Получение заданий для пользователя ID: 2","timestamp":"2025-09-09 21:05:52"}
{"assignmentId":26,"level":"info","message":"Получение состава команды проекта","timestamp":"2025-09-09 21:05:52"}
{"level":"info","message":"Получение заданий для пользователя ID: 2","timestamp":"2025-09-09 21:05:52"}
{"level":"info","message":"Получение ожидающих приглашений пользователя","timestamp":"2025-09-09 21:05:52","userId":2}
{"level":"info","message":"Получение ожидающих приглашений пользователя","timestamp":"2025-09-09 21:05:52","userId":2}
{"level":"info","message":"Получение заданий для пользователя ID: 2","timestamp":"2025-09-09 21:05:52"}
{"level":"info","message":"Получение заданий для пользователя ID: 1","timestamp":"2025-09-09 21:06:10"}
{"level":"info","message":"Получение заданий для пользователя ID: 1","timestamp":"2025-09-09 21:06:10"}
{"level":"info","message":"Получение ожидающих приглашений пользователя","timestamp":"2025-09-09 21:06:10","userId":1}
{"level":"info","message":"Получение ожидающих приглашений пользователя","timestamp":"2025-09-09 21:06:11","userId":1}
{"assignmentId":32,"level":"info","message":"Получение состава команды проекта","timestamp":"2025-09-09 21:06:11"}
{"assignmentId":32,"level":"info","message":"Получение состава команды проекта","timestamp":"2025-09-09 21:06:11"}
{"level":"info","message":"Получение заданий для пользователя ID: 1","timestamp":"2025-09-09 21:06:11"}
{"level":"info","message":"Получение ожидающих приглашений пользователя","timestamp":"2025-09-09 21:06:11","userId":1}
{"assignmentId":32,"level":"info","message":"Получение состава команды проекта","timestamp":"2025-09-09 21:06:11"}
{"level":"info","message":"Получение ожидающих приглашений пользователя","timestamp":"2025-09-09 21:06:11","userId":1}
{"level":"info","message":"Получение заданий для пользователя ID: 1","timestamp":"2025-09-09 21:06:11"}
{"assignmentId":32,"level":"info","message":"Получение состава команды проекта","timestamp":"2025-09-09 21:06:11"}
{"level":"info","message":"Получение заданий для пользователя ID: 1","timestamp":"2025-09-09 21:06:11"}
{"level":"info","message":"Получение ожидающих приглашений пользователя","timestamp":"2025-09-09 21:06:11","userId":1}
{"level":"info","message":"Получение ожидающих приглашений пользователя","timestamp":"2025-09-09 21:06:11","userId":1}
{"level":"info","message":"Получение заданий для пользователя ID: 1","timestamp":"2025-09-09 21:06:11"}
{"level":"info","message":"Получение заданий для пользователя ID: 1","timestamp":"2025-09-09 21:06:41"}
{"level":"info","message":"Получение ожидающих приглашений пользователя","timestamp":"2025-09-09 21:06:41","userId":1}
{"level":"info","message":"Получение заданий для пользователя ID: 1","timestamp":"2025-09-09 21:06:41"}
{"level":"info","message":"Получение ожидающих приглашений пользователя","timestamp":"2025-09-09 21:06:41","userId":1}
{"level":"info","message":"Получение заданий для пользователя ID: 1","timestamp":"2025-09-09 21:06:41"}
{"level":"info","message":"Получение ожидающих приглашений пользователя","timestamp":"2025-09-09 21:06:41","userId":1}
{"level":"info","message":"Получение заданий для пользователя ID: 1","timestamp":"2025-09-09 21:06:57"}
{"level":"info","message":"Получение ожидающих приглашений пользователя","timestamp":"2025-09-09 21:06:57","userId":1}
{"level":"info","message":"Получение заданий для пользователя ID: 1","timestamp":"2025-09-09 21:06:57"}
{"level":"info","message":"Получение ожидающих приглашений пользователя","timestamp":"2025-09-09 21:06:57","userId":1}
{"assignmentId":32,"level":"info","message":"Получение состава команды проекта","timestamp":"2025-09-09 21:06:57"}
{"assignmentId":32,"level":"info","message":"Получение состава команды проекта","timestamp":"2025-09-09 21:06:57"}
{"assignmentId":32,"level":"info","message":"Получение состава команды проекта","timestamp":"2025-09-09 21:06:57"}
{"level":"info","message":"Получение заданий для пользователя ID: 1","timestamp":"2025-09-09 21:06:57"}
{"level":"info","message":"Получение ожидающих приглашений пользователя","timestamp":"2025-09-09 21:06:57","userId":1}
{"assignmentId":32,"level":"info","message":"Получение состава команды проекта","timestamp":"2025-09-09 21:06:57"}
{"level":"info","message":"Получение заданий для пользователя ID: 1","timestamp":"2025-09-09 21:07:14"}
{"level":"info","message":"Получение заданий для пользователя ID: 1","timestamp":"2025-09-09 21:07:14"}
{"level":"info","message":"Получение заданий для пользователя ID: 1","timestamp":"2025-09-09 21:07:16"}
{"level":"info","message":"Получение ожидающих приглашений пользователя","timestamp":"2025-09-09 21:07:16","userId":1}
{"level":"info","message":"Получение заданий для пользователя ID: 1","timestamp":"2025-09-09 21:07:16"}
{"level":"info","message":"Получение ожидающих приглашений пользователя","timestamp":"2025-09-09 21:07:16","userId":1}
{"assignmentId":32,"level":"info","message":"Получение состава команды проекта","timestamp":"2025-09-09 21:07:16"}
{"assignmentId":32,"level":"info","message":"Получение состава команды проекта","timestamp":"2025-09-09 21:07:16"}
{"level":"info","message":"Получение заданий для пользователя ID: 1","timestamp":"2025-09-09 21:07:16"}
{"level":"info","message":"Получение ожидающих приглашений пользователя","timestamp":"2025-09-09 21:07:16","userId":1}
{"assignmentId":32,"level":"info","message":"Получение состава команды проекта","timestamp":"2025-09-09 21:07:16"}
{"level":"info","message":"Получение ожидающих приглашений пользователя","timestamp":"2025-09-09 21:07:16","userId":1}
{"level":"info","message":"Получение заданий для пользователя ID: 1","timestamp":"2025-09-09 21:07:16"}
{"assignmentId":32,"level":"info","message":"Получение состава команды проекта","timestamp":"2025-09-09 21:07:16"}
{"level":"info","message":"Получение ожидающих приглашений пользователя","timestamp":"2025-09-09 21:07:16","userId":1}
{"level":"info","message":"Получение заданий для пользователя ID: 1","timestamp":"2025-09-09 21:07:16"}
{"level":"info","message":"Получение ожидающих приглашений пользователя","timestamp":"2025-09-09 21:07:16","userId":1}
{"level":"info","message":"Получение заданий для пользователя ID: 1","timestamp":"2025-09-09 21:07:16"}
{"level":"info","message":"Получение заданий для пользователя ID: 1","timestamp":"2025-09-09 21:07:17"}
{"level":"info","message":"Получение заданий для пользователя ID: 1","timestamp":"2025-09-09 21:07:17"}
{"level":"info","message":"Получение заданий для пользователя ID: 1","timestamp":"2025-09-09 21:07:19"}
{"level":"info","message":"Получение ожидающих приглашений пользователя","timestamp":"2025-09-09 21:07:19","userId":1}
{"level":"info","message":"Получение ожидающих приглашений пользователя","timestamp":"2025-09-09 21:07:19","userId":1}
{"level":"info","message":"Получение заданий для пользователя ID: 1","timestamp":"2025-09-09 21:07:19"}
{"level":"info","message":"Получение ожидающих приглашений пользователя","timestamp":"2025-09-09 21:07:19","userId":1}
{"level":"info","message":"Получение заданий для пользователя ID: 1","timestamp":"2025-09-09 21:07:19"}
{"assignmentId":32,"level":"info","message":"Получение состава команды проекта","timestamp":"2025-09-09 21:07:19"}
{"level":"info","message":"Получение ожидающих приглашений пользователя","timestamp":"2025-09-09 21:07:19","userId":1}
{"assignmentId":32,"level":"info","message":"Получение состава команды проекта","timestamp":"2025-09-09 21:07:19"}
{"level":"info","message":"Получение заданий для пользователя ID: 1","timestamp":"2025-09-09 21:07:19"}
{"assignmentId":32,"level":"info","message":"Получение состава команды проекта","timestamp":"2025-09-09 21:07:19"}
{"level":"info","message":"Получение ожидающих приглашений пользователя","timestamp":"2025-09-09 21:07:19","userId":1}
{"assignmentId":32,"level":"info","message":"Получение состава команды проекта","timestamp":"2025-09-09 21:07:19"}
{"level":"info","message":"Получение заданий для пользователя ID: 1","timestamp":"2025-09-09 21:07:19"}
{"assignmentId":32,"level":"info","message":"Получение состава команды проекта","timestamp":"2025-09-09 21:07:19"}
{"level":"info","message":"Получение заданий для пользователя ID: 1","timestamp":"2025-09-09 21:07:49"}
{"level":"info","message":"Получение ожидающих приглашений пользователя","timestamp":"2025-09-09 21:07:49","userId":1}
{"level":"info","message":"Получение заданий для пользователя ID: 1","timestamp":"2025-09-09 21:07:49"}
{"level":"info","message":"Получение ожидающих приглашений пользователя","timestamp":"2025-09-09 21:07:49","userId":1}
{"level":"info","message":"Получение заданий для пользователя ID: 1","timestamp":"2025-09-09 21:07:49"}
{"level":"info","message":"Получение ожидающих приглашений пользователя","timestamp":"2025-09-09 21:07:49","userId":1}
{"level":"info","message":"Получение заданий для пользователя ID: 1","timestamp":"2025-09-09 21:08:19"}
{"level":"info","message":"Получение ожидающих приглашений пользователя","timestamp":"2025-09-09 21:08:19","userId":1}
{"level":"info","message":"Получение заданий для пользователя ID: 1","timestamp":"2025-09-09 21:08:19"}
{"level":"info","message":"Получение ожидающих приглашений пользователя","timestamp":"2025-09-09 21:08:19","userId":1}
{"level":"info","message":"Получение заданий для пользователя ID: 1","timestamp":"2025-09-09 21:08:19"}
{"level":"info","message":"Получение ожидающих приглашений пользователя","timestamp":"2025-09-09 21:08:19","userId":1}
{"level":"info","message":"Получение заданий для пользователя ID: 1","timestamp":"2025-09-09 21:08:49"}
{"level":"info","message":"Получение ожидающих приглашений пользователя","timestamp":"2025-09-09 21:08:49","userId":1}
{"level":"info","message":"Получение ожидающих приглашений пользователя","timestamp":"2025-09-09 21:08:49","userId":1}
{"level":"info","message":"Получение заданий для пользователя ID: 1","timestamp":"2025-09-09 21:08:49"}
{"level":"info","message":"Получение заданий для пользователя ID: 1","timestamp":"2025-09-09 21:08:49"}
{"level":"info","message":"Получение ожидающих приглашений пользователя","timestamp":"2025-09-09 21:08:49","userId":1}
{"level":"info","message":"Получение заданий для пользователя ID: 1","timestamp":"2025-09-09 21:09:04"}
{"level":"info","message":"Получение заданий для пользователя ID: 1","timestamp":"2025-09-09 21:09:04"}
{"level":"info","message":"Получение заданий для пользователя ID: 1","timestamp":"2025-09-09 21:09:04"}
{"level":"info","message":"Получение заданий для пользователя ID: 1","timestamp":"2025-09-09 21:09:05"}
{"level":"info","message":"Получение заданий для пользователя ID: 1","timestamp":"2025-09-09 21:09:05"}
{"level":"info","message":"Получение заданий для пользователя ID: 1","timestamp":"2025-09-09 21:09:06"}
{"level":"info","message":"Получение заданий для пользователя ID: 1","timestamp":"2025-09-09 21:09:06"}
{"level":"info","message":"Получение ожидающих приглашений пользователя","timestamp":"2025-09-09 21:09:06","userId":1}
{"level":"info","message":"Получение ожидающих приглашений пользователя","timestamp":"2025-09-09 21:09:06","userId":1}
{"assignmentId":32,"level":"info","message":"Получение состава команды проекта","timestamp":"2025-09-09 21:09:06"}
{"assignmentId":32,"level":"info","message":"Получение состава команды проекта","timestamp":"2025-09-09 21:09:06"}
{"level":"info","message":"Получение заданий для пользователя ID: 1","timestamp":"2025-09-09 21:09:06"}
{"level":"info","message":"Получение ожидающих приглашений пользователя","timestamp":"2025-09-09 21:09:06","userId":1}
{"assignmentId":32,"level":"info","message":"Получение состава команды проекта","timestamp":"2025-09-09 21:09:06"}
{"level":"info","message":"Получение ожидающих приглашений пользователя","timestamp":"2025-09-09 21:09:06","userId":1}
{"level":"info","message":"Получение заданий для пользователя ID: 1","timestamp":"2025-09-09 21:09:06"}
{"assignmentId":32,"level":"info","message":"Получение состава команды проекта","timestamp":"2025-09-09 21:09:06"}
{"level":"info","message":"Получение ожидающих приглашений пользователя","timestamp":"2025-09-09 21:09:06","userId":1}
{"level":"info","message":"Получение заданий для пользователя ID: 1","timestamp":"2025-09-09 21:09:06"}
{"level":"info","message":"Получение заданий для пользователя ID: 1","timestamp":"2025-09-09 21:09:06"}
{"level":"info","message":"Получение ожидающих приглашений пользователя","timestamp":"2025-09-09 21:09:06","userId":1}
{"assignmentId":32,"level":"info","message":"Получение состава команды проекта","timestamp":"2025-09-09 21:09:23"}
{"assignmentId":32,"level":"info","message":"Получение состава команды проекта","timestamp":"2025-09-09 21:09:50"}
{"assignmentId":32,"level":"info","message":"Получение состава команды проекта","timestamp":"2025-09-09 21:09:59"}
{"level":"info","message":"Получение заданий для пользователя ID: 1","timestamp":"2025-09-09 21:10:06"}
{"level":"info","message":"Получение заданий для пользователя ID: 1","timestamp":"2025-09-09 21:10:06"}
{"level":"info","message":"Получение ожидающих приглашений пользователя","timestamp":"2025-09-09 21:10:06","userId":1}
{"level":"info","message":"Получение ожидающих приглашений пользователя","timestamp":"2025-09-09 21:10:06","userId":1}
{"assignmentId":32,"level":"info","message":"Получение состава команды проекта","timestamp":"2025-09-09 21:10:06"}
{"assignmentId":32,"level":"info","message":"Получение состава команды проекта","timestamp":"2025-09-09 21:10:06"}
{"assignmentId":32,"level":"info","message":"Получение состава команды проекта","timestamp":"2025-09-09 21:10:06"}
{"level":"info","message":"Получение заданий для пользователя ID: 1","timestamp":"2025-09-09 21:10:06"}
{"level":"info","message":"Получение ожидающих приглашений пользователя","timestamp":"2025-09-09 21:10:06","userId":1}
{"level":"info","message":"Получение ожидающих приглашений пользователя","timestamp":"2025-09-09 21:10:06","userId":1}
{"level":"info","message":"Получение заданий для пользователя ID: 1","timestamp":"2025-09-09 21:10:06"}
{"assignmentId":32,"level":"info","message":"Получение состава команды проекта","timestamp":"2025-09-09 21:10:06"}
{"level":"info","message":"Получение заданий для пользователя ID: 1","timestamp":"2025-09-09 21:10:06"}
{"level":"info","message":"Получение ожидающих приглашений пользователя","timestamp":"2025-09-09 21:10:06","userId":1}
{"level":"info","message":"Получение ожидающих приглашений пользователя","timestamp":"2025-09-09 21:10:06","userId":1}
{"level":"info","message":"Получение заданий для пользователя ID: 1","timestamp":"2025-09-09 21:10:06"}
{"assignmentId":32,"level":"info","message":"Получение состава команды проекта","timestamp":"2025-09-09 21:10:19"}
{"level":"info","message":"Получение заданий для пользователя ID: 1","timestamp":"2025-09-09 21:10:21"}
{"level":"info","message":"Получение заданий для пользователя ID: 1","timestamp":"2025-09-09 21:10:21"}
{"level":"info","message":"Получение ожидающих приглашений пользователя","timestamp":"2025-09-09 21:10:21","userId":1}
{"level":"info","message":"Получение ожидающих приглашений пользователя","timestamp":"2025-09-09 21:10:21","userId":1}
{"assignmentId":32,"level":"info","message":"Получение состава команды проекта","timestamp":"2025-09-09 21:10:21"}
{"assignmentId":32,"level":"info","message":"Получение состава команды проекта","timestamp":"2025-09-09 21:10:21"}
{"assignmentId":32,"level":"info","message":"Получение состава команды проекта","timestamp":"2025-09-09 21:10:21"}
{"level":"info","message":"Получение заданий для пользователя ID: 1","timestamp":"2025-09-09 21:10:21"}
{"level":"info","message":"Получение ожидающих приглашений пользователя","timestamp":"2025-09-09 21:10:21","userId":1}
{"level":"info","message":"Получение ожидающих приглашений пользователя","timestamp":"2025-09-09 21:10:21","userId":1}
{"level":"info","message":"Получение заданий для пользователя ID: 1","timestamp":"2025-09-09 21:10:21"}
{"assignmentId":32,"level":"info","message":"Получение состава команды проекта","timestamp":"2025-09-09 21:10:21"}
{"level":"info","message":"Получение заданий для пользователя ID: 1","timestamp":"2025-09-09 21:10:21"}
{"level":"info","message":"Получение ожидающих приглашений пользователя","timestamp":"2025-09-09 21:10:21","userId":1}
{"level":"info","message":"Получение ожидающих приглашений пользователя","timestamp":"2025-09-09 21:10:22","userId":1}
{"level":"info","message":"Получение заданий для пользователя ID: 1","timestamp":"2025-09-09 21:10:22"}
{"level":"info","message":"Получение заданий для пользователя ID: 1","timestamp":"2025-09-09 21:10:29"}
{"level":"info","message":"Получение ожидающих приглашений пользователя","timestamp":"2025-09-09 21:10:29","userId":1}
{"level":"info","message":"Получение заданий для пользователя ID: 1","timestamp":"2025-09-09 21:10:29"}
{"level":"info","message":"Получение ожидающих приглашений пользователя","timestamp":"2025-09-09 21:10:29","userId":1}
{"assignmentId":32,"level":"info","message":"Получение состава команды проекта","timestamp":"2025-09-09 21:10:30"}
{"assignmentId":32,"level":"info","message":"Получение состава команды проекта","timestamp":"2025-09-09 21:10:30"}
{"level":"info","message":"Получение заданий для пользователя ID: 1","timestamp":"2025-09-09 21:10:30"}
{"level":"info","message":"Получение ожидающих приглашений пользователя","timestamp":"2025-09-09 21:10:30","userId":1}
{"assignmentId":32,"level":"info","message":"Получение состава команды проекта","timestamp":"2025-09-09 21:10:30"}
{"assignmentId":32,"level":"info","message":"Получение состава команды проекта","timestamp":"2025-09-09 21:10:30"}
{"level":"info","message":"Получение заданий для пользователя ID: 1","timestamp":"2025-09-09 21:10:33"}
{"level":"info","message":"Получение заданий для пользователя ID: 1","timestamp":"2025-09-09 21:10:33"}
{"level":"info","message":"Получение ожидающих приглашений пользователя","timestamp":"2025-09-09 21:10:33","userId":1}
{"level":"info","message":"Получение заданий для пользователя ID: 1","timestamp":"2025-09-09 21:10:33"}
{"level":"info","message":"Получение ожидающих приглашений пользователя","timestamp":"2025-09-09 21:10:33","userId":1}
{"level":"info","message":"Получение ожидающих приглашений пользователя","timestamp":"2025-09-09 21:10:33","userId":1}
{"assignmentId":32,"level":"info","message":"Получение состава команды проекта","timestamp":"2025-09-09 21:10:33"}
{"assignmentId":32,"level":"info","message":"Получение состава команды проекта","timestamp":"2025-09-09 21:10:33"}
{"assignmentId":32,"level":"info","message":"Получение состава команды проекта","timestamp":"2025-09-09 21:10:33"}
{"level":"info","message":"Получение заданий для пользователя ID: 1","timestamp":"2025-09-09 21:10:33"}
{"level":"info","message":"Получение ожидающих приглашений пользователя","timestamp":"2025-09-09 21:10:33","userId":1}
{"level":"info","message":"Получение ожидающих приглашений пользователя","timestamp":"2025-09-09 21:10:33","userId":1}
{"level":"info","message":"Получение заданий для пользователя ID: 1","timestamp":"2025-09-09 21:10:33"}
{"assignmentId":32,"level":"info","message":"Получение состава команды проекта","timestamp":"2025-09-09 21:10:33"}
{"level":"info","message":"Получение заданий для пользователя ID: 1","timestamp":"2025-09-09 21:10:33"}
{"level":"info","message":"Получение заданий для пользователя ID: 1","timestamp":"2025-09-09 21:10:33"}
{"level":"info","message":"Получение заданий для пользователя ID: 1","timestamp":"2025-09-09 21:10:34"}
{"level":"info","message":"Получение ожидающих приглашений пользователя","timestamp":"2025-09-09 21:10:34","userId":1}
{"level":"info","message":"Получение ожидающих приглашений пользователя","timestamp":"2025-09-09 21:10:34","userId":1}
{"level":"info","message":"Получение заданий для пользователя ID: 1","timestamp":"2025-09-09 21:10:34"}
{"level":"info","message":"Получение заданий для пользователя ID: 1","timestamp":"2025-09-09 21:10:34"}
{"level":"info","message":"Получение ожидающих приглашений пользователя","timestamp":"2025-09-09 21:10:34","userId":1}
{"assignmentId":32,"level":"info","message":"Получение состава команды проекта","timestamp":"2025-09-09 21:10:34"}
{"assignmentId":32,"level":"info","message":"Получение состава команды проекта","timestamp":"2025-09-09 21:10:34"}
{"assignmentId":32,"level":"info","message":"Получение состава команды проекта","timestamp":"2025-09-09 21:10:34"}
{"level":"info","message":"Получение заданий для пользователя ID: 1","timestamp":"2025-09-09 21:10:34"}
{"level":"info","message":"Получение ожидающих приглашений пользователя","timestamp":"2025-09-09 21:10:34","userId":1}
{"level":"info","message":"Получение заданий для пользователя ID: 1","timestamp":"2025-09-09 21:10:34"}
{"level":"info","message":"Получение ожидающих приглашений пользователя","timestamp":"2025-09-09 21:10:34","userId":1}
{"assignmentId":32,"level":"info","message":"Получение состава команды проекта","timestamp":"2025-09-09 21:10:34"}
{"assignmentId":32,"level":"info","message":"Получение состава команды проекта","timestamp":"2025-09-09 21:10:34"}
{"level":"info","message":"Получение заданий для пользователя ID: 1","timestamp":"2025-09-09 21:10:39"}
{"level":"info","message":"Получение заданий для пользователя ID: 1","timestamp":"2025-09-09 21:10:39"}
{"level":"info","message":"Получение заданий для пользователя ID: 1","timestamp":"2025-09-09 21:10:39"}
{"level":"info","message":"Получение заданий для пользователя ID: 1","timestamp":"2025-09-09 21:11:00"}
{"level":"info","message":"Получение заданий для пользователя ID: 1","timestamp":"2025-09-09 21:11:00"}
{"level":"info","message":"Получение ожидающих приглашений пользователя","timestamp":"2025-09-09 21:11:00","userId":1}
{"level":"info","message":"Получение ожидающих приглашений пользователя","timestamp":"2025-09-09 21:11:00","userId":1}
{"assignmentId":32,"level":"info","message":"Получение состава команды проекта","timestamp":"2025-09-09 21:11:00"}
{"assignmentId":32,"level":"info","message":"Получение состава команды проекта","timestamp":"2025-09-09 21:11:00"}
{"assignmentId":32,"level":"info","message":"Получение состава команды проекта","timestamp":"2025-09-09 21:11:00"}
{"level":"info","message":"Получение заданий для пользователя ID: 1","timestamp":"2025-09-09 21:11:00"}
{"level":"info","message":"Получение ожидающих приглашений пользователя","timestamp":"2025-09-09 21:11:00","userId":1}
{"level":"info","message":"Получение ожидающих приглашений пользователя","timestamp":"2025-09-09 21:11:00","userId":1}
{"level":"info","message":"Получение заданий для пользователя ID: 1","timestamp":"2025-09-09 21:11:00"}
{"assignmentId":32,"level":"info","message":"Получение состава команды проекта","timestamp":"2025-09-09 21:11:00"}
{"level":"info","message":"Получение заданий для пользователя ID: 1","timestamp":"2025-09-09 21:11:00"}
{"level":"info","message":"Получение ожидающих приглашений пользователя","timestamp":"2025-09-09 21:11:00","userId":1}
{"level":"info","message":"Получение заданий для пользователя ID: 1","timestamp":"2025-09-09 21:11:00"}
{"level":"info","message":"Получение ожидающих приглашений пользователя","timestamp":"2025-09-09 21:11:00","userId":1}
{"level":"info","message":"Получение заданий для пользователя ID: 1","timestamp":"2025-09-09 21:11:30"}
{"level":"info","message":"Получение ожидающих приглашений пользователя","timestamp":"2025-09-09 21:11:30","userId":1}
{"level":"info","message":"Получение ожидающих приглашений пользователя","timestamp":"2025-09-09 21:11:30","userId":1}
{"level":"info","message":"Получение заданий для пользователя ID: 1","timestamp":"2025-09-09 21:11:30"}
{"level":"info","message":"Получение заданий для пользователя ID: 1","timestamp":"2025-09-09 21:11:30"}
{"level":"info","message":"Получение ожидающих приглашений пользователя","timestamp":"2025-09-09 21:11:30","userId":1}
{"level":"info","message":"Получение ожидающих приглашений пользователя","timestamp":"2025-09-09 21:12:01","userId":1}
{"level":"info","message":"Получение заданий для пользователя ID: 1","timestamp":"2025-09-09 21:12:01"}
{"level":"info","message":"Получение заданий для пользователя ID: 1","timestamp":"2025-09-09 21:12:01"}
{"level":"info","message":"Получение ожидающих приглашений пользователя","timestamp":"2025-09-09 21:12:01","userId":1}
{"level":"info","message":"Получение заданий для пользователя ID: 1","timestamp":"2025-09-09 21:12:01"}
{"level":"info","message":"Получение ожидающих приглашений пользователя","timestamp":"2025-09-09 21:12:01","userId":1}
{"level":"info","message":"Получение заданий для пользователя ID: 1","timestamp":"2025-09-09 21:12:21"}
{"level":"info","message":"Получение заданий для пользователя ID: 1","timestamp":"2025-09-09 21:12:21"}
{"level":"info","message":"Получение ожидающих приглашений пользователя","timestamp":"2025-09-09 21:12:21","userId":1}
{"level":"info","message":"Получение ожидающих приглашений пользователя","timestamp":"2025-09-09 21:12:21","userId":1}
{"assignmentId":32,"level":"info","message":"Получение состава команды проекта","timestamp":"2025-09-09 21:12:21"}
{"assignmentId":32,"level":"info","message":"Получение состава команды проекта","timestamp":"2025-09-09 21:12:21"}
{"assignmentId":32,"level":"info","message":"Получение состава команды проекта","timestamp":"2025-09-09 21:12:21"}
{"level":"info","message":"Получение заданий для пользователя ID: 1","timestamp":"2025-09-09 21:12:21"}
{"level":"info","message":"Получение ожидающих приглашений пользователя","timestamp":"2025-09-09 21:12:21","userId":1}
{"level":"info","message":"Получение ожидающих приглашений пользователя","timestamp":"2025-09-09 21:12:21","userId":1}
{"level":"info","message":"Получение заданий для пользователя ID: 1","timestamp":"2025-09-09 21:12:21"}
{"assignmentId":32,"level":"info","message":"Получение состава команды проекта","timestamp":"2025-09-09 21:12:21"}
{"level":"info","message":"Получение заданий для пользователя ID: 1","timestamp":"2025-09-09 21:12:21"}
{"level":"info","message":"Получение ожидающих приглашений пользователя","timestamp":"2025-09-09 21:12:21","userId":1}
{"level":"info","message":"Получение ожидающих приглашений пользователя","timestamp":"2025-09-09 21:12:21","userId":1}
{"level":"info","message":"Получение заданий для пользователя ID: 1","timestamp":"2025-09-09 21:12:21"}
{"level":"info","message":"Получение заданий для пользователя ID: 1","timestamp":"2025-09-09 21:12:21"}
{"level":"info","message":"Получение заданий для пользователя ID: 1","timestamp":"2025-09-09 21:12:21"}
{"level":"info","message":"Получение заданий для пользователя ID: 1","timestamp":"2025-09-09 21:12:30"}
{"level":"info","message":"Получение ожидающих приглашений пользователя","timestamp":"2025-09-09 21:12:30","userId":1}
{"level":"info","message":"Получение заданий для пользователя ID: 1","timestamp":"2025-09-09 21:12:30"}
{"level":"info","message":"Получение ожидающих приглашений пользователя","timestamp":"2025-09-09 21:12:30","userId":1}
{"level":"info","message":"Получение ожидающих приглашений пользователя","timestamp":"2025-09-09 21:12:30","userId":1}
{"level":"info","message":"Получение заданий для пользователя ID: 1","timestamp":"2025-09-09 21:12:30"}
{"assignmentId":32,"level":"info","message":"Получение состава команды проекта","timestamp":"2025-09-09 21:12:30"}
{"assignmentId":32,"level":"info","message":"Получение состава команды проекта","timestamp":"2025-09-09 21:12:30"}
{"assignmentId":32,"level":"info","message":"Получение состава команды проекта","timestamp":"2025-09-09 21:12:30"}
{"level":"info","message":"Получение заданий для пользователя ID: 1","timestamp":"2025-09-09 21:12:30"}
{"level":"info","message":"Получение ожидающих приглашений пользователя","timestamp":"2025-09-09 21:12:30","userId":1}
{"level":"info","message":"Получение ожидающих приглашений пользователя","timestamp":"2025-09-09 21:12:30","userId":1}
{"level":"info","message":"Получение заданий для пользователя ID: 1","timestamp":"2025-09-09 21:12:30"}
{"assignmentId":32,"level":"info","message":"Получение состава команды проекта","timestamp":"2025-09-09 21:12:30"}
{"assignmentId":32,"level":"info","message":"Получение состава команды проекта","timestamp":"2025-09-09 21:12:30"}
{"level":"info","message":"Получение заданий для пользователя ID: 1","timestamp":"2025-09-09 21:12:31"}
{"level":"info","message":"Получение заданий для пользователя ID: 1","timestamp":"2025-09-09 21:12:31"}
{"level":"info","message":"Получение ожидающих приглашений пользователя","timestamp":"2025-09-09 21:12:31","userId":1}
{"level":"info","message":"Получение заданий для пользователя ID: 1","timestamp":"2025-09-09 21:12:31"}
{"level":"info","message":"Получение ожидающих приглашений пользователя","timestamp":"2025-09-09 21:12:31","userId":1}
{"level":"info","message":"Получение ожидающих приглашений пользователя","timestamp":"2025-09-09 21:12:31","userId":1}
{"assignmentId":32,"level":"info","message":"Получение состава команды проекта","timestamp":"2025-09-09 21:12:31"}
{"assignmentId":32,"level":"info","message":"Получение состава команды проекта","timestamp":"2025-09-09 21:12:31"}
{"level":"info","message":"Получение заданий для пользователя ID: 1","timestamp":"2025-09-09 21:12:31"}
{"level":"info","message":"Получение ожидающих приглашений пользователя","timestamp":"2025-09-09 21:12:31","userId":1}
{"assignmentId":32,"level":"info","message":"Получение состава команды проекта","timestamp":"2025-09-09 21:12:31"}
{"level":"info","message":"Получение заданий для пользователя ID: 1","timestamp":"2025-09-09 21:12:31"}
{"level":"info","message":"Получение ожидающих приглашений пользователя","timestamp":"2025-09-09 21:12:31","userId":1}
{"assignmentId":32,"level":"info","message":"Получение состава команды проекта","timestamp":"2025-09-09 21:12:31"}
{"assignmentId":32,"level":"info","message":"Получение состава команды проекта","timestamp":"2025-09-09 21:12:31"}
{"level":"info","message":"Получение заданий для пользователя ID: 1","timestamp":"2025-09-09 21:12:38"}
{"level":"info","message":"Получение ожидающих приглашений пользователя","timestamp":"2025-09-09 21:12:38","userId":1}
{"level":"info","message":"Получение заданий для пользователя ID: 1","timestamp":"2025-09-09 21:12:38"}
{"level":"info","message":"Получение ожидающих приглашений пользователя","timestamp":"2025-09-09 21:12:38","userId":1}
{"level":"info","message":"Получение ожидающих приглашений пользователя","timestamp":"2025-09-09 21:12:38","userId":1}
{"level":"info","message":"Получение заданий для пользователя ID: 1","timestamp":"2025-09-09 21:12:38"}
{"level":"info","message":"Получение заданий для пользователя ID: 1","timestamp":"2025-09-09 21:12:38"}
{"level":"info","message":"Получение ожидающих приглашений пользователя","timestamp":"2025-09-09 21:12:38","userId":1}
{"assignmentId":32,"level":"info","message":"Получение состава команды проекта","timestamp":"2025-09-09 21:12:38"}
{"assignmentId":32,"level":"info","message":"Получение состава команды проекта","timestamp":"2025-09-09 21:12:38"}
{"assignmentId":32,"level":"info","message":"Получение состава команды проекта","timestamp":"2025-09-09 21:12:38"}
{"level":"info","message":"Получение заданий для пользователя ID: 1","timestamp":"2025-09-09 21:12:38"}
{"level":"info","message":"Получение ожидающих приглашений пользователя","timestamp":"2025-09-09 21:12:38","userId":1}
{"assignmentId":32,"level":"info","message":"Получение состава команды проекта","timestamp":"2025-09-09 21:12:38"}
{"assignmentId":32,"level":"info","message":"Получение состава команды проекта","timestamp":"2025-09-09 21:12:38"}
{"assignmentId":32,"level":"info","message":"Получение состава команды проекта","timestamp":"2025-09-09 21:12:48"}
{"level":"info","message":"Получение заданий для пользователя ID: 1","timestamp":"2025-09-09 21:12:51"}
{"level":"info","message":"Получение заданий для пользователя ID: 1","timestamp":"2025-09-09 21:12:51"}
{"level":"info","message":"Получение ожидающих приглашений пользователя","timestamp":"2025-09-09 21:12:51","userId":1}
{"level":"info","message":"Получение ожидающих приглашений пользователя","timestamp":"2025-09-09 21:12:51","userId":1}
{"assignmentId":32,"level":"info","message":"Получение состава команды проекта","timestamp":"2025-09-09 21:12:51"}
{"assignmentId":32,"level":"info","message":"Получение состава команды проекта","timestamp":"2025-09-09 21:12:51"}
{"assignmentId":32,"level":"info","message":"Получение состава команды проекта","timestamp":"2025-09-09 21:12:51"}
{"level":"info","message":"Получение заданий для пользователя ID: 1","timestamp":"2025-09-09 21:12:51"}
{"level":"info","message":"Получение ожидающих приглашений пользователя","timestamp":"2025-09-09 21:12:51","userId":1}
{"level":"info","message":"Получение ожидающих приглашений пользователя","timestamp":"2025-09-09 21:12:51","userId":1}
{"level":"info","message":"Получение заданий для пользователя ID: 1","timestamp":"2025-09-09 21:12:51"}
{"assignmentId":32,"level":"info","message":"Получение состава команды проекта","timestamp":"2025-09-09 21:12:51"}
{"level":"info","message":"Получение заданий для пользователя ID: 1","timestamp":"2025-09-09 21:12:51"}
{"level":"info","message":"Получение ожидающих приглашений пользователя","timestamp":"2025-09-09 21:12:51","userId":1}
{"level":"info","message":"Получение ожидающих приглашений пользователя","timestamp":"2025-09-09 21:12:51","userId":1}
{"level":"info","message":"Получение заданий для пользователя ID: 1","timestamp":"2025-09-09 21:12:51"}
{"assignmentId":32,"level":"info","message":"Получение состава команды проекта","timestamp":"2025-09-09 21:13:12"}
{"level":"info","message":"Получение заданий для пользователя ID: 1","timestamp":"2025-09-09 21:13:14"}
{"level":"info","message":"Получение заданий для пользователя ID: 1","timestamp":"2025-09-09 21:13:14"}
{"level":"info","message":"Получение ожидающих приглашений пользователя","timestamp":"2025-09-09 21:13:14","userId":1}
{"level":"info","message":"Получение ожидающих приглашений пользователя","timestamp":"2025-09-09 21:13:14","userId":1}
{"assignmentId":32,"level":"info","message":"Получение состава команды проекта","timestamp":"2025-09-09 21:13:14"}
{"assignmentId":32,"level":"info","message":"Получение состава команды проекта","timestamp":"2025-09-09 21:13:14"}
{"level":"info","message":"Получение заданий для пользователя ID: 1","timestamp":"2025-09-09 21:13:14"}
{"level":"info","message":"Получение ожидающих приглашений пользователя","timestamp":"2025-09-09 21:13:14","userId":1}
{"assignmentId":32,"level":"info","message":"Получение состава команды проекта","timestamp":"2025-09-09 21:13:14"}
{"level":"info","message":"Получение ожидающих приглашений пользователя","timestamp":"2025-09-09 21:13:14","userId":1}
{"level":"info","message":"Получение заданий для пользователя ID: 1","timestamp":"2025-09-09 21:13:14"}
{"assignmentId":32,"level":"info","message":"Получение состава команды проекта","timestamp":"2025-09-09 21:13:14"}
{"level":"info","message":"Получение заданий для пользователя ID: 1","timestamp":"2025-09-09 21:13:14"}
{"level":"info","message":"Получение ожидающих приглашений пользователя","timestamp":"2025-09-09 21:13:14","userId":1}
{"level":"info","message":"Получение ожидающих приглашений пользователя","timestamp":"2025-09-09 21:13:14","userId":1}
{"level":"info","message":"Получение заданий для пользователя ID: 1","timestamp":"2025-09-09 21:13:14"}
{"level":"info","message":"Получение заданий для пользователя ID: 1","timestamp":"2025-09-09 21:13:49"}
{"level":"info","message":"Получение ожидающих приглашений пользователя","timestamp":"2025-09-09 21:13:49","userId":1}
{"level":"info","message":"Получение заданий для пользователя ID: 1","timestamp":"2025-09-09 21:13:49"}
{"level":"info","message":"Получение ожидающих приглашений пользователя","timestamp":"2025-09-09 21:13:49","userId":1}
{"level":"info","message":"Получение заданий для пользователя ID: 1","timestamp":"2025-09-09 21:13:49"}
{"level":"info","message":"Получение ожидающих приглашений пользователя","timestamp":"2025-09-09 21:13:49","userId":1}
{"level":"info","message":"Получение заданий для пользователя ID: 1","timestamp":"2025-09-09 21:13:49"}
{"level":"info","message":"Получение ожидающих приглашений пользователя","timestamp":"2025-09-09 21:13:49","userId":1}
{"level":"info","message":"Получение заданий для пользователя ID: 1","timestamp":"2025-09-09 21:13:49"}
{"level":"info","message":"Получение ожидающих приглашений пользователя","timestamp":"2025-09-09 21:13:49","userId":1}
{"assignmentId":32,"level":"info","message":"Получение состава команды проекта","timestamp":"2025-09-09 21:13:49"}
{"assignmentId":32,"level":"info","message":"Получение состава команды проекта","timestamp":"2025-09-09 21:13:49"}
{"level":"info","message":"Получение заданий для пользователя ID: 1","timestamp":"2025-09-09 21:13:49"}
{"level":"info","message":"Получение ожидающих приглашений пользователя","timestamp":"2025-09-09 21:13:49","userId":1}
{"assignmentId":32,"level":"info","message":"Получение состава команды проекта","timestamp":"2025-09-09 21:13:49"}
{"assignmentId":32,"level":"info","message":"Получение состава команды проекта","timestamp":"2025-09-09 21:13:49"}
{"level":"info","message":"Получение заданий для пользователя ID: 1","timestamp":"2025-09-09 21:13:50"}
{"level":"info","message":"Получение ожидающих приглашений пользователя","timestamp":"2025-09-09 21:13:50","userId":1}
{"level":"info","message":"Получение заданий для пользователя ID: 1","timestamp":"2025-09-09 21:13:50"}
{"level":"info","message":"Получение ожидающих приглашений пользователя","timestamp":"2025-09-09 21:13:50","userId":1}
{"level":"info","message":"Получение заданий для пользователя ID: 1","timestamp":"2025-09-09 21:13:50"}
{"level":"info","message":"Получение ожидающих приглашений пользователя","timestamp":"2025-09-09 21:13:50","userId":1}
{"level":"info","message":"Получение ожидающих приглашений пользователя","timestamp":"2025-09-09 21:13:51","userId":1}
{"level":"info","message":"Получение заданий для пользователя ID: 1","timestamp":"2025-09-09 21:13:51"}
{"assignmentId":32,"level":"info","message":"Получение состава команды проекта","timestamp":"2025-09-09 21:13:51"}
{"assignmentId":32,"level":"info","message":"Получение состава команды проекта","timestamp":"2025-09-09 21:13:51"}
{"assignmentId":32,"level":"info","message":"Получение состава команды проекта","timestamp":"2025-09-09 21:13:51"}
{"level":"info","message":"Получение заданий для пользователя ID: 1","timestamp":"2025-09-09 21:13:51"}
{"level":"info","message":"Получение ожидающих приглашений пользователя","timestamp":"2025-09-09 21:13:51","userId":1}
{"assignmentId":32,"level":"info","message":"Получение состава команды проекта","timestamp":"2025-09-09 21:13:51"}
{"assignmentId":32,"level":"info","message":"Получение состава команды проекта","timestamp":"2025-09-09 21:13:51"}
{"level":"info","message":"Получение заданий для пользователя ID: 1","timestamp":"2025-09-09 21:14:21"}
{"level":"info","message":"Получение ожидающих приглашений пользователя","timestamp":"2025-09-09 21:14:21","userId":1}
{"level":"info","message":"Получение заданий для пользователя ID: 1","timestamp":"2025-09-09 21:14:21"}
{"level":"info","message":"Получение ожидающих приглашений пользователя","timestamp":"2025-09-09 21:14:21","userId":1}
{"level":"info","message":"Получение заданий для пользователя ID: 1","timestamp":"2025-09-09 21:14:21"}
{"level":"info","message":"Получение ожидающих приглашений пользователя","timestamp":"2025-09-09 21:14:21","userId":1}
{"level":"info","message":"Получение заданий для пользователя ID: 1","timestamp":"2025-09-09 21:14:52"}
{"level":"info","message":"Получение ожидающих приглашений пользователя","timestamp":"2025-09-09 21:14:52","userId":1}
{"level":"info","message":"Получение ожидающих приглашений пользователя","timestamp":"2025-09-09 21:14:52","userId":1}
{"level":"info","message":"Получение заданий для пользователя ID: 1","timestamp":"2025-09-09 21:14:52"}
{"level":"info","message":"Получение заданий для пользователя ID: 1","timestamp":"2025-09-09 21:14:52"}
{"level":"info","message":"Получение ожидающих приглашений пользователя","timestamp":"2025-09-09 21:14:52","userId":1}
{"level":"info","message":"Получение заданий для пользователя ID: 1","timestamp":"2025-09-09 21:15:23"}
{"level":"info","message":"Получение ожидающих приглашений пользователя","timestamp":"2025-09-09 21:15:23","userId":1}
{"level":"info","message":"Получение заданий для пользователя ID: 1","timestamp":"2025-09-09 21:15:23"}
{"level":"info","message":"Получение ожидающих приглашений пользователя","timestamp":"2025-09-09 21:15:23","userId":1}
{"level":"info","message":"Получение заданий для пользователя ID: 1","timestamp":"2025-09-09 21:15:23"}
{"level":"info","message":"Получение ожидающих приглашений пользователя","timestamp":"2025-09-09 21:15:23","userId":1}
{"level":"info","message":"Получение заданий для пользователя ID: 1","timestamp":"2025-09-09 21:15:47"}
{"level":"info","message":"Получение ожидающих приглашений пользователя","timestamp":"2025-09-09 21:15:47","userId":1}
{"level":"info","message":"Получение заданий для пользователя ID: 1","timestamp":"2025-09-09 21:15:47"}
{"level":"info","message":"Получение ожидающих приглашений пользователя","timestamp":"2025-09-09 21:15:47","userId":1}
{"assignmentId":32,"level":"info","message":"Получение состава команды проекта","timestamp":"2025-09-09 21:15:47"}
{"level":"info","message":"Получение заданий для пользователя ID: 1","timestamp":"2025-09-09 21:15:47"}
{"level":"info","message":"Получение ожидающих приглашений пользователя","timestamp":"2025-09-09 21:15:47","userId":1}
{"assignmentId":32,"level":"info","message":"Получение состава команды проекта","timestamp":"2025-09-09 21:15:47"}
{"assignmentId":32,"level":"info","message":"Получение состава команды проекта","timestamp":"2025-09-09 21:15:47"}
{"assignmentId":32,"level":"info","message":"Получение состава команды проекта","timestamp":"2025-09-09 21:15:47"}
{"level":"info","message":"Получение заданий для пользователя ID: 1","timestamp":"2025-09-09 21:15:49"}
{"level":"info","message":"Получение ожидающих приглашений пользователя","timestamp":"2025-09-09 21:15:49","userId":1}
{"level":"info","message":"Получение ожидающих приглашений пользователя","timestamp":"2025-09-09 21:15:49","userId":1}
{"level":"info","message":"Получение заданий для пользователя ID: 1","timestamp":"2025-09-09 21:15:49"}
{"level":"info","message":"Получение ожидающих приглашений пользователя","timestamp":"2025-09-09 21:15:49","userId":1}
{"level":"info","message":"Получение заданий для пользователя ID: 1","timestamp":"2025-09-09 21:15:49"}
{"assignmentId":32,"level":"info","message":"Получение состава команды проекта","timestamp":"2025-09-09 21:15:49"}
{"assignmentId":32,"level":"info","message":"Получение состава команды проекта","timestamp":"2025-09-09 21:15:49"}
{"assignmentId":32,"level":"info","message":"Получение состава команды проекта","timestamp":"2025-09-09 21:15:49"}
{"level":"info","message":"Получение заданий для пользователя ID: 1","timestamp":"2025-09-09 21:15:49"}
{"level":"info","message":"Получение ожидающих приглашений пользователя","timestamp":"2025-09-09 21:15:49","userId":1}
{"level":"info","message":"Получение ожидающих приглашений пользователя","timestamp":"2025-09-09 21:15:49","userId":1}
{"level":"info","message":"Получение заданий для пользователя ID: 1","timestamp":"2025-09-09 21:15:49"}
{"assignmentId":32,"level":"info","message":"Получение состава команды проекта","timestamp":"2025-09-09 21:15:49"}
{"assignmentId":32,"level":"info","message":"Получение состава команды проекта","timestamp":"2025-09-09 21:16:03"}
{"level":"info","message":"Получение заданий для пользователя ID: 1","timestamp":"2025-09-09 21:16:09"}
{"level":"info","message":"Получение заданий для пользователя ID: 1","timestamp":"2025-09-09 21:16:09"}
{"level":"info","message":"Получение ожидающих приглашений пользователя","timestamp":"2025-09-09 21:16:09","userId":1}
{"level":"info","message":"Получение ожидающих приглашений пользователя","timestamp":"2025-09-09 21:16:09","userId":1}
{"assignmentId":32,"level":"info","message":"Получение состава команды проекта","timestamp":"2025-09-09 21:16:09"}
{"assignmentId":32,"level":"info","message":"Получение состава команды проекта","timestamp":"2025-09-09 21:16:09"}
{"assignmentId":32,"level":"info","message":"Получение состава команды проекта","timestamp":"2025-09-09 21:16:09"}
{"level":"info","message":"Получение заданий для пользователя ID: 1","timestamp":"2025-09-09 21:16:09"}
{"level":"info","message":"Получение ожидающих приглашений пользователя","timestamp":"2025-09-09 21:16:09","userId":1}
{"level":"info","message":"Получение ожидающих приглашений пользователя","timestamp":"2025-09-09 21:16:09","userId":1}
{"level":"info","message":"Получение заданий для пользователя ID: 1","timestamp":"2025-09-09 21:16:09"}
{"assignmentId":32,"level":"info","message":"Получение состава команды проекта","timestamp":"2025-09-09 21:16:09"}
{"level":"info","message":"Получение заданий для пользователя ID: 1","timestamp":"2025-09-09 21:16:09"}
{"level":"info","message":"Получение ожидающих приглашений пользователя","timestamp":"2025-09-09 21:16:09","userId":1}
{"level":"info","message":"Получение ожидающих приглашений пользователя","timestamp":"2025-09-09 21:16:09","userId":1}
{"level":"info","message":"Получение заданий для пользователя ID: 1","timestamp":"2025-09-09 21:16:09"}
{"level":"info","message":"Получение заданий для пользователя ID: 1","timestamp":"2025-09-09 21:16:10"}
{"level":"info","message":"Получение заданий для пользователя ID: 1","timestamp":"2025-09-09 21:16:10"}
{"level":"info","message":"Получение заданий для пользователя ID: 1","timestamp":"2025-09-09 21:16:22"}
{"level":"info","message":"Получение заданий для пользователя ID: 1","timestamp":"2025-09-09 21:16:22"}
{"level":"info","message":"Получение заданий для пользователя ID: 1","timestamp":"2025-09-09 21:16:22"}
{"level":"info","message":"Получение заданий для пользователя ID: 1","timestamp":"2025-09-09 21:16:22"}
{"level":"info","message":"Получение заданий для пользователя ID: 1","timestamp":"2025-09-09 21:16:22"}
{"level":"info","message":"Получение заданий для пользователя ID: 1","timestamp":"2025-09-09 21:16:23"}
{"level":"info","message":"Получение ожидающих приглашений пользователя","timestamp":"2025-09-09 21:16:23","userId":1}
{"level":"info","message":"Получение заданий для пользователя ID: 1","timestamp":"2025-09-09 21:16:23"}
{"level":"info","message":"Получение ожидающих приглашений пользователя","timestamp":"2025-09-09 21:16:23","userId":1}
{"level":"info","message":"Получение заданий для пользователя ID: 1","timestamp":"2025-09-09 21:16:23"}
{"level":"info","message":"Получение ожидающих приглашений пользователя","timestamp":"2025-09-09 21:16:23","userId":1}
{"level":"info","message":"Получение ожидающих приглашений пользователя","timestamp":"2025-09-09 21:16:23","userId":1}
{"level":"info","message":"Получение заданий для пользователя ID: 1","timestamp":"2025-09-09 21:16:23"}
{"assignmentId":32,"level":"info","message":"Получение состава команды проекта","timestamp":"2025-09-09 21:16:23"}
{"assignmentId":32,"level":"info","message":"Получение состава команды проекта","timestamp":"2025-09-09 21:16:23"}
{"assignmentId":32,"level":"info","message":"Получение состава команды проекта","timestamp":"2025-09-09 21:16:23"}
{"level":"info","message":"Получение заданий для пользователя ID: 1","timestamp":"2025-09-09 21:16:23"}
{"level":"info","message":"Получение ожидающих приглашений пользователя","timestamp":"2025-09-09 21:16:23","userId":1}
{"assignmentId":32,"level":"info","message":"Получение состава команды проекта","timestamp":"2025-09-09 21:16:23"}
{"assignmentId":32,"level":"info","message":"Получение состава команды проекта","timestamp":"2025-09-09 21:16:23"}
{"level":"info","message":"Получение заданий для пользователя ID: 1","timestamp":"2025-09-09 21:16:28"}
{"level":"info","message":"Получение заданий для пользователя ID: 1","timestamp":"2025-09-09 21:16:28"}
{"level":"info","message":"Получение заданий для пользователя ID: 1","timestamp":"2025-09-09 21:16:30"}
{"level":"info","message":"Получение ожидающих приглашений пользователя","timestamp":"2025-09-09 21:16:30","userId":1}
{"level":"info","message":"Получение ожидающих приглашений пользователя","timestamp":"2025-09-09 21:16:30","userId":1}
{"level":"info","message":"Получение заданий для пользователя ID: 1","timestamp":"2025-09-09 21:16:30"}
{"level":"info","message":"Получение ожидающих приглашений пользователя","timestamp":"2025-09-09 21:16:30","userId":1}
{"level":"info","message":"Получение заданий для пользователя ID: 1","timestamp":"2025-09-09 21:16:30"}
{"level":"info","message":"Получение ожидающих приглашений пользователя","timestamp":"2025-09-09 21:16:30","userId":1}
{"level":"info","message":"Получение заданий для пользователя ID: 1","timestamp":"2025-09-09 21:16:30"}
{"assignmentId":32,"level":"info","message":"Получение состава команды проекта","timestamp":"2025-09-09 21:16:30"}
{"assignmentId":32,"level":"info","message":"Получение состава команды проекта","timestamp":"2025-09-09 21:16:30"}
{"level":"info","message":"Получение заданий для пользователя ID: 1","timestamp":"2025-09-09 21:16:30"}
{"level":"info","message":"Получение ожидающих приглашений пользователя","timestamp":"2025-09-09 21:16:30","userId":1}
{"assignmentId":32,"level":"info","message":"Получение состава команды проекта","timestamp":"2025-09-09 21:16:30"}
{"assignmentId":32,"level":"info","message":"Получение состава команды проекта","timestamp":"2025-09-09 21:16:30"}
{"assignmentId":32,"level":"info","message":"Получение состава команды проекта","timestamp":"2025-09-09 21:16:30"}
{"level":"info","message":"Получение заданий для пользователя ID: 1","timestamp":"2025-09-09 21:17:00"}
{"level":"info","message":"Получение ожидающих приглашений пользователя","timestamp":"2025-09-09 21:17:00","userId":1}
{"level":"info","message":"Получение заданий для пользователя ID: 1","timestamp":"2025-09-09 21:17:00"}
{"level":"info","message":"Получение ожидающих приглашений пользователя","timestamp":"2025-09-09 21:17:00","userId":1}
{"level":"info","message":"Получение заданий для пользователя ID: 1","timestamp":"2025-09-09 21:17:00"}
{"level":"info","message":"Получение ожидающих приглашений пользователя","timestamp":"2025-09-09 21:17:00","userId":1}
{"level":"info","message":"Получение заданий для пользователя ID: 1","timestamp":"2025-09-09 21:17:23"}
{"level":"info","message":"Получение заданий для пользователя ID: 1","timestamp":"2025-09-09 21:17:23"}
{"level":"info","message":"Получение заданий для пользователя ID: 1","timestamp":"2025-09-09 21:17:38"}
{"level":"info","message":"Получение заданий для пользователя ID: 1","timestamp":"2025-09-09 21:17:38"}
{"level":"info","message":"Получение ожидающих приглашений пользователя","timestamp":"2025-09-09 21:17:38","userId":1}
{"level":"info","message":"Получение ожидающих приглашений пользователя","timestamp":"2025-09-09 21:17:38","userId":1}
{"assignmentId":32,"level":"info","message":"Получение состава команды проекта","timestamp":"2025-09-09 21:17:38"}
{"assignmentId":32,"level":"info","message":"Получение состава команды проекта","timestamp":"2025-09-09 21:17:38"}
{"assignmentId":32,"level":"info","message":"Получение состава команды проекта","timestamp":"2025-09-09 21:17:38"}
{"level":"info","message":"Получение заданий для пользователя ID: 1","timestamp":"2025-09-09 21:17:38"}
{"level":"info","message":"Получение ожидающих приглашений пользователя","timestamp":"2025-09-09 21:17:38","userId":1}
{"level":"info","message":"Получение ожидающих приглашений пользователя","timestamp":"2025-09-09 21:17:38","userId":1}
{"level":"info","message":"Получение заданий для пользователя ID: 1","timestamp":"2025-09-09 21:17:38"}
{"assignmentId":32,"level":"info","message":"Получение состава команды проекта","timestamp":"2025-09-09 21:17:38"}
{"level":"info","message":"Получение заданий для пользователя ID: 1","timestamp":"2025-09-09 21:17:38"}
{"level":"info","message":"Получение ожидающих приглашений пользователя","timestamp":"2025-09-09 21:17:38","userId":1}
{"level":"info","message":"Получение ожидающих приглашений пользователя","timestamp":"2025-09-09 21:17:38","userId":1}
{"level":"info","message":"Получение заданий для пользователя ID: 1","timestamp":"2025-09-09 21:17:38"}
{"level":"info","message":"Получение заданий для пользователя ID: 1","timestamp":"2025-09-09 21:17:39"}
{"level":"info","message":"Получение заданий для пользователя ID: 1","timestamp":"2025-09-09 21:17:39"}
{"level":"info","message":"Получение заданий для пользователя ID: 2","timestamp":"2025-09-09 21:17:42"}
{"level":"info","message":"Получение ожидающих приглашений пользователя","timestamp":"2025-09-09 21:17:42","userId":2}
{"level":"info","message":"Получение заданий для пользователя ID: 2","timestamp":"2025-09-09 21:17:42"}
{"level":"info","message":"Получение ожидающих приглашений пользователя","timestamp":"2025-09-09 21:17:42","userId":2}
{"level":"info","message":"Получение заданий для пользователя ID: 2","timestamp":"2025-09-09 21:17:42"}
{"level":"info","message":"Получение ожидающих приглашений пользователя","timestamp":"2025-09-09 21:17:42","userId":2}
{"assignmentId":26,"level":"info","message":"Получение состава команды проекта","timestamp":"2025-09-09 21:17:42"}
{"assignmentId":26,"level":"info","message":"Получение состава команды проекта","timestamp":"2025-09-09 21:17:42"}
{"assignmentId":26,"level":"info","message":"Получение состава команды проекта","timestamp":"2025-09-09 21:17:42"}
{"level":"info","message":"Получение заданий для пользователя ID: 2","timestamp":"2025-09-09 21:17:42"}
{"level":"info","message":"Получение ожидающих приглашений пользователя","timestamp":"2025-09-09 21:17:42","userId":2}
{"level":"info","message":"Получение заданий для пользователя ID: 2","timestamp":"2025-09-09 21:17:42"}
{"level":"info","message":"Получение ожидающих приглашений пользователя","timestamp":"2025-09-09 21:17:42","userId":2}
{"assignmentId":26,"level":"info","message":"Получение состава команды проекта","timestamp":"2025-09-09 21:17:42"}
{"assignmentId":26,"level":"info","message":"Получение состава команды проекта","timestamp":"2025-09-09 21:17:42"}
{"level":"info","message":"Получение заданий для пользователя ID: 2","timestamp":"2025-09-09 21:17:43"}
{"level":"info","message":"Получение заданий для пользователя ID: 2","timestamp":"2025-09-09 21:17:43"}
{"level":"info","message":"Получение заданий для пользователя ID: 2","timestamp":"2025-09-09 21:17:44"}
{"level":"info","message":"Получение ожидающих приглашений пользователя","timestamp":"2025-09-09 21:17:44","userId":2}
{"level":"info","message":"Получение ожидающих приглашений пользователя","timestamp":"2025-09-09 21:17:44","userId":2}
{"level":"info","message":"Получение заданий для пользователя ID: 2","timestamp":"2025-09-09 21:17:44"}
{"level":"info","message":"Получение заданий для пользователя ID: 2","timestamp":"2025-09-09 21:17:44"}
{"level":"info","message":"Получение ожидающих приглашений пользователя","timestamp":"2025-09-09 21:17:44","userId":2}
{"assignmentId":26,"level":"info","message":"Получение состава команды проекта","timestamp":"2025-09-09 21:17:44"}
{"assignmentId":26,"level":"info","message":"Получение состава команды проекта","timestamp":"2025-09-09 21:17:44"}
{"assignmentId":26,"level":"info","message":"Получение состава команды проекта","timestamp":"2025-09-09 21:17:44"}
{"level":"info","message":"Получение заданий для пользователя ID: 2","timestamp":"2025-09-09 21:17:44"}
{"level":"info","message":"Получение ожидающих приглашений пользователя","timestamp":"2025-09-09 21:17:44","userId":2}
{"level":"info","message":"Получение ожидающих приглашений пользователя","timestamp":"2025-09-09 21:17:44","userId":2}
{"level":"info","message":"Получение заданий для пользователя ID: 2","timestamp":"2025-09-09 21:17:44"}
{"assignmentId":26,"level":"info","message":"Получение состава команды проекта","timestamp":"2025-09-09 21:17:44"}
{"level":"info","message":"Получение заданий для пользователя ID: 1","timestamp":"2025-09-09 21:17:49"}
{"level":"info","message":"Получение ожидающих приглашений пользователя","timestamp":"2025-09-09 21:17:49","userId":1}
{"level":"info","message":"Получение заданий для пользователя ID: 1","timestamp":"2025-09-09 21:17:49"}
{"level":"info","message":"Получение ожидающих приглашений пользователя","timestamp":"2025-09-09 21:17:49","userId":1}
{"level":"info","message":"Получение ожидающих приглашений пользователя","timestamp":"2025-09-09 21:17:49","userId":1}
{"level":"info","message":"Получение заданий для пользователя ID: 1","timestamp":"2025-09-09 21:17:49"}
{"assignmentId":32,"level":"info","message":"Получение состава команды проекта","timestamp":"2025-09-09 21:17:49"}
{"assignmentId":32,"level":"info","message":"Получение состава команды проекта","timestamp":"2025-09-09 21:17:49"}
{"assignmentId":32,"level":"info","message":"Получение состава команды проекта","timestamp":"2025-09-09 21:17:49"}
{"level":"info","message":"Получение заданий для пользователя ID: 1","timestamp":"2025-09-09 21:17:49"}
{"level":"info","message":"Получение ожидающих приглашений пользователя","timestamp":"2025-09-09 21:17:49","userId":1}
{"level":"info","message":"Получение ожидающих приглашений пользователя","timestamp":"2025-09-09 21:17:49","userId":1}
{"level":"info","message":"Получение заданий для пользователя ID: 1","timestamp":"2025-09-09 21:17:49"}
{"assignmentId":32,"level":"info","message":"Получение состава команды проекта","timestamp":"2025-09-09 21:17:49"}
{"level":"info","message":"Получение заданий для пользователя ID: 1","timestamp":"2025-09-09 21:17:50"}
{"level":"info","message":"Получение заданий для пользователя ID: 1","timestamp":"2025-09-09 21:17:50"}
{"level":"info","message":"Получение заданий для пользователя ID: 1","timestamp":"2025-09-09 21:17:52"}
{"level":"info","message":"Получение ожидающих приглашений пользователя","timestamp":"2025-09-09 21:17:52","userId":1}
{"level":"info","message":"Получение ожидающих приглашений пользователя","timestamp":"2025-09-09 21:17:52","userId":1}
{"level":"info","message":"Получение заданий для пользователя ID: 1","timestamp":"2025-09-09 21:17:52"}
{"level":"info","message":"Получение ожидающих приглашений пользователя","timestamp":"2025-09-09 21:17:52","userId":1}
{"level":"info","message":"Получение заданий для пользователя ID: 1","timestamp":"2025-09-09 21:17:52"}
{"assignmentId":32,"level":"info","message":"Получение состава команды проекта","timestamp":"2025-09-09 21:17:52"}
{"assignmentId":32,"level":"info","message":"Получение состава команды проекта","timestamp":"2025-09-09 21:17:52"}
{"assignmentId":32,"level":"info","message":"Получение состава команды проекта","timestamp":"2025-09-09 21:17:52"}
{"level":"info","message":"Получение заданий для пользователя ID: 1","timestamp":"2025-09-09 21:17:52"}
{"level":"info","message":"Получение ожидающих приглашений пользователя","timestamp":"2025-09-09 21:17:52","userId":1}
{"level":"info","message":"Получение ожидающих приглашений пользователя","timestamp":"2025-09-09 21:17:52","userId":1}
{"level":"info","message":"Получение заданий для пользователя ID: 1","timestamp":"2025-09-09 21:17:52"}
{"assignmentId":32,"level":"info","message":"Получение состава команды проекта","timestamp":"2025-09-09 21:17:52"}
{"level":"info","message":"Получение заданий для пользователя ID: 1","timestamp":"2025-09-09 21:18:23"}
{"level":"info","message":"Получение ожидающих приглашений пользователя","timestamp":"2025-09-09 21:18:23","userId":1}
{"level":"info","message":"Получение заданий для пользователя ID: 1","timestamp":"2025-09-09 21:18:23"}
{"level":"info","message":"Получение ожидающих приглашений пользователя","timestamp":"2025-09-09 21:18:23","userId":1}
{"level":"info","message":"Получение заданий для пользователя ID: 1","timestamp":"2025-09-09 21:18:23"}
{"level":"info","message":"Получение ожидающих приглашений пользователя","timestamp":"2025-09-09 21:18:23","userId":1}
{"level":"info","message":"Получение заданий для пользователя ID: 1","timestamp":"2025-09-09 21:18:54"}
{"level":"info","message":"Получение ожидающих приглашений пользователя","timestamp":"2025-09-09 21:18:54","userId":1}
{"level":"info","message":"Получение заданий для пользователя ID: 1","timestamp":"2025-09-09 21:18:54"}
{"level":"info","message":"Получение ожидающих приглашений пользователя","timestamp":"2025-09-09 21:18:54","userId":1}
{"level":"info","message":"Получение заданий для пользователя ID: 1","timestamp":"2025-09-09 21:18:54"}
{"level":"info","message":"Получение ожидающих приглашений пользователя","timestamp":"2025-09-09 21:18:54","userId":1}
{"level":"info","message":"Получение заданий для пользователя ID: 1","timestamp":"2025-09-09 21:19:25"}
{"level":"info","message":"Получение ожидающих приглашений пользователя","timestamp":"2025-09-09 21:19:25","userId":1}
{"level":"info","message":"Получение заданий для пользователя ID: 1","timestamp":"2025-09-09 21:19:25"}
{"level":"info","message":"Получение ожидающих приглашений пользователя","timestamp":"2025-09-09 21:19:25","userId":1}
{"level":"info","message":"Получение заданий для пользователя ID: 1","timestamp":"2025-09-09 21:19:25"}
{"level":"info","message":"Получение ожидающих приглашений пользователя","timestamp":"2025-09-09 21:19:25","userId":1}
{"level":"info","message":"Получение заданий для пользователя ID: 1","timestamp":"2025-09-09 21:19:56"}
{"level":"info","message":"Получение ожидающих приглашений пользователя","timestamp":"2025-09-09 21:19:56","userId":1}
{"level":"info","message":"Получение заданий для пользователя ID: 1","timestamp":"2025-09-09 21:19:56"}
{"level":"info","message":"Получение ожидающих приглашений пользователя","timestamp":"2025-09-09 21:19:56","userId":1}
{"level":"info","message":"Получение заданий для пользователя ID: 1","timestamp":"2025-09-09 21:19:56"}
{"level":"info","message":"Получение ожидающих приглашений пользователя","timestamp":"2025-09-09 21:19:56","userId":1}
{"level":"info","message":"Получение заданий для пользователя ID: 1","timestamp":"2025-09-09 21:20:27"}
{"level":"info","message":"Получение ожидающих приглашений пользователя","timestamp":"2025-09-09 21:20:27","userId":1}
{"level":"info","message":"Получение заданий для пользователя ID: 1","timestamp":"2025-09-09 21:20:27"}
{"level":"info","message":"Получение ожидающих приглашений пользователя","timestamp":"2025-09-09 21:20:27","userId":1}
{"level":"info","message":"Получение заданий для пользователя ID: 1","timestamp":"2025-09-09 21:20:27"}
{"level":"info","message":"Получение ожидающих приглашений пользователя","timestamp":"2025-09-09 21:20:27","userId":1}
{"level":"info","message":"Получение заданий для пользователя ID: 1","timestamp":"2025-09-09 21:20:58"}
{"level":"info","message":"Получение ожидающих приглашений пользователя","timestamp":"2025-09-09 21:20:58","userId":1}
{"level":"info","message":"Получение заданий для пользователя ID: 1","timestamp":"2025-09-09 21:20:58"}
{"level":"info","message":"Получение ожидающих приглашений пользователя","timestamp":"2025-09-09 21:20:58","userId":1}
{"level":"info","message":"Получение заданий для пользователя ID: 1","timestamp":"2025-09-09 21:20:58"}
{"level":"info","message":"Получение ожидающих приглашений пользователя","timestamp":"2025-09-09 21:20:58","userId":1}
{"level":"info","message":"Получение заданий для пользователя ID: 1","timestamp":"2025-09-09 21:21:29"}
{"level":"info","message":"Получение ожидающих приглашений пользователя","timestamp":"2025-09-09 21:21:29","userId":1}
{"level":"info","message":"Получение заданий для пользователя ID: 1","timestamp":"2025-09-09 21:21:29"}
{"level":"info","message":"Получение ожидающих приглашений пользователя","timestamp":"2025-09-09 21:21:29","userId":1}
{"level":"info","message":"Получение заданий для пользователя ID: 1","timestamp":"2025-09-09 21:21:29"}
{"level":"info","message":"Получение ожидающих приглашений пользователя","timestamp":"2025-09-09 21:21:29","userId":1}
{"level":"info","message":"Получение заданий для пользователя ID: 1","timestamp":"2025-09-09 21:22:00"}
{"level":"info","message":"Получение ожидающих приглашений пользователя","timestamp":"2025-09-09 21:22:00","userId":1}
{"level":"info","message":"Получение заданий для пользователя ID: 1","timestamp":"2025-09-09 21:22:00"}
{"level":"info","message":"Получение ожидающих приглашений пользователя","timestamp":"2025-09-09 21:22:00","userId":1}
{"level":"info","message":"Получение заданий для пользователя ID: 1","timestamp":"2025-09-09 21:22:00"}
{"level":"info","message":"Получение ожидающих приглашений пользователя","timestamp":"2025-09-09 21:22:00","userId":1}
{"level":"info","message":"Получение заданий для пользователя ID: 1","timestamp":"2025-09-09 21:22:31"}
{"level":"info","message":"Получение ожидающих приглашений пользователя","timestamp":"2025-09-09 21:22:31","userId":1}
{"level":"info","message":"Получение заданий для пользователя ID: 1","timestamp":"2025-09-09 21:22:31"}
{"level":"info","message":"Получение ожидающих приглашений пользователя","timestamp":"2025-09-09 21:22:31","userId":1}
{"level":"info","message":"Получение заданий для пользователя ID: 1","timestamp":"2025-09-09 21:22:31"}
{"level":"info","message":"Получение ожидающих приглашений пользователя","timestamp":"2025-09-09 21:22:31","userId":1}
{"level":"info","message":"Получение заданий для пользователя ID: 1","timestamp":"2025-09-09 21:23:02"}
{"level":"info","message":"Получение ожидающих приглашений пользователя","timestamp":"2025-09-09 21:23:02","userId":1}
{"level":"info","message":"Получение заданий для пользователя ID: 1","timestamp":"2025-09-09 21:23:02"}
{"level":"info","message":"Получение ожидающих приглашений пользователя","timestamp":"2025-09-09 21:23:02","userId":1}
{"level":"info","message":"Получение заданий для пользователя ID: 1","timestamp":"2025-09-09 21:23:02"}
{"level":"info","message":"Получение ожидающих приглашений пользователя","timestamp":"2025-09-09 21:23:02","userId":1}
{"level":"info","message":"Получение заданий для пользователя ID: 1","timestamp":"2025-09-09 21:23:33"}
{"level":"info","message":"Получение ожидающих приглашений пользователя","timestamp":"2025-09-09 21:23:33","userId":1}
{"level":"info","message":"Получение заданий для пользователя ID: 1","timestamp":"2025-09-09 21:23:33"}
{"level":"info","message":"Получение ожидающих приглашений пользователя","timestamp":"2025-09-09 21:23:33","userId":1}
{"level":"info","message":"Получение заданий для пользователя ID: 1","timestamp":"2025-09-09 21:23:33"}
{"level":"info","message":"Получение ожидающих приглашений пользователя","timestamp":"2025-09-09 21:23:33","userId":1}
{"level":"info","message":"Получение заданий для пользователя ID: 1","timestamp":"2025-09-09 21:24:04"}
{"level":"info","message":"Получение ожидающих приглашений пользователя","timestamp":"2025-09-09 21:24:04","userId":1}
{"level":"info","message":"Получение заданий для пользователя ID: 1","timestamp":"2025-09-09 21:24:04"}
{"level":"info","message":"Получение ожидающих приглашений пользователя","timestamp":"2025-09-09 21:24:04","userId":1}
{"level":"info","message":"Получение заданий для пользователя ID: 1","timestamp":"2025-09-09 21:24:04"}
{"level":"info","message":"Получение ожидающих приглашений пользователя","timestamp":"2025-09-09 21:24:04","userId":1}
{"level":"info","message":"Получение заданий для пользователя ID: 1","timestamp":"2025-09-09 21:24:35"}
{"level":"info","message":"Получение ожидающих приглашений пользователя","timestamp":"2025-09-09 21:24:35","userId":1}
{"level":"info","message":"Получение заданий для пользователя ID: 1","timestamp":"2025-09-09 21:24:35"}
{"level":"info","message":"Получение ожидающих приглашений пользователя","timestamp":"2025-09-09 21:24:35","userId":1}
{"level":"info","message":"Получение заданий для пользователя ID: 1","timestamp":"2025-09-09 21:24:35"}
{"level":"info","message":"Получение ожидающих приглашений пользователя","timestamp":"2025-09-09 21:24:35","userId":1}
{"level":"info","message":"Получение заданий для пользователя ID: 1","timestamp":"2025-09-09 21:25:06"}
{"level":"info","message":"Получение ожидающих приглашений пользователя","timestamp":"2025-09-09 21:25:06","userId":1}
{"level":"info","message":"Получение заданий для пользователя ID: 1","timestamp":"2025-09-09 21:25:06"}
{"level":"info","message":"Получение ожидающих приглашений пользователя","timestamp":"2025-09-09 21:25:06","userId":1}
{"level":"info","message":"Получение заданий для пользователя ID: 1","timestamp":"2025-09-09 21:25:06"}
{"level":"info","message":"Получение ожидающих приглашений пользователя","timestamp":"2025-09-09 21:25:06","userId":1}
{"level":"info","message":"Получение заданий для пользователя ID: 1","timestamp":"2025-09-09 21:25:37"}
{"level":"info","message":"Получение ожидающих приглашений пользователя","timestamp":"2025-09-09 21:25:37","userId":1}
{"level":"info","message":"Получение заданий для пользователя ID: 1","timestamp":"2025-09-09 21:25:37"}
{"level":"info","message":"Получение ожидающих приглашений пользователя","timestamp":"2025-09-09 21:25:37","userId":1}
{"level":"info","message":"Получение заданий для пользователя ID: 1","timestamp":"2025-09-09 21:25:37"}
{"level":"info","message":"Получение ожидающих приглашений пользователя","timestamp":"2025-09-09 21:25:37","userId":1}
{"level":"info","message":"Получение заданий для пользователя ID: 1","timestamp":"2025-09-09 21:26:08"}
{"level":"info","message":"Получение ожидающих приглашений пользователя","timestamp":"2025-09-09 21:26:08","userId":1}
{"level":"info","message":"Получение заданий для пользователя ID: 1","timestamp":"2025-09-09 21:26:08"}
{"level":"info","message":"Получение ожидающих приглашений пользователя","timestamp":"2025-09-09 21:26:08","userId":1}
{"level":"info","message":"Получение заданий для пользователя ID: 1","timestamp":"2025-09-09 21:26:08"}
{"level":"info","message":"Получение ожидающих приглашений пользователя","timestamp":"2025-09-09 21:26:08","userId":1}
{"level":"info","message":"Получение заданий для пользователя ID: 1","timestamp":"2025-09-09 21:26:39"}
{"level":"info","message":"Получение ожидающих приглашений пользователя","timestamp":"2025-09-09 21:26:39","userId":1}
{"level":"info","message":"Получение заданий для пользователя ID: 1","timestamp":"2025-09-09 21:26:39"}
{"level":"info","message":"Получение ожидающих приглашений пользователя","timestamp":"2025-09-09 21:26:39","userId":1}
{"level":"info","message":"Получение заданий для пользователя ID: 1","timestamp":"2025-09-09 21:26:39"}
{"level":"info","message":"Получение ожидающих приглашений пользователя","timestamp":"2025-09-09 21:26:39","userId":1}
{"level":"info","message":"Получение заданий для пользователя ID: 1","timestamp":"2025-09-09 21:27:10"}
{"level":"info","message":"Получение ожидающих приглашений пользователя","timestamp":"2025-09-09 21:27:10","userId":1}
{"level":"info","message":"Получение заданий для пользователя ID: 1","timestamp":"2025-09-09 21:27:10"}
{"level":"info","message":"Получение ожидающих приглашений пользователя","timestamp":"2025-09-09 21:27:10","userId":1}
{"level":"info","message":"Получение ожидающих приглашений пользователя","timestamp":"2025-09-09 21:27:10","userId":1}
{"level":"info","message":"Получение заданий для пользователя ID: 1","timestamp":"2025-09-09 21:27:10"}
{"level":"info","message":"Получение заданий для пользователя ID: 1","timestamp":"2025-09-09 21:27:41"}
{"level":"info","message":"Получение ожидающих приглашений пользователя","timestamp":"2025-09-09 21:27:41","userId":1}
{"level":"info","message":"Получение ожидающих приглашений пользователя","timestamp":"2025-09-09 21:27:41","userId":1}
{"level":"info","message":"Получение заданий для пользователя ID: 1","timestamp":"2025-09-09 21:27:41"}
{"level":"info","message":"Получение заданий для пользователя ID: 1","timestamp":"2025-09-09 21:27:41"}
{"level":"info","message":"Получение ожидающих приглашений пользователя","timestamp":"2025-09-09 21:27:41","userId":1}
{"level":"info","message":"Получение заданий для пользователя ID: 1","timestamp":"2025-09-09 21:28:12"}
{"level":"info","message":"Получение ожидающих приглашений пользователя","timestamp":"2025-09-09 21:28:12","userId":1}
{"level":"info","message":"Получение заданий для пользователя ID: 1","timestamp":"2025-09-09 21:28:12"}
{"level":"info","message":"Получение ожидающих приглашений пользователя","timestamp":"2025-09-09 21:28:12","userId":1}
{"level":"info","message":"Получение заданий для пользователя ID: 1","timestamp":"2025-09-09 21:28:12"}
{"level":"info","message":"Получение ожидающих приглашений пользователя","timestamp":"2025-09-09 21:28:12","userId":1}
{"level":"info","message":"Получение заданий для пользователя ID: 1","timestamp":"2025-09-09 21:28:34"}
{"level":"info","message":"Получение заданий для пользователя ID: 1","timestamp":"2025-09-09 21:28:34"}
{"level":"info","message":"Получение ожидающих приглашений пользователя","timestamp":"2025-09-09 21:28:34","userId":1}
{"level":"info","message":"Получение ожидающих приглашений пользователя","timestamp":"2025-09-09 21:28:34","userId":1}
{"assignmentId":32,"level":"info","message":"Получение состава команды проекта","timestamp":"2025-09-09 21:28:34"}
{"assignmentId":32,"level":"info","message":"Получение состава команды проекта","timestamp":"2025-09-09 21:28:34"}
{"assignmentId":32,"level":"info","message":"Получение состава команды проекта","timestamp":"2025-09-09 21:28:34"}
{"level":"info","message":"Получение заданий для пользователя ID: 1","timestamp":"2025-09-09 21:28:34"}
{"level":"info","message":"Получение ожидающих приглашений пользователя","timestamp":"2025-09-09 21:28:34","userId":1}
{"level":"info","message":"Получение ожидающих приглашений пользователя","timestamp":"2025-09-09 21:28:34","userId":1}
{"level":"info","message":"Получение заданий для пользователя ID: 1","timestamp":"2025-09-09 21:28:34"}
{"assignmentId":32,"level":"info","message":"Получение состава команды проекта","timestamp":"2025-09-09 21:28:34"}
{"level":"info","message":"Получение заданий для пользователя ID: 1","timestamp":"2025-09-09 21:28:34"}
{"level":"info","message":"Получение ожидающих приглашений пользователя","timestamp":"2025-09-09 21:28:34","userId":1}
{"level":"info","message":"Получение ожидающих приглашений пользователя","timestamp":"2025-09-09 21:28:34","userId":1}
{"level":"info","message":"Получение заданий для пользователя ID: 1","timestamp":"2025-09-09 21:28:34"}
{"level":"info","message":"Получение заданий для пользователя ID: 1","timestamp":"2025-09-09 21:28:35"}
{"level":"info","message":"Получение заданий для пользователя ID: 1","timestamp":"2025-09-09 21:28:35"}
{"level":"info","message":"Получение ожидающих приглашений пользователя","timestamp":"2025-09-09 21:29:12","userId":1}
{"level":"info","message":"Получение ожидающих приглашений пользователя","timestamp":"2025-09-09 21:29:12","userId":1}
{"level":"info","message":"Получение заданий для пользователя ID: 1","timestamp":"2025-09-09 21:29:12"}
{"level":"info","message":"Получение заданий для пользователя ID: 1","timestamp":"2025-09-09 21:29:12"}
{"level":"info","message":"Получение ожидающих приглашений пользователя","timestamp":"2025-09-09 21:29:12","userId":1}
{"level":"info","message":"Получение заданий для пользователя ID: 1","timestamp":"2025-09-09 21:29:12"}
{"assignmentId":32,"level":"info","message":"Получение состава команды проекта","timestamp":"2025-09-09 21:29:12"}
{"assignmentId":32,"level":"info","message":"Получение состава команды проекта","timestamp":"2025-09-09 21:29:13"}
{"assignmentId":32,"level":"info","message":"Получение состава команды проекта","timestamp":"2025-09-09 21:29:13"}
{"level":"info","message":"Получение заданий для пользователя ID: 1","timestamp":"2025-09-09 21:29:13"}
{"level":"info","message":"Получение ожидающих приглашений пользователя","timestamp":"2025-09-09 21:29:13","userId":1}
{"level":"info","message":"Получение заданий для пользователя ID: 1","timestamp":"2025-09-09 21:29:13"}
{"level":"info","message":"Получение ожидающих приглашений пользователя","timestamp":"2025-09-09 21:29:13","userId":1}
{"assignmentId":32,"level":"info","message":"Получение состава команды проекта","timestamp":"2025-09-09 21:29:13"}
{"level":"info","message":"Получение заданий для пользователя ID: 1","timestamp":"2025-09-09 21:29:13"}
{"level":"info","message":"Получение заданий для пользователя ID: 1","timestamp":"2025-09-09 21:29:13"}
{"level":"info","message":"Получение заданий для пользователя ID: 2","timestamp":"2025-09-09 21:29:18"}
{"level":"info","message":"Получение ожидающих приглашений пользователя","timestamp":"2025-09-09 21:29:18","userId":2}
{"level":"info","message":"Получение заданий для пользователя ID: 2","timestamp":"2025-09-09 21:29:18"}
{"level":"info","message":"Получение ожидающих приглашений пользователя","timestamp":"2025-09-09 21:29:18","userId":2}
{"level":"info","message":"Получение ожидающих приглашений пользователя","timestamp":"2025-09-09 21:29:18","userId":2}
{"level":"info","message":"Получение заданий для пользователя ID: 2","timestamp":"2025-09-09 21:29:18"}
{"assignmentId":26,"level":"info","message":"Получение состава команды проекта","timestamp":"2025-09-09 21:29:18"}
{"assignmentId":26,"level":"info","message":"Получение состава команды проекта","timestamp":"2025-09-09 21:29:18"}
{"level":"info","message":"Получение заданий для пользователя ID: 2","timestamp":"2025-09-09 21:29:18"}
{"level":"info","message":"Получение ожидающих приглашений пользователя","timestamp":"2025-09-09 21:29:18","userId":2}
{"assignmentId":26,"level":"info","message":"Получение состава команды проекта","timestamp":"2025-09-09 21:29:18"}
{"level":"info","message":"Получение ожидающих приглашений пользователя","timestamp":"2025-09-09 21:29:18","userId":2}
{"level":"info","message":"Получение заданий для пользователя ID: 2","timestamp":"2025-09-09 21:29:18"}
{"assignmentId":26,"level":"info","message":"Получение состава команды проекта","timestamp":"2025-09-09 21:29:18"}
{"level":"info","message":"Получение заданий для пользователя ID: 2","timestamp":"2025-09-09 21:29:19"}
{"level":"info","message":"Получение заданий для пользователя ID: 2","timestamp":"2025-09-09 21:29:19"}
{"level":"info","message":"Получение заданий для пользователя ID: 2","timestamp":"2025-09-09 21:29:20"}
{"level":"info","message":"Получение ожидающих приглашений пользователя","timestamp":"2025-09-09 21:29:20","userId":2}
{"level":"info","message":"Получение ожидающих приглашений пользователя","timestamp":"2025-09-09 21:29:20","userId":2}
{"level":"info","message":"Получение заданий для пользователя ID: 2","timestamp":"2025-09-09 21:29:20"}
{"level":"info","message":"Получение заданий для пользователя ID: 2","timestamp":"2025-09-09 21:29:20"}
{"level":"info","message":"Получение ожидающих приглашений пользователя","timestamp":"2025-09-09 21:29:20","userId":2}
{"assignmentId":26,"level":"info","message":"Получение состава команды проекта","timestamp":"2025-09-09 21:29:20"}
{"level":"info","message":"Получение заданий для пользователя ID: 2","timestamp":"2025-09-09 21:29:20"}
{"level":"info","message":"Получение ожидающих приглашений пользователя","timestamp":"2025-09-09 21:29:20","userId":2}
{"assignmentId":26,"level":"info","message":"Получение состава команды проекта","timestamp":"2025-09-09 21:29:20"}
{"assignmentId":26,"level":"info","message":"Получение состава команды проекта","timestamp":"2025-09-09 21:29:20"}
{"level":"info","message":"Получение заданий для пользователя ID: 2","timestamp":"2025-09-09 21:29:20"}
{"level":"info","message":"Получение ожидающих приглашений пользователя","timestamp":"2025-09-09 21:29:20","userId":2}
{"assignmentId":26,"level":"info","message":"Получение состава команды проекта","timestamp":"2025-09-09 21:29:20"}
{"assignmentId":26,"level":"info","message":"Получение состава команды проекта","timestamp":"2025-09-09 21:29:20"}
{"level":"info","message":"Получение заданий для пользователя ID: 1","timestamp":"2025-09-09 21:29:31"}
{"level":"info","message":"Получение ожидающих приглашений пользователя","timestamp":"2025-09-09 21:29:31","userId":1}
{"level":"info","message":"Получение ожидающих приглашений пользователя","timestamp":"2025-09-09 21:29:31","userId":1}
{"level":"info","message":"Получение заданий для пользователя ID: 1","timestamp":"2025-09-09 21:29:31"}
{"level":"info","message":"Получение ожидающих приглашений пользователя","timestamp":"2025-09-09 21:29:31","userId":1}
{"level":"info","message":"Получение ожидающих приглашений пользователя","timestamp":"2025-09-09 21:29:31","userId":1}
{"level":"info","message":"Получение заданий для пользователя ID: 1","timestamp":"2025-09-09 21:29:31"}
{"level":"info","message":"Получение ожидающих приглашений пользователя","timestamp":"2025-09-09 21:29:31","userId":1}
{"level":"info","message":"Получение заданий для пользователя ID: 1","timestamp":"2025-09-09 21:29:31"}
{"level":"info","message":"Получение заданий для пользователя ID: 1","timestamp":"2025-09-09 21:29:31"}
{"assignmentId":32,"level":"info","message":"Получение состава команды проекта","timestamp":"2025-09-09 21:29:31"}
{"assignmentId":32,"level":"info","message":"Получение состава команды проекта","timestamp":"2025-09-09 21:29:31"}
{"assignmentId":32,"level":"info","message":"Получение состава команды проекта","timestamp":"2025-09-09 21:29:31"}
{"assignmentId":32,"level":"info","message":"Получение состава команды проекта","timestamp":"2025-09-09 21:29:31"}
{"assignmentId":32,"level":"info","message":"Получение состава команды проекта","timestamp":"2025-09-09 21:29:31"}
{"assignmentId":32,"level":"info","message":"Получение состава команды проекта","timestamp":"2025-09-09 21:29:31"}
{"level":"info","message":"Получение заданий для пользователя ID: 1","timestamp":"2025-09-09 21:29:32"}
{"level":"info","message":"Получение заданий для пользователя ID: 1","timestamp":"2025-09-09 21:29:32"}
{"level":"info","message":"Получение заданий для пользователя ID: 1","timestamp":"2025-09-09 21:29:32"}
{"level":"info","message":"Получение заданий для пользователя ID: 1","timestamp":"2025-09-09 21:29:43"}
{"level":"info","message":"Получение ожидающих приглашений пользователя","timestamp":"2025-09-09 21:29:43","userId":1}
{"level":"info","message":"Получение заданий для пользователя ID: 1","timestamp":"2025-09-09 21:29:43"}
{"level":"info","message":"Получение ожидающих приглашений пользователя","timestamp":"2025-09-09 21:29:43","userId":1}
{"level":"info","message":"Получение ожидающих приглашений пользователя","timestamp":"2025-09-09 21:29:43","userId":1}
{"level":"info","message":"Получение заданий для пользователя ID: 1","timestamp":"2025-09-09 21:29:43"}
{"assignmentId":32,"level":"info","message":"Получение состава команды проекта","timestamp":"2025-09-09 21:29:43"}
{"assignmentId":32,"level":"info","message":"Получение состава команды проекта","timestamp":"2025-09-09 21:29:43"}
{"level":"info","message":"Получение заданий для пользователя ID: 1","timestamp":"2025-09-09 21:29:43"}
{"level":"info","message":"Получение ожидающих приглашений пользователя","timestamp":"2025-09-09 21:29:43","userId":1}
{"assignmentId":32,"level":"info","message":"Получение состава команды проекта","timestamp":"2025-09-09 21:29:43"}
{"level":"info","message":"Получение заданий для пользователя ID: 1","timestamp":"2025-09-09 21:29:43"}
{"level":"info","message":"Получение ожидающих приглашений пользователя","timestamp":"2025-09-09 21:29:43","userId":1}
{"assignmentId":32,"level":"info","message":"Получение состава команды проекта","timestamp":"2025-09-09 21:29:43"}
{"assignmentId":32,"level":"info","message":"Получение состава команды проекта","timestamp":"2025-09-09 21:29:43"}
{"level":"info","message":"Получение заданий для пользователя ID: 1","timestamp":"2025-09-09 21:30:12"}
{"level":"info","message":"Получение заданий для пользователя ID: 1","timestamp":"2025-09-09 21:30:12"}
{"level":"info","message":"Получение заданий для пользователя ID: 1","timestamp":"2025-09-09 21:30:12"}
{"level":"info","message":"Получение заданий для пользователя ID: 1","timestamp":"2025-09-09 21:31:30"}
{"level":"info","message":"Получение ожидающих приглашений пользователя","timestamp":"2025-09-09 21:31:30","userId":1}
{"level":"info","message":"Получение заданий для пользователя ID: 1","timestamp":"2025-09-09 21:31:30"}
{"level":"info","message":"Получение ожидающих приглашений пользователя","timestamp":"2025-09-09 21:31:30","userId":1}
{"assignmentId":32,"level":"info","message":"Получение состава команды проекта","timestamp":"2025-09-09 21:31:30"}
{"assignmentId":32,"level":"info","message":"Получение состава команды проекта","timestamp":"2025-09-09 21:31:30"}
{"level":"info","message":"Получение заданий для пользователя ID: 1","timestamp":"2025-09-09 21:31:30"}
{"level":"info","message":"Получение ожидающих приглашений пользователя","timestamp":"2025-09-09 21:31:30","userId":1}
{"assignmentId":32,"level":"info","message":"Получение состава команды проекта","timestamp":"2025-09-09 21:31:30"}
{"level":"info","message":"Получение ожидающих приглашений пользователя","timestamp":"2025-09-09 21:31:30","userId":1}
{"level":"info","message":"Получение заданий для пользователя ID: 1","timestamp":"2025-09-09 21:31:30"}
{"level":"info","message":"Получение заданий для пользователя ID: 1","timestamp":"2025-09-09 21:31:30"}
{"level":"info","message":"Получение ожидающих приглашений пользователя","timestamp":"2025-09-09 21:31:30","userId":1}
{"assignmentId":32,"level":"info","message":"Получение состава команды проекта","timestamp":"2025-09-09 21:31:30"}
{"level":"info","message":"Получение заданий для пользователя ID: 1","timestamp":"2025-09-09 21:31:30"}
{"level":"info","message":"Получение ожидающих приглашений пользователя","timestamp":"2025-09-09 21:31:30","userId":1}
{"level":"info","message":"Получение заданий для пользователя ID: 1","timestamp":"2025-09-09 21:31:39"}
{"level":"info","message":"Получение заданий для пользователя ID: 1","timestamp":"2025-09-09 21:31:39"}
{"level":"info","message":"Получение заданий для пользователя ID: 1","timestamp":"2025-09-09 21:31:39"}
{"level":"info","message":"Получение заданий для пользователя ID: 1","timestamp":"2025-09-09 21:31:39"}
{"level":"info","message":"Получение ожидающих приглашений пользователя","timestamp":"2025-09-09 21:31:39","userId":1}
{"level":"info","message":"Получение заданий для пользователя ID: 1","timestamp":"2025-09-09 21:31:39"}
{"level":"info","message":"Получение ожидающих приглашений пользователя","timestamp":"2025-09-09 21:31:39","userId":1}
{"level":"info","message":"Получение ожидающих приглашений пользователя","timestamp":"2025-09-09 21:31:39","userId":1}
{"level":"info","message":"Получение заданий для пользователя ID: 1","timestamp":"2025-09-09 21:31:39"}
{"assignmentId":32,"level":"info","message":"Получение состава команды проекта","timestamp":"2025-09-09 21:31:39"}
{"assignmentId":32,"level":"info","message":"Получение состава команды проекта","timestamp":"2025-09-09 21:31:39"}
{"assignmentId":32,"level":"info","message":"Получение состава команды проекта","timestamp":"2025-09-09 21:31:39"}
{"level":"info","message":"Получение заданий для пользователя ID: 1","timestamp":"2025-09-09 21:31:39"}
{"level":"info","message":"Получение ожидающих приглашений пользователя","timestamp":"2025-09-09 21:31:39","userId":1}
{"level":"info","message":"Получение заданий для пользователя ID: 1","timestamp":"2025-09-09 21:31:39"}
{"level":"info","message":"Получение ожидающих приглашений пользователя","timestamp":"2025-09-09 21:31:39","userId":1}
{"assignmentId":32,"level":"info","message":"Получение состава команды проекта","timestamp":"2025-09-09 21:31:39"}
{"assignmentId":32,"level":"info","message":"Получение состава команды проекта","timestamp":"2025-09-09 21:31:39"}
{"level":"info","message":"Получение заданий для пользователя ID: 1","timestamp":"2025-09-09 21:31:46"}
{"level":"info","message":"Получение ожидающих приглашений пользователя","timestamp":"2025-09-09 21:31:46","userId":1}
{"level":"info","message":"Получение ожидающих приглашений пользователя","timestamp":"2025-09-09 21:31:46","userId":1}
{"level":"info","message":"Получение заданий для пользователя ID: 1","timestamp":"2025-09-09 21:31:46"}
{"level":"info","message":"Получение ожидающих приглашений пользователя","timestamp":"2025-09-09 21:31:46","userId":1}
{"level":"info","message":"Получение заданий для пользователя ID: 1","timestamp":"2025-09-09 21:31:46"}
{"assignmentId":32,"level":"info","message":"Получение состава команды проекта","timestamp":"2025-09-09 21:31:46"}
{"assignmentId":32,"level":"info","message":"Получение состава команды проекта","timestamp":"2025-09-09 21:31:46"}
{"assignmentId":32,"level":"info","message":"Получение состава команды проекта","timestamp":"2025-09-09 21:31:46"}
{"level":"info","message":"Получение заданий для пользователя ID: 1","timestamp":"2025-09-09 21:31:46"}
{"level":"info","message":"Получение ожидающих приглашений пользователя","timestamp":"2025-09-09 21:31:46","userId":1}
{"level":"info","message":"Получение ожидающих приглашений пользователя","timestamp":"2025-09-09 21:31:46","userId":1}
{"level":"info","message":"Получение заданий для пользователя ID: 1","timestamp":"2025-09-09 21:31:46"}
{"assignmentId":32,"level":"info","message":"Получение состава команды проекта","timestamp":"2025-09-09 21:31:46"}
{"assignmentId":32,"level":"info","message":"Получение состава команды проекта","timestamp":"2025-09-09 21:31:46"}
{"level":"info","message":"Получение заданий для пользователя ID: 1","timestamp":"2025-09-09 21:32:16"}
{"level":"info","message":"Получение ожидающих приглашений пользователя","timestamp":"2025-09-09 21:32:16","userId":1}
{"level":"info","message":"Получение заданий для пользователя ID: 1","timestamp":"2025-09-09 21:32:16"}
{"level":"info","message":"Получение ожидающих приглашений пользователя","timestamp":"2025-09-09 21:32:16","userId":1}
{"level":"info","message":"Получение заданий для пользователя ID: 1","timestamp":"2025-09-09 21:32:16"}
{"level":"info","message":"Получение ожидающих приглашений пользователя","timestamp":"2025-09-09 21:32:16","userId":1}
{"level":"info","message":"Получение заданий для пользователя ID: 1","timestamp":"2025-09-09 21:32:46"}
{"level":"info","message":"Получение ожидающих приглашений пользователя","timestamp":"2025-09-09 21:32:46","userId":1}
{"level":"info","message":"Получение заданий для пользователя ID: 1","timestamp":"2025-09-09 21:32:47"}
{"level":"info","message":"Получение ожидающих приглашений пользователя","timestamp":"2025-09-09 21:32:47","userId":1}
{"level":"info","message":"Получение заданий для пользователя ID: 1","timestamp":"2025-09-09 21:32:47"}
{"level":"info","message":"Получение ожидающих приглашений пользователя","timestamp":"2025-09-09 21:32:47","userId":1}
{"level":"info","message":"Получение заданий для пользователя ID: 1","timestamp":"2025-09-09 21:32:49"}
{"level":"info","message":"Получение заданий для пользователя ID: 1","timestamp":"2025-09-09 21:32:49"}
{"level":"info","message":"Получение заданий для пользователя ID: 1","timestamp":"2025-09-09 21:32:49"}
{"level":"info","message":"Получение заданий для пользователя ID: 1","timestamp":"2025-09-09 21:32:54"}
{"level":"info","message":"Получение ожидающих приглашений пользователя","timestamp":"2025-09-09 21:32:54","userId":1}
{"level":"info","message":"Получение ожидающих приглашений пользователя","timestamp":"2025-09-09 21:32:54","userId":1}
{"level":"info","message":"Получение заданий для пользователя ID: 1","timestamp":"2025-09-09 21:32:54"}
{"level":"info","message":"Получение ожидающих приглашений пользователя","timestamp":"2025-09-09 21:32:54","userId":1}
{"level":"info","message":"Получение ожидающих приглашений пользователя","timestamp":"2025-09-09 21:32:54","userId":1}
{"level":"info","message":"Получение заданий для пользователя ID: 1","timestamp":"2025-09-09 21:32:54"}
{"level":"info","message":"Получение заданий для пользователя ID: 1","timestamp":"2025-09-09 21:32:54"}
{"assignmentId":32,"level":"info","message":"Получение состава команды проекта","timestamp":"2025-09-09 21:32:54"}
{"assignmentId":32,"level":"info","message":"Получение состава команды проекта","timestamp":"2025-09-09 21:32:54"}
{"assignmentId":32,"level":"info","message":"Получение состава команды проекта","timestamp":"2025-09-09 21:32:54"}
{"level":"info","message":"Получение заданий для пользователя ID: 1","timestamp":"2025-09-09 21:32:54"}
{"level":"info","message":"Получение ожидающих приглашений пользователя","timestamp":"2025-09-09 21:32:54","userId":1}
{"assignmentId":32,"level":"info","message":"Получение состава команды проекта","timestamp":"2025-09-09 21:32:54"}
{"assignmentId":32,"level":"info","message":"Получение состава команды проекта","timestamp":"2025-09-09 21:32:54"}
{"assignmentId":32,"level":"info","message":"Получение состава команды проекта","timestamp":"2025-09-09 21:32:54"}
{"level":"info","message":"Получение заданий для пользователя ID: 1","timestamp":"2025-09-09 21:32:57"}
{"level":"info","message":"Получение заданий для пользователя ID: 1","timestamp":"2025-09-09 21:32:57"}
{"level":"info","message":"Получение заданий для пользователя ID: 1","timestamp":"2025-09-09 21:32:57"}
{"level":"info","message":"Получение заданий для пользователя ID: 1","timestamp":"2025-09-09 21:33:00"}
{"level":"info","message":"Получение ожидающих приглашений пользователя","timestamp":"2025-09-09 21:33:00","userId":1}
{"level":"info","message":"Получение ожидающих приглашений пользователя","timestamp":"2025-09-09 21:33:00","userId":1}
{"level":"info","message":"Получение заданий для пользователя ID: 1","timestamp":"2025-09-09 21:33:00"}
{"level":"info","message":"Получение ожидающих приглашений пользователя","timestamp":"2025-09-09 21:33:00","userId":1}
{"level":"info","message":"Получение заданий для пользователя ID: 1","timestamp":"2025-09-09 21:33:00"}
{"assignmentId":32,"level":"info","message":"Получение состава команды проекта","timestamp":"2025-09-09 21:33:00"}
{"level":"info","message":"Получение заданий для пользователя ID: 1","timestamp":"2025-09-09 21:33:00"}
{"level":"info","message":"Получение ожидающих приглашений пользователя","timestamp":"2025-09-09 21:33:00","userId":1}
{"assignmentId":32,"level":"info","message":"Получение состава команды проекта","timestamp":"2025-09-09 21:33:00"}
{"assignmentId":32,"level":"info","message":"Получение состава команды проекта","timestamp":"2025-09-09 21:33:00"}
{"level":"info","message":"Получение заданий для пользователя ID: 1","timestamp":"2025-09-09 21:33:00"}
{"level":"info","message":"Получение ожидающих приглашений пользователя","timestamp":"2025-09-09 21:33:00","userId":1}
{"assignmentId":32,"level":"info","message":"Получение состава команды проекта","timestamp":"2025-09-09 21:33:00"}
{"assignmentId":32,"level":"info","message":"Получение состава команды проекта","timestamp":"2025-09-09 21:33:00"}
{"level":"info","message":"Получение заданий для пользователя ID: 1","timestamp":"2025-09-09 21:33:31"}
{"level":"info","message":"Получение ожидающих приглашений пользователя","timestamp":"2025-09-09 21:33:31","userId":1}
{"level":"info","message":"Получение заданий для пользователя ID: 1","timestamp":"2025-09-09 21:33:31"}
{"level":"info","message":"Получение ожидающих приглашений пользователя","timestamp":"2025-09-09 21:33:31","userId":1}
{"level":"info","message":"Получение заданий для пользователя ID: 1","timestamp":"2025-09-09 21:33:31"}
{"level":"info","message":"Получение ожидающих приглашений пользователя","timestamp":"2025-09-09 21:33:31","userId":1}
{"level":"info","message":"Получение заданий для пользователя ID: 1","timestamp":"2025-09-09 21:33:42"}
{"level":"info","message":"Получение ожидающих приглашений пользователя","timestamp":"2025-09-09 21:33:42","userId":1}
{"level":"info","message":"Получение ожидающих приглашений пользователя","timestamp":"2025-09-09 21:33:42","userId":1}
{"level":"info","message":"Получение заданий для пользователя ID: 1","timestamp":"2025-09-09 21:33:42"}
{"level":"info","message":"Получение ожидающих приглашений пользователя","timestamp":"2025-09-09 21:33:42","userId":1}
{"level":"info","message":"Получение заданий для пользователя ID: 1","timestamp":"2025-09-09 21:33:42"}
{"assignmentId":32,"level":"info","message":"Получение состава команды проекта","timestamp":"2025-09-09 21:33:42"}
{"assignmentId":32,"level":"info","message":"Получение состава команды проекта","timestamp":"2025-09-09 21:33:42"}
{"assignmentId":32,"level":"info","message":"Получение состава команды проекта","timestamp":"2025-09-09 21:33:42"}
{"level":"info","message":"Получение заданий для пользователя ID: 1","timestamp":"2025-09-09 21:33:42"}
{"level":"info","message":"Получение ожидающих приглашений пользователя","timestamp":"2025-09-09 21:33:42","userId":1}
{"level":"info","message":"Получение ожидающих приглашений пользователя","timestamp":"2025-09-09 21:33:42","userId":1}
{"level":"info","message":"Получение заданий для пользователя ID: 1","timestamp":"2025-09-09 21:33:42"}
{"assignmentId":32,"level":"info","message":"Получение состава команды проекта","timestamp":"2025-09-09 21:33:42"}
{"assignmentId":32,"level":"info","message":"Получение состава команды проекта","timestamp":"2025-09-09 21:33:42"}
{"level":"info","message":"Получение заданий для пользователя ID: 1","timestamp":"2025-09-09 21:33:49"}
{"level":"info","message":"Получение ожидающих приглашений пользователя","timestamp":"2025-09-09 21:33:49","userId":1}
{"level":"info","message":"Получение заданий для пользователя ID: 1","timestamp":"2025-09-09 21:33:49"}
{"level":"info","message":"Получение ожидающих приглашений пользователя","timestamp":"2025-09-09 21:33:49","userId":1}
{"level":"info","message":"Получение ожидающих приглашений пользователя","timestamp":"2025-09-09 21:33:49","userId":1}
{"level":"info","message":"Получение заданий для пользователя ID: 1","timestamp":"2025-09-09 21:33:49"}
{"level":"info","message":"Получение заданий для пользователя ID: 1","timestamp":"2025-09-09 21:33:49"}
{"level":"info","message":"Получение ожидающих приглашений пользователя","timestamp":"2025-09-09 21:33:49","userId":1}
{"assignmentId":32,"level":"info","message":"Получение состава команды проекта","timestamp":"2025-09-09 21:33:49"}
{"assignmentId":32,"level":"info","message":"Получение состава команды проекта","timestamp":"2025-09-09 21:33:49"}
{"assignmentId":32,"level":"info","message":"Получение состава команды проекта","timestamp":"2025-09-09 21:33:49"}
{"level":"info","message":"Получение заданий для пользователя ID: 1","timestamp":"2025-09-09 21:33:49"}
{"level":"info","message":"Получение ожидающих приглашений пользователя","timestamp":"2025-09-09 21:33:49","userId":1}
{"assignmentId":32,"level":"info","message":"Получение состава команды проекта","timestamp":"2025-09-09 21:33:49"}
{"assignmentId":32,"level":"info","message":"Получение состава команды проекта","timestamp":"2025-09-09 21:33:49"}
{"level":"info","message":"Получение заданий для пользователя ID: 1","timestamp":"2025-09-09 21:33:55"}
{"level":"info","message":"Получение ожидающих приглашений пользователя","timestamp":"2025-09-09 21:33:55","userId":1}
{"level":"info","message":"Получение ожидающих приглашений пользователя","timestamp":"2025-09-09 21:33:55","userId":1}
{"level":"info","message":"Получение заданий для пользователя ID: 1","timestamp":"2025-09-09 21:33:55"}
{"level":"info","message":"Получение ожидающих приглашений пользователя","timestamp":"2025-09-09 21:33:55","userId":1}
{"level":"info","message":"Получение заданий для пользователя ID: 1","timestamp":"2025-09-09 21:33:55"}
{"assignmentId":32,"level":"info","message":"Получение состава команды проекта","timestamp":"2025-09-09 21:33:55"}
{"assignmentId":32,"level":"info","message":"Получение состава команды проекта","timestamp":"2025-09-09 21:33:55"}
{"assignmentId":32,"level":"info","message":"Получение состава команды проекта","timestamp":"2025-09-09 21:33:55"}
{"level":"info","message":"Получение заданий для пользователя ID: 1","timestamp":"2025-09-09 21:33:55"}
{"level":"info","message":"Получение ожидающих приглашений пользователя","timestamp":"2025-09-09 21:33:55","userId":1}
{"level":"info","message":"Получение ожидающих приглашений пользователя","timestamp":"2025-09-09 21:33:56","userId":1}
{"level":"info","message":"Получение заданий для пользователя ID: 1","timestamp":"2025-09-09 21:33:56"}
{"assignmentId":32,"level":"info","message":"Получение состава команды проекта","timestamp":"2025-09-09 21:33:56"}
{"level":"info","message":"Получение заданий для пользователя ID: 1","timestamp":"2025-09-09 21:34:00"}
{"level":"info","message":"Получение заданий для пользователя ID: 1","timestamp":"2025-09-09 21:34:00"}
{"level":"info","message":"Получение заданий для пользователя ID: 1","timestamp":"2025-09-09 21:34:00"}
{"level":"info","message":"Получение заданий для пользователя ID: 1","timestamp":"2025-09-09 21:34:06"}
{"level":"info","message":"Получение ожидающих приглашений пользователя","timestamp":"2025-09-09 21:34:06","userId":1}
{"level":"info","message":"Получение заданий для пользователя ID: 1","timestamp":"2025-09-09 21:34:09"}
{"level":"info","message":"Получение заданий для пользователя ID: 1","timestamp":"2025-09-09 21:34:10"}
{"level":"info","message":"Получение ожидающих приглашений пользователя","timestamp":"2025-09-09 21:34:10","userId":1}
{"level":"info","message":"Получение ожидающих приглашений пользователя","timestamp":"2025-09-09 21:34:10","userId":1}
{"level":"info","message":"Получение заданий для пользователя ID: 1","timestamp":"2025-09-09 21:34:10"}
{"level":"info","message":"Получение ожидающих приглашений пользователя","timestamp":"2025-09-09 21:34:10","userId":1}
{"level":"info","message":"Получение заданий для пользователя ID: 1","timestamp":"2025-09-09 21:34:13"}
{"level":"info","message":"Получение ожидающих приглашений пользователя","timestamp":"2025-09-09 21:34:13","userId":1}
{"level":"info","message":"Получение ожидающих приглашений пользователя","timestamp":"2025-09-09 21:34:13","userId":1}
{"level":"info","message":"Получение заданий для пользователя ID: 1","timestamp":"2025-09-09 21:34:13"}
{"level":"info","message":"Получение заданий для пользователя ID: 1","timestamp":"2025-09-09 21:34:13"}
{"level":"info","message":"Получение ожидающих приглашений пользователя","timestamp":"2025-09-09 21:34:13","userId":1}
{"level":"info","message":"Получение заданий для пользователя ID: 1","timestamp":"2025-09-09 21:34:23"}
{"level":"info","message":"Получение ожидающих приглашений пользователя","timestamp":"2025-09-09 21:34:23","userId":1}
{"level":"info","message":"Получение заданий для пользователя ID: 1","timestamp":"2025-09-09 21:34:23"}
{"level":"info","message":"Получение ожидающих приглашений пользователя","timestamp":"2025-09-09 21:34:23","userId":1}
{"level":"info","message":"Получение заданий для пользователя ID: 1","timestamp":"2025-09-09 21:34:27"}
{"level":"info","message":"Получение ожидающих приглашений пользователя","timestamp":"2025-09-09 21:34:27","userId":1}
{"level":"info","message":"Получение ожидающих приглашений пользователя","timestamp":"2025-09-09 21:34:27","userId":1}
{"level":"info","message":"Получение заданий для пользователя ID: 1","timestamp":"2025-09-09 21:34:27"}
{"level":"info","message":"Получение заданий для пользователя ID: 1","timestamp":"2025-09-09 21:34:27"}
{"level":"info","message":"Получение ожидающих приглашений пользователя","timestamp":"2025-09-09 21:34:27","userId":1}
{"level":"info","message":"Получение заданий для пользователя ID: 1","timestamp":"2025-09-09 21:34:34"}
{"level":"info","message":"Получение ожидающих приглашений пользователя","timestamp":"2025-09-09 21:34:34","userId":1}
{"level":"info","message":"Получение заданий для пользователя ID: 1","timestamp":"2025-09-09 21:34:36"}
{"level":"info","message":"Получение ожидающих приглашений пользователя","timestamp":"2025-09-09 21:34:36","userId":1}
{"level":"info","message":"Получение ожидающих приглашений пользователя","timestamp":"2025-09-09 21:34:36","userId":1}
{"level":"info","message":"Получение заданий для пользователя ID: 1","timestamp":"2025-09-09 21:34:36"}
{"level":"info","message":"Получение заданий для пользователя ID: 1","timestamp":"2025-09-09 21:34:36"}
{"level":"info","message":"Получение ожидающих приглашений пользователя","timestamp":"2025-09-09 21:34:36","userId":1}
{"level":"info","message":"Получение заданий для пользователя ID: 1","timestamp":"2025-09-09 21:34:39"}
{"level":"info","message":"Получение ожидающих приглашений пользователя","timestamp":"2025-09-09 21:34:39","userId":1}
{"level":"info","message":"Получение заданий для пользователя ID: 1","timestamp":"2025-09-09 21:34:39"}
{"level":"info","message":"Получение ожидающих приглашений пользователя","timestamp":"2025-09-09 21:34:39","userId":1}
{"level":"info","message":"Получение ожидающих приглашений пользователя","timestamp":"2025-09-09 21:34:39","userId":1}
{"level":"info","message":"Получение заданий для пользователя ID: 1","timestamp":"2025-09-09 21:34:39"}
{"level":"info","message":"Получение заданий для пользователя ID: 1","timestamp":"2025-09-09 21:34:39"}
{"level":"info","message":"Получение ожидающих приглашений пользователя","timestamp":"2025-09-09 21:34:39","userId":1}
{"assignmentId":32,"level":"info","message":"Получение состава команды проекта","timestamp":"2025-09-09 21:34:39"}
{"assignmentId":32,"level":"info","message":"Получение состава команды проекта","timestamp":"2025-09-09 21:34:39"}
{"assignmentId":32,"level":"info","message":"Получение состава команды проекта","timestamp":"2025-09-09 21:34:39"}
{"level":"info","message":"Получение заданий для пользователя ID: 1","timestamp":"2025-09-09 21:34:39"}
{"level":"info","message":"Получение ожидающих приглашений пользователя","timestamp":"2025-09-09 21:34:39","userId":1}
{"assignmentId":32,"level":"info","message":"Получение состава команды проекта","timestamp":"2025-09-09 21:34:39"}
{"assignmentId":32,"level":"info","message":"Получение состава команды проекта","timestamp":"2025-09-09 21:34:39"}
{"level":"info","message":"Получение заданий для пользователя ID: 1","timestamp":"2025-09-09 21:34:41"}
{"level":"info","message":"Получение ожидающих приглашений пользователя","timestamp":"2025-09-09 21:34:41","userId":1}
{"level":"info","message":"Получение ожидающих приглашений пользователя","timestamp":"2025-09-09 21:34:41","userId":1}
{"level":"info","message":"Получение заданий для пользователя ID: 1","timestamp":"2025-09-09 21:34:41"}
{"level":"info","message":"Получение заданий для пользователя ID: 1","timestamp":"2025-09-09 21:34:41"}
{"level":"info","message":"Получение ожидающих приглашений пользователя","timestamp":"2025-09-09 21:34:41","userId":1}
{"level":"info","message":"Получение ожидающих приглашений пользователя","timestamp":"2025-09-09 21:35:31","userId":1}
{"level":"info","message":"Получение ожидающих приглашений пользователя","timestamp":"2025-09-09 21:35:31","userId":1}
{"level":"info","message":"Получение заданий для пользователя ID: 1","timestamp":"2025-09-09 21:35:31"}
{"level":"info","message":"Получение заданий для пользователя ID: 1","timestamp":"2025-09-09 21:35:31"}
{"level":"info","message":"Получение заданий для пользователя ID: 1","timestamp":"2025-09-09 21:35:31"}
{"level":"info","message":"Получение ожидающих приглашений пользователя","timestamp":"2025-09-09 21:35:31","userId":1}
{"level":"info","message":"Получение заданий для пользователя ID: 1","timestamp":"2025-09-09 21:35:32"}
{"level":"info","message":"Получение ожидающих приглашений пользователя","timestamp":"2025-09-09 21:35:32","userId":1}
{"level":"info","message":"Получение ожидающих приглашений пользователя","timestamp":"2025-09-09 21:35:32","userId":1}
{"level":"info","message":"Получение заданий для пользователя ID: 1","timestamp":"2025-09-09 21:35:32"}
{"level":"info","message":"Получение ожидающих приглашений пользователя","timestamp":"2025-09-09 21:35:32","userId":1}
{"level":"info","message":"Получение заданий для пользователя ID: 1","timestamp":"2025-09-09 21:35:32"}
{"assignmentId":32,"level":"info","message":"Получение состава команды проекта","timestamp":"2025-09-09 21:35:32"}
{"assignmentId":32,"level":"info","message":"Получение состава команды проекта","timestamp":"2025-09-09 21:35:32"}
{"assignmentId":32,"level":"info","message":"Получение состава команды проекта","timestamp":"2025-09-09 21:35:32"}
{"level":"info","message":"Получение заданий для пользователя ID: 1","timestamp":"2025-09-09 21:35:32"}
{"level":"info","message":"Получение ожидающих приглашений пользователя","timestamp":"2025-09-09 21:35:32","userId":1}
{"level":"info","message":"Получение ожидающих приглашений пользователя","timestamp":"2025-09-09 21:35:32","userId":1}
{"level":"info","message":"Получение заданий для пользователя ID: 1","timestamp":"2025-09-09 21:35:32"}
{"assignmentId":32,"level":"info","message":"Получение состава команды проекта","timestamp":"2025-09-09 21:35:32"}
{"level":"info","message":"Получение заданий для пользователя ID: 1","timestamp":"2025-09-09 21:35:38"}
{"level":"info","message":"Получение ожидающих приглашений пользователя","timestamp":"2025-09-09 21:35:38","userId":1}
{"level":"info","message":"Получение заданий для пользователя ID: 1","timestamp":"2025-09-09 21:35:38"}
{"level":"info","message":"Получение ожидающих приглашений пользователя","timestamp":"2025-09-09 21:35:38","userId":1}
{"level":"info","message":"Получение заданий для пользователя ID: 1","timestamp":"2025-09-09 21:35:38"}
{"level":"info","message":"Получение ожидающих приглашений пользователя","timestamp":"2025-09-09 21:35:38","userId":1}
{"level":"info","message":"Получение ожидающих приглашений пользователя","timestamp":"2025-09-09 21:35:38","userId":1}
{"level":"info","message":"Получение заданий для пользователя ID: 1","timestamp":"2025-09-09 21:35:38"}
{"assignmentId":32,"level":"info","message":"Получение состава команды проекта","timestamp":"2025-09-09 21:35:38"}
{"assignmentId":32,"level":"info","message":"Получение состава команды проекта","timestamp":"2025-09-09 21:35:38"}
{"assignmentId":32,"level":"info","message":"Получение состава команды проекта","timestamp":"2025-09-09 21:35:38"}
{"level":"info","message":"Получение заданий для пользователя ID: 1","timestamp":"2025-09-09 21:35:38"}
{"level":"info","message":"Получение ожидающих приглашений пользователя","timestamp":"2025-09-09 21:35:38","userId":1}
{"assignmentId":32,"level":"info","message":"Получение состава команды проекта","timestamp":"2025-09-09 21:35:38"}
{"level":"info","message":"Получение заданий для пользователя ID: 1","timestamp":"2025-09-09 21:35:39"}
{"level":"info","message":"Получение ожидающих приглашений пользователя","timestamp":"2025-09-09 21:35:39","userId":1}
{"level":"info","message":"Получение ожидающих приглашений пользователя","timestamp":"2025-09-09 21:35:39","userId":1}
{"level":"info","message":"Получение заданий для пользователя ID: 1","timestamp":"2025-09-09 21:35:39"}
{"level":"info","message":"Получение ожидающих приглашений пользователя","timestamp":"2025-09-09 21:35:39","userId":1}
{"level":"info","message":"Получение заданий для пользователя ID: 1","timestamp":"2025-09-09 21:35:39"}
{"assignmentId":32,"level":"info","message":"Получение состава команды проекта","timestamp":"2025-09-09 21:35:39"}
{"assignmentId":32,"level":"info","message":"Получение состава команды проекта","timestamp":"2025-09-09 21:35:39"}
{"assignmentId":32,"level":"info","message":"Получение состава команды проекта","timestamp":"2025-09-09 21:35:39"}
{"level":"info","message":"Получение заданий для пользователя ID: 1","timestamp":"2025-09-09 21:35:39"}
{"level":"info","message":"Получение ожидающих приглашений пользователя","timestamp":"2025-09-09 21:35:39","userId":1}
{"level":"info","message":"Получение ожидающих приглашений пользователя","timestamp":"2025-09-09 21:35:39","userId":1}
{"level":"info","message":"Получение заданий для пользователя ID: 1","timestamp":"2025-09-09 21:35:39"}
{"assignmentId":32,"level":"info","message":"Получение состава команды проекта","timestamp":"2025-09-09 21:35:39"}
{"level":"info","message":"Получение заданий для пользователя ID: 1","timestamp":"2025-09-09 21:35:41"}
{"level":"info","message":"Получение ожидающих приглашений пользователя","timestamp":"2025-09-09 21:35:41","userId":1}
{"level":"info","message":"Получение ожидающих приглашений пользователя","timestamp":"2025-09-09 21:35:41","userId":1}
{"level":"info","message":"Получение заданий для пользователя ID: 1","timestamp":"2025-09-09 21:35:41"}
{"level":"info","message":"Получение заданий для пользователя ID: 1","timestamp":"2025-09-09 21:35:41"}
{"level":"info","message":"Получение ожидающих приглашений пользователя","timestamp":"2025-09-09 21:35:41","userId":1}
{"level":"info","message":"Получение заданий для пользователя ID: 1","timestamp":"2025-09-09 21:35:42"}
{"level":"info","message":"Получение ожидающих приглашений пользователя","timestamp":"2025-09-09 21:35:42","userId":1}
{"level":"info","message":"Получение ожидающих приглашений пользователя","timestamp":"2025-09-09 21:35:42","userId":1}
{"level":"info","message":"Получение заданий для пользователя ID: 1","timestamp":"2025-09-09 21:35:42"}
{"level":"info","message":"Получение заданий для пользователя ID: 1","timestamp":"2025-09-09 21:35:42"}
{"level":"info","message":"Получение ожидающих приглашений пользователя","timestamp":"2025-09-09 21:35:42","userId":1}
{"level":"info","message":"Получение заданий для пользователя ID: 1","timestamp":"2025-09-09 21:35:43"}
{"level":"info","message":"Получение ожидающих приглашений пользователя","timestamp":"2025-09-09 21:35:43","userId":1}
{"level":"info","message":"Получение ожидающих приглашений пользователя","timestamp":"2025-09-09 21:35:43","userId":1}
{"level":"info","message":"Получение заданий для пользователя ID: 1","timestamp":"2025-09-09 21:35:43"}
{"level":"info","message":"Получение ожидающих приглашений пользователя","timestamp":"2025-09-09 21:35:43","userId":1}
{"level":"info","message":"Получение заданий для пользователя ID: 1","timestamp":"2025-09-09 21:35:43"}
{"assignmentId":32,"level":"info","message":"Получение состава команды проекта","timestamp":"2025-09-09 21:35:43"}
{"assignmentId":32,"level":"info","message":"Получение состава команды проекта","timestamp":"2025-09-09 21:35:43"}
{"assignmentId":32,"level":"info","message":"Получение состава команды проекта","timestamp":"2025-09-09 21:35:43"}
{"level":"info","message":"Получение заданий для пользователя ID: 1","timestamp":"2025-09-09 21:35:43"}
{"level":"info","message":"Получение ожидающих приглашений пользователя","timestamp":"2025-09-09 21:35:43","userId":1}
{"level":"info","message":"Получение заданий для пользователя ID: 1","timestamp":"2025-09-09 21:35:43"}
{"level":"info","message":"Получение ожидающих приглашений пользователя","timestamp":"2025-09-09 21:35:43","userId":1}
{"assignmentId":32,"level":"info","message":"Получение состава команды проекта","timestamp":"2025-09-09 21:35:43"}
{"level":"info","message":"Получение заданий для пользователя ID: 1","timestamp":"2025-09-09 21:35:45"}
{"level":"info","message":"Получение ожидающих приглашений пользователя","timestamp":"2025-09-09 21:35:45","userId":1}
{"level":"info","message":"Получение ожидающих приглашений пользователя","timestamp":"2025-09-09 21:35:45","userId":1}
{"level":"info","message":"Получение заданий для пользователя ID: 1","timestamp":"2025-09-09 21:35:45"}
{"level":"info","message":"Получение заданий для пользователя ID: 1","timestamp":"2025-09-09 21:35:45"}
{"level":"info","message":"Получение ожидающих приглашений пользователя","timestamp":"2025-09-09 21:35:45","userId":1}
{"level":"info","message":"Получение заданий для пользователя ID: 1","timestamp":"2025-09-09 21:35:46"}
{"level":"info","message":"Получение ожидающих приглашений пользователя","timestamp":"2025-09-09 21:35:46","userId":1}
{"level":"info","message":"Получение ожидающих приглашений пользователя","timestamp":"2025-09-09 21:35:46","userId":1}
{"level":"info","message":"Получение заданий для пользователя ID: 1","timestamp":"2025-09-09 21:35:46"}
{"level":"info","message":"Получение ожидающих приглашений пользователя","timestamp":"2025-09-09 21:35:46","userId":1}
{"level":"info","message":"Получение заданий для пользователя ID: 1","timestamp":"2025-09-09 21:35:46"}
{"assignmentId":32,"level":"info","message":"Получение состава команды проекта","timestamp":"2025-09-09 21:35:46"}
{"assignmentId":32,"level":"info","message":"Получение состава команды проекта","timestamp":"2025-09-09 21:35:46"}
{"assignmentId":32,"level":"info","message":"Получение состава команды проекта","timestamp":"2025-09-09 21:35:46"}
{"level":"info","message":"Получение заданий для пользователя ID: 1","timestamp":"2025-09-09 21:35:46"}
{"level":"info","message":"Получение ожидающих приглашений пользователя","timestamp":"2025-09-09 21:35:46","userId":1}
{"level":"info","message":"Получение ожидающих приглашений пользователя","timestamp":"2025-09-09 21:35:46","userId":1}
{"level":"info","message":"Получение заданий для пользователя ID: 1","timestamp":"2025-09-09 21:35:46"}
{"assignmentId":32,"level":"info","message":"Получение состава команды проекта","timestamp":"2025-09-09 21:35:46"}
{"assignmentId":32,"level":"info","message":"Получение состава команды проекта","timestamp":"2025-09-09 21:35:46"}
{"level":"info","message":"Получение ожидающих приглашений пользователя","timestamp":"2025-09-09 21:36:06","userId":1}
{"level":"info","message":"Получение ожидающих приглашений пользователя","timestamp":"2025-09-09 21:36:06","userId":1}
{"level":"info","message":"Получение заданий для пользователя ID: 1","timestamp":"2025-09-09 21:36:06"}
{"level":"info","message":"Получение заданий для пользователя ID: 1","timestamp":"2025-09-09 21:36:06"}
{"level":"info","message":"Получение заданий для пользователя ID: 1","timestamp":"2025-09-09 21:36:06"}
{"level":"info","message":"Получение ожидающих приглашений пользователя","timestamp":"2025-09-09 21:36:06","userId":1}
{"level":"info","message":"Получение заданий для пользователя ID: 1","timestamp":"2025-09-09 21:36:12"}
{"level":"info","message":"Получение ожидающих приглашений пользователя","timestamp":"2025-09-09 21:36:12","userId":1}
{"level":"info","message":"Получение заданий для пользователя ID: 1","timestamp":"2025-09-09 21:36:16"}
{"level":"info","message":"Получение ожидающих приглашений пользователя","timestamp":"2025-09-09 21:36:16","userId":1}
{"level":"info","message":"Получение ожидающих приглашений пользователя","timestamp":"2025-09-09 21:36:16","userId":1}
{"level":"info","message":"Получение заданий для пользователя ID: 1","timestamp":"2025-09-09 21:36:16"}
{"level":"info","message":"Получение ожидающих приглашений пользователя","timestamp":"2025-09-09 21:36:16","userId":1}
{"level":"info","message":"Получение заданий для пользователя ID: 1","timestamp":"2025-09-09 21:36:16"}
{"level":"info","message":"Получение заданий для пользователя ID: 1","timestamp":"2025-09-09 21:36:16"}
{"level":"info","message":"Получение ожидающих приглашений пользователя","timestamp":"2025-09-09 21:36:16","userId":1}
{"assignmentId":32,"level":"info","message":"Получение состава команды проекта","timestamp":"2025-09-09 21:36:16"}
{"assignmentId":32,"level":"info","message":"Получение состава команды проекта","timestamp":"2025-09-09 21:36:16"}
{"assignmentId":32,"level":"info","message":"Получение состава команды проекта","timestamp":"2025-09-09 21:36:16"}
{"level":"info","message":"Получение заданий для пользователя ID: 1","timestamp":"2025-09-09 21:36:16"}
{"level":"info","message":"Получение ожидающих приглашений пользователя","timestamp":"2025-09-09 21:36:16","userId":1}
{"assignmentId":32,"level":"info","message":"Получение состава команды проекта","timestamp":"2025-09-09 21:36:16"}
{"assignmentId":32,"level":"info","message":"Получение состава команды проекта","timestamp":"2025-09-09 21:36:16"}
{"level":"info","message":"Получение заданий для пользователя ID: 1","timestamp":"2025-09-09 21:36:28"}
{"level":"info","message":"Получение заданий для пользователя ID: 1","timestamp":"2025-09-09 21:36:28"}
{"level":"info","message":"Получение ожидающих приглашений пользователя","timestamp":"2025-09-09 21:36:28","userId":1}
{"level":"info","message":"Получение ожидающих приглашений пользователя","timestamp":"2025-09-09 21:36:28","userId":1}
{"assignmentId":32,"level":"info","message":"Получение состава команды проекта","timestamp":"2025-09-09 21:36:28"}
{"assignmentId":32,"level":"info","message":"Получение состава команды проекта","timestamp":"2025-09-09 21:36:28"}
{"assignmentId":32,"level":"info","message":"Получение состава команды проекта","timestamp":"2025-09-09 21:36:28"}
{"level":"info","message":"Получение заданий для пользователя ID: 1","timestamp":"2025-09-09 21:36:28"}
{"level":"info","message":"Получение ожидающих приглашений пользователя","timestamp":"2025-09-09 21:36:28","userId":1}
{"level":"info","message":"Получение ожидающих приглашений пользователя","timestamp":"2025-09-09 21:36:28","userId":1}
{"level":"info","message":"Получение заданий для пользователя ID: 1","timestamp":"2025-09-09 21:36:28"}
{"assignmentId":32,"level":"info","message":"Получение состава команды проекта","timestamp":"2025-09-09 21:36:28"}
{"level":"info","message":"Получение заданий для пользователя ID: 1","timestamp":"2025-09-09 21:36:28"}
{"level":"info","message":"Получение ожидающих приглашений пользователя","timestamp":"2025-09-09 21:36:28","userId":1}
{"level":"info","message":"Получение ожидающих приглашений пользователя","timestamp":"2025-09-09 21:36:28","userId":1}
{"level":"info","message":"Получение заданий для пользователя ID: 1","timestamp":"2025-09-09 21:36:28"}
{"level":"info","message":"Получение заданий для пользователя ID: 1","timestamp":"2025-09-09 21:36:30"}
{"level":"info","message":"Получение ожидающих приглашений пользователя","timestamp":"2025-09-09 21:36:30","userId":1}
{"level":"info","message":"Получение ожидающих приглашений пользователя","timestamp":"2025-09-09 21:36:30","userId":1}
{"level":"info","message":"Получение заданий для пользователя ID: 1","timestamp":"2025-09-09 21:36:30"}
{"level":"info","message":"Получение заданий для пользователя ID: 1","timestamp":"2025-09-09 21:36:31"}
{"level":"info","message":"Получение ожидающих приглашений пользователя","timestamp":"2025-09-09 21:36:31","userId":1}
{"level":"info","message":"Получение ожидающих приглашений пользователя","timestamp":"2025-09-09 21:36:31","userId":1}
{"level":"info","message":"Получение заданий для пользователя ID: 1","timestamp":"2025-09-09 21:36:31"}
{"level":"info","message":"Получение ожидающих приглашений пользователя","timestamp":"2025-09-09 21:36:31","userId":1}
{"level":"info","message":"Получение заданий для пользователя ID: 1","timestamp":"2025-09-09 21:36:31"}
{"assignmentId":32,"level":"info","message":"Получение состава команды проекта","timestamp":"2025-09-09 21:36:31"}
{"assignmentId":32,"level":"info","message":"Получение состава команды проекта","timestamp":"2025-09-09 21:36:31"}
{"assignmentId":32,"level":"info","message":"Получение состава команды проекта","timestamp":"2025-09-09 21:36:31"}
{"level":"info","message":"Получение заданий для пользователя ID: 1","timestamp":"2025-09-09 21:36:31"}
{"level":"info","message":"Получение ожидающих приглашений пользователя","timestamp":"2025-09-09 21:36:31","userId":1}
{"level":"info","message":"Получение ожидающих приглашений пользователя","timestamp":"2025-09-09 21:36:31","userId":1}
{"level":"info","message":"Получение заданий для пользователя ID: 1","timestamp":"2025-09-09 21:36:31"}
{"assignmentId":32,"level":"info","message":"Получение состава команды проекта","timestamp":"2025-09-09 21:36:31"}
{"assignmentId":32,"level":"info","message":"Получение состава команды проекта","timestamp":"2025-09-09 21:36:31"}
{"level":"info","message":"Получение заданий для пользователя ID: 1","timestamp":"2025-09-09 21:36:54"}
{"level":"info","message":"Получение ожидающих приглашений пользователя","timestamp":"2025-09-09 21:36:54","userId":1}
{"level":"info","message":"Получение ожидающих приглашений пользователя","timestamp":"2025-09-09 21:36:54","userId":1}
{"level":"info","message":"Получение заданий для пользователя ID: 1","timestamp":"2025-09-09 21:36:54"}
{"level":"info","message":"Получение заданий для пользователя ID: 1","timestamp":"2025-09-09 21:36:54"}
{"level":"info","message":"Получение ожидающих приглашений пользователя","timestamp":"2025-09-09 21:36:54","userId":1}
{"level":"info","message":"Получение ожидающих приглашений пользователя","timestamp":"2025-09-09 21:36:54","userId":1}
{"level":"info","message":"Получение заданий для пользователя ID: 1","timestamp":"2025-09-09 21:36:54"}
{"level":"info","message":"Получение ожидающих приглашений пользователя","timestamp":"2025-09-09 21:36:54","userId":1}
{"level":"info","message":"Получение заданий для пользователя ID: 1","timestamp":"2025-09-09 21:36:54"}
{"assignmentId":32,"level":"info","message":"Получение состава команды проекта","timestamp":"2025-09-09 21:36:55"}
{"assignmentId":32,"level":"info","message":"Получение состава команды проекта","timestamp":"2025-09-09 21:36:55"}
{"assignmentId":32,"level":"info","message":"Получение состава команды проекта","timestamp":"2025-09-09 21:36:55"}
{"level":"info","message":"Получение заданий для пользователя ID: 1","timestamp":"2025-09-09 21:36:55"}
{"level":"info","message":"Получение ожидающих приглашений пользователя","timestamp":"2025-09-09 21:36:55","userId":1}
{"level":"info","message":"Получение ожидающих приглашений пользователя","timestamp":"2025-09-09 21:36:55","userId":1}
{"level":"info","message":"Получение заданий для пользователя ID: 1","timestamp":"2025-09-09 21:36:55"}
{"assignmentId":32,"level":"info","message":"Получение состава команды проекта","timestamp":"2025-09-09 21:36:55"}
{"level":"info","message":"Получение заданий для пользователя ID: 1","timestamp":"2025-09-09 21:36:57"}
{"level":"info","message":"Получение ожидающих приглашений пользователя","timestamp":"2025-09-09 21:36:57","userId":1}
{"level":"info","message":"Получение ожидающих приглашений пользователя","timestamp":"2025-09-09 21:36:57","userId":1}
{"level":"info","message":"Получение заданий для пользователя ID: 1","timestamp":"2025-09-09 21:36:57"}
{"level":"info","message":"Получение заданий для пользователя ID: 1","timestamp":"2025-09-09 21:36:58"}
{"level":"info","message":"Получение ожидающих приглашений пользователя","timestamp":"2025-09-09 21:36:58","userId":1}
{"level":"info","message":"Получение заданий для пользователя ID: 1","timestamp":"2025-09-09 21:36:58"}
{"level":"info","message":"Получение ожидающих приглашений пользователя","timestamp":"2025-09-09 21:36:58","userId":1}
{"level":"info","message":"Получение ожидающих приглашений пользователя","timestamp":"2025-09-09 21:36:58","userId":1}
{"level":"info","message":"Получение заданий для пользователя ID: 1","timestamp":"2025-09-09 21:36:58"}
{"level":"info","message":"Получение ожидающих приглашений пользователя","timestamp":"2025-09-09 21:36:58","userId":1}
{"level":"info","message":"Получение заданий для пользователя ID: 1","timestamp":"2025-09-09 21:36:58"}
{"assignmentId":32,"level":"info","message":"Получение состава команды проекта","timestamp":"2025-09-09 21:36:58"}
{"assignmentId":32,"level":"info","message":"Получение состава команды проекта","timestamp":"2025-09-09 21:36:58"}
{"assignmentId":32,"level":"info","message":"Получение состава команды проекта","timestamp":"2025-09-09 21:36:58"}
{"level":"info","message":"Получение заданий для пользователя ID: 1","timestamp":"2025-09-09 21:36:58"}
{"level":"info","message":"Получение ожидающих приглашений пользователя","timestamp":"2025-09-09 21:36:58","userId":1}
{"assignmentId":32,"level":"info","message":"Получение состава команды проекта","timestamp":"2025-09-09 21:36:58"}
{"assignmentId":32,"level":"info","message":"Получение состава команды проекта","timestamp":"2025-09-09 21:36:58"}
{"assignmentId":32,"level":"info","message":"Получение состава команды проекта","timestamp":"2025-09-09 21:36:58"}
{"level":"info","message":"Получение заданий для пользователя ID: 1","timestamp":"2025-09-09 21:37:28"}
{"level":"info","message":"Получение ожидающих приглашений пользователя","timestamp":"2025-09-09 21:37:28","userId":1}
{"level":"info","message":"Получение заданий для пользователя ID: 1","timestamp":"2025-09-09 21:37:28"}
{"level":"info","message":"Получение ожидающих приглашений пользователя","timestamp":"2025-09-09 21:37:28","userId":1}
{"level":"info","message":"Получение заданий для пользователя ID: 1","timestamp":"2025-09-09 21:37:28"}
{"level":"info","message":"Получение ожидающих приглашений пользователя","timestamp":"2025-09-09 21:37:28","userId":1}
{"level":"info","message":"Получение заданий для пользователя ID: 1","timestamp":"2025-09-09 21:37:58"}
{"level":"info","message":"Получение ожидающих приглашений пользователя","timestamp":"2025-09-09 21:37:58","userId":1}
{"level":"info","message":"Получение заданий для пользователя ID: 1","timestamp":"2025-09-09 21:37:58"}
{"level":"info","message":"Получение ожидающих приглашений пользователя","timestamp":"2025-09-09 21:37:58","userId":1}
{"level":"info","message":"Получение заданий для пользователя ID: 1","timestamp":"2025-09-09 21:37:58"}
{"level":"info","message":"Получение ожидающих приглашений пользователя","timestamp":"2025-09-09 21:37:58","userId":1}
{"level":"info","message":"Получение заданий для пользователя ID: 1","timestamp":"2025-09-09 21:38:09"}
{"level":"info","message":"Получение заданий для пользователя ID: 1","timestamp":"2025-09-09 21:38:09"}
{"level":"info","message":"Получение ожидающих приглашений пользователя","timestamp":"2025-09-09 21:38:09","userId":1}
{"level":"info","message":"Получение ожидающих приглашений пользователя","timestamp":"2025-09-09 21:38:09","userId":1}
{"assignmentId":32,"level":"info","message":"Получение состава команды проекта","timestamp":"2025-09-09 21:38:09"}
{"assignmentId":32,"level":"info","message":"Получение состава команды проекта","timestamp":"2025-09-09 21:38:09"}
{"assignmentId":32,"level":"info","message":"Получение состава команды проекта","timestamp":"2025-09-09 21:38:09"}
{"level":"info","message":"Получение заданий для пользователя ID: 1","timestamp":"2025-09-09 21:38:09"}
{"level":"info","message":"Получение ожидающих приглашений пользователя","timestamp":"2025-09-09 21:38:09","userId":1}
{"level":"info","message":"Получение ожидающих приглашений пользователя","timestamp":"2025-09-09 21:38:09","userId":1}
{"level":"info","message":"Получение заданий для пользователя ID: 1","timestamp":"2025-09-09 21:38:09"}
{"assignmentId":32,"level":"info","message":"Получение состава команды проекта","timestamp":"2025-09-09 21:38:09"}
{"level":"info","message":"Получение заданий для пользователя ID: 1","timestamp":"2025-09-09 21:38:09"}
{"level":"info","message":"Получение ожидающих приглашений пользователя","timestamp":"2025-09-09 21:38:09","userId":1}
{"level":"info","message":"Получение ожидающих приглашений пользователя","timestamp":"2025-09-09 21:38:09","userId":1}
{"level":"info","message":"Получение заданий для пользователя ID: 1","timestamp":"2025-09-09 21:38:09"}
{"level":"info","message":"Получение заданий для пользователя ID: 1","timestamp":"2025-09-09 21:38:12"}
{"level":"info","message":"Получение ожидающих приглашений пользователя","timestamp":"2025-09-09 21:38:12","userId":1}
{"level":"info","message":"Получение ожидающих приглашений пользователя","timestamp":"2025-09-09 21:38:13","userId":1}
{"level":"info","message":"Получение заданий для пользователя ID: 1","timestamp":"2025-09-09 21:38:13"}
{"level":"info","message":"Получение заданий для пользователя ID: 1","timestamp":"2025-09-09 21:38:13"}
{"level":"info","message":"Получение ожидающих приглашений пользователя","timestamp":"2025-09-09 21:38:13","userId":1}
{"level":"info","message":"Получение ожидающих приглашений пользователя","timestamp":"2025-09-09 21:38:13","userId":1}
{"level":"info","message":"Получение заданий для пользователя ID: 1","timestamp":"2025-09-09 21:38:13"}
{"level":"info","message":"Получение ожидающих приглашений пользователя","timestamp":"2025-09-09 21:38:13","userId":1}
{"level":"info","message":"Получение заданий для пользователя ID: 1","timestamp":"2025-09-09 21:38:13"}
{"assignmentId":32,"level":"info","message":"Получение состава команды проекта","timestamp":"2025-09-09 21:38:13"}
{"assignmentId":32,"level":"info","message":"Получение состава команды проекта","timestamp":"2025-09-09 21:38:13"}
{"assignmentId":32,"level":"info","message":"Получение состава команды проекта","timestamp":"2025-09-09 21:38:13"}
{"level":"info","message":"Получение заданий для пользователя ID: 1","timestamp":"2025-09-09 21:38:13"}
{"level":"info","message":"Получение ожидающих приглашений пользователя","timestamp":"2025-09-09 21:38:13","userId":1}
{"level":"info","message":"Получение ожидающих приглашений пользователя","timestamp":"2025-09-09 21:38:13","userId":1}
{"level":"info","message":"Получение заданий для пользователя ID: 1","timestamp":"2025-09-09 21:38:13"}
{"assignmentId":32,"level":"info","message":"Получение состава команды проекта","timestamp":"2025-09-09 21:38:13"}
{"assignmentId":32,"level":"info","message":"Получение состава команды проекта","timestamp":"2025-09-09 21:38:23"}
{"level":"info","message":"Получение заданий для пользователя ID: 1","timestamp":"2025-09-09 21:38:27"}
{"level":"info","message":"Получение заданий для пользователя ID: 1","timestamp":"2025-09-09 21:38:27"}
{"level":"info","message":"Получение ожидающих приглашений пользователя","timestamp":"2025-09-09 21:38:27","userId":1}
{"level":"info","message":"Получение ожидающих приглашений пользователя","timestamp":"2025-09-09 21:38:27","userId":1}
{"assignmentId":32,"level":"info","message":"Получение состава команды проекта","timestamp":"2025-09-09 21:38:27"}
{"assignmentId":32,"level":"info","message":"Получение состава команды проекта","timestamp":"2025-09-09 21:38:27"}
{"assignmentId":32,"level":"info","message":"Получение состава команды проекта","timestamp":"2025-09-09 21:38:27"}
{"level":"info","message":"Получение заданий для пользователя ID: 1","timestamp":"2025-09-09 21:38:27"}
{"level":"info","message":"Получение ожидающих приглашений пользователя","timestamp":"2025-09-09 21:38:27","userId":1}
{"level":"info","message":"Получение ожидающих приглашений пользователя","timestamp":"2025-09-09 21:38:27","userId":1}
{"level":"info","message":"Получение заданий для пользователя ID: 1","timestamp":"2025-09-09 21:38:27"}
{"assignmentId":32,"level":"info","message":"Получение состава команды проекта","timestamp":"2025-09-09 21:38:27"}
{"level":"info","message":"Получение заданий для пользователя ID: 1","timestamp":"2025-09-09 21:38:27"}
{"level":"info","message":"Получение ожидающих приглашений пользователя","timestamp":"2025-09-09 21:38:27","userId":1}
{"level":"info","message":"Получение ожидающих приглашений пользователя","timestamp":"2025-09-09 21:38:27","userId":1}
{"level":"info","message":"Получение заданий для пользователя ID: 1","timestamp":"2025-09-09 21:38:27"}
{"level":"info","message":"Получение заданий для пользователя ID: 1","timestamp":"2025-09-09 21:38:58"}
{"level":"info","message":"Получение ожидающих приглашений пользователя","timestamp":"2025-09-09 21:38:58","userId":1}
{"level":"info","message":"Получение заданий для пользователя ID: 1","timestamp":"2025-09-09 21:38:58"}
{"level":"info","message":"Получение ожидающих приглашений пользователя","timestamp":"2025-09-09 21:38:58","userId":1}
{"level":"info","message":"Получение заданий для пользователя ID: 1","timestamp":"2025-09-09 21:38:58"}
{"level":"info","message":"Получение ожидающих приглашений пользователя","timestamp":"2025-09-09 21:38:58","userId":1}
{"level":"info","message":"Получение заданий для пользователя ID: 1","timestamp":"2025-09-09 21:39:29"}
{"level":"info","message":"Получение ожидающих приглашений пользователя","timestamp":"2025-09-09 21:39:29","userId":1}
{"level":"info","message":"Получение заданий для пользователя ID: 1","timestamp":"2025-09-09 21:39:29"}
{"level":"info","message":"Получение ожидающих приглашений пользователя","timestamp":"2025-09-09 21:39:29","userId":1}
{"level":"info","message":"Получение заданий для пользователя ID: 1","timestamp":"2025-09-09 21:39:29"}
{"level":"info","message":"Получение ожидающих приглашений пользователя","timestamp":"2025-09-09 21:39:29","userId":1}
{"level":"info","message":"Получение ожидающих приглашений пользователя","timestamp":"2025-09-09 21:39:41","userId":1}
{"level":"info","message":"Получение ожидающих приглашений пользователя","timestamp":"2025-09-09 21:39:41","userId":1}
{"level":"info","message":"Получение заданий для пользователя ID: 1","timestamp":"2025-09-09 21:39:41"}
{"level":"info","message":"Получение ожидающих приглашений пользователя","timestamp":"2025-09-09 21:39:41","userId":1}
{"level":"info","message":"Получение заданий для пользователя ID: 1","timestamp":"2025-09-09 21:39:41"}
{"level":"info","message":"Получение ожидающих приглашений пользователя","timestamp":"2025-09-09 21:39:41","userId":1}
{"level":"info","message":"Получение заданий для пользователя ID: 1","timestamp":"2025-09-09 21:39:41"}
{"level":"info","message":"Получение заданий для пользователя ID: 1","timestamp":"2025-09-09 21:39:41"}
{"level":"info","message":"Получение заданий для пользователя ID: 1","timestamp":"2025-09-09 21:40:03"}
{"level":"info","message":"Получение ожидающих приглашений пользователя","timestamp":"2025-09-09 21:40:03","userId":1}
{"level":"info","message":"Получение заданий для пользователя ID: 1","timestamp":"2025-09-09 21:40:03"}
{"level":"info","message":"Получение ожидающих приглашений пользователя","timestamp":"2025-09-09 21:40:03","userId":1}
{"assignmentId":32,"level":"info","message":"Получение состава команды проекта","timestamp":"2025-09-09 21:40:03"}
{"assignmentId":32,"level":"info","message":"Получение состава команды проекта","timestamp":"2025-09-09 21:40:03"}
{"level":"info","message":"Получение заданий для пользователя ID: 1","timestamp":"2025-09-09 21:40:03"}
{"level":"info","message":"Получение ожидающих приглашений пользователя","timestamp":"2025-09-09 21:40:03","userId":1}
{"assignmentId":32,"level":"info","message":"Получение состава команды проекта","timestamp":"2025-09-09 21:40:03"}
{"level":"info","message":"Получение ожидающих приглашений пользователя","timestamp":"2025-09-09 21:40:03","userId":1}
{"level":"info","message":"Получение заданий для пользователя ID: 1","timestamp":"2025-09-09 21:40:03"}
{"assignmentId":32,"level":"info","message":"Получение состава команды проекта","timestamp":"2025-09-09 21:40:03"}
{"level":"info","message":"Получение заданий для пользователя ID: 1","timestamp":"2025-09-09 21:40:03"}
{"level":"info","message":"Получение ожидающих приглашений пользователя","timestamp":"2025-09-09 21:40:03","userId":1}
{"level":"info","message":"Получение ожидающих приглашений пользователя","timestamp":"2025-09-09 21:40:03","userId":1}
{"level":"info","message":"Получение заданий для пользователя ID: 1","timestamp":"2025-09-09 21:40:03"}
{"level":"info","message":"Получение заданий для пользователя ID: 1","timestamp":"2025-09-09 21:40:07"}
{"level":"info","message":"Получение ожидающих приглашений пользователя","timestamp":"2025-09-09 21:40:07","userId":1}
{"level":"info","message":"Получение ожидающих приглашений пользователя","timestamp":"2025-09-09 21:40:07","userId":1}
{"level":"info","message":"Получение заданий для пользователя ID: 1","timestamp":"2025-09-09 21:40:07"}
{"level":"info","message":"Получение заданий для пользователя ID: 1","timestamp":"2025-09-09 21:40:08"}
{"level":"info","message":"Получение ожидающих приглашений пользователя","timestamp":"2025-09-09 21:40:08","userId":1}
{"level":"info","message":"Получение заданий для пользователя ID: 1","timestamp":"2025-09-09 21:40:08"}
{"level":"info","message":"Получение ожидающих приглашений пользователя","timestamp":"2025-09-09 21:40:08","userId":1}
{"level":"info","message":"Получение ожидающих приглашений пользователя","timestamp":"2025-09-09 21:40:08","userId":1}
{"level":"info","message":"Получение заданий для пользователя ID: 1","timestamp":"2025-09-09 21:40:08"}
{"assignmentId":32,"level":"info","message":"Получение состава команды проекта","timestamp":"2025-09-09 21:40:08"}
{"assignmentId":32,"level":"info","message":"Получение состава команды проекта","timestamp":"2025-09-09 21:40:08"}
{"assignmentId":32,"level":"info","message":"Получение состава команды проекта","timestamp":"2025-09-09 21:40:08"}
{"level":"info","message":"Получение заданий для пользователя ID: 1","timestamp":"2025-09-09 21:40:08"}
{"level":"info","message":"Получение ожидающих приглашений пользователя","timestamp":"2025-09-09 21:40:08","userId":1}
{"level":"info","message":"Получение ожидающих приглашений пользователя","timestamp":"2025-09-09 21:40:08","userId":1}
{"level":"info","message":"Получение заданий для пользователя ID: 1","timestamp":"2025-09-09 21:40:08"}
{"assignmentId":32,"level":"info","message":"Получение состава команды проекта","timestamp":"2025-09-09 21:40:08"}
{"level":"info","message":"Получение заданий для пользователя ID: 1","timestamp":"2025-09-09 21:40:39"}
{"level":"info","message":"Получение ожидающих приглашений пользователя","timestamp":"2025-09-09 21:40:39","userId":1}
{"level":"info","message":"Получение заданий для пользователя ID: 1","timestamp":"2025-09-09 21:40:39"}
{"level":"info","message":"Получение ожидающих приглашений пользователя","timestamp":"2025-09-09 21:40:39","userId":1}
{"level":"info","message":"Получение заданий для пользователя ID: 1","timestamp":"2025-09-09 21:40:39"}
{"level":"info","message":"Получение ожидающих приглашений пользователя","timestamp":"2025-09-09 21:40:39","userId":1}
{"level":"info","message":"Получение заданий для пользователя ID: 1","timestamp":"2025-09-09 21:41:10"}
{"level":"info","message":"Получение ожидающих приглашений пользователя","timestamp":"2025-09-09 21:41:10","userId":1}
{"level":"info","message":"Получение заданий для пользователя ID: 1","timestamp":"2025-09-09 21:41:10"}
{"level":"info","message":"Получение ожидающих приглашений пользователя","timestamp":"2025-09-09 21:41:10","userId":1}
{"level":"info","message":"Получение заданий для пользователя ID: 1","timestamp":"2025-09-09 21:41:10"}
{"level":"info","message":"Получение ожидающих приглашений пользователя","timestamp":"2025-09-09 21:41:10","userId":1}
{"level":"info","message":"Получение заданий для пользователя ID: 1","timestamp":"2025-09-09 21:41:41"}
{"level":"info","message":"Получение ожидающих приглашений пользователя","timestamp":"2025-09-09 21:41:41","userId":1}
{"level":"info","message":"Получение заданий для пользователя ID: 1","timestamp":"2025-09-09 21:41:41"}
{"level":"info","message":"Получение ожидающих приглашений пользователя","timestamp":"2025-09-09 21:41:41","userId":1}
{"level":"info","message":"Получение заданий для пользователя ID: 1","timestamp":"2025-09-09 21:41:41"}
{"level":"info","message":"Получение ожидающих приглашений пользователя","timestamp":"2025-09-09 21:41:41","userId":1}
{"level":"info","message":"Получение заданий для пользователя ID: 1","timestamp":"2025-09-09 21:42:08"}
{"level":"info","message":"Получение заданий для пользователя ID: 1","timestamp":"2025-09-09 21:42:08"}
{"level":"info","message":"Получение ожидающих приглашений пользователя","timestamp":"2025-09-09 21:42:08","userId":1}
{"level":"info","message":"Получение ожидающих приглашений пользователя","timestamp":"2025-09-09 21:42:08","userId":1}
{"assignmentId":32,"level":"info","message":"Получение состава команды проекта","timestamp":"2025-09-09 21:42:08"}
{"assignmentId":32,"level":"info","message":"Получение состава команды проекта","timestamp":"2025-09-09 21:42:08"}
{"assignmentId":32,"level":"info","message":"Получение состава команды проекта","timestamp":"2025-09-09 21:42:08"}
{"level":"info","message":"Получение заданий для пользователя ID: 1","timestamp":"2025-09-09 21:42:08"}
{"level":"info","message":"Получение ожидающих приглашений пользователя","timestamp":"2025-09-09 21:42:08","userId":1}
{"level":"info","message":"Получение ожидающих приглашений пользователя","timestamp":"2025-09-09 21:42:08","userId":1}
{"level":"info","message":"Получение заданий для пользователя ID: 1","timestamp":"2025-09-09 21:42:08"}
{"assignmentId":32,"level":"info","message":"Получение состава команды проекта","timestamp":"2025-09-09 21:42:08"}
{"level":"info","message":"Получение заданий для пользователя ID: 1","timestamp":"2025-09-09 21:42:08"}
{"level":"info","message":"Получение ожидающих приглашений пользователя","timestamp":"2025-09-09 21:42:08","userId":1}
{"level":"info","message":"Получение ожидающих приглашений пользователя","timestamp":"2025-09-09 21:42:08","userId":1}
{"level":"info","message":"Получение заданий для пользователя ID: 1","timestamp":"2025-09-09 21:42:08"}
{"level":"info","message":"Получение заданий для пользователя ID: 1","timestamp":"2025-09-09 21:42:09"}
{"level":"info","message":"Получение ожидающих приглашений пользователя","timestamp":"2025-09-09 21:42:09","userId":1}
{"level":"info","message":"Получение заданий для пользователя ID: 1","timestamp":"2025-09-09 21:42:09"}
{"level":"info","message":"Получение ожидающих приглашений пользователя","timestamp":"2025-09-09 21:42:09","userId":1}
{"level":"info","message":"Получение заданий для пользователя ID: 1","timestamp":"2025-09-09 21:42:10"}
{"level":"info","message":"Получение ожидающих приглашений пользователя","timestamp":"2025-09-09 21:42:10","userId":1}
{"level":"info","message":"Получение заданий для пользователя ID: 1","timestamp":"2025-09-09 21:42:10"}
{"level":"info","message":"Получение ожидающих приглашений пользователя","timestamp":"2025-09-09 21:42:10","userId":1}
{"level":"info","message":"Получение ожидающих приглашений пользователя","timestamp":"2025-09-09 21:42:10","userId":1}
{"level":"info","message":"Получение заданий для пользователя ID: 1","timestamp":"2025-09-09 21:42:10"}
{"assignmentId":32,"level":"info","message":"Получение состава команды проекта","timestamp":"2025-09-09 21:42:10"}
{"assignmentId":32,"level":"info","message":"Получение состава команды проекта","timestamp":"2025-09-09 21:42:10"}
{"assignmentId":32,"level":"info","message":"Получение состава команды проекта","timestamp":"2025-09-09 21:42:10"}
{"level":"info","message":"Получение заданий для пользователя ID: 1","timestamp":"2025-09-09 21:42:10"}
{"level":"info","message":"Получение ожидающих приглашений пользователя","timestamp":"2025-09-09 21:42:10","userId":1}
{"level":"info","message":"Получение ожидающих приглашений пользователя","timestamp":"2025-09-09 21:42:10","userId":1}
{"level":"info","message":"Получение заданий для пользователя ID: 1","timestamp":"2025-09-09 21:42:10"}
{"assignmentId":32,"level":"info","message":"Получение состава команды проекта","timestamp":"2025-09-09 21:42:10"}
{"assignmentId":32,"level":"info","message":"Получение состава команды проекта","timestamp":"2025-09-09 21:42:10"}
{"level":"info","message":"Получение заданий для пользователя ID: 1","timestamp":"2025-09-09 21:42:41"}
{"level":"info","message":"Получение ожидающих приглашений пользователя","timestamp":"2025-09-09 21:42:41","userId":1}
{"level":"info","message":"Получение заданий для пользователя ID: 1","timestamp":"2025-09-09 21:42:41"}
{"level":"info","message":"Получение ожидающих приглашений пользователя","timestamp":"2025-09-09 21:42:41","userId":1}
{"level":"info","message":"Получение заданий для пользователя ID: 1","timestamp":"2025-09-09 21:42:41"}
{"level":"info","message":"Получение ожидающих приглашений пользователя","timestamp":"2025-09-09 21:42:41","userId":1}
{"level":"info","message":"Получение заданий для пользователя ID: 1","timestamp":"2025-09-09 21:42:52"}
{"level":"info","message":"Получение ожидающих приглашений пользователя","timestamp":"2025-09-09 21:42:52","userId":1}
{"level":"info","message":"Получение заданий для пользователя ID: 1","timestamp":"2025-09-09 21:42:52"}
{"level":"info","message":"Получение ожидающих приглашений пользователя","timestamp":"2025-09-09 21:42:52","userId":1}
{"assignmentId":32,"level":"info","message":"Получение состава команды проекта","timestamp":"2025-09-09 21:42:52"}
{"assignmentId":32,"level":"info","message":"Получение состава команды проекта","timestamp":"2025-09-09 21:42:52"}
{"assignmentId":32,"level":"info","message":"Получение состава команды проекта","timestamp":"2025-09-09 21:42:52"}
{"level":"info","message":"Получение заданий для пользователя ID: 1","timestamp":"2025-09-09 21:42:52"}
{"level":"info","message":"Получение ожидающих приглашений пользователя","timestamp":"2025-09-09 21:42:52","userId":1}
{"level":"info","message":"Получение ожидающих приглашений пользователя","timestamp":"2025-09-09 21:42:52","userId":1}
{"level":"info","message":"Получение заданий для пользователя ID: 1","timestamp":"2025-09-09 21:42:52"}
{"assignmentId":32,"level":"info","message":"Получение состава команды проекта","timestamp":"2025-09-09 21:42:52"}
{"level":"info","message":"Получение заданий для пользователя ID: 1","timestamp":"2025-09-09 21:42:53"}
{"level":"info","message":"Получение ожидающих приглашений пользователя","timestamp":"2025-09-09 21:42:53","userId":1}
{"level":"info","message":"Получение ожидающих приглашений пользователя","timestamp":"2025-09-09 21:42:53","userId":1}
{"level":"info","message":"Получение заданий для пользователя ID: 1","timestamp":"2025-09-09 21:42:53"}
{"level":"info","message":"Получение заданий для пользователя ID: 2","timestamp":"2025-09-09 21:42:58"}
{"level":"info","message":"Получение ожидающих приглашений пользователя","timestamp":"2025-09-09 21:42:58","userId":2}
{"level":"info","message":"Получение заданий для пользователя ID: 2","timestamp":"2025-09-09 21:42:58"}
{"level":"info","message":"Получение ожидающих приглашений пользователя","timestamp":"2025-09-09 21:42:58","userId":2}
{"level":"info","message":"Получение ожидающих приглашений пользователя","timestamp":"2025-09-09 21:42:58","userId":2}
{"level":"info","message":"Получение заданий для пользователя ID: 2","timestamp":"2025-09-09 21:42:58"}
{"assignmentId":26,"level":"info","message":"Получение состава команды проекта","timestamp":"2025-09-09 21:42:58"}
{"assignmentId":26,"level":"info","message":"Получение состава команды проекта","timestamp":"2025-09-09 21:42:58"}
{"assignmentId":26,"level":"info","message":"Получение состава команды проекта","timestamp":"2025-09-09 21:42:58"}
{"level":"info","message":"Получение заданий для пользователя ID: 2","timestamp":"2025-09-09 21:42:58"}
{"level":"info","message":"Получение ожидающих приглашений пользователя","timestamp":"2025-09-09 21:42:58","userId":2}
{"level":"info","message":"Получение ожидающих приглашений пользователя","timestamp":"2025-09-09 21:42:58","userId":2}
{"level":"info","message":"Получение заданий для пользователя ID: 2","timestamp":"2025-09-09 21:42:58"}
{"assignmentId":26,"level":"info","message":"Получение состава команды проекта","timestamp":"2025-09-09 21:42:58"}
{"assignmentId":26,"level":"info","message":"Создание задачи в задании","taskTitle":"123412","timestamp":"2025-09-09 21:43:12"}
{"assignmentId":26,"level":"info","message":"Задача успешно создана","taskId":174,"timestamp":"2025-09-09 21:43:12"}
{"level":"info","message":"Получение заданий для пользователя ID: 2","timestamp":"2025-09-09 21:43:12"}
{"level":"info","message":"Получение заданий для пользователя ID: 2","timestamp":"2025-09-09 21:43:12"}
{"level":"info","message":"Получение ожидающих приглашений пользователя","timestamp":"2025-09-09 21:43:12","userId":2}
{"level":"info","message":"Получение заданий для пользователя ID: 2","timestamp":"2025-09-09 21:43:14"}
{"level":"info","message":"Получение ожидающих приглашений пользователя","timestamp":"2025-09-09 21:43:14","userId":2}
{"level":"info","message":"Получение заданий для пользователя ID: 2","timestamp":"2025-09-09 21:43:14"}
{"level":"info","message":"Получение ожидающих приглашений пользователя","timestamp":"2025-09-09 21:43:14","userId":2}
{"level":"info","message":"Получение ожидающих приглашений пользователя","timestamp":"2025-09-09 21:43:14","userId":2}
{"level":"info","message":"Получение заданий для пользователя ID: 2","timestamp":"2025-09-09 21:43:14"}
{"assignmentId":26,"level":"info","message":"Получение состава команды проекта","timestamp":"2025-09-09 21:43:14"}
{"assignmentId":26,"level":"info","message":"Получение состава команды проекта","timestamp":"2025-09-09 21:43:14"}
{"assignmentId":26,"level":"info","message":"Получение состава команды проекта","timestamp":"2025-09-09 21:43:14"}
{"level":"info","message":"Получение заданий для пользователя ID: 2","timestamp":"2025-09-09 21:43:14"}
{"level":"info","message":"Получение ожидающих приглашений пользователя","timestamp":"2025-09-09 21:43:14","userId":2}
{"level":"info","message":"Получение ожидающих приглашений пользователя","timestamp":"2025-09-09 21:43:14","userId":2}
{"level":"info","message":"Получение заданий для пользователя ID: 2","timestamp":"2025-09-09 21:43:14"}
{"assignmentId":26,"level":"info","message":"Получение состава команды проекта","timestamp":"2025-09-09 21:43:14"}
{"level":"info","message":"Получение заданий для пользователя ID: 1","timestamp":"2025-09-09 21:43:19"}
{"level":"info","message":"Получение ожидающих приглашений пользователя","timestamp":"2025-09-09 21:43:19","userId":1}
{"level":"info","message":"Получение заданий для пользователя ID: 1","timestamp":"2025-09-09 21:43:19"}
{"level":"info","message":"Получение ожидающих приглашений пользователя","timestamp":"2025-09-09 21:43:19","userId":1}
{"level":"info","message":"Получение ожидающих приглашений пользователя","timestamp":"2025-09-09 21:43:19","userId":1}
{"level":"info","message":"Получение заданий для пользователя ID: 1","timestamp":"2025-09-09 21:43:19"}
{"level":"info","message":"Получение заданий для пользователя ID: 1","timestamp":"2025-09-09 21:43:19"}
{"level":"info","message":"Получение ожидающих приглашений пользователя","timestamp":"2025-09-09 21:43:19","userId":1}
{"assignmentId":32,"level":"info","message":"Получение состава команды проекта","timestamp":"2025-09-09 21:43:19"}
{"assignmentId":32,"level":"info","message":"Получение состава команды проекта","timestamp":"2025-09-09 21:43:19"}
{"assignmentId":32,"level":"info","message":"Получение состава команды проекта","timestamp":"2025-09-09 21:43:19"}
{"level":"info","message":"Получение заданий для пользователя ID: 1","timestamp":"2025-09-09 21:43:19"}
{"level":"info","message":"Получение ожидающих приглашений пользователя","timestamp":"2025-09-09 21:43:19","userId":1}
{"assignmentId":32,"level":"info","message":"Получение состава команды проекта","timestamp":"2025-09-09 21:43:19"}
{"assignmentId":32,"level":"info","message":"Получение состава команды проекта","timestamp":"2025-09-09 21:43:20"}
{"level":"info","message":"Получение ожидающих приглашений пользователя","timestamp":"2025-09-09 21:43:23","userId":1}
{"level":"info","message":"Получение заданий для пользователя ID: 1","timestamp":"2025-09-09 21:43:23"}
{"level":"info","message":"Получение ожидающих приглашений пользователя","timestamp":"2025-09-09 21:43:23","userId":1}
{"level":"info","message":"Получение заданий для пользователя ID: 1","timestamp":"2025-09-09 21:43:23"}
{"level":"info","message":"Получение заданий для пользователя ID: 1","timestamp":"2025-09-09 21:44:25"}
{"level":"info","message":"Получение заданий для пользователя ID: 1","timestamp":"2025-09-09 21:44:36"}
{"level":"info","message":"Получение ожидающих приглашений пользователя","timestamp":"2025-09-09 21:44:36","userId":1}
{"level":"info","message":"Получение заданий для пользователя ID: 1","timestamp":"2025-09-09 21:47:37"}
{"level":"info","message":"Получение ожидающих приглашений пользователя","timestamp":"2025-09-09 21:47:37","userId":1}
{"level":"info","message":"Получение ожидающих приглашений пользователя","timestamp":"2025-09-09 21:47:37","userId":1}
{"level":"info","message":"Получение заданий для пользователя ID: 1","timestamp":"2025-09-09 21:47:37"}
{"level":"info","message":"Получение ожидающих приглашений пользователя","timestamp":"2025-09-09 21:47:37","userId":1}
{"level":"info","message":"Получение заданий для пользователя ID: 1","timestamp":"2025-09-09 21:47:37"}
{"assignmentId":32,"level":"info","message":"Получение состава команды проекта","timestamp":"2025-09-09 21:47:37"}
{"assignmentId":32,"level":"info","message":"Получение состава команды проекта","timestamp":"2025-09-09 21:47:37"}
{"level":"info","message":"Получение заданий для пользователя ID: 1","timestamp":"2025-09-09 21:47:37"}
{"level":"info","message":"Получение ожидающих приглашений пользователя","timestamp":"2025-09-09 21:47:37","userId":1}
{"assignmentId":32,"level":"info","message":"Получение состава команды проекта","timestamp":"2025-09-09 21:47:37"}
{"assignmentId":32,"level":"info","message":"Получение состава команды проекта","timestamp":"2025-09-09 21:47:37"}
{"level":"info","message":"Получение заданий для пользователя ID: 1","timestamp":"2025-09-09 21:47:37"}
{"level":"info","message":"Получение ожидающих приглашений пользователя","timestamp":"2025-09-09 21:47:37","userId":1}
{"assignmentId":32,"level":"info","message":"Получение состава команды проекта","timestamp":"2025-09-09 21:47:37"}
{"level":"info","message":"Получение заданий для пользователя ID: 1","timestamp":"2025-09-09 21:47:38"}
{"level":"info","message":"Получение ожидающих приглашений пользователя","timestamp":"2025-09-09 21:47:38","userId":1}
{"level":"info","message":"Получение ожидающих приглашений пользователя","timestamp":"2025-09-09 21:47:38","userId":1}
{"level":"info","message":"Получение заданий для пользователя ID: 1","timestamp":"2025-09-09 21:47:38"}
{"level":"info","message":"Получение заданий для пользователя ID: 1","timestamp":"2025-09-09 21:47:39"}
{"level":"info","message":"Получение ожидающих приглашений пользователя","timestamp":"2025-09-09 21:47:39","userId":1}
{"level":"info","message":"Получение ожидающих приглашений пользователя","timestamp":"2025-09-09 21:47:39","userId":1}
{"level":"info","message":"Получение заданий для пользователя ID: 1","timestamp":"2025-09-09 21:47:39"}
{"level":"info","message":"Получение ожидающих приглашений пользователя","timestamp":"2025-09-09 21:47:39","userId":1}
{"level":"info","message":"Получение заданий для пользователя ID: 1","timestamp":"2025-09-09 21:47:39"}
{"assignmentId":32,"level":"info","message":"Получение состава команды проекта","timestamp":"2025-09-09 21:47:39"}
{"assignmentId":32,"level":"info","message":"Получение состава команды проекта","timestamp":"2025-09-09 21:47:39"}
{"assignmentId":32,"level":"info","message":"Получение состава команды проекта","timestamp":"2025-09-09 21:47:39"}
{"level":"info","message":"Получение заданий для пользователя ID: 1","timestamp":"2025-09-09 21:47:39"}
{"level":"info","message":"Получение ожидающих приглашений пользователя","timestamp":"2025-09-09 21:47:39","userId":1}
{"level":"info","message":"Получение заданий для пользователя ID: 1","timestamp":"2025-09-09 21:47:39"}
{"level":"info","message":"Получение ожидающих приглашений пользователя","timestamp":"2025-09-09 21:47:39","userId":1}
{"assignmentId":32,"level":"info","message":"Получение состава команды проекта","timestamp":"2025-09-09 21:47:39"}
{"assignmentId":32,"level":"info","message":"Получение состава команды проекта","timestamp":"2025-09-09 21:47:39"}
{"assignmentId":32,"level":"info","message":"Получение состава команды проекта","timestamp":"2025-09-09 21:47:42"}
{"level":"info","message":"Получение заданий для пользователя ID: 1","timestamp":"2025-09-09 21:47:44"}
{"level":"info","message":"Получение ожидающих приглашений пользователя","timestamp":"2025-09-09 21:47:44","userId":1}
{"level":"info","message":"Получение ожидающих приглашений пользователя","timestamp":"2025-09-09 21:47:44","userId":1}
{"level":"info","message":"Получение заданий для пользователя ID: 1","timestamp":"2025-09-09 21:47:44"}
{"level":"info","message":"Получение ожидающих приглашений пользователя","timestamp":"2025-09-09 21:47:44","userId":1}
{"level":"info","message":"Получение заданий для пользователя ID: 1","timestamp":"2025-09-09 21:47:44"}
{"assignmentId":32,"level":"info","message":"Получение состава команды проекта","timestamp":"2025-09-09 21:47:44"}
{"assignmentId":32,"level":"info","message":"Получение состава команды проекта","timestamp":"2025-09-09 21:47:44"}
{"level":"info","message":"Получение заданий для пользователя ID: 1","timestamp":"2025-09-09 21:47:44"}
{"level":"info","message":"Получение ожидающих приглашений пользователя","timestamp":"2025-09-09 21:47:44","userId":1}
{"assignmentId":32,"level":"info","message":"Получение состава команды проекта","timestamp":"2025-09-09 21:47:44"}
{"level":"info","message":"Получение ожидающих приглашений пользователя","timestamp":"2025-09-09 21:47:44","userId":1}
{"level":"info","message":"Получение заданий для пользователя ID: 1","timestamp":"2025-09-09 21:47:44"}
{"assignmentId":32,"level":"info","message":"Получение состава команды проекта","timestamp":"2025-09-09 21:47:44"}
{"assignmentId":32,"level":"info","message":"Получение состава команды проекта","timestamp":"2025-09-09 21:47:44"}
{"level":"info","message":"Получение заданий для пользователя ID: 1","timestamp":"2025-09-09 21:47:45"}
{"level":"info","message":"Получение ожидающих приглашений пользователя","timestamp":"2025-09-09 21:47:45","userId":1}
{"level":"info","message":"Получение ожидающих приглашений пользователя","timestamp":"2025-09-09 21:47:45","userId":1}
{"level":"info","message":"Получение заданий для пользователя ID: 1","timestamp":"2025-09-09 21:47:45"}
{"level":"info","message":"Получение заданий для пользователя ID: 1","timestamp":"2025-09-09 21:47:45"}
{"level":"info","message":"Получение ожидающих приглашений пользователя","timestamp":"2025-09-09 21:47:45","userId":1}
{"level":"info","message":"Получение ожидающих приглашений пользователя","timestamp":"2025-09-09 21:47:45","userId":1}
{"level":"info","message":"Получение заданий для пользователя ID: 1","timestamp":"2025-09-09 21:47:45"}
{"level":"info","message":"Получение ожидающих приглашений пользователя","timestamp":"2025-09-09 21:47:45","userId":1}
{"level":"info","message":"Получение заданий для пользователя ID: 1","timestamp":"2025-09-09 21:47:45"}
{"assignmentId":32,"level":"info","message":"Получение состава команды проекта","timestamp":"2025-09-09 21:47:45"}
{"level":"info","message":"Получение ожидающих приглашений пользователя","timestamp":"2025-09-09 21:47:45","userId":1}
{"assignmentId":32,"level":"info","message":"Получение состава команды проекта","timestamp":"2025-09-09 21:47:45"}
{"level":"info","message":"Получение заданий для пользователя ID: 1","timestamp":"2025-09-09 21:47:45"}
{"assignmentId":32,"level":"info","message":"Получение состава команды проекта","timestamp":"2025-09-09 21:47:45"}
{"level":"info","message":"Получение ожидающих приглашений пользователя","timestamp":"2025-09-09 21:47:45","userId":1}
{"level":"info","message":"Получение заданий для пользователя ID: 1","timestamp":"2025-09-09 21:47:45"}
{"assignmentId":32,"level":"info","message":"Получение состава команды проекта","timestamp":"2025-09-09 21:47:45"}
{"assignmentId":32,"level":"info","message":"Получение состава команды проекта","timestamp":"2025-09-09 21:47:45"}
{"level":"info","message":"Получение заданий для пользователя ID: 1","timestamp":"2025-09-09 21:47:46"}
{"level":"info","message":"Получение ожидающих приглашений пользователя","timestamp":"2025-09-09 21:47:46","userId":1}
{"level":"info","message":"Получение ожидающих приглашений пользователя","timestamp":"2025-09-09 21:47:46","userId":1}
{"level":"info","message":"Получение заданий для пользователя ID: 1","timestamp":"2025-09-09 21:47:46"}
{"level":"info","message":"Получение заданий для пользователя ID: 1","timestamp":"2025-09-09 21:47:49"}
{"level":"info","message":"Получение заданий для пользователя ID: 1","timestamp":"2025-09-09 21:47:49"}
{"level":"info","message":"Получение заданий для пользователя ID: 1","timestamp":"2025-09-09 21:47:49"}
{"level":"info","message":"Получение заданий для пользователя ID: 1","timestamp":"2025-09-09 21:47:49"}
{"level":"info","message":"Получение ожидающих приглашений пользователя","timestamp":"2025-09-09 21:47:49","userId":1}
{"level":"info","message":"Получение ожидающих приглашений пользователя","timestamp":"2025-09-09 21:47:49","userId":1}
{"level":"info","message":"Получение заданий для пользователя ID: 1","timestamp":"2025-09-09 21:47:49"}
{"level":"info","message":"Получение заданий для пользователя ID: 1","timestamp":"2025-09-09 21:47:50"}
{"level":"info","message":"Получение ожидающих приглашений пользователя","timestamp":"2025-09-09 21:47:50","userId":1}
{"level":"info","message":"Получение заданий для пользователя ID: 1","timestamp":"2025-09-09 21:47:50"}
{"level":"info","message":"Получение ожидающих приглашений пользователя","timestamp":"2025-09-09 21:47:50","userId":1}
{"level":"info","message":"Получение ожидающих приглашений пользователя","timestamp":"2025-09-09 21:47:50","userId":1}
{"level":"info","message":"Получение заданий для пользователя ID: 1","timestamp":"2025-09-09 21:47:50"}
{"assignmentId":32,"level":"info","message":"Получение состава команды проекта","timestamp":"2025-09-09 21:47:50"}
{"level":"info","message":"Получение заданий для пользователя ID: 1","timestamp":"2025-09-09 21:47:50"}
{"level":"info","message":"Получение ожидающих приглашений пользователя","timestamp":"2025-09-09 21:47:50","userId":1}
{"assignmentId":32,"level":"info","message":"Получение состава команды проекта","timestamp":"2025-09-09 21:47:50"}
{"assignmentId":32,"level":"info","message":"Получение состава команды проекта","timestamp":"2025-09-09 21:47:50"}
{"level":"info","message":"Получение заданий для пользователя ID: 1","timestamp":"2025-09-09 21:47:50"}
{"level":"info","message":"Получение ожидающих приглашений пользователя","timestamp":"2025-09-09 21:47:50","userId":1}
{"assignmentId":32,"level":"info","message":"Получение состава команды проекта","timestamp":"2025-09-09 21:47:50"}
{"assignmentId":32,"level":"info","message":"Получение состава команды проекта","timestamp":"2025-09-09 21:47:50"}
{"level":"info","message":"Получение заданий для пользователя ID: 2","timestamp":"2025-09-09 21:47:58"}
{"level":"info","message":"Получение ожидающих приглашений пользователя","timestamp":"2025-09-09 21:47:58","userId":2}
{"level":"info","message":"Получение ожидающих приглашений пользователя","timestamp":"2025-09-09 21:47:58","userId":2}
{"level":"info","message":"Получение заданий для пользователя ID: 2","timestamp":"2025-09-09 21:47:58"}
{"level":"info","message":"Получение ожидающих приглашений пользователя","timestamp":"2025-09-09 21:47:58","userId":2}
{"level":"info","message":"Получение заданий для пользователя ID: 2","timestamp":"2025-09-09 21:47:58"}
{"level":"info","message":"Получение ожидающих приглашений пользователя","timestamp":"2025-09-09 21:47:58","userId":2}
{"level":"info","message":"Получение заданий для пользователя ID: 2","timestamp":"2025-09-09 21:47:58"}
{"assignmentId":26,"level":"info","message":"Получение состава команды проекта","timestamp":"2025-09-09 21:47:58"}
{"assignmentId":26,"level":"info","message":"Получение состава команды проекта","timestamp":"2025-09-09 21:47:58"}
{"assignmentId":26,"level":"info","message":"Получение состава команды проекта","timestamp":"2025-09-09 21:47:58"}
{"level":"info","message":"Получение заданий для пользователя ID: 2","timestamp":"2025-09-09 21:47:58"}
{"level":"info","message":"Получение ожидающих приглашений пользователя","timestamp":"2025-09-09 21:47:58","userId":2}
{"assignmentId":26,"level":"info","message":"Получение состава команды проекта","timestamp":"2025-09-09 21:47:58"}
{"level":"info","message":"Получение заданий для пользователя ID: 2","timestamp":"2025-09-09 21:48:02"}
{"level":"info","message":"Получение ожидающих приглашений пользователя","timestamp":"2025-09-09 21:48:02","userId":2}
{"level":"info","message":"Получение ожидающих приглашений пользователя","timestamp":"2025-09-09 21:48:02","userId":2}
{"level":"info","message":"Получение заданий для пользователя ID: 2","timestamp":"2025-09-09 21:48:02"}
{"level":"info","message":"Получение заданий для пользователя ID: 2","timestamp":"2025-09-09 21:48:03"}
{"level":"info","message":"Получение заданий для пользователя ID: 2","timestamp":"2025-09-09 21:48:03"}
{"level":"info","message":"Получение ожидающих приглашений пользователя","timestamp":"2025-09-09 21:48:03","userId":2}
{"level":"info","message":"Получение заданий для пользователя ID: 2","timestamp":"2025-09-09 21:48:03"}
{"level":"info","message":"Получение ожидающих приглашений пользователя","timestamp":"2025-09-09 21:48:03","userId":2}
{"level":"info","message":"Получение ожидающих приглашений пользователя","timestamp":"2025-09-09 21:48:03","userId":2}
{"assignmentId":26,"level":"info","message":"Получение состава команды проекта","timestamp":"2025-09-09 21:48:03"}
{"assignmentId":26,"level":"info","message":"Получение состава команды проекта","timestamp":"2025-09-09 21:48:03"}
{"assignmentId":26,"level":"info","message":"Получение состава команды проекта","timestamp":"2025-09-09 21:48:03"}
{"level":"info","message":"Получение заданий для пользователя ID: 2","timestamp":"2025-09-09 21:48:03"}
{"level":"info","message":"Получение ожидающих приглашений пользователя","timestamp":"2025-09-09 21:48:03","userId":2}
{"level":"info","message":"Получение ожидающих приглашений пользователя","timestamp":"2025-09-09 21:48:03","userId":2}
{"level":"info","message":"Получение заданий для пользователя ID: 2","timestamp":"2025-09-09 21:48:03"}
{"assignmentId":26,"level":"info","message":"Получение состава команды проекта","timestamp":"2025-09-09 21:48:03"}
{"assignmentId":26,"level":"info","message":"Получение состава команды проекта","timestamp":"2025-09-09 21:48:03"}
{"level":"info","message":"Получение заданий для пользователя ID: 1","timestamp":"2025-09-09 21:48:07"}
{"level":"info","message":"Получение ожидающих приглашений пользователя","timestamp":"2025-09-09 21:48:07","userId":1}
{"level":"info","message":"Получение заданий для пользователя ID: 1","timestamp":"2025-09-09 21:48:07"}
{"level":"info","message":"Получение ожидающих приглашений пользователя","timestamp":"2025-09-09 21:48:07","userId":1}
{"level":"info","message":"Получение заданий для пользователя ID: 1","timestamp":"2025-09-09 21:48:07"}
{"level":"info","message":"Получение ожидающих приглашений пользователя","timestamp":"2025-09-09 21:48:07","userId":1}
{"assignmentId":32,"level":"info","message":"Получение состава команды проекта","timestamp":"2025-09-09 21:48:07"}
{"assignmentId":32,"level":"info","message":"Получение состава команды проекта","timestamp":"2025-09-09 21:48:07"}
{"assignmentId":32,"level":"info","message":"Получение состава команды проекта","timestamp":"2025-09-09 21:48:07"}
{"level":"info","message":"Получение заданий для пользователя ID: 1","timestamp":"2025-09-09 21:48:07"}
{"level":"info","message":"Получение ожидающих приглашений пользователя","timestamp":"2025-09-09 21:48:07","userId":1}
{"level":"info","message":"Получение ожидающих приглашений пользователя","timestamp":"2025-09-09 21:48:07","userId":1}
{"level":"info","message":"Получение заданий для пользователя ID: 1","timestamp":"2025-09-09 21:48:07"}
{"assignmentId":32,"level":"info","message":"Получение состава команды проекта","timestamp":"2025-09-09 21:48:07"}
{"assignmentId":32,"level":"info","message":"Получение состава команды проекта","timestamp":"2025-09-09 21:48:07"}
{"assignmentId":31,"level":"info","message":"Получение состава команды проекта","timestamp":"2025-09-09 21:48:08"}
{"assignmentId":31,"level":"info","message":"Получение состава команды проекта","timestamp":"2025-09-09 21:48:08"}
{"assignmentId":31,"invitedBy":1,"level":"info","message":"Приглашение пользователя в команду проекта","timestamp":"2025-09-09 21:48:18","userId":2}
{"assignmentId":31,"invitationId":3,"level":"info","message":"Пользователь успешно приглашен в проект","timestamp":"2025-09-09 21:48:18","userId":2}
{"assignmentId":31,"level":"info","message":"Получение состава команды проекта","timestamp":"2025-09-09 21:48:19"}
{"level":"info","message":"Получение заданий для пользователя ID: 2","timestamp":"2025-09-09 21:48:24"}
{"level":"info","message":"Получение заданий для пользователя ID: 2","timestamp":"2025-09-09 21:48:24"}
{"level":"info","message":"Получение ожидающих приглашений пользователя","timestamp":"2025-09-09 21:48:24","userId":2}
{"level":"info","message":"Получение ожидающих приглашений пользователя","timestamp":"2025-09-09 21:48:24","userId":2}
{"assignmentId":26,"level":"info","message":"Получение состава команды проекта","timestamp":"2025-09-09 21:48:24"}
{"assignmentId":26,"level":"info","message":"Получение состава команды проекта","timestamp":"2025-09-09 21:48:24"}
{"assignmentId":26,"level":"info","message":"Получение состава команды проекта","timestamp":"2025-09-09 21:48:24"}
{"level":"info","message":"Получение заданий для пользователя ID: 2","timestamp":"2025-09-09 21:48:24"}
{"level":"info","message":"Получение ожидающих приглашений пользователя","timestamp":"2025-09-09 21:48:24","userId":2}
{"level":"info","message":"Получение ожидающих приглашений пользователя","timestamp":"2025-09-09 21:48:24","userId":2}
{"level":"info","message":"Получение заданий для пользователя ID: 2","timestamp":"2025-09-09 21:48:24"}
{"assignmentId":26,"level":"info","message":"Получение состава команды проекта","timestamp":"2025-09-09 21:48:24"}
{"level":"info","message":"Получение заданий для пользователя ID: 2","timestamp":"2025-09-09 21:48:24"}
{"level":"info","message":"Получение ожидающих приглашений пользователя","timestamp":"2025-09-09 21:48:24","userId":2}
{"level":"info","message":"Получение заданий для пользователя ID: 2","timestamp":"2025-09-09 21:48:24"}
{"level":"info","message":"Получение ожидающих приглашений пользователя","timestamp":"2025-09-09 21:48:24","userId":2}
{"level":"info","message":"Получение заданий для пользователя ID: 2","timestamp":"2025-09-09 21:48:25"}
{"level":"info","message":"Получение ожидающих приглашений пользователя","timestamp":"2025-09-09 21:48:25","userId":2}
{"level":"info","message":"Получение заданий для пользователя ID: 2","timestamp":"2025-09-09 21:48:25"}
{"level":"info","message":"Получение ожидающих приглашений пользователя","timestamp":"2025-09-09 21:48:25","userId":2}
{"level":"info","message":"Получение заданий для пользователя ID: 2","timestamp":"2025-09-09 21:48:27"}
{"level":"info","message":"Получение ожидающих приглашений пользователя","timestamp":"2025-09-09 21:48:27","userId":2}
{"level":"info","message":"Получение заданий для пользователя ID: 2","timestamp":"2025-09-09 21:48:27"}
{"level":"info","message":"Получение ожидающих приглашений пользователя","timestamp":"2025-09-09 21:48:27","userId":2}
{"level":"info","message":"Получение заданий для пользователя ID: 2","timestamp":"2025-09-09 21:48:27"}
{"level":"info","message":"Получение ожидающих приглашений пользователя","timestamp":"2025-09-09 21:48:27","userId":2}
{"assignmentId":26,"level":"info","message":"Получение состава команды проекта","timestamp":"2025-09-09 21:48:27"}
{"assignmentId":26,"level":"info","message":"Получение состава команды проекта","timestamp":"2025-09-09 21:48:27"}
{"level":"info","message":"Получение заданий для пользователя ID: 2","timestamp":"2025-09-09 21:48:27"}
{"level":"info","message":"Получение ожидающих приглашений пользователя","timestamp":"2025-09-09 21:48:27","userId":2}
{"assignmentId":26,"level":"info","message":"Получение состава команды проекта","timestamp":"2025-09-09 21:48:27"}
{"level":"info","message":"Получение заданий для пользователя ID: 2","timestamp":"2025-09-09 21:48:27"}
{"level":"info","message":"Получение ожидающих приглашений пользователя","timestamp":"2025-09-09 21:48:27","userId":2}
{"assignmentId":26,"level":"info","message":"Получение состава команды проекта","timestamp":"2025-09-09 21:48:27"}
{"assignmentId":26,"level":"info","message":"Получение состава команды проекта","timestamp":"2025-09-09 21:48:27"}
{"level":"info","message":"Получение заданий для пользователя ID: 2","timestamp":"2025-09-09 21:48:27"}
{"level":"info","message":"Получение ожидающих приглашений пользователя","timestamp":"2025-09-09 21:48:27","userId":2}
{"level":"info","message":"Получение ожидающих приглашений пользователя","timestamp":"2025-09-09 21:48:27","userId":2}
{"level":"info","message":"Получение заданий для пользователя ID: 2","timestamp":"2025-09-09 21:48:27"}
{"level":"info","message":"Получение заданий для пользователя ID: 2","timestamp":"2025-09-09 21:48:28"}
{"level":"info","message":"Получение ожидающих приглашений пользователя","timestamp":"2025-09-09 21:48:28","userId":2}
{"level":"info","message":"Получение заданий для пользователя ID: 2","timestamp":"2025-09-09 21:48:28"}
{"level":"info","message":"Получение ожидающих приглашений пользователя","timestamp":"2025-09-09 21:48:28","userId":2}
{"level":"info","message":"Получение ожидающих приглашений пользователя","timestamp":"2025-09-09 21:48:28","userId":2}
{"level":"info","message":"Получение заданий для пользователя ID: 2","timestamp":"2025-09-09 21:48:28"}
{"assignmentId":26,"level":"info","message":"Получение состава команды проекта","timestamp":"2025-09-09 21:48:28"}
{"assignmentId":26,"level":"info","message":"Получение состава команды проекта","timestamp":"2025-09-09 21:48:28"}
{"assignmentId":26,"level":"info","message":"Получение состава команды проекта","timestamp":"2025-09-09 21:48:28"}
{"level":"info","message":"Получение заданий для пользователя ID: 2","timestamp":"2025-09-09 21:48:28"}
{"level":"info","message":"Получение ожидающих приглашений пользователя","timestamp":"2025-09-09 21:48:28","userId":2}
{"level":"info","message":"Получение заданий для пользователя ID: 2","timestamp":"2025-09-09 21:48:28"}
{"level":"info","message":"Получение ожидающих приглашений пользователя","timestamp":"2025-09-09 21:48:28","userId":2}
{"assignmentId":26,"level":"info","message":"Получение состава команды проекта","timestamp":"2025-09-09 21:48:28"}
{"assignmentId":26,"level":"info","message":"Получение состава команды проекта","timestamp":"2025-09-09 21:48:28"}
{"level":"info","message":"Получение заданий для пользователя ID: 1","timestamp":"2025-09-09 21:48:34"}
{"level":"info","message":"Получение ожидающих приглашений пользователя","timestamp":"2025-09-09 21:48:34","userId":1}
{"level":"info","message":"Получение заданий для пользователя ID: 1","timestamp":"2025-09-09 21:48:34"}
{"level":"info","message":"Получение ожидающих приглашений пользователя","timestamp":"2025-09-09 21:48:34","userId":1}
{"level":"info","message":"Получение ожидающих приглашений пользователя","timestamp":"2025-09-09 21:48:34","userId":1}
{"level":"info","message":"Получение заданий для пользователя ID: 1","timestamp":"2025-09-09 21:48:34"}
{"level":"info","message":"Получение ожидающих приглашений пользователя","timestamp":"2025-09-09 21:48:34","userId":1}
{"level":"info","message":"Получение заданий для пользователя ID: 1","timestamp":"2025-09-09 21:48:34"}
{"assignmentId":32,"level":"info","message":"Получение состава команды проекта","timestamp":"2025-09-09 21:48:35"}
{"assignmentId":32,"level":"info","message":"Получение состава команды проекта","timestamp":"2025-09-09 21:48:35"}
{"assignmentId":32,"level":"info","message":"Получение состава команды проекта","timestamp":"2025-09-09 21:48:35"}
{"level":"info","message":"Получение заданий для пользователя ID: 1","timestamp":"2025-09-09 21:48:35"}
{"level":"info","message":"Получение ожидающих приглашений пользователя","timestamp":"2025-09-09 21:48:35","userId":1}
{"assignmentId":32,"level":"info","message":"Получение состава команды проекта","timestamp":"2025-09-09 21:48:35"}
{"assignmentId":32,"level":"info","message":"Получение состава команды проекта","timestamp":"2025-09-09 21:48:35"}
{"level":"info","message":"Получение заданий для пользователя ID: 1","timestamp":"2025-09-09 21:48:35"}
{"level":"info","message":"Получение ожидающих приглашений пользователя","timestamp":"2025-09-09 21:48:35","userId":1}
{"level":"info","message":"Получение ожидающих приглашений пользователя","timestamp":"2025-09-09 21:48:35","userId":1}
{"level":"info","message":"Получение заданий для пользователя ID: 1","timestamp":"2025-09-09 21:48:35"}
{"level":"info","message":"Получение заданий для пользователя ID: 1","timestamp":"2025-09-09 21:48:38"}
{"level":"info","message":"Получение ожидающих приглашений пользователя","timestamp":"2025-09-09 21:48:38","userId":1}
{"level":"info","message":"Получение ожидающих приглашений пользователя","timestamp":"2025-09-09 21:48:38","userId":1}
{"level":"info","message":"Получение заданий для пользователя ID: 1","timestamp":"2025-09-09 21:48:38"}
{"level":"info","message":"Получение ожидающих приглашений пользователя","timestamp":"2025-09-09 21:48:38","userId":1}
{"level":"info","message":"Получение заданий для пользователя ID: 1","timestamp":"2025-09-09 21:48:38"}
{"assignmentId":32,"level":"info","message":"Получение состава команды проекта","timestamp":"2025-09-09 21:48:38"}
{"assignmentId":32,"level":"info","message":"Получение состава команды проекта","timestamp":"2025-09-09 21:48:38"}
{"level":"info","message":"Получение заданий для пользователя ID: 1","timestamp":"2025-09-09 21:48:38"}
{"level":"info","message":"Получение ожидающих приглашений пользователя","timestamp":"2025-09-09 21:48:38","userId":1}
{"assignmentId":32,"level":"info","message":"Получение состава команды проекта","timestamp":"2025-09-09 21:48:38"}
{"level":"info","message":"Получение ожидающих приглашений пользователя","timestamp":"2025-09-09 21:48:38","userId":1}
{"level":"info","message":"Получение заданий для пользователя ID: 1","timestamp":"2025-09-09 21:48:38"}
{"assignmentId":32,"level":"info","message":"Получение состава команды проекта","timestamp":"2025-09-09 21:48:38"}
{"assignmentId":32,"level":"info","message":"Получение состава команды проекта","timestamp":"2025-09-09 21:48:38"}
{"level":"info","message":"Получение заданий для пользователя ID: 1","timestamp":"2025-09-09 21:49:09"}
{"level":"info","message":"Получение ожидающих приглашений пользователя","timestamp":"2025-09-09 21:49:09","userId":1}
{"level":"info","message":"Получение заданий для пользователя ID: 1","timestamp":"2025-09-09 21:49:09"}
{"level":"info","message":"Получение ожидающих приглашений пользователя","timestamp":"2025-09-09 21:49:09","userId":1}
{"level":"info","message":"Получение заданий для пользователя ID: 1","timestamp":"2025-09-09 21:49:09"}
{"level":"info","message":"Получение ожидающих приглашений пользователя","timestamp":"2025-09-09 21:49:09","userId":1}
{"level":"info","message":"Получение ожидающих приглашений пользователя","timestamp":"2025-09-09 21:49:40","userId":1}
{"level":"info","message":"Получение заданий для пользователя ID: 1","timestamp":"2025-09-09 21:49:40"}
{"level":"info","message":"Получение ожидающих приглашений пользователя","timestamp":"2025-09-09 21:49:40","userId":1}
{"level":"info","message":"Получение заданий для пользователя ID: 1","timestamp":"2025-09-09 21:49:40"}
{"level":"info","message":"Получение заданий для пользователя ID: 1","timestamp":"2025-09-09 21:49:40"}
{"level":"info","message":"Получение ожидающих приглашений пользователя","timestamp":"2025-09-09 21:49:40","userId":1}
{"level":"info","message":"Получение заданий для пользователя ID: 1","timestamp":"2025-09-09 21:50:11"}
{"level":"info","message":"Получение ожидающих приглашений пользователя","timestamp":"2025-09-09 21:50:11","userId":1}
{"level":"info","message":"Получение заданий для пользователя ID: 1","timestamp":"2025-09-09 21:50:11"}
{"level":"info","message":"Получение ожидающих приглашений пользователя","timestamp":"2025-09-09 21:50:11","userId":1}
{"level":"info","message":"Получение заданий для пользователя ID: 1","timestamp":"2025-09-09 21:50:11"}
{"level":"info","message":"Получение ожидающих приглашений пользователя","timestamp":"2025-09-09 21:50:11","userId":1}
{"assignmentId":32,"level":"info","message":"Получение состава команды проекта","timestamp":"2025-09-09 21:50:26"}
{"assignmentId":32,"level":"info","message":"Получение состава команды проекта","timestamp":"2025-09-09 21:50:51"}
{"assignmentId":32,"level":"info","message":"Получение состава команды проекта","timestamp":"2025-09-09 21:50:57"}
{"level":"info","message":"Получение заданий для пользователя ID: 1","timestamp":"2025-09-09 21:51:27"}
{"level":"info","message":"Получение ожидающих приглашений пользователя","timestamp":"2025-09-09 21:51:27","userId":1}
{"level":"info","message":"Получение заданий для пользователя ID: 1","timestamp":"2025-09-09 21:51:27"}
{"level":"info","message":"Получение ожидающих приглашений пользователя","timestamp":"2025-09-09 21:51:27","userId":1}
{"level":"info","message":"Получение заданий для пользователя ID: 1","timestamp":"2025-09-09 21:51:27"}
{"level":"info","message":"Получение ожидающих приглашений пользователя","timestamp":"2025-09-09 21:51:27","userId":1}
{"level":"info","message":"Получение заданий для пользователя ID: 1","timestamp":"2025-09-09 21:51:28"}
{"level":"info","message":"Получение ожидающих приглашений пользователя","timestamp":"2025-09-09 21:51:28","userId":1}
{"level":"info","message":"Получение ожидающих приглашений пользователя","timestamp":"2025-09-09 21:51:28","userId":1}
{"level":"info","message":"Получение заданий для пользователя ID: 1","timestamp":"2025-09-09 21:51:28"}
{"level":"info","message":"Получение ожидающих приглашений пользователя","timestamp":"2025-09-09 21:51:28","userId":1}
{"level":"info","message":"Получение заданий для пользователя ID: 1","timestamp":"2025-09-09 21:51:28"}
{"level":"info","message":"Получение заданий для пользователя ID: 1","timestamp":"2025-09-09 21:51:28"}
{"level":"info","message":"Получение ожидающих приглашений пользователя","timestamp":"2025-09-09 21:51:28","userId":1}
{"assignmentId":32,"level":"info","message":"Получение состава команды проекта","timestamp":"2025-09-09 21:51:28"}
{"assignmentId":32,"level":"info","message":"Получение состава команды проекта","timestamp":"2025-09-09 21:51:28"}
{"assignmentId":32,"level":"info","message":"Получение состава команды проекта","timestamp":"2025-09-09 21:51:28"}
{"level":"info","message":"Получение заданий для пользователя ID: 1","timestamp":"2025-09-09 21:51:28"}
{"level":"info","message":"Получение ожидающих приглашений пользователя","timestamp":"2025-09-09 21:51:28","userId":1}
{"assignmentId":32,"level":"info","message":"Получение состава команды проекта","timestamp":"2025-09-09 21:51:28"}
{"assignmentId":32,"level":"info","message":"Получение состава команды проекта","timestamp":"2025-09-09 21:51:28"}
{"level":"info","message":"Получение заданий для пользователя ID: 1","timestamp":"2025-09-09 21:51:29"}
{"level":"info","message":"Получение ожидающих приглашений пользователя","timestamp":"2025-09-09 21:51:29","userId":1}
{"level":"info","message":"Получение ожидающих приглашений пользователя","timestamp":"2025-09-09 21:51:29","userId":1}
{"level":"info","message":"Получение заданий для пользователя ID: 1","timestamp":"2025-09-09 21:51:29"}
{"level":"info","message":"Получение заданий для пользователя ID: 1","timestamp":"2025-09-09 21:51:33"}
{"level":"info","message":"Получение заданий для пользователя ID: 1","timestamp":"2025-09-09 21:51:33"}
{"level":"info","message":"Получение ожидающих приглашений пользователя","timestamp":"2025-09-09 21:51:33","userId":1}
{"level":"info","message":"Получение заданий для пользователя ID: 1","timestamp":"2025-09-09 21:51:33"}
{"level":"info","message":"Получение ожидающих приглашений пользователя","timestamp":"2025-09-09 21:51:33","userId":1}
{"level":"info","message":"Получение ожидающих приглашений пользователя","timestamp":"2025-09-09 21:51:33","userId":1}
{"assignmentId":32,"level":"info","message":"Получение состава команды проекта","timestamp":"2025-09-09 21:51:33"}
{"assignmentId":32,"level":"info","message":"Получение состава команды проекта","timestamp":"2025-09-09 21:51:33"}
{"assignmentId":32,"level":"info","message":"Получение состава команды проекта","timestamp":"2025-09-09 21:51:33"}
{"level":"info","message":"Получение заданий для пользователя ID: 1","timestamp":"2025-09-09 21:51:33"}
{"level":"info","message":"Получение ожидающих приглашений пользователя","timestamp":"2025-09-09 21:51:33","userId":1}
{"level":"info","message":"Получение заданий для пользователя ID: 1","timestamp":"2025-09-09 21:51:33"}
{"level":"info","message":"Получение ожидающих приглашений пользователя","timestamp":"2025-09-09 21:51:33","userId":1}
{"assignmentId":32,"level":"info","message":"Получение состава команды проекта","timestamp":"2025-09-09 21:51:33"}
{"assignmentId":32,"level":"info","message":"Получение состава команды проекта","timestamp":"2025-09-09 21:51:33"}
{"level":"info","message":"Получение заданий для пользователя ID: 1","timestamp":"2025-09-09 21:52:14"}
{"level":"info","message":"Получение заданий для пользователя ID: 1","timestamp":"2025-09-09 21:52:14"}
{"level":"info","message":"Получение ожидающих приглашений пользователя","timestamp":"2025-09-09 21:52:14","userId":1}
{"level":"info","message":"Получение ожидающих приглашений пользователя","timestamp":"2025-09-09 21:52:14","userId":1}
{"assignmentId":32,"level":"info","message":"Получение состава команды проекта","timestamp":"2025-09-09 21:52:14"}
{"assignmentId":32,"level":"info","message":"Получение состава команды проекта","timestamp":"2025-09-09 21:52:14"}
{"assignmentId":32,"level":"info","message":"Получение состава команды проекта","timestamp":"2025-09-09 21:52:14"}
{"level":"info","message":"Получение заданий для пользователя ID: 1","timestamp":"2025-09-09 21:52:14"}
{"level":"info","message":"Получение ожидающих приглашений пользователя","timestamp":"2025-09-09 21:52:14","userId":1}
{"level":"info","message":"Получение ожидающих приглашений пользователя","timestamp":"2025-09-09 21:52:14","userId":1}
{"level":"info","message":"Получение заданий для пользователя ID: 1","timestamp":"2025-09-09 21:52:14"}
{"assignmentId":32,"level":"info","message":"Получение состава команды проекта","timestamp":"2025-09-09 21:52:14"}
{"level":"info","message":"Получение заданий для пользователя ID: 1","timestamp":"2025-09-09 21:52:14"}
{"level":"info","message":"Получение ожидающих приглашений пользователя","timestamp":"2025-09-09 21:52:14","userId":1}
{"level":"info","message":"Получение ожидающих приглашений пользователя","timestamp":"2025-09-09 21:52:14","userId":1}
{"level":"info","message":"Получение заданий для пользователя ID: 1","timestamp":"2025-09-09 21:52:14"}
{"level":"info","message":"Получение заданий для пользователя ID: 1","timestamp":"2025-09-09 21:52:15"}
{"level":"info","message":"Получение ожидающих приглашений пользователя","timestamp":"2025-09-09 21:52:15","userId":1}
{"level":"info","message":"Получение ожидающих приглашений пользователя","timestamp":"2025-09-09 21:52:15","userId":1}
{"level":"info","message":"Получение заданий для пользователя ID: 1","timestamp":"2025-09-09 21:52:15"}
{"level":"info","message":"Получение заданий для пользователя ID: 1","timestamp":"2025-09-09 21:52:15"}
{"level":"info","message":"Получение ожидающих приглашений пользователя","timestamp":"2025-09-09 21:52:15","userId":1}
{"level":"info","message":"Получение ожидающих приглашений пользователя","timestamp":"2025-09-09 21:52:15","userId":1}
{"level":"info","message":"Получение заданий для пользователя ID: 1","timestamp":"2025-09-09 21:52:15"}
{"level":"info","message":"Получение ожидающих приглашений пользователя","timestamp":"2025-09-09 21:52:15","userId":1}
{"level":"info","message":"Получение заданий для пользователя ID: 1","timestamp":"2025-09-09 21:52:15"}
{"assignmentId":32,"level":"info","message":"Получение состава команды проекта","timestamp":"2025-09-09 21:52:15"}
{"assignmentId":32,"level":"info","message":"Получение состава команды проекта","timestamp":"2025-09-09 21:52:15"}
{"assignmentId":32,"level":"info","message":"Получение состава команды проекта","timestamp":"2025-09-09 21:52:15"}
{"level":"info","message":"Получение заданий для пользователя ID: 1","timestamp":"2025-09-09 21:52:15"}
{"level":"info","message":"Получение ожидающих приглашений пользователя","timestamp":"2025-09-09 21:52:15","userId":1}
{"level":"info","message":"Получение ожидающих приглашений пользователя","timestamp":"2025-09-09 21:52:15","userId":1}
{"level":"info","message":"Получение заданий для пользователя ID: 1","timestamp":"2025-09-09 21:52:15"}
{"assignmentId":32,"level":"info","message":"Получение состава команды проекта","timestamp":"2025-09-09 21:52:15"}
