{"level":"info","message":"Получение ожидающих приглашений пользователя","timestamp":"2026-03-24 15:16:09","userId":1}
{"level":"info","message":"Получение заданий для пользователя ID: 1","timestamp":"2026-03-24 15:16:09"}
{"level":"info","message":"Получение ожидающих приглашений пользователя","timestamp":"2026-03-24 15:16:09","userId":1}
{"level":"info","message":"Получение заданий для пользователя ID: 1","timestamp":"2026-03-24 15:16:09"}
{"level":"info","message":"Получение ожидающих приглашений пользователя","timestamp":"2026-03-24 15:16:09","userId":1}
{"level":"info","message":"Получение ожидающих приглашений пользователя","timestamp":"2026-03-24 15:16:09","userId":1}
{"level":"info","message":"Получение заданий для пользователя ID: 1","timestamp":"2026-03-24 15:16:09"}
{"level":"info","message":"Получение ожидающих приглашений пользователя","timestamp":"2026-03-24 15:16:09","userId":1}
{"level":"info","message":"Получение ожидающих приглашений пользователя","timestamp":"2026-03-24 15:16:09","userId":1}
{"level":"info","message":"Получение заданий для пользователя ID: 1","timestamp":"2026-03-24 15:16:09"}
{"level":"info","message":"Получение ожидающих приглашений пользователя","timestamp":"2026-03-24 15:16:09","userId":1}
{"level":"info","message":"Получение ожидающих приглашений пользователя","timestamp":"2026-03-24 15:16:09","userId":1}
{"assignmentId":53,"level":"info","message":"Получение состава команды проекта","timestamp":"2026-03-24 15:16:10"}
{"level":"info","message":"Получение заданий для пользователя ID: 1","timestamp":"2026-03-24 15:16:10"}
{"level":"info","message":"Получение ожидающих приглашений пользователя","timestamp":"2026-03-24 15:16:10","userId":1}
{"level":"info","message":"Получение ожидающих приглашений пользователя","timestamp":"2026-03-24 15:16:10","userId":1}
{"assignmentId":53,"level":"info","message":"Получение состава команды проекта","timestamp":"2026-03-24 15:16:10"}
{"assignmentId":53,"level":"info","message":"Получение состава команды проекта","timestamp":"2026-03-24 15:16:10"}
{"assignmentId":53,"level":"info","message":"Получение состава команды проекта","timestamp":"2026-03-24 15:16:14"}
{"assignmentId":53,"level":"info","message":"Получение состава команды проекта","timestamp":"2026-03-24 15:16:14"}
{"assignmentId":60,"level":"info","message":"Assignment created with audit","timestamp":"2026-03-24 15:16:30","userId":1}
{"level":"info","message":"Получение заданий для пользователя ID: 1","timestamp":"2026-03-24 15:16:30"}
{"assignmentId":53,"level":"info","message":"Получение состава команды проекта","timestamp":"2026-03-24 15:16:30"}
{"assignmentId":60,"level":"info","message":"Получение состава команды проекта","timestamp":"2026-03-24 15:16:32"}
{"assignmentId":60,"level":"info","message":"Получение состава команды проекта","timestamp":"2026-03-24 15:16:33"}
{"assignmentId":60,"level":"info","message":"Получение состава команды проекта","timestamp":"2026-03-24 15:16:33"}
{"level":"info","message":"Получение заданий для пользователя ID: 1","timestamp":"2026-03-24 15:16:40"}
{"level":"info","message":"Получение ожидающих приглашений пользователя","timestamp":"2026-03-24 15:16:40","userId":1}
{"level":"info","message":"Получение ожидающих приглашений пользователя","timestamp":"2026-03-24 15:16:40","userId":1}
{"level":"info","message":"Получение заданий для пользователя ID: 1","timestamp":"2026-03-24 15:16:40"}
{"level":"info","message":"Получение ожидающих приглашений пользователя","timestamp":"2026-03-24 15:16:40","userId":1}
{"level":"info","message":"Получение ожидающих приглашений пользователя","timestamp":"2026-03-24 15:16:40","userId":1}
{"level":"info","message":"Получение ожидающих приглашений пользователя","timestamp":"2026-03-24 15:16:40","userId":1}
{"level":"info","message":"Получение заданий для пользователя ID: 1","timestamp":"2026-03-24 15:16:40"}
{"assignmentId":60,"level":"info","message":"Получение состава команды проекта","timestamp":"2026-03-24 15:16:40"}
{"level":"info","message":"Получение ожидающих приглашений пользователя","timestamp":"2026-03-24 15:16:40","userId":1}
{"assignmentId":60,"level":"info","message":"Получение состава команды проекта","timestamp":"2026-03-24 15:16:40"}
{"assignmentId":60,"level":"info","message":"Получение состава команды проекта","timestamp":"2026-03-24 15:16:40"}
{"level":"info","message":"Получение заданий для пользователя ID: 1","timestamp":"2026-03-24 15:17:11"}
{"level":"info","message":"Получение ожидающих приглашений пользователя","timestamp":"2026-03-24 15:17:11","userId":1}
{"level":"info","message":"Получение ожидающих приглашений пользователя","timestamp":"2026-03-24 15:17:11","userId":1}
{"level":"info","message":"Получение заданий для пользователя ID: 1","timestamp":"2026-03-24 15:17:11"}
{"level":"info","message":"Получение ожидающих приглашений пользователя","timestamp":"2026-03-24 15:17:11","userId":1}
{"level":"info","message":"Получение ожидающих приглашений пользователя","timestamp":"2026-03-24 15:17:11","userId":1}
{"assignmentId":60,"level":"info","message":"Получение состава команды проекта","timestamp":"2026-03-24 15:17:11"}
{"level":"info","message":"Получение заданий для пользователя ID: 1","timestamp":"2026-03-24 15:17:11"}
{"level":"info","message":"Получение ожидающих приглашений пользователя","timestamp":"2026-03-24 15:17:11","userId":1}
{"level":"info","message":"Получение ожидающих приглашений пользователя","timestamp":"2026-03-24 15:17:11","userId":1}
{"assignmentId":60,"level":"info","message":"Получение состава команды проекта","timestamp":"2026-03-24 15:17:11"}
{"assignmentId":60,"level":"info","message":"Получение состава команды проекта","timestamp":"2026-03-24 15:17:11"}
{"level":"info","message":"Получение заданий для пользователя ID: 1","timestamp":"2026-03-24 15:17:41"}
{"level":"info","message":"Получение ожидающих приглашений пользователя","timestamp":"2026-03-24 15:17:41","userId":1}
{"level":"info","message":"Получение ожидающих приглашений пользователя","timestamp":"2026-03-24 15:17:41","userId":1}
{"level":"info","message":"Получение заданий для пользователя ID: 1","timestamp":"2026-03-24 15:17:41"}
{"level":"info","message":"Получение ожидающих приглашений пользователя","timestamp":"2026-03-24 15:17:41","userId":1}
{"assignmentId":60,"level":"info","message":"Получение состава команды проекта","timestamp":"2026-03-24 15:17:41"}
{"level":"info","message":"Получение ожидающих приглашений пользователя","timestamp":"2026-03-24 15:17:41","userId":1}
{"level":"info","message":"Получение ожидающих приглашений пользователя","timestamp":"2026-03-24 15:17:41","userId":1}
{"level":"info","message":"Получение заданий для пользователя ID: 1","timestamp":"2026-03-24 15:17:41"}
{"level":"info","message":"Получение ожидающих приглашений пользователя","timestamp":"2026-03-24 15:17:41","userId":1}
{"assignmentId":60,"level":"info","message":"Получение состава команды проекта","timestamp":"2026-03-24 15:17:41"}
{"assignmentId":60,"level":"info","message":"Получение состава команды проекта","timestamp":"2026-03-24 15:17:41"}
{"level":"info","message":"Получение ожидающих приглашений пользователя","timestamp":"2026-03-24 15:18:11","userId":1}
{"level":"info","message":"Получение заданий для пользователя ID: 1","timestamp":"2026-03-24 15:18:11"}
{"level":"info","message":"Получение ожидающих приглашений пользователя","timestamp":"2026-03-24 15:18:11","userId":1}
{"level":"info","message":"Получение заданий для пользователя ID: 1","timestamp":"2026-03-24 15:18:11"}
{"level":"info","message":"Получение ожидающих приглашений пользователя","timestamp":"2026-03-24 15:18:11","userId":1}
{"level":"info","message":"Получение ожидающих приглашений пользователя","timestamp":"2026-03-24 15:18:11","userId":1}
{"level":"info","message":"Получение ожидающих приглашений пользователя","timestamp":"2026-03-24 15:18:11","userId":1}
{"assignmentId":60,"level":"info","message":"Получение состава команды проекта","timestamp":"2026-03-24 15:18:11"}
{"level":"info","message":"Получение заданий для пользователя ID: 1","timestamp":"2026-03-24 15:18:11"}
{"level":"info","message":"Получение ожидающих приглашений пользователя","timestamp":"2026-03-24 15:18:11","userId":1}
{"assignmentId":60,"level":"info","message":"Получение состава команды проекта","timestamp":"2026-03-24 15:18:11"}
{"assignmentId":60,"level":"info","message":"Получение состава команды проекта","timestamp":"2026-03-24 15:18:11"}
{"level":"info","message":"Получение заданий для пользователя ID: 1","timestamp":"2026-03-24 15:18:42"}
{"level":"info","message":"Получение ожидающих приглашений пользователя","timestamp":"2026-03-24 15:18:42","userId":1}
{"level":"info","message":"Получение заданий для пользователя ID: 1","timestamp":"2026-03-24 15:18:42"}
{"level":"info","message":"Получение ожидающих приглашений пользователя","timestamp":"2026-03-24 15:18:42","userId":1}
{"level":"info","message":"Получение ожидающих приглашений пользователя","timestamp":"2026-03-24 15:18:42","userId":1}
{"level":"info","message":"Получение заданий для пользователя ID: 1","timestamp":"2026-03-24 15:18:42"}
{"level":"info","message":"Получение ожидающих приглашений пользователя","timestamp":"2026-03-24 15:18:42","userId":1}
{"assignmentId":60,"level":"info","message":"Получение состава команды проекта","timestamp":"2026-03-24 15:18:42"}
{"level":"info","message":"Получение ожидающих приглашений пользователя","timestamp":"2026-03-24 15:18:42","userId":1}
{"level":"info","message":"Получение ожидающих приглашений пользователя","timestamp":"2026-03-24 15:18:42","userId":1}
{"assignmentId":60,"level":"info","message":"Получение состава команды проекта","timestamp":"2026-03-24 15:18:42"}
{"assignmentId":60,"level":"info","message":"Получение состава команды проекта","timestamp":"2026-03-24 15:18:42"}
{"level":"info","message":"Получение заданий для пользователя ID: 1","timestamp":"2026-03-24 15:19:13"}
{"level":"info","message":"Получение ожидающих приглашений пользователя","timestamp":"2026-03-24 15:19:13","userId":1}
{"level":"info","message":"Получение ожидающих приглашений пользователя","timestamp":"2026-03-24 15:19:13","userId":1}
{"level":"info","message":"Получение заданий для пользователя ID: 1","timestamp":"2026-03-24 15:19:13"}
{"level":"info","message":"Получение ожидающих приглашений пользователя","timestamp":"2026-03-24 15:19:13","userId":1}
{"level":"info","message":"Получение ожидающих приглашений пользователя","timestamp":"2026-03-24 15:19:13","userId":1}
{"level":"info","message":"Получение ожидающих приглашений пользователя","timestamp":"2026-03-24 15:19:13","userId":1}
{"level":"info","message":"Получение заданий для пользователя ID: 1","timestamp":"2026-03-24 15:19:13"}
{"level":"info","message":"Получение ожидающих приглашений пользователя","timestamp":"2026-03-24 15:19:13","userId":1}
{"assignmentId":60,"level":"info","message":"Получение состава команды проекта","timestamp":"2026-03-24 15:19:13"}
{"assignmentId":60,"level":"info","message":"Получение состава команды проекта","timestamp":"2026-03-24 15:19:13"}
{"assignmentId":60,"level":"info","message":"Получение состава команды проекта","timestamp":"2026-03-24 15:19:13"}
{"level":"info","message":"Получение ожидающих приглашений пользователя","timestamp":"2026-03-24 15:19:44","userId":1}
{"level":"info","message":"Получение заданий для пользователя ID: 1","timestamp":"2026-03-24 15:19:44"}
{"level":"info","message":"Получение ожидающих приглашений пользователя","timestamp":"2026-03-24 15:19:44","userId":1}
{"level":"info","message":"Получение ожидающих приглашений пользователя","timestamp":"2026-03-24 15:19:44","userId":1}
{"level":"info","message":"Получение ожидающих приглашений пользователя","timestamp":"2026-03-24 15:19:44","userId":1}
{"level":"info","message":"Получение ожидающих приглашений пользователя","timestamp":"2026-03-24 15:19:44","userId":1}
{"level":"info","message":"Получение заданий для пользователя ID: 1","timestamp":"2026-03-24 15:19:44"}
{"level":"info","message":"Получение ожидающих приглашений пользователя","timestamp":"2026-03-24 15:19:44","userId":1}
{"level":"info","message":"Получение заданий для пользователя ID: 1","timestamp":"2026-03-24 15:19:44"}
{"assignmentId":60,"level":"info","message":"Получение состава команды проекта","timestamp":"2026-03-24 15:19:44"}
{"assignmentId":60,"level":"info","message":"Получение состава команды проекта","timestamp":"2026-03-24 15:19:44"}
{"assignmentId":60,"level":"info","message":"Получение состава команды проекта","timestamp":"2026-03-24 15:19:44"}
{"level":"info","message":"Получение заданий для пользователя ID: 1","timestamp":"2026-03-24 15:20:15"}
{"level":"info","message":"Получение ожидающих приглашений пользователя","timestamp":"2026-03-24 15:20:15","userId":1}
{"level":"info","message":"Получение ожидающих приглашений пользователя","timestamp":"2026-03-24 15:20:15","userId":1}
{"level":"info","message":"Получение заданий для пользователя ID: 1","timestamp":"2026-03-24 15:20:15"}
{"level":"info","message":"Получение ожидающих приглашений пользователя","timestamp":"2026-03-24 15:20:15","userId":1}
{"level":"info","message":"Получение ожидающих приглашений пользователя","timestamp":"2026-03-24 15:20:15","userId":1}
{"assignmentId":60,"level":"info","message":"Получение состава команды проекта","timestamp":"2026-03-24 15:20:15"}
{"level":"info","message":"Получение ожидающих приглашений пользователя","timestamp":"2026-03-24 15:20:15","userId":1}
{"level":"info","message":"Получение заданий для пользователя ID: 1","timestamp":"2026-03-24 15:20:15"}
{"level":"info","message":"Получение ожидающих приглашений пользователя","timestamp":"2026-03-24 15:20:15","userId":1}
{"assignmentId":60,"level":"info","message":"Получение состава команды проекта","timestamp":"2026-03-24 15:20:15"}
{"assignmentId":60,"level":"info","message":"Получение состава команды проекта","timestamp":"2026-03-24 15:20:15"}
{"level":"info","message":"Получение заданий для пользователя ID: 1","timestamp":"2026-03-24 15:20:31"}
{"level":"info","message":"Получение ожидающих приглашений пользователя","timestamp":"2026-03-24 15:20:31","userId":1}
{"level":"info","message":"Получение ожидающих приглашений пользователя","timestamp":"2026-03-24 15:20:31","userId":1}
{"level":"info","message":"Получение заданий для пользователя ID: 1","timestamp":"2026-03-24 15:20:31"}
{"level":"info","message":"Получение ожидающих приглашений пользователя","timestamp":"2026-03-24 15:20:31","userId":1}
{"level":"info","message":"Получение ожидающих приглашений пользователя","timestamp":"2026-03-24 15:20:31","userId":1}
{"assignmentId":60,"level":"info","message":"Получение состава команды проекта","timestamp":"2026-03-24 15:20:31"}
{"level":"info","message":"Получение заданий для пользователя ID: 1","timestamp":"2026-03-24 15:20:31"}
{"level":"info","message":"Получение ожидающих приглашений пользователя","timestamp":"2026-03-24 15:20:31","userId":1}
{"level":"info","message":"Получение ожидающих приглашений пользователя","timestamp":"2026-03-24 15:20:31","userId":1}
{"assignmentId":60,"level":"info","message":"Получение состава команды проекта","timestamp":"2026-03-24 15:20:31"}
{"level":"info","message":"Получение ожидающих приглашений пользователя","timestamp":"2026-03-24 15:20:31","userId":1}
{"level":"info","message":"Получение заданий для пользователя ID: 1","timestamp":"2026-03-24 15:20:31"}
{"level":"info","message":"Получение ожидающих приглашений пользователя","timestamp":"2026-03-24 15:20:31","userId":1}
{"level":"info","message":"Получение ожидающих приглашений пользователя","timestamp":"2026-03-24 15:20:31","userId":1}
{"level":"info","message":"Получение заданий для пользователя ID: 1","timestamp":"2026-03-24 15:20:31"}
{"level":"info","message":"Получение ожидающих приглашений пользователя","timestamp":"2026-03-24 15:20:31","userId":1}
{"level":"info","message":"Получение заданий для пользователя ID: 1","timestamp":"2026-03-24 15:20:31"}
{"level":"info","message":"Получение ожидающих приглашений пользователя","timestamp":"2026-03-24 15:20:31","userId":1}
{"level":"info","message":"Получение ожидающих приглашений пользователя","timestamp":"2026-03-24 15:20:31","userId":1}
{"assignmentId":60,"level":"info","message":"Получение состава команды проекта","timestamp":"2026-03-24 15:20:31"}
{"assignmentId":60,"level":"info","message":"Получение состава команды проекта","timestamp":"2026-03-24 15:20:31"}
{"assignmentId":60,"level":"info","message":"Получение состава команды проекта","timestamp":"2026-03-24 15:20:31"}
{"assignmentId":60,"level":"info","message":"Получение состава команды проекта","timestamp":"2026-03-24 15:20:31"}
{"assignmentId":60,"level":"info","message":"Получение состава команды проекта","timestamp":"2026-03-24 15:20:32"}
{"assignmentId":60,"level":"info","message":"Получение состава команды проекта","timestamp":"2026-03-24 15:20:32"}
{"level":"info","message":"Получение ожидающих приглашений пользователя","timestamp":"2026-03-24 15:21:02","userId":1}
{"level":"info","message":"Получение ожидающих приглашений пользователя","timestamp":"2026-03-24 15:21:02","userId":1}
{"level":"info","message":"Получение заданий для пользователя ID: 1","timestamp":"2026-03-24 15:21:02"}
{"level":"info","message":"Получение ожидающих приглашений пользователя","timestamp":"2026-03-24 15:21:02","userId":1}
{"level":"info","message":"Получение ожидающих приглашений пользователя","timestamp":"2026-03-24 15:21:02","userId":1}
{"level":"info","message":"Получение ожидающих приглашений пользователя","timestamp":"2026-03-24 15:21:02","userId":1}
{"level":"info","message":"Получение заданий для пользователя ID: 1","timestamp":"2026-03-24 15:21:02"}
{"level":"info","message":"Получение ожидающих приглашений пользователя","timestamp":"2026-03-24 15:21:02","userId":1}
{"level":"info","message":"Получение заданий для пользователя ID: 1","timestamp":"2026-03-24 15:21:02"}
{"assignmentId":60,"level":"info","message":"Получение состава команды проекта","timestamp":"2026-03-24 15:21:02"}
{"assignmentId":60,"level":"info","message":"Получение состава команды проекта","timestamp":"2026-03-24 15:21:02"}
{"assignmentId":60,"level":"info","message":"Получение состава команды проекта","timestamp":"2026-03-24 15:21:02"}
{"level":"info","message":"Получение заданий для пользователя ID: 1","timestamp":"2026-03-24 15:21:33"}
{"level":"info","message":"Получение ожидающих приглашений пользователя","timestamp":"2026-03-24 15:21:33","userId":1}
{"level":"info","message":"Получение ожидающих приглашений пользователя","timestamp":"2026-03-24 15:21:33","userId":1}
{"level":"info","message":"Получение заданий для пользователя ID: 1","timestamp":"2026-03-24 15:21:33"}
{"level":"info","message":"Получение ожидающих приглашений пользователя","timestamp":"2026-03-24 15:21:33","userId":1}
{"level":"info","message":"Получение ожидающих приглашений пользователя","timestamp":"2026-03-24 15:21:33","userId":1}
{"level":"info","message":"Получение заданий для пользователя ID: 1","timestamp":"2026-03-24 15:21:33"}
{"level":"info","message":"Получение ожидающих приглашений пользователя","timestamp":"2026-03-24 15:21:33","userId":1}
{"assignmentId":60,"level":"info","message":"Получение состава команды проекта","timestamp":"2026-03-24 15:21:33"}
{"level":"info","message":"Получение ожидающих приглашений пользователя","timestamp":"2026-03-24 15:21:33","userId":1}
{"assignmentId":60,"level":"info","message":"Получение состава команды проекта","timestamp":"2026-03-24 15:21:33"}
{"assignmentId":60,"level":"info","message":"Получение состава команды проекта","timestamp":"2026-03-24 15:21:33"}
{"level":"info","message":"Получение заданий для пользователя ID: 1","timestamp":"2026-03-24 15:22:04"}
{"level":"info","message":"Получение ожидающих приглашений пользователя","timestamp":"2026-03-24 15:22:04","userId":1}
{"level":"info","message":"Получение заданий для пользователя ID: 1","timestamp":"2026-03-24 15:22:04"}
{"level":"info","message":"Получение ожидающих приглашений пользователя","timestamp":"2026-03-24 15:22:04","userId":1}
{"level":"info","message":"Получение ожидающих приглашений пользователя","timestamp":"2026-03-24 15:22:04","userId":1}
{"level":"info","message":"Получение ожидающих приглашений пользователя","timestamp":"2026-03-24 15:22:04","userId":1}
{"assignmentId":60,"level":"info","message":"Получение состава команды проекта","timestamp":"2026-03-24 15:22:04"}
{"level":"info","message":"Получение заданий для пользователя ID: 1","timestamp":"2026-03-24 15:22:04"}
{"level":"info","message":"Получение ожидающих приглашений пользователя","timestamp":"2026-03-24 15:22:04","userId":1}
{"level":"info","message":"Получение ожидающих приглашений пользователя","timestamp":"2026-03-24 15:22:04","userId":1}
{"assignmentId":60,"level":"info","message":"Получение состава команды проекта","timestamp":"2026-03-24 15:22:04"}
{"assignmentId":60,"level":"info","message":"Получение состава команды проекта","timestamp":"2026-03-24 15:22:04"}
{"level":"info","message":"Получение заданий для пользователя ID: 1","timestamp":"2026-03-24 15:22:34"}
{"level":"info","message":"Получение ожидающих приглашений пользователя","timestamp":"2026-03-24 15:22:34","userId":1}
{"level":"info","message":"Получение ожидающих приглашений пользователя","timestamp":"2026-03-24 15:22:34","userId":1}
{"level":"info","message":"Получение заданий для пользователя ID: 1","timestamp":"2026-03-24 15:22:34"}
{"level":"info","message":"Получение ожидающих приглашений пользователя","timestamp":"2026-03-24 15:22:34","userId":1}
{"assignmentId":60,"level":"info","message":"Получение состава команды проекта","timestamp":"2026-03-24 15:22:34"}
{"level":"info","message":"Получение ожидающих приглашений пользователя","timestamp":"2026-03-24 15:22:34","userId":1}
{"level":"info","message":"Получение ожидающих приглашений пользователя","timestamp":"2026-03-24 15:22:34","userId":1}
{"level":"info","message":"Получение заданий для пользователя ID: 1","timestamp":"2026-03-24 15:22:34"}
{"level":"info","message":"Получение ожидающих приглашений пользователя","timestamp":"2026-03-24 15:22:34","userId":1}
{"assignmentId":60,"level":"info","message":"Получение состава команды проекта","timestamp":"2026-03-24 15:22:34"}
{"assignmentId":60,"level":"info","message":"Получение состава команды проекта","timestamp":"2026-03-24 15:22:34"}
{"assignmentId":60,"invitedBy":1,"level":"info","message":"Приглашение пользователя в команду проекта","timestamp":"2026-03-24 15:22:36","userId":3}
{"assignmentId":60,"invitationId":19,"level":"info","message":"Пользователь успешно приглашен в проект","timestamp":"2026-03-24 15:22:36","userId":3}
{"assignmentId":60,"level":"info","message":"Получение состава команды проекта","timestamp":"2026-03-24 15:22:36"}
{"level":"info","message":"Получение заданий для пользователя ID: 1","timestamp":"2026-03-24 15:22:36"}
{"level":"info","message":"Получение ожидающих приглашений пользователя","timestamp":"2026-03-24 15:22:36","userId":1}
{"level":"info","message":"Получение ожидающих приглашений пользователя","timestamp":"2026-03-24 15:22:36","userId":1}
{"assignmentId":60,"level":"info","message":"Получение состава команды проекта","timestamp":"2026-03-24 15:22:36"}
{"level":"info","message":"Получение ожидающих приглашений пользователя","timestamp":"2026-03-24 15:23:04","userId":1}
{"level":"info","message":"Получение заданий для пользователя ID: 1","timestamp":"2026-03-24 15:23:04"}
{"level":"info","message":"Получение ожидающих приглашений пользователя","timestamp":"2026-03-24 15:23:04","userId":1}
{"level":"info","message":"Получение заданий для пользователя ID: 1","timestamp":"2026-03-24 15:23:04"}
{"level":"info","message":"Получение ожидающих приглашений пользователя","timestamp":"2026-03-24 15:23:04","userId":1}
{"level":"info","message":"Получение ожидающих приглашений пользователя","timestamp":"2026-03-24 15:23:04","userId":1}
{"assignmentId":60,"level":"info","message":"Получение состава команды проекта","timestamp":"2026-03-24 15:23:04"}
{"level":"info","message":"Получение заданий для пользователя ID: 1","timestamp":"2026-03-24 15:23:04"}
{"level":"info","message":"Получение ожидающих приглашений пользователя","timestamp":"2026-03-24 15:23:04","userId":1}
{"level":"info","message":"Получение ожидающих приглашений пользователя","timestamp":"2026-03-24 15:23:04","userId":1}
{"assignmentId":60,"level":"info","message":"Получение состава команды проекта","timestamp":"2026-03-24 15:23:04"}
{"assignmentId":60,"level":"info","message":"Получение состава команды проекта","timestamp":"2026-03-24 15:23:04"}
{"level":"info","message":"Получение заданий для пользователя ID: 3","timestamp":"2026-03-24 15:23:14"}
{"level":"info","message":"Получение ожидающих приглашений пользователя","timestamp":"2026-03-24 15:23:14","userId":3}
{"level":"info","message":"Получение заданий для пользователя ID: 3","timestamp":"2026-03-24 15:23:14"}
{"level":"info","message":"Получение ожидающих приглашений пользователя","timestamp":"2026-03-24 15:23:14","userId":3}
{"level":"info","message":"Получение ожидающих приглашений пользователя","timestamp":"2026-03-24 15:23:14","userId":3}
{"level":"info","message":"Получение ожидающих приглашений пользователя","timestamp":"2026-03-24 15:23:14","userId":3}
{"assignmentId":59,"level":"info","message":"Получение состава команды проекта","timestamp":"2026-03-24 15:23:14"}
{"level":"info","message":"Получение заданий для пользователя ID: 3","timestamp":"2026-03-24 15:23:14"}
{"level":"info","message":"Получение ожидающих приглашений пользователя","timestamp":"2026-03-24 15:23:14","userId":3}
{"assignmentId":59,"level":"info","message":"Получение состава команды проекта","timestamp":"2026-03-24 15:23:14"}
{"level":"info","message":"Получение ожидающих приглашений пользователя","timestamp":"2026-03-24 15:23:15","userId":3}
{"level":"info","message":"Получение заданий для пользователя ID: 3","timestamp":"2026-03-24 15:23:15"}
{"level":"info","message":"Получение ожидающих приглашений пользователя","timestamp":"2026-03-24 15:23:15","userId":3}
{"level":"info","message":"Получение ожидающих приглашений пользователя","timestamp":"2026-03-24 15:23:15","userId":3}
{"level":"info","message":"Получение заданий для пользователя ID: 3","timestamp":"2026-03-24 15:23:15"}
{"level":"info","message":"Получение ожидающих приглашений пользователя","timestamp":"2026-03-24 15:23:15","userId":3}
{"level":"info","message":"Получение ожидающих приглашений пользователя","timestamp":"2026-03-24 15:23:15","userId":3}
{"level":"info","message":"Получение заданий для пользователя ID: 3","timestamp":"2026-03-24 15:23:15"}
{"level":"info","message":"Получение ожидающих приглашений пользователя","timestamp":"2026-03-24 15:23:15","userId":3}
{"assignmentId":59,"level":"info","message":"Получение состава команды проекта","timestamp":"2026-03-24 15:23:15"}
{"level":"info","message":"Получение ожидающих приглашений пользователя","timestamp":"2026-03-24 15:23:15","userId":3}
{"assignmentId":59,"level":"info","message":"Получение состава команды проекта","timestamp":"2026-03-24 15:23:15"}
{"assignmentId":59,"level":"info","message":"Получение состава команды проекта","timestamp":"2026-03-24 15:23:15"}
{"assignmentId":null,"invitationId":19,"level":"info","message":"Ответ на приглашение в проект","status":"rejected","timestamp":"2026-03-24 15:23:17","userId":3}
{"assignmentId":60,"assignmentTitle":"Поставка...","level":"info","message":"Invitation rejected by user","timestamp":"2026-03-24 15:23:17","userId":3}
{"assignmentTitle":"Поставка...","invitationId":19,"level":"info","message":"Ответ на приглашение обработан","status":"rejected","timestamp":"2026-03-24 15:23:17"}
{"level":"info","message":"Получение ожидающих приглашений пользователя","timestamp":"2026-03-24 15:23:17","userId":3}
{"level":"info","message":"Получение заданий для пользователя ID: 3","timestamp":"2026-03-24 15:23:17"}
{"level":"info","message":"Получение ожидающих приглашений пользователя","timestamp":"2026-03-24 15:23:17","userId":3}
{"level":"info","message":"Получение ожидающих приглашений пользователя","timestamp":"2026-03-24 15:23:17","userId":3}
{"assignmentId":59,"level":"info","message":"Получение состава команды проекта","timestamp":"2026-03-24 15:23:17"}
{"level":"info","message":"Получение заданий для пользователя ID: 1","timestamp":"2026-03-24 15:23:24"}
{"level":"info","message":"Получение ожидающих приглашений пользователя","timestamp":"2026-03-24 15:23:24","userId":1}
{"level":"info","message":"Получение ожидающих приглашений пользователя","timestamp":"2026-03-24 15:23:24","userId":1}
{"level":"info","message":"Получение заданий для пользователя ID: 1","timestamp":"2026-03-24 15:23:24"}
{"level":"info","message":"Получение ожидающих приглашений пользователя","timestamp":"2026-03-24 15:23:24","userId":1}
{"level":"info","message":"Получение ожидающих приглашений пользователя","timestamp":"2026-03-24 15:23:24","userId":1}
{"level":"info","message":"Получение ожидающих приглашений пользователя","timestamp":"2026-03-24 15:23:24","userId":1}
{"level":"info","message":"Получение заданий для пользователя ID: 1","timestamp":"2026-03-24 15:23:24"}
{"level":"info","message":"Получение ожидающих приглашений пользователя","timestamp":"2026-03-24 15:23:24","userId":1}
{"assignmentId":60,"level":"info","message":"Получение состава команды проекта","timestamp":"2026-03-24 15:23:24"}
{"level":"info","message":"Получение заданий для пользователя ID: 1","timestamp":"2026-03-24 15:23:24"}
{"level":"info","message":"Получение ожидающих приглашений пользователя","timestamp":"2026-03-24 15:23:24","userId":1}
{"level":"info","message":"Получение ожидающих приглашений пользователя","timestamp":"2026-03-24 15:23:24","userId":1}
{"level":"info","message":"Получение ожидающих приглашений пользователя","timestamp":"2026-03-24 15:23:24","userId":1}
{"level":"info","message":"Получение заданий для пользователя ID: 1","timestamp":"2026-03-24 15:23:24"}
{"level":"info","message":"Получение ожидающих приглашений пользователя","timestamp":"2026-03-24 15:23:24","userId":1}
{"assignmentId":60,"level":"info","message":"Получение состава команды проекта","timestamp":"2026-03-24 15:23:25"}
{"assignmentId":60,"level":"info","message":"Получение состава команды проекта","timestamp":"2026-03-24 15:23:25"}
{"assignmentId":60,"level":"info","message":"Получение состава команды проекта","timestamp":"2026-03-24 15:23:25"}
{"assignmentId":60,"level":"info","message":"Получение состава команды проекта","timestamp":"2026-03-24 15:23:26"}
{"assignmentId":60,"level":"info","message":"Получение состава команды проекта","timestamp":"2026-03-24 15:23:26"}
{"level":"info","message":"Получение ожидающих приглашений пользователя","timestamp":"2026-03-24 15:23:55","userId":1}
{"level":"info","message":"Получение заданий для пользователя ID: 1","timestamp":"2026-03-24 15:23:55"}
{"level":"info","message":"Получение ожидающих приглашений пользователя","timestamp":"2026-03-24 15:23:55","userId":1}
{"level":"info","message":"Получение заданий для пользователя ID: 1","timestamp":"2026-03-24 15:23:55"}
{"level":"info","message":"Получение ожидающих приглашений пользователя","timestamp":"2026-03-24 15:23:55","userId":1}
{"level":"info","message":"Получение ожидающих приглашений пользователя","timestamp":"2026-03-24 15:23:55","userId":1}
{"assignmentId":60,"level":"info","message":"Получение состава команды проекта","timestamp":"2026-03-24 15:23:55"}
{"level":"info","message":"Получение заданий для пользователя ID: 1","timestamp":"2026-03-24 15:23:55"}
{"level":"info","message":"Получение ожидающих приглашений пользователя","timestamp":"2026-03-24 15:23:55","userId":1}
{"level":"info","message":"Получение ожидающих приглашений пользователя","timestamp":"2026-03-24 15:23:55","userId":1}
{"assignmentId":60,"level":"info","message":"Получение состава команды проекта","timestamp":"2026-03-24 15:23:55"}
{"assignmentId":60,"level":"info","message":"Получение состава команды проекта","timestamp":"2026-03-24 15:23:55"}
{"assignmentId":60,"invitedBy":1,"level":"info","message":"Приглашение пользователя в команду проекта","timestamp":"2026-03-24 15:23:58","userId":2}
{"assignmentId":60,"invitationId":20,"level":"info","message":"Пользователь успешно приглашен в проект","timestamp":"2026-03-24 15:23:58","userId":2}
{"assignmentId":60,"level":"info","message":"Получение состава команды проекта","timestamp":"2026-03-24 15:23:58"}
{"level":"info","message":"Получение заданий для пользователя ID: 1","timestamp":"2026-03-24 15:23:58"}
{"level":"info","message":"Получение ожидающих приглашений пользователя","timestamp":"2026-03-24 15:23:58","userId":1}
{"level":"info","message":"Получение ожидающих приглашений пользователя","timestamp":"2026-03-24 15:23:58","userId":1}
{"assignmentId":60,"level":"info","message":"Получение состава команды проекта","timestamp":"2026-03-24 15:23:58"}
{"level":"info","message":"Получение ожидающих приглашений пользователя","timestamp":"2026-03-24 15:24:25","userId":1}
{"level":"info","message":"Получение заданий для пользователя ID: 1","timestamp":"2026-03-24 15:24:25"}
{"level":"info","message":"Получение ожидающих приглашений пользователя","timestamp":"2026-03-24 15:24:25","userId":1}
{"level":"info","message":"Получение заданий для пользователя ID: 1","timestamp":"2026-03-24 15:24:25"}
{"level":"info","message":"Получение ожидающих приглашений пользователя","timestamp":"2026-03-24 15:24:25","userId":1}
{"level":"info","message":"Получение ожидающих приглашений пользователя","timestamp":"2026-03-24 15:24:25","userId":1}
{"level":"info","message":"Получение ожидающих приглашений пользователя","timestamp":"2026-03-24 15:24:25","userId":1}
{"assignmentId":60,"level":"info","message":"Получение состава команды проекта","timestamp":"2026-03-24 15:24:25"}
{"level":"info","message":"Получение заданий для пользователя ID: 1","timestamp":"2026-03-24 15:24:25"}
{"level":"info","message":"Получение ожидающих приглашений пользователя","timestamp":"2026-03-24 15:24:25","userId":1}
{"assignmentId":60,"level":"info","message":"Получение состава команды проекта","timestamp":"2026-03-24 15:24:25"}
{"assignmentId":60,"level":"info","message":"Получение состава команды проекта","timestamp":"2026-03-24 15:24:25"}
{"level":"info","message":"Получение ожидающих приглашений пользователя","timestamp":"2026-03-24 15:24:56","userId":1}
{"level":"info","message":"Получение заданий для пользователя ID: 1","timestamp":"2026-03-24 15:24:56"}
{"level":"info","message":"Получение ожидающих приглашений пользователя","timestamp":"2026-03-24 15:24:56","userId":1}
{"level":"info","message":"Получение заданий для пользователя ID: 1","timestamp":"2026-03-24 15:24:56"}
{"level":"info","message":"Получение ожидающих приглашений пользователя","timestamp":"2026-03-24 15:24:56","userId":1}
{"level":"info","message":"Получение ожидающих приглашений пользователя","timestamp":"2026-03-24 15:24:56","userId":1}
{"level":"info","message":"Получение заданий для пользователя ID: 1","timestamp":"2026-03-24 15:24:56"}
{"level":"info","message":"Получение ожидающих приглашений пользователя","timestamp":"2026-03-24 15:24:56","userId":1}
{"level":"info","message":"Получение ожидающих приглашений пользователя","timestamp":"2026-03-24 15:24:56","userId":1}
{"assignmentId":60,"level":"info","message":"Получение состава команды проекта","timestamp":"2026-03-24 15:24:56"}
{"assignmentId":60,"level":"info","message":"Получение состава команды проекта","timestamp":"2026-03-24 15:24:56"}
{"assignmentId":60,"level":"info","message":"Получение состава команды проекта","timestamp":"2026-03-24 15:24:56"}
{"assignmentId":60,"level":"info","message":"Получение состава команды проекта","timestamp":"2026-03-24 15:25:08"}
{"level":"info","message":"Получение ожидающих приглашений пользователя","timestamp":"2026-03-24 15:25:08","userId":1}
{"level":"info","message":"Получение заданий для пользователя ID: 1","timestamp":"2026-03-24 15:25:08"}
{"level":"info","message":"Получение ожидающих приглашений пользователя","timestamp":"2026-03-24 15:25:08","userId":1}
{"assignmentId":60,"level":"info","message":"Получение состава команды проекта","timestamp":"2026-03-24 15:25:08"}
{"level":"info","message":"Получение заданий для пользователя ID: 2","timestamp":"2026-03-24 15:25:18"}
{"level":"info","message":"Получение ожидающих приглашений пользователя","timestamp":"2026-03-24 15:25:18","userId":2}
{"level":"info","message":"Получение ожидающих приглашений пользователя","timestamp":"2026-03-24 15:25:18","userId":2}
{"level":"info","message":"Получение заданий для пользователя ID: 2","timestamp":"2026-03-24 15:25:18"}
{"level":"info","message":"Получение ожидающих приглашений пользователя","timestamp":"2026-03-24 15:25:18","userId":2}
{"level":"info","message":"Получение ожидающих приглашений пользователя","timestamp":"2026-03-24 15:25:18","userId":2}
{"level":"info","message":"Получение ожидающих приглашений пользователя","timestamp":"2026-03-24 15:25:18","userId":2}
{"level":"info","message":"Получение заданий для пользователя ID: 2","timestamp":"2026-03-24 15:25:18"}
{"level":"info","message":"Получение ожидающих приглашений пользователя","timestamp":"2026-03-24 15:25:18","userId":2}
{"level":"info","message":"Получение ожидающих приглашений пользователя","timestamp":"2026-03-24 15:25:18","userId":2}
{"level":"info","message":"Получение ожидающих приглашений пользователя","timestamp":"2026-03-24 15:25:18","userId":2}
{"level":"info","message":"Получение заданий для пользователя ID: 2","timestamp":"2026-03-24 15:25:18"}
{"assignmentId":26,"level":"info","message":"Получение состава команды проекта","timestamp":"2026-03-24 15:25:19"}
{"level":"info","message":"Получение заданий для пользователя ID: 2","timestamp":"2026-03-24 15:25:19"}
{"level":"info","message":"Получение ожидающих приглашений пользователя","timestamp":"2026-03-24 15:25:19","userId":2}
{"level":"info","message":"Получение ожидающих приглашений пользователя","timestamp":"2026-03-24 15:25:19","userId":2}
{"assignmentId":26,"level":"info","message":"Получение состава команды проекта","timestamp":"2026-03-24 15:25:19"}
{"assignmentId":26,"level":"info","message":"Получение состава команды проекта","timestamp":"2026-03-24 15:25:19"}
{"assignmentId":26,"level":"info","message":"Получение состава команды проекта","timestamp":"2026-03-24 15:25:19"}
{"level":"info","message":"Получение заданий для пользователя ID: 2","timestamp":"2026-03-24 15:25:21"}
{"level":"info","message":"Получение ожидающих приглашений пользователя","timestamp":"2026-03-24 15:25:21","userId":2}
{"level":"info","message":"Получение ожидающих приглашений пользователя","timestamp":"2026-03-24 15:25:21","userId":2}
{"level":"info","message":"Получение заданий для пользователя ID: 2","timestamp":"2026-03-24 15:25:21"}
{"level":"info","message":"Получение ожидающих приглашений пользователя","timestamp":"2026-03-24 15:25:21","userId":2}
{"level":"info","message":"Получение ожидающих приглашений пользователя","timestamp":"2026-03-24 15:25:21","userId":2}
{"level":"info","message":"Получение заданий для пользователя ID: 2","timestamp":"2026-03-24 15:25:22"}
{"level":"info","message":"Получение ожидающих приглашений пользователя","timestamp":"2026-03-24 15:25:22","userId":2}
{"level":"info","message":"Получение ожидающих приглашений пользователя","timestamp":"2026-03-24 15:25:22","userId":2}
{"level":"info","message":"Получение заданий для пользователя ID: 2","timestamp":"2026-03-24 15:25:22"}
{"level":"info","message":"Получение заданий для пользователя ID: 2","timestamp":"2026-03-24 15:25:23"}
{"level":"info","message":"Получение ожидающих приглашений пользователя","timestamp":"2026-03-24 15:25:23","userId":2}
{"level":"info","message":"Получение ожидающих приглашений пользователя","timestamp":"2026-03-24 15:25:23","userId":2}
{"level":"info","message":"Получение ожидающих приглашений пользователя","timestamp":"2026-03-24 15:25:23","userId":2}
{"level":"info","message":"Получение заданий для пользователя ID: 2","timestamp":"2026-03-24 15:25:23"}
{"level":"info","message":"Получение ожидающих приглашений пользователя","timestamp":"2026-03-24 15:25:23","userId":2}
{"level":"info","message":"Получение заданий для пользователя ID: 2","timestamp":"2026-03-24 15:25:24"}
{"level":"info","message":"Получение ожидающих приглашений пользователя","timestamp":"2026-03-24 15:25:24","userId":2}
{"level":"info","message":"Получение ожидающих приглашений пользователя","timestamp":"2026-03-24 15:25:24","userId":2}
{"level":"info","message":"Получение заданий для пользователя ID: 2","timestamp":"2026-03-24 15:25:24"}
{"level":"info","message":"Получение ожидающих приглашений пользователя","timestamp":"2026-03-24 15:25:24","userId":2}
{"assignmentId":26,"level":"info","message":"Получение состава команды проекта","timestamp":"2026-03-24 15:25:24"}
{"level":"info","message":"Получение ожидающих приглашений пользователя","timestamp":"2026-03-24 15:25:24","userId":2}
{"level":"info","message":"Получение заданий для пользователя ID: 2","timestamp":"2026-03-24 15:25:24"}
{"level":"info","message":"Получение ожидающих приглашений пользователя","timestamp":"2026-03-24 15:25:24","userId":2}
{"level":"info","message":"Получение ожидающих приглашений пользователя","timestamp":"2026-03-24 15:25:24","userId":2}
{"assignmentId":26,"level":"info","message":"Получение состава команды проекта","timestamp":"2026-03-24 15:25:24"}
{"level":"info","message":"Получение ожидающих приглашений пользователя","timestamp":"2026-03-24 15:25:24","userId":2}
{"level":"info","message":"Получение заданий для пользователя ID: 2","timestamp":"2026-03-24 15:25:24"}
{"level":"info","message":"Получение ожидающих приглашений пользователя","timestamp":"2026-03-24 15:25:24","userId":2}
{"level":"info","message":"Получение ожидающих приглашений пользователя","timestamp":"2026-03-24 15:25:24","userId":2}
{"level":"info","message":"Получение ожидающих приглашений пользователя","timestamp":"2026-03-24 15:25:24","userId":2}
{"level":"info","message":"Получение заданий для пользователя ID: 2","timestamp":"2026-03-24 15:25:24"}
{"assignmentId":26,"level":"info","message":"Получение состава команды проекта","timestamp":"2026-03-24 15:25:24"}
{"assignmentId":26,"level":"info","message":"Получение состава команды проекта","timestamp":"2026-03-24 15:25:24"}
{"assignmentId":26,"level":"info","message":"Получение состава команды проекта","timestamp":"2026-03-24 15:25:24"}
{"level":"info","message":"Получение заданий для пользователя ID: 1","timestamp":"2026-03-24 15:25:31"}
{"level":"info","message":"Получение ожидающих приглашений пользователя","timestamp":"2026-03-24 15:25:31","userId":1}
{"level":"info","message":"Получение ожидающих приглашений пользователя","timestamp":"2026-03-24 15:25:31","userId":1}
{"level":"info","message":"Получение заданий для пользователя ID: 1","timestamp":"2026-03-24 15:25:31"}
{"level":"info","message":"Получение ожидающих приглашений пользователя","timestamp":"2026-03-24 15:25:31","userId":1}
{"level":"info","message":"Получение ожидающих приглашений пользователя","timestamp":"2026-03-24 15:25:31","userId":1}
{"level":"info","message":"Получение заданий для пользователя ID: 1","timestamp":"2026-03-24 15:25:31"}
{"level":"info","message":"Получение ожидающих приглашений пользователя","timestamp":"2026-03-24 15:25:31","userId":1}
{"level":"info","message":"Получение ожидающих приглашений пользователя","timestamp":"2026-03-24 15:25:31","userId":1}
{"assignmentId":60,"level":"info","message":"Получение состава команды проекта","timestamp":"2026-03-24 15:25:31"}
{"level":"info","message":"Получение заданий для пользователя ID: 1","timestamp":"2026-03-24 15:25:31"}
{"level":"info","message":"Получение ожидающих приглашений пользователя","timestamp":"2026-03-24 15:25:31","userId":1}
{"level":"info","message":"Получение ожидающих приглашений пользователя","timestamp":"2026-03-24 15:25:31","userId":1}
{"level":"info","message":"Получение заданий для пользователя ID: 1","timestamp":"2026-03-24 15:25:31"}
{"level":"info","message":"Получение ожидающих приглашений пользователя","timestamp":"2026-03-24 15:25:31","userId":1}
{"level":"info","message":"Получение ожидающих приглашений пользователя","timestamp":"2026-03-24 15:25:31","userId":1}
{"assignmentId":60,"level":"info","message":"Получение состава команды проекта","timestamp":"2026-03-24 15:25:31"}
{"assignmentId":60,"level":"info","message":"Получение состава команды проекта","timestamp":"2026-03-24 15:25:31"}
{"assignmentId":60,"level":"info","message":"Получение состава команды проекта","timestamp":"2026-03-24 15:25:31"}
{"assignmentId":60,"level":"info","message":"Получение состава команды проекта","timestamp":"2026-03-24 15:25:31"}
{"assignmentId":60,"level":"info","message":"Получение состава команды проекта","timestamp":"2026-03-24 15:25:33"}
{"assignmentId":60,"level":"info","message":"Получение состава команды проекта","timestamp":"2026-03-24 15:25:33"}
{"level":"info","message":"Получение заданий для пользователя ID: 1","timestamp":"2026-03-24 15:26:02"}
{"level":"info","message":"Получение ожидающих приглашений пользователя","timestamp":"2026-03-24 15:26:02","userId":1}
{"level":"info","message":"Получение ожидающих приглашений пользователя","timestamp":"2026-03-24 15:26:02","userId":1}
{"level":"info","message":"Получение заданий для пользователя ID: 1","timestamp":"2026-03-24 15:26:02"}
{"level":"info","message":"Получение ожидающих приглашений пользователя","timestamp":"2026-03-24 15:26:02","userId":1}
{"level":"info","message":"Получение ожидающих приглашений пользователя","timestamp":"2026-03-24 15:26:02","userId":1}
{"level":"info","message":"Получение ожидающих приглашений пользователя","timestamp":"2026-03-24 15:26:02","userId":1}
{"level":"info","message":"Получение заданий для пользователя ID: 1","timestamp":"2026-03-24 15:26:02"}
{"level":"info","message":"Получение ожидающих приглашений пользователя","timestamp":"2026-03-24 15:26:02","userId":1}
{"assignmentId":60,"level":"info","message":"Получение состава команды проекта","timestamp":"2026-03-24 15:26:02"}
{"assignmentId":60,"level":"info","message":"Получение состава команды проекта","timestamp":"2026-03-24 15:26:02"}
{"assignmentId":60,"level":"info","message":"Получение состава команды проекта","timestamp":"2026-03-24 15:26:02"}
{"level":"info","message":"Получение заданий для пользователя ID: 1","timestamp":"2026-03-24 15:26:33"}
{"level":"info","message":"Получение ожидающих приглашений пользователя","timestamp":"2026-03-24 15:26:33","userId":1}
{"level":"info","message":"Получение ожидающих приглашений пользователя","timestamp":"2026-03-24 15:26:33","userId":1}
{"level":"info","message":"Получение заданий для пользователя ID: 1","timestamp":"2026-03-24 15:26:33"}
{"level":"info","message":"Получение ожидающих приглашений пользователя","timestamp":"2026-03-24 15:26:33","userId":1}
{"level":"info","message":"Получение ожидающих приглашений пользователя","timestamp":"2026-03-24 15:26:33","userId":1}
{"level":"info","message":"Получение ожидающих приглашений пользователя","timestamp":"2026-03-24 15:26:33","userId":1}
{"assignmentId":60,"level":"info","message":"Получение состава команды проекта","timestamp":"2026-03-24 15:26:33"}
{"level":"info","message":"Получение заданий для пользователя ID: 1","timestamp":"2026-03-24 15:26:33"}
{"level":"info","message":"Получение ожидающих приглашений пользователя","timestamp":"2026-03-24 15:26:33","userId":1}
{"assignmentId":60,"level":"info","message":"Получение состава команды проекта","timestamp":"2026-03-24 15:26:33"}
{"assignmentId":60,"level":"info","message":"Получение состава команды проекта","timestamp":"2026-03-24 15:26:33"}
{"assignmentId":60,"invitedBy":1,"level":"info","message":"Приглашение пользователя в команду проекта","timestamp":"2026-03-24 15:26:44","userId":2}
{"assignmentId":60,"invitationId":21,"level":"info","message":"Пользователь успешно приглашен в проект","timestamp":"2026-03-24 15:26:44","userId":2}
{"assignmentId":60,"level":"info","message":"Получение состава команды проекта","timestamp":"2026-03-24 15:26:44"}
{"level":"info","message":"Получение заданий для пользователя ID: 1","timestamp":"2026-03-24 15:26:44"}
{"level":"info","message":"Получение ожидающих приглашений пользователя","timestamp":"2026-03-24 15:26:44","userId":1}
{"assignmentId":60,"level":"info","message":"Получение состава команды проекта","timestamp":"2026-03-24 15:26:44"}
{"level":"info","message":"Получение ожидающих приглашений пользователя","timestamp":"2026-03-24 15:26:44","userId":1}
{"level":"info","message":"Получение заданий для пользователя ID: 2","timestamp":"2026-03-24 15:26:59"}
{"level":"info","message":"Получение ожидающих приглашений пользователя","timestamp":"2026-03-24 15:26:59","userId":2}
{"level":"info","message":"Получение ожидающих приглашений пользователя","timestamp":"2026-03-24 15:26:59","userId":2}
{"level":"info","message":"Получение заданий для пользователя ID: 2","timestamp":"2026-03-24 15:26:59"}
{"level":"info","message":"Получение ожидающих приглашений пользователя","timestamp":"2026-03-24 15:26:59","userId":2}
{"level":"info","message":"Получение ожидающих приглашений пользователя","timestamp":"2026-03-24 15:26:59","userId":2}
{"level":"info","message":"Получение ожидающих приглашений пользователя","timestamp":"2026-03-24 15:26:59","userId":2}
{"level":"info","message":"Получение заданий для пользователя ID: 2","timestamp":"2026-03-24 15:26:59"}
{"level":"info","message":"Получение ожидающих приглашений пользователя","timestamp":"2026-03-24 15:26:59","userId":2}
{"assignmentId":26,"level":"info","message":"Получение состава команды проекта","timestamp":"2026-03-24 15:26:59"}
{"level":"info","message":"Получение заданий для пользователя ID: 2","timestamp":"2026-03-24 15:26:59"}
{"level":"info","message":"Получение ожидающих приглашений пользователя","timestamp":"2026-03-24 15:26:59","userId":2}
{"level":"info","message":"Получение ожидающих приглашений пользователя","timestamp":"2026-03-24 15:26:59","userId":2}
{"level":"info","message":"Получение заданий для пользователя ID: 2","timestamp":"2026-03-24 15:26:59"}
{"level":"info","message":"Получение ожидающих приглашений пользователя","timestamp":"2026-03-24 15:26:59","userId":2}
{"level":"info","message":"Получение ожидающих приглашений пользователя","timestamp":"2026-03-24 15:26:59","userId":2}
{"assignmentId":26,"level":"info","message":"Получение состава команды проекта","timestamp":"2026-03-24 15:26:59"}
{"assignmentId":26,"level":"info","message":"Получение состава команды проекта","timestamp":"2026-03-24 15:27:00"}
{"assignmentId":26,"level":"info","message":"Получение состава команды проекта","timestamp":"2026-03-24 15:27:00"}
{"assignmentId":null,"invitationId":21,"level":"info","message":"Ответ на приглашение в проект","status":"accepted","timestamp":"2026-03-24 15:27:08","userId":2}
{"assignmentId":60,"assignmentTitle":"Поставка...","level":"info","message":"Invitation accepted by user","timestamp":"2026-03-24 15:27:08","userId":2}
{"assignmentTitle":"Поставка...","invitationId":21,"level":"info","message":"Ответ на приглашение обработан","status":"accepted","timestamp":"2026-03-24 15:27:08"}
{"level":"info","message":"Получение ожидающих приглашений пользователя","timestamp":"2026-03-24 15:27:08","userId":2}
{"level":"info","message":"Получение заданий для пользователя ID: 2","timestamp":"2026-03-24 15:27:08"}
{"level":"info","message":"Получение ожидающих приглашений пользователя","timestamp":"2026-03-24 15:27:08","userId":2}
{"level":"info","message":"Получение ожидающих приглашений пользователя","timestamp":"2026-03-24 15:27:08","userId":2}
{"assignmentId":26,"level":"info","message":"Получение состава команды проекта","timestamp":"2026-03-24 15:27:08"}
{"level":"info","message":"Получение заданий для пользователя ID: 1","timestamp":"2026-03-24 15:27:18"}
{"level":"info","message":"Получение заданий для пользователя ID: 1","timestamp":"2026-03-24 15:27:18"}
{"level":"info","message":"Получение ожидающих приглашений пользователя","timestamp":"2026-03-24 15:27:18","userId":1}
{"level":"info","message":"Получение заданий для пользователя ID: 1","timestamp":"2026-03-24 15:27:18"}
{"level":"info","message":"Получение ожидающих приглашений пользователя","timestamp":"2026-03-24 15:27:18","userId":1}
{"level":"info","message":"Получение ожидающих приглашений пользователя","timestamp":"2026-03-24 15:27:18","userId":1}
{"level":"info","message":"Получение ожидающих приглашений пользователя","timestamp":"2026-03-24 15:27:18","userId":1}
{"level":"info","message":"Получение ожидающих приглашений пользователя","timestamp":"2026-03-24 15:27:18","userId":1}
{"level":"info","message":"Получение ожидающих приглашений пользователя","timestamp":"2026-03-24 15:27:18","userId":1}
{"assignmentId":60,"level":"info","message":"Получение состава команды проекта","timestamp":"2026-03-24 15:27:18"}
{"level":"info","message":"Получение заданий для пользователя ID: 1","timestamp":"2026-03-24 15:27:18"}
{"level":"info","message":"Получение ожидающих приглашений пользователя","timestamp":"2026-03-24 15:27:18","userId":1}
{"level":"info","message":"Получение ожидающих приглашений пользователя","timestamp":"2026-03-24 15:27:18","userId":1}
{"level":"info","message":"Получение ожидающих приглашений пользователя","timestamp":"2026-03-24 15:27:18","userId":1}
{"assignmentId":60,"level":"info","message":"Получение состава команды проекта","timestamp":"2026-03-24 15:27:18"}
{"level":"info","message":"Получение заданий для пользователя ID: 1","timestamp":"2026-03-24 15:27:18"}
{"level":"info","message":"Получение ожидающих приглашений пользователя","timestamp":"2026-03-24 15:27:18","userId":1}
{"assignmentId":60,"level":"info","message":"Получение состава команды проекта","timestamp":"2026-03-24 15:27:18"}
{"assignmentId":60,"level":"info","message":"Получение состава команды проекта","timestamp":"2026-03-24 15:27:18"}
{"assignmentId":60,"level":"info","message":"Получение состава команды проекта","timestamp":"2026-03-24 15:27:18"}
{"assignmentId":60,"level":"info","message":"Получение состава команды проекта","timestamp":"2026-03-24 15:27:21"}
{"assignmentId":60,"level":"info","message":"Получение состава команды проекта","timestamp":"2026-03-24 15:27:21"}
{"level":"info","message":"Получение заданий для пользователя ID: 1","timestamp":"2026-03-24 15:27:49"}
{"level":"info","message":"Получение ожидающих приглашений пользователя","timestamp":"2026-03-24 15:27:49","userId":1}
{"level":"info","message":"Получение ожидающих приглашений пользователя","timestamp":"2026-03-24 15:27:49","userId":1}
{"level":"info","message":"Получение заданий для пользователя ID: 1","timestamp":"2026-03-24 15:27:49"}
{"level":"info","message":"Получение ожидающих приглашений пользователя","timestamp":"2026-03-24 15:27:49","userId":1}
{"level":"info","message":"Получение ожидающих приглашений пользователя","timestamp":"2026-03-24 15:27:49","userId":1}
{"level":"info","message":"Получение заданий для пользователя ID: 1","timestamp":"2026-03-24 15:27:49"}
{"level":"info","message":"Получение ожидающих приглашений пользователя","timestamp":"2026-03-24 15:27:49","userId":1}
{"assignmentId":60,"level":"info","message":"Получение состава команды проекта","timestamp":"2026-03-24 15:27:49"}
{"level":"info","message":"Получение ожидающих приглашений пользователя","timestamp":"2026-03-24 15:27:49","userId":1}
{"assignmentId":60,"level":"info","message":"Получение состава команды проекта","timestamp":"2026-03-24 15:27:49"}
{"assignmentId":60,"level":"info","message":"Получение состава команды проекта","timestamp":"2026-03-24 15:27:49"}
{"level":"info","message":"Получение заданий для пользователя ID: 1","timestamp":"2026-03-24 15:28:20"}
{"level":"info","message":"Получение ожидающих приглашений пользователя","timestamp":"2026-03-24 15:28:20","userId":1}
{"level":"info","message":"Получение ожидающих приглашений пользователя","timestamp":"2026-03-24 15:28:20","userId":1}
{"level":"info","message":"Получение ожидающих приглашений пользователя","timestamp":"2026-03-24 15:28:20","userId":1}
{"level":"info","message":"Получение заданий для пользователя ID: 1","timestamp":"2026-03-24 15:28:20"}
{"level":"info","message":"Получение ожидающих приглашений пользователя","timestamp":"2026-03-24 15:28:20","userId":1}
{"level":"info","message":"Получение заданий для пользователя ID: 1","timestamp":"2026-03-24 15:28:20"}
{"level":"info","message":"Получение ожидающих приглашений пользователя","timestamp":"2026-03-24 15:28:20","userId":1}
{"level":"info","message":"Получение ожидающих приглашений пользователя","timestamp":"2026-03-24 15:28:20","userId":1}
{"assignmentId":60,"level":"info","message":"Получение состава команды проекта","timestamp":"2026-03-24 15:28:20"}
{"assignmentId":60,"level":"info","message":"Получение состава команды проекта","timestamp":"2026-03-24 15:28:20"}
{"assignmentId":60,"level":"info","message":"Получение состава команды проекта","timestamp":"2026-03-24 15:28:20"}
{"level":"info","message":"Получение заданий для пользователя ID: 1","timestamp":"2026-03-24 15:28:51"}
{"level":"info","message":"Получение ожидающих приглашений пользователя","timestamp":"2026-03-24 15:28:51","userId":1}
{"level":"info","message":"Получение ожидающих приглашений пользователя","timestamp":"2026-03-24 15:28:51","userId":1}
{"level":"info","message":"Получение заданий для пользователя ID: 1","timestamp":"2026-03-24 15:28:51"}
{"level":"info","message":"Получение ожидающих приглашений пользователя","timestamp":"2026-03-24 15:28:51","userId":1}
{"level":"info","message":"Получение ожидающих приглашений пользователя","timestamp":"2026-03-24 15:28:51","userId":1}
{"level":"info","message":"Получение ожидающих приглашений пользователя","timestamp":"2026-03-24 15:28:51","userId":1}
{"level":"info","message":"Получение заданий для пользователя ID: 1","timestamp":"2026-03-24 15:28:51"}
{"level":"info","message":"Получение ожидающих приглашений пользователя","timestamp":"2026-03-24 15:28:51","userId":1}
{"assignmentId":60,"level":"info","message":"Получение состава команды проекта","timestamp":"2026-03-24 15:28:51"}
{"assignmentId":60,"level":"info","message":"Получение состава команды проекта","timestamp":"2026-03-24 15:28:51"}
{"assignmentId":60,"level":"info","message":"Получение состава команды проекта","timestamp":"2026-03-24 15:28:51"}
{"level":"info","message":"Получение ожидающих приглашений пользователя","timestamp":"2026-03-24 15:29:22","userId":1}
{"level":"info","message":"Получение заданий для пользователя ID: 1","timestamp":"2026-03-24 15:29:22"}
{"level":"info","message":"Получение ожидающих приглашений пользователя","timestamp":"2026-03-24 15:29:22","userId":1}
{"level":"info","message":"Получение заданий для пользователя ID: 1","timestamp":"2026-03-24 15:29:22"}
{"level":"info","message":"Получение ожидающих приглашений пользователя","timestamp":"2026-03-24 15:29:22","userId":1}
{"level":"info","message":"Получение ожидающих приглашений пользователя","timestamp":"2026-03-24 15:29:22","userId":1}
{"assignmentId":60,"level":"info","message":"Получение состава команды проекта","timestamp":"2026-03-24 15:29:22"}
{"level":"info","message":"Получение ожидающих приглашений пользователя","timestamp":"2026-03-24 15:29:22","userId":1}
{"level":"info","message":"Получение заданий для пользователя ID: 1","timestamp":"2026-03-24 15:29:22"}
{"level":"info","message":"Получение ожидающих приглашений пользователя","timestamp":"2026-03-24 15:29:22","userId":1}
{"assignmentId":60,"level":"info","message":"Получение состава команды проекта","timestamp":"2026-03-24 15:29:22"}
{"assignmentId":60,"level":"info","message":"Получение состава команды проекта","timestamp":"2026-03-24 15:29:22"}
{"level":"info","message":"Получение заданий для пользователя ID: 1","timestamp":"2026-03-24 15:29:53"}
{"level":"info","message":"Получение ожидающих приглашений пользователя","timestamp":"2026-03-24 15:29:53","userId":1}
{"level":"info","message":"Получение ожидающих приглашений пользователя","timestamp":"2026-03-24 15:29:53","userId":1}
{"level":"info","message":"Получение заданий для пользователя ID: 1","timestamp":"2026-03-24 15:29:53"}
{"level":"info","message":"Получение ожидающих приглашений пользователя","timestamp":"2026-03-24 15:29:53","userId":1}
{"level":"info","message":"Получение ожидающих приглашений пользователя","timestamp":"2026-03-24 15:29:53","userId":1}
{"assignmentId":60,"level":"info","message":"Получение состава команды проекта","timestamp":"2026-03-24 15:29:53"}
{"level":"info","message":"Получение ожидающих приглашений пользователя","timestamp":"2026-03-24 15:29:53","userId":1}
{"level":"info","message":"Получение заданий для пользователя ID: 1","timestamp":"2026-03-24 15:29:53"}
{"level":"info","message":"Получение ожидающих приглашений пользователя","timestamp":"2026-03-24 15:29:53","userId":1}
{"assignmentId":60,"level":"info","message":"Получение состава команды проекта","timestamp":"2026-03-24 15:29:53"}
{"assignmentId":60,"level":"info","message":"Получение состава команды проекта","timestamp":"2026-03-24 15:29:53"}
{"assignmentId":60,"level":"info","message":"Создание задачи в задании","taskTitle":"Новая задача","timestamp":"2026-03-24 15:30:13"}
{"assignmentId":60,"level":"info","message":"Задача успешно создана","taskId":203,"timestamp":"2026-03-24 15:30:13"}
{"level":"info","message":"Получение заданий для пользователя ID: 1","timestamp":"2026-03-24 15:30:13"}
{"level":"info","message":"Получение заданий для пользователя ID: 1","timestamp":"2026-03-24 15:30:13"}
{"level":"info","message":"Получение ожидающих приглашений пользователя","timestamp":"2026-03-24 15:30:13","userId":1}
{"assignmentId":60,"level":"info","message":"Получение состава команды проекта","timestamp":"2026-03-24 15:30:13"}
{"level":"info","message":"Получение ожидающих приглашений пользователя","timestamp":"2026-03-24 15:30:13","userId":1}
{"assignmentId":60,"level":"info","message":"Получение состава команды проекта","timestamp":"2026-03-24 15:30:13"}
{"level":"info","message":"Получение заданий для пользователя ID: 2","timestamp":"2026-03-24 15:30:28"}
{"level":"info","message":"Получение ожидающих приглашений пользователя","timestamp":"2026-03-24 15:30:28","userId":2}
{"level":"info","message":"Получение ожидающих приглашений пользователя","timestamp":"2026-03-24 15:30:28","userId":2}
{"level":"info","message":"Получение ожидающих приглашений пользователя","timestamp":"2026-03-24 15:30:28","userId":2}
{"level":"info","message":"Получение заданий для пользователя ID: 2","timestamp":"2026-03-24 15:30:28"}
{"level":"info","message":"Получение ожидающих приглашений пользователя","timestamp":"2026-03-24 15:30:28","userId":2}
{"level":"info","message":"Получение ожидающих приглашений пользователя","timestamp":"2026-03-24 15:30:28","userId":2}
{"level":"info","message":"Получение заданий для пользователя ID: 2","timestamp":"2026-03-24 15:30:28"}
{"level":"info","message":"Получение ожидающих приглашений пользователя","timestamp":"2026-03-24 15:30:28","userId":2}
{"level":"info","message":"Получение ожидающих приглашений пользователя","timestamp":"2026-03-24 15:30:28","userId":2}
{"level":"info","message":"Получение ожидающих приглашений пользователя","timestamp":"2026-03-24 15:30:28","userId":2}
{"level":"info","message":"Получение заданий для пользователя ID: 2","timestamp":"2026-03-24 15:30:28"}
{"level":"info","message":"Получение ожидающих приглашений пользователя","timestamp":"2026-03-24 15:30:28","userId":2}
{"level":"info","message":"Получение ожидающих приглашений пользователя","timestamp":"2026-03-24 15:30:28","userId":2}
{"level":"info","message":"Получение заданий для пользователя ID: 2","timestamp":"2026-03-24 15:30:28"}
{"assignmentId":26,"level":"info","message":"Получение состава команды проекта","timestamp":"2026-03-24 15:30:28"}
{"assignmentId":26,"level":"info","message":"Получение состава команды проекта","timestamp":"2026-03-24 15:30:28"}
{"assignmentId":26,"level":"info","message":"Получение состава команды проекта","timestamp":"2026-03-24 15:30:28"}
{"level":"info","message":"Получение заданий для пользователя ID: 2","timestamp":"2026-03-24 15:30:33"}
{"level":"info","message":"Получение ожидающих приглашений пользователя","timestamp":"2026-03-24 15:30:33","userId":2}
{"level":"info","message":"Получение ожидающих приглашений пользователя","timestamp":"2026-03-24 15:30:33","userId":2}
{"level":"info","message":"Получение заданий для пользователя ID: 2","timestamp":"2026-03-24 15:30:33"}
{"level":"info","message":"Получение ожидающих приглашений пользователя","timestamp":"2026-03-24 15:30:33","userId":2}
{"level":"info","message":"Получение ожидающих приглашений пользователя","timestamp":"2026-03-24 15:30:33","userId":2}
{"level":"info","message":"Получение заданий для пользователя ID: 2","timestamp":"2026-03-24 15:30:40"}
{"level":"info","message":"Получение заданий для пользователя ID: 2","timestamp":"2026-03-24 15:30:40"}
{"level":"info","message":"Получение ожидающих приглашений пользователя","timestamp":"2026-03-24 15:30:40","userId":2}
{"level":"info","message":"Получение заданий для пользователя ID: 2","timestamp":"2026-03-24 15:30:40"}
{"assignmentId":26,"level":"info","message":"Получение состава команды проекта","timestamp":"2026-03-24 15:30:40"}
{"level":"info","message":"Получение ожидающих приглашений пользователя","timestamp":"2026-03-24 15:30:40","userId":2}
{"level":"info","message":"Получение ожидающих приглашений пользователя","timestamp":"2026-03-24 15:30:40","userId":2}
{"level":"info","message":"Получение заданий для пользователя ID: 2","timestamp":"2026-03-24 15:30:40"}
{"level":"info","message":"Получение ожидающих приглашений пользователя","timestamp":"2026-03-24 15:30:40","userId":2}
{"level":"info","message":"Получение ожидающих приглашений пользователя","timestamp":"2026-03-24 15:30:40","userId":2}
{"level":"info","message":"Получение заданий для пользователя ID: 2","timestamp":"2026-03-24 15:30:40"}
{"level":"info","message":"Получение ожидающих приглашений пользователя","timestamp":"2026-03-24 15:30:40","userId":2}
{"level":"info","message":"Получение ожидающих приглашений пользователя","timestamp":"2026-03-24 15:30:40","userId":2}
{"level":"info","message":"Получение ожидающих приглашений пользователя","timestamp":"2026-03-24 15:30:40","userId":2}
{"assignmentId":26,"level":"info","message":"Получение состава команды проекта","timestamp":"2026-03-24 15:30:40"}
{"level":"info","message":"Получение ожидающих приглашений пользователя","timestamp":"2026-03-24 15:30:40","userId":2}
{"level":"info","message":"Получение ожидающих приглашений пользователя","timestamp":"2026-03-24 15:30:40","userId":2}
{"assignmentId":26,"level":"info","message":"Получение состава команды проекта","timestamp":"2026-03-24 15:30:40"}
{"assignmentId":26,"level":"info","message":"Получение состава команды проекта","timestamp":"2026-03-24 15:30:40"}
{"assignmentId":26,"level":"info","message":"Получение состава команды проекта","timestamp":"2026-03-24 15:30:40"}
{"level":"info","message":"Получение ожидающих приглашений пользователя","timestamp":"2026-03-24 15:31:11","userId":2}
{"level":"info","message":"Получение заданий для пользователя ID: 2","timestamp":"2026-03-24 15:31:11"}
{"level":"info","message":"Получение ожидающих приглашений пользователя","timestamp":"2026-03-24 15:31:11","userId":2}
{"level":"info","message":"Получение ожидающих приглашений пользователя","timestamp":"2026-03-24 15:31:11","userId":2}
{"level":"info","message":"Получение заданий для пользователя ID: 2","timestamp":"2026-03-24 15:31:11"}
{"level":"info","message":"Получение ожидающих приглашений пользователя","timestamp":"2026-03-24 15:31:11","userId":2}
{"level":"info","message":"Получение заданий для пользователя ID: 2","timestamp":"2026-03-24 15:31:11"}
{"level":"info","message":"Получение ожидающих приглашений пользователя","timestamp":"2026-03-24 15:31:11","userId":2}
{"level":"info","message":"Получение ожидающих приглашений пользователя","timestamp":"2026-03-24 15:31:11","userId":2}
{"assignmentId":26,"level":"info","message":"Получение состава команды проекта","timestamp":"2026-03-24 15:31:11"}
{"assignmentId":26,"level":"info","message":"Получение состава команды проекта","timestamp":"2026-03-24 15:31:11"}
{"assignmentId":26,"level":"info","message":"Получение состава команды проекта","timestamp":"2026-03-24 15:31:11"}
{"level":"info","message":"Получение ожидающих приглашений пользователя","timestamp":"2026-03-24 15:31:42","userId":2}
{"level":"info","message":"Получение заданий для пользователя ID: 2","timestamp":"2026-03-24 15:31:42"}
{"level":"info","message":"Получение ожидающих приглашений пользователя","timestamp":"2026-03-24 15:31:42","userId":2}
{"level":"info","message":"Получение заданий для пользователя ID: 2","timestamp":"2026-03-24 15:31:42"}
{"level":"info","message":"Получение ожидающих приглашений пользователя","timestamp":"2026-03-24 15:31:42","userId":2}
{"level":"info","message":"Получение ожидающих приглашений пользователя","timestamp":"2026-03-24 15:31:42","userId":2}
{"assignmentId":26,"level":"info","message":"Получение состава команды проекта","timestamp":"2026-03-24 15:31:42"}
{"level":"info","message":"Получение заданий для пользователя ID: 2","timestamp":"2026-03-24 15:31:42"}
{"level":"info","message":"Получение ожидающих приглашений пользователя","timestamp":"2026-03-24 15:31:42","userId":2}
{"level":"info","message":"Получение ожидающих приглашений пользователя","timestamp":"2026-03-24 15:31:42","userId":2}
{"assignmentId":26,"level":"info","message":"Получение состава команды проекта","timestamp":"2026-03-24 15:31:42"}
{"assignmentId":26,"level":"info","message":"Получение состава команды проекта","timestamp":"2026-03-24 15:31:42"}
{"level":"info","message":"Получение ожидающих приглашений пользователя","timestamp":"2026-03-24 15:32:13","userId":2}
{"level":"info","message":"Получение заданий для пользователя ID: 2","timestamp":"2026-03-24 15:32:13"}
{"level":"info","message":"Получение ожидающих приглашений пользователя","timestamp":"2026-03-24 15:32:13","userId":2}
{"level":"info","message":"Получение заданий для пользователя ID: 2","timestamp":"2026-03-24 15:32:13"}
{"level":"info","message":"Получение ожидающих приглашений пользователя","timestamp":"2026-03-24 15:32:13","userId":2}
{"level":"info","message":"Получение ожидающих приглашений пользователя","timestamp":"2026-03-24 15:32:13","userId":2}
{"level":"info","message":"Получение заданий для пользователя ID: 2","timestamp":"2026-03-24 15:32:13"}
{"level":"info","message":"Получение ожидающих приглашений пользователя","timestamp":"2026-03-24 15:32:13","userId":2}
{"level":"info","message":"Получение ожидающих приглашений пользователя","timestamp":"2026-03-24 15:32:13","userId":2}
{"assignmentId":26,"level":"info","message":"Получение состава команды проекта","timestamp":"2026-03-24 15:32:13"}
{"assignmentId":26,"level":"info","message":"Получение состава команды проекта","timestamp":"2026-03-24 15:32:13"}
{"level":"info","message":"Получение ожидающих приглашений пользователя","timestamp":"2026-03-24 15:32:44","userId":2}
{"level":"info","message":"Получение заданий для пользователя ID: 2","timestamp":"2026-03-24 15:32:44"}
{"level":"info","message":"Получение ожидающих приглашений пользователя","timestamp":"2026-03-24 15:32:44","userId":2}
{"level":"info","message":"Получение ожидающих приглашений пользователя","timestamp":"2026-03-24 15:32:44","userId":2}
{"level":"info","message":"Получение заданий для пользователя ID: 2","timestamp":"2026-03-24 15:32:44"}
{"level":"info","message":"Получение ожидающих приглашений пользователя","timestamp":"2026-03-24 15:32:44","userId":2}
{"level":"info","message":"Получение ожидающих приглашений пользователя","timestamp":"2026-03-24 15:32:44","userId":2}
{"level":"info","message":"Получение заданий для пользователя ID: 2","timestamp":"2026-03-24 15:32:44"}
{"level":"info","message":"Получение ожидающих приглашений пользователя","timestamp":"2026-03-24 15:32:44","userId":2}
{"assignmentId":26,"level":"info","message":"Получение состава команды проекта","timestamp":"2026-03-24 15:32:44"}
{"assignmentId":26,"level":"info","message":"Получение состава команды проекта","timestamp":"2026-03-24 15:32:44"}
{"assignmentId":26,"level":"info","message":"Получение состава команды проекта","timestamp":"2026-03-24 15:32:44"}
{"level":"info","message":"Получение заданий для пользователя ID: 2","timestamp":"2026-03-24 15:33:15"}
{"level":"info","message":"Получение ожидающих приглашений пользователя","timestamp":"2026-03-24 15:33:15","userId":2}
{"level":"info","message":"Получение ожидающих приглашений пользователя","timestamp":"2026-03-24 15:33:15","userId":2}
{"level":"info","message":"Получение ожидающих приглашений пользователя","timestamp":"2026-03-24 15:33:15","userId":2}
{"level":"info","message":"Получение заданий для пользователя ID: 2","timestamp":"2026-03-24 15:33:15"}
{"level":"info","message":"Получение ожидающих приглашений пользователя","timestamp":"2026-03-24 15:33:15","userId":2}
{"level":"info","message":"Получение ожидающих приглашений пользователя","timestamp":"2026-03-24 15:33:15","userId":2}
{"level":"info","message":"Получение заданий для пользователя ID: 2","timestamp":"2026-03-24 15:33:15"}
{"level":"info","message":"Получение ожидающих приглашений пользователя","timestamp":"2026-03-24 15:33:15","userId":2}
{"assignmentId":26,"level":"info","message":"Получение состава команды проекта","timestamp":"2026-03-24 15:33:15"}
{"assignmentId":26,"level":"info","message":"Получение состава команды проекта","timestamp":"2026-03-24 15:33:15"}
{"assignmentId":26,"level":"info","message":"Получение состава команды проекта","timestamp":"2026-03-24 15:33:15"}
{"level":"info","message":"Получение заданий для пользователя ID: 2","timestamp":"2026-03-24 15:33:46"}
{"level":"info","message":"Получение ожидающих приглашений пользователя","timestamp":"2026-03-24 15:33:46","userId":2}
{"level":"info","message":"Получение ожидающих приглашений пользователя","timestamp":"2026-03-24 15:33:46","userId":2}
{"level":"info","message":"Получение заданий для пользователя ID: 2","timestamp":"2026-03-24 15:33:46"}
{"level":"info","message":"Получение ожидающих приглашений пользователя","timestamp":"2026-03-24 15:33:46","userId":2}
{"level":"info","message":"Получение ожидающих приглашений пользователя","timestamp":"2026-03-24 15:33:46","userId":2}
{"level":"info","message":"Получение заданий для пользователя ID: 2","timestamp":"2026-03-24 15:33:46"}
{"level":"info","message":"Получение ожидающих приглашений пользователя","timestamp":"2026-03-24 15:33:46","userId":2}
{"assignmentId":26,"level":"info","message":"Получение состава команды проекта","timestamp":"2026-03-24 15:33:46"}
{"level":"info","message":"Получение ожидающих приглашений пользователя","timestamp":"2026-03-24 15:33:46","userId":2}
{"assignmentId":26,"level":"info","message":"Получение состава команды проекта","timestamp":"2026-03-24 15:33:46"}
{"assignmentId":26,"level":"info","message":"Получение состава команды проекта","timestamp":"2026-03-24 15:33:46"}
{"level":"info","message":"Получение заданий для пользователя ID: 2","timestamp":"2026-03-24 15:34:17"}
{"level":"info","message":"Получение ожидающих приглашений пользователя","timestamp":"2026-03-24 15:34:17","userId":2}
{"level":"info","message":"Получение ожидающих приглашений пользователя","timestamp":"2026-03-24 15:34:17","userId":2}
{"level":"info","message":"Получение заданий для пользователя ID: 2","timestamp":"2026-03-24 15:34:17"}
{"level":"info","message":"Получение ожидающих приглашений пользователя","timestamp":"2026-03-24 15:34:17","userId":2}
{"level":"info","message":"Получение ожидающих приглашений пользователя","timestamp":"2026-03-24 15:34:17","userId":2}
{"level":"info","message":"Получение ожидающих приглашений пользователя","timestamp":"2026-03-24 15:34:17","userId":2}
{"level":"info","message":"Получение заданий для пользователя ID: 2","timestamp":"2026-03-24 15:34:17"}
{"level":"info","message":"Получение ожидающих приглашений пользователя","timestamp":"2026-03-24 15:34:17","userId":2}
{"assignmentId":26,"level":"info","message":"Получение состава команды проекта","timestamp":"2026-03-24 15:34:17"}
{"assignmentId":26,"level":"info","message":"Получение состава команды проекта","timestamp":"2026-03-24 15:34:17"}
{"assignmentId":26,"level":"info","message":"Получение состава команды проекта","timestamp":"2026-03-24 15:34:17"}
{"level":"info","message":"Получение заданий для пользователя ID: 2","timestamp":"2026-03-24 15:34:48"}
{"level":"info","message":"Получение ожидающих приглашений пользователя","timestamp":"2026-03-24 15:34:48","userId":2}
{"level":"info","message":"Получение ожидающих приглашений пользователя","timestamp":"2026-03-24 15:34:48","userId":2}
{"level":"info","message":"Получение заданий для пользователя ID: 2","timestamp":"2026-03-24 15:34:48"}
{"level":"info","message":"Получение ожидающих приглашений пользователя","timestamp":"2026-03-24 15:34:48","userId":2}
{"level":"info","message":"Получение ожидающих приглашений пользователя","timestamp":"2026-03-24 15:34:48","userId":2}
{"level":"info","message":"Получение заданий для пользователя ID: 2","timestamp":"2026-03-24 15:34:48"}
{"level":"info","message":"Получение ожидающих приглашений пользователя","timestamp":"2026-03-24 15:34:48","userId":2}
{"level":"info","message":"Получение ожидающих приглашений пользователя","timestamp":"2026-03-24 15:34:48","userId":2}
{"assignmentId":26,"level":"info","message":"Получение состава команды проекта","timestamp":"2026-03-24 15:34:48"}
{"assignmentId":26,"level":"info","message":"Получение состава команды проекта","timestamp":"2026-03-24 15:34:48"}
{"assignmentId":26,"level":"info","message":"Получение состава команды проекта","timestamp":"2026-03-24 15:34:48"}
{"level":"info","message":"Получение заданий для пользователя ID: 2","timestamp":"2026-03-24 15:35:19"}
{"level":"info","message":"Получение ожидающих приглашений пользователя","timestamp":"2026-03-24 15:35:19","userId":2}
{"level":"info","message":"Получение ожидающих приглашений пользователя","timestamp":"2026-03-24 15:35:19","userId":2}
{"level":"info","message":"Получение заданий для пользователя ID: 2","timestamp":"2026-03-24 15:35:19"}
{"level":"info","message":"Получение ожидающих приглашений пользователя","timestamp":"2026-03-24 15:35:19","userId":2}
{"level":"info","message":"Получение ожидающих приглашений пользователя","timestamp":"2026-03-24 15:35:19","userId":2}
{"level":"info","message":"Получение ожидающих приглашений пользователя","timestamp":"2026-03-24 15:35:19","userId":2}
{"level":"info","message":"Получение заданий для пользователя ID: 2","timestamp":"2026-03-24 15:35:19"}
{"level":"info","message":"Получение ожидающих приглашений пользователя","timestamp":"2026-03-24 15:35:19","userId":2}
{"assignmentId":26,"level":"info","message":"Получение состава команды проекта","timestamp":"2026-03-24 15:35:19"}
{"assignmentId":26,"level":"info","message":"Получение состава команды проекта","timestamp":"2026-03-24 15:35:19"}
{"assignmentId":26,"level":"info","message":"Получение состава команды проекта","timestamp":"2026-03-24 15:35:19"}
{"level":"info","message":"Получение заданий для пользователя ID: 2","timestamp":"2026-03-24 15:35:50"}
{"level":"info","message":"Получение ожидающих приглашений пользователя","timestamp":"2026-03-24 15:35:50","userId":2}
{"level":"info","message":"Получение ожидающих приглашений пользователя","timestamp":"2026-03-24 15:35:50","userId":2}
{"level":"info","message":"Получение ожидающих приглашений пользователя","timestamp":"2026-03-24 15:35:50","userId":2}
{"level":"info","message":"Получение заданий для пользователя ID: 2","timestamp":"2026-03-24 15:35:50"}
{"level":"info","message":"Получение ожидающих приглашений пользователя","timestamp":"2026-03-24 15:35:50","userId":2}
{"level":"info","message":"Получение ожидающих приглашений пользователя","timestamp":"2026-03-24 15:35:50","userId":2}
{"level":"info","message":"Получение заданий для пользователя ID: 2","timestamp":"2026-03-24 15:35:50"}
{"level":"info","message":"Получение ожидающих приглашений пользователя","timestamp":"2026-03-24 15:35:50","userId":2}
{"assignmentId":26,"level":"info","message":"Получение состава команды проекта","timestamp":"2026-03-24 15:35:50"}
{"assignmentId":26,"level":"info","message":"Получение состава команды проекта","timestamp":"2026-03-24 15:35:50"}
{"assignmentId":26,"level":"info","message":"Получение состава команды проекта","timestamp":"2026-03-24 15:35:50"}
{"level":"info","message":"Получение ожидающих приглашений пользователя","timestamp":"2026-03-24 15:36:21","userId":2}
{"level":"info","message":"Получение заданий для пользователя ID: 2","timestamp":"2026-03-24 15:36:21"}
{"level":"info","message":"Получение ожидающих приглашений пользователя","timestamp":"2026-03-24 15:36:21","userId":2}
{"level":"info","message":"Получение ожидающих приглашений пользователя","timestamp":"2026-03-24 15:36:21","userId":2}
{"level":"info","message":"Получение заданий для пользователя ID: 2","timestamp":"2026-03-24 15:36:21"}
{"level":"info","message":"Получение ожидающих приглашений пользователя","timestamp":"2026-03-24 15:36:21","userId":2}
{"level":"info","message":"Получение ожидающих приглашений пользователя","timestamp":"2026-03-24 15:36:21","userId":2}
{"level":"info","message":"Получение заданий для пользователя ID: 2","timestamp":"2026-03-24 15:36:21"}
{"level":"info","message":"Получение ожидающих приглашений пользователя","timestamp":"2026-03-24 15:36:21","userId":2}
{"assignmentId":26,"level":"info","message":"Получение состава команды проекта","timestamp":"2026-03-24 15:36:21"}
{"assignmentId":26,"level":"info","message":"Получение состава команды проекта","timestamp":"2026-03-24 15:36:21"}
{"assignmentId":26,"level":"info","message":"Получение состава команды проекта","timestamp":"2026-03-24 15:36:21"}
{"level":"info","message":"Получение ожидающих приглашений пользователя","timestamp":"2026-03-24 15:36:52","userId":2}
{"level":"info","message":"Получение заданий для пользователя ID: 2","timestamp":"2026-03-24 15:36:52"}
{"level":"info","message":"Получение ожидающих приглашений пользователя","timestamp":"2026-03-24 15:36:52","userId":2}
{"level":"info","message":"Получение заданий для пользователя ID: 2","timestamp":"2026-03-24 15:36:52"}
{"level":"info","message":"Получение ожидающих приглашений пользователя","timestamp":"2026-03-24 15:36:52","userId":2}
{"level":"info","message":"Получение ожидающих приглашений пользователя","timestamp":"2026-03-24 15:36:52","userId":2}
{"level":"info","message":"Получение ожидающих приглашений пользователя","timestamp":"2026-03-24 15:36:52","userId":2}
{"level":"info","message":"Получение заданий для пользователя ID: 2","timestamp":"2026-03-24 15:36:52"}
{"level":"info","message":"Получение ожидающих приглашений пользователя","timestamp":"2026-03-24 15:36:52","userId":2}
{"assignmentId":26,"level":"info","message":"Получение состава команды проекта","timestamp":"2026-03-24 15:36:52"}
{"assignmentId":26,"level":"info","message":"Получение состава команды проекта","timestamp":"2026-03-24 15:36:52"}
{"assignmentId":26,"level":"info","message":"Получение состава команды проекта","timestamp":"2026-03-24 15:36:52"}
{"level":"info","message":"Получение заданий для пользователя ID: 2","timestamp":"2026-03-24 15:37:23"}
{"level":"info","message":"Получение ожидающих приглашений пользователя","timestamp":"2026-03-24 15:37:23","userId":2}
{"level":"info","message":"Получение ожидающих приглашений пользователя","timestamp":"2026-03-24 15:37:23","userId":2}
{"level":"info","message":"Получение заданий для пользователя ID: 2","timestamp":"2026-03-24 15:37:23"}
{"level":"info","message":"Получение ожидающих приглашений пользователя","timestamp":"2026-03-24 15:37:23","userId":2}
{"level":"info","message":"Получение ожидающих приглашений пользователя","timestamp":"2026-03-24 15:37:23","userId":2}
{"level":"info","message":"Получение ожидающих приглашений пользователя","timestamp":"2026-03-24 15:37:23","userId":2}
{"level":"info","message":"Получение заданий для пользователя ID: 2","timestamp":"2026-03-24 15:37:23"}
{"level":"info","message":"Получение ожидающих приглашений пользователя","timestamp":"2026-03-24 15:37:23","userId":2}
{"assignmentId":26,"level":"info","message":"Получение состава команды проекта","timestamp":"2026-03-24 15:37:23"}
{"assignmentId":26,"level":"info","message":"Получение состава команды проекта","timestamp":"2026-03-24 15:37:23"}
{"assignmentId":26,"level":"info","message":"Получение состава команды проекта","timestamp":"2026-03-24 15:37:23"}
{"level":"info","message":"Получение заданий для пользователя ID: 2","timestamp":"2026-03-24 15:37:54"}
{"level":"info","message":"Получение ожидающих приглашений пользователя","timestamp":"2026-03-24 15:37:54","userId":2}
{"level":"info","message":"Получение ожидающих приглашений пользователя","timestamp":"2026-03-24 15:37:54","userId":2}
{"level":"info","message":"Получение ожидающих приглашений пользователя","timestamp":"2026-03-24 15:37:54","userId":2}
{"level":"info","message":"Получение заданий для пользователя ID: 2","timestamp":"2026-03-24 15:37:54"}
{"level":"info","message":"Получение ожидающих приглашений пользователя","timestamp":"2026-03-24 15:37:54","userId":2}
{"level":"info","message":"Получение ожидающих приглашений пользователя","timestamp":"2026-03-24 15:37:54","userId":2}
{"level":"info","message":"Получение заданий для пользователя ID: 2","timestamp":"2026-03-24 15:37:54"}
{"level":"info","message":"Получение ожидающих приглашений пользователя","timestamp":"2026-03-24 15:37:54","userId":2}
{"assignmentId":26,"level":"info","message":"Получение состава команды проекта","timestamp":"2026-03-24 15:37:54"}
{"assignmentId":26,"level":"info","message":"Получение состава команды проекта","timestamp":"2026-03-24 15:37:54"}
{"assignmentId":26,"level":"info","message":"Получение состава команды проекта","timestamp":"2026-03-24 15:37:54"}
{"level":"info","message":"Получение заданий для пользователя ID: 2","timestamp":"2026-03-24 15:38:25"}
{"level":"info","message":"Получение ожидающих приглашений пользователя","timestamp":"2026-03-24 15:38:25","userId":2}
{"level":"info","message":"Получение ожидающих приглашений пользователя","timestamp":"2026-03-24 15:38:25","userId":2}
{"level":"info","message":"Получение заданий для пользователя ID: 2","timestamp":"2026-03-24 15:38:25"}
{"level":"info","message":"Получение ожидающих приглашений пользователя","timestamp":"2026-03-24 15:38:25","userId":2}
{"level":"info","message":"Получение ожидающих приглашений пользователя","timestamp":"2026-03-24 15:38:25","userId":2}
{"level":"info","message":"Получение ожидающих приглашений пользователя","timestamp":"2026-03-24 15:38:25","userId":2}
{"level":"info","message":"Получение заданий для пользователя ID: 2","timestamp":"2026-03-24 15:38:25"}
{"level":"info","message":"Получение ожидающих приглашений пользователя","timestamp":"2026-03-24 15:38:25","userId":2}
{"assignmentId":26,"level":"info","message":"Получение состава команды проекта","timestamp":"2026-03-24 15:38:25"}
{"assignmentId":26,"level":"info","message":"Получение состава команды проекта","timestamp":"2026-03-24 15:38:25"}
{"assignmentId":26,"level":"info","message":"Получение состава команды проекта","timestamp":"2026-03-24 15:38:25"}
{"level":"info","message":"Получение заданий для пользователя ID: 2","timestamp":"2026-03-24 15:38:56"}
{"level":"info","message":"Получение ожидающих приглашений пользователя","timestamp":"2026-03-24 15:38:56","userId":2}
{"level":"info","message":"Получение ожидающих приглашений пользователя","timestamp":"2026-03-24 15:38:56","userId":2}
{"level":"info","message":"Получение ожидающих приглашений пользователя","timestamp":"2026-03-24 15:38:56","userId":2}
{"level":"info","message":"Получение заданий для пользователя ID: 2","timestamp":"2026-03-24 15:38:56"}
{"level":"info","message":"Получение ожидающих приглашений пользователя","timestamp":"2026-03-24 15:38:56","userId":2}
{"level":"info","message":"Получение заданий для пользователя ID: 2","timestamp":"2026-03-24 15:38:56"}
{"level":"info","message":"Получение ожидающих приглашений пользователя","timestamp":"2026-03-24 15:38:56","userId":2}
{"level":"info","message":"Получение ожидающих приглашений пользователя","timestamp":"2026-03-24 15:38:56","userId":2}
{"assignmentId":26,"level":"info","message":"Получение состава команды проекта","timestamp":"2026-03-24 15:38:56"}
{"assignmentId":26,"level":"info","message":"Получение состава команды проекта","timestamp":"2026-03-24 15:38:56"}
{"assignmentId":26,"level":"info","message":"Получение состава команды проекта","timestamp":"2026-03-24 15:38:56"}
{"level":"info","message":"Получение заданий для пользователя ID: 2","timestamp":"2026-03-24 15:39:27"}
{"level":"info","message":"Получение ожидающих приглашений пользователя","timestamp":"2026-03-24 15:39:27","userId":2}
{"level":"info","message":"Получение ожидающих приглашений пользователя","timestamp":"2026-03-24 15:39:27","userId":2}
{"level":"info","message":"Получение ожидающих приглашений пользователя","timestamp":"2026-03-24 15:39:27","userId":2}
{"level":"info","message":"Получение заданий для пользователя ID: 2","timestamp":"2026-03-24 15:39:27"}
{"level":"info","message":"Получение ожидающих приглашений пользователя","timestamp":"2026-03-24 15:39:27","userId":2}
{"level":"info","message":"Получение заданий для пользователя ID: 2","timestamp":"2026-03-24 15:39:27"}
{"level":"info","message":"Получение ожидающих приглашений пользователя","timestamp":"2026-03-24 15:39:27","userId":2}
{"level":"info","message":"Получение ожидающих приглашений пользователя","timestamp":"2026-03-24 15:39:27","userId":2}
{"assignmentId":26,"level":"info","message":"Получение состава команды проекта","timestamp":"2026-03-24 15:39:27"}
{"assignmentId":26,"level":"info","message":"Получение состава команды проекта","timestamp":"2026-03-24 15:39:27"}
{"assignmentId":26,"level":"info","message":"Получение состава команды проекта","timestamp":"2026-03-24 15:39:27"}
{"level":"info","message":"Получение заданий для пользователя ID: 2","timestamp":"2026-03-24 15:39:58"}
{"level":"info","message":"Получение ожидающих приглашений пользователя","timestamp":"2026-03-24 15:39:58","userId":2}
{"level":"info","message":"Получение ожидающих приглашений пользователя","timestamp":"2026-03-24 15:39:58","userId":2}
{"level":"info","message":"Получение ожидающих приглашений пользователя","timestamp":"2026-03-24 15:39:58","userId":2}
{"level":"info","message":"Получение заданий для пользователя ID: 2","timestamp":"2026-03-24 15:39:58"}
{"level":"info","message":"Получение ожидающих приглашений пользователя","timestamp":"2026-03-24 15:39:58","userId":2}
{"level":"info","message":"Получение заданий для пользователя ID: 2","timestamp":"2026-03-24 15:39:58"}
{"level":"info","message":"Получение ожидающих приглашений пользователя","timestamp":"2026-03-24 15:39:58","userId":2}
{"level":"info","message":"Получение ожидающих приглашений пользователя","timestamp":"2026-03-24 15:39:58","userId":2}
{"assignmentId":26,"level":"info","message":"Получение состава команды проекта","timestamp":"2026-03-24 15:39:58"}
{"assignmentId":26,"level":"info","message":"Получение состава команды проекта","timestamp":"2026-03-24 15:39:58"}
{"assignmentId":26,"level":"info","message":"Получение состава команды проекта","timestamp":"2026-03-24 15:39:58"}
{"level":"info","message":"Получение заданий для пользователя ID: 2","timestamp":"2026-03-24 15:40:29"}
{"level":"info","message":"Получение ожидающих приглашений пользователя","timestamp":"2026-03-24 15:40:29","userId":2}
{"level":"info","message":"Получение ожидающих приглашений пользователя","timestamp":"2026-03-24 15:40:29","userId":2}
{"level":"info","message":"Получение заданий для пользователя ID: 2","timestamp":"2026-03-24 15:40:29"}
{"level":"info","message":"Получение ожидающих приглашений пользователя","timestamp":"2026-03-24 15:40:29","userId":2}
{"level":"info","message":"Получение ожидающих приглашений пользователя","timestamp":"2026-03-24 15:40:29","userId":2}
{"level":"info","message":"Получение заданий для пользователя ID: 2","timestamp":"2026-03-24 15:40:29"}
{"level":"info","message":"Получение ожидающих приглашений пользователя","timestamp":"2026-03-24 15:40:29","userId":2}
{"assignmentId":26,"level":"info","message":"Получение состава команды проекта","timestamp":"2026-03-24 15:40:29"}
{"level":"info","message":"Получение ожидающих приглашений пользователя","timestamp":"2026-03-24 15:40:29","userId":2}
{"assignmentId":26,"level":"info","message":"Получение состава команды проекта","timestamp":"2026-03-24 15:40:29"}
{"assignmentId":26,"level":"info","message":"Получение состава команды проекта","timestamp":"2026-03-24 15:40:29"}
{"level":"info","message":"Получение ожидающих приглашений пользователя","timestamp":"2026-03-24 15:41:00","userId":2}
{"level":"info","message":"Получение заданий для пользователя ID: 2","timestamp":"2026-03-24 15:41:00"}
{"level":"info","message":"Получение ожидающих приглашений пользователя","timestamp":"2026-03-24 15:41:00","userId":2}
{"level":"info","message":"Получение ожидающих приглашений пользователя","timestamp":"2026-03-24 15:41:00","userId":2}
{"level":"info","message":"Получение заданий для пользователя ID: 2","timestamp":"2026-03-24 15:41:00"}
{"level":"info","message":"Получение ожидающих приглашений пользователя","timestamp":"2026-03-24 15:41:00","userId":2}
{"level":"info","message":"Получение заданий для пользователя ID: 2","timestamp":"2026-03-24 15:41:00"}
{"level":"info","message":"Получение ожидающих приглашений пользователя","timestamp":"2026-03-24 15:41:00","userId":2}
{"level":"info","message":"Получение ожидающих приглашений пользователя","timestamp":"2026-03-24 15:41:00","userId":2}
{"assignmentId":26,"level":"info","message":"Получение состава команды проекта","timestamp":"2026-03-24 15:41:00"}
{"assignmentId":26,"level":"info","message":"Получение состава команды проекта","timestamp":"2026-03-24 15:41:00"}
{"assignmentId":26,"level":"info","message":"Получение состава команды проекта","timestamp":"2026-03-24 15:41:00"}
{"level":"info","message":"Получение заданий для пользователя ID: 2","timestamp":"2026-03-24 15:41:31"}
{"level":"info","message":"Получение ожидающих приглашений пользователя","timestamp":"2026-03-24 15:41:31","userId":2}
{"level":"info","message":"Получение ожидающих приглашений пользователя","timestamp":"2026-03-24 15:41:31","userId":2}
{"level":"info","message":"Получение заданий для пользователя ID: 2","timestamp":"2026-03-24 15:41:31"}
{"level":"info","message":"Получение ожидающих приглашений пользователя","timestamp":"2026-03-24 15:41:31","userId":2}
{"level":"info","message":"Получение ожидающих приглашений пользователя","timestamp":"2026-03-24 15:41:31","userId":2}
{"level":"info","message":"Получение ожидающих приглашений пользователя","timestamp":"2026-03-24 15:41:31","userId":2}
{"level":"info","message":"Получение заданий для пользователя ID: 2","timestamp":"2026-03-24 15:41:31"}
{"level":"info","message":"Получение ожидающих приглашений пользователя","timestamp":"2026-03-24 15:41:31","userId":2}
{"assignmentId":26,"level":"info","message":"Получение состава команды проекта","timestamp":"2026-03-24 15:41:31"}
{"assignmentId":26,"level":"info","message":"Получение состава команды проекта","timestamp":"2026-03-24 15:41:31"}
{"assignmentId":26,"level":"info","message":"Получение состава команды проекта","timestamp":"2026-03-24 15:41:31"}
{"level":"info","message":"Получение заданий для пользователя ID: 2","timestamp":"2026-03-24 15:42:02"}
{"level":"info","message":"Получение ожидающих приглашений пользователя","timestamp":"2026-03-24 15:42:02","userId":2}
{"level":"info","message":"Получение ожидающих приглашений пользователя","timestamp":"2026-03-24 15:42:02","userId":2}
{"level":"info","message":"Получение ожидающих приглашений пользователя","timestamp":"2026-03-24 15:42:02","userId":2}
{"level":"info","message":"Получение заданий для пользователя ID: 2","timestamp":"2026-03-24 15:42:02"}
{"level":"info","message":"Получение ожидающих приглашений пользователя","timestamp":"2026-03-24 15:42:02","userId":2}
{"level":"info","message":"Получение ожидающих приглашений пользователя","timestamp":"2026-03-24 15:42:02","userId":2}
{"level":"info","message":"Получение заданий для пользователя ID: 2","timestamp":"2026-03-24 15:42:02"}
{"level":"info","message":"Получение ожидающих приглашений пользователя","timestamp":"2026-03-24 15:42:02","userId":2}
{"assignmentId":26,"level":"info","message":"Получение состава команды проекта","timestamp":"2026-03-24 15:42:02"}
{"assignmentId":26,"level":"info","message":"Получение состава команды проекта","timestamp":"2026-03-24 15:42:02"}
{"assignmentId":26,"level":"info","message":"Получение состава команды проекта","timestamp":"2026-03-24 15:42:02"}
{"level":"info","message":"Получение заданий для пользователя ID: 2","timestamp":"2026-03-24 15:42:33"}
{"level":"info","message":"Получение ожидающих приглашений пользователя","timestamp":"2026-03-24 15:42:33","userId":2}
{"level":"info","message":"Получение ожидающих приглашений пользователя","timestamp":"2026-03-24 15:42:33","userId":2}
{"level":"info","message":"Получение заданий для пользователя ID: 2","timestamp":"2026-03-24 15:42:33"}
{"level":"info","message":"Получение ожидающих приглашений пользователя","timestamp":"2026-03-24 15:42:33","userId":2}
{"level":"info","message":"Получение ожидающих приглашений пользователя","timestamp":"2026-03-24 15:42:33","userId":2}
{"level":"info","message":"Получение ожидающих приглашений пользователя","timestamp":"2026-03-24 15:42:33","userId":2}
{"level":"info","message":"Получение заданий для пользователя ID: 2","timestamp":"2026-03-24 15:42:33"}
{"level":"info","message":"Получение ожидающих приглашений пользователя","timestamp":"2026-03-24 15:42:33","userId":2}
{"assignmentId":26,"level":"info","message":"Получение состава команды проекта","timestamp":"2026-03-24 15:42:33"}
{"assignmentId":26,"level":"info","message":"Получение состава команды проекта","timestamp":"2026-03-24 15:42:33"}
{"assignmentId":26,"level":"info","message":"Получение состава команды проекта","timestamp":"2026-03-24 15:42:33"}
{"level":"info","message":"Получение заданий для пользователя ID: 2","timestamp":"2026-03-24 15:43:04"}
{"level":"info","message":"Получение ожидающих приглашений пользователя","timestamp":"2026-03-24 15:43:04","userId":2}
{"level":"info","message":"Получение ожидающих приглашений пользователя","timestamp":"2026-03-24 15:43:04","userId":2}
{"level":"info","message":"Получение ожидающих приглашений пользователя","timestamp":"2026-03-24 15:43:04","userId":2}
{"level":"info","message":"Получение заданий для пользователя ID: 2","timestamp":"2026-03-24 15:43:04"}
{"level":"info","message":"Получение ожидающих приглашений пользователя","timestamp":"2026-03-24 15:43:04","userId":2}
{"level":"info","message":"Получение ожидающих приглашений пользователя","timestamp":"2026-03-24 15:43:04","userId":2}
{"level":"info","message":"Получение заданий для пользователя ID: 2","timestamp":"2026-03-24 15:43:04"}
{"level":"info","message":"Получение ожидающих приглашений пользователя","timestamp":"2026-03-24 15:43:04","userId":2}
{"assignmentId":26,"level":"info","message":"Получение состава команды проекта","timestamp":"2026-03-24 15:43:04"}
{"assignmentId":26,"level":"info","message":"Получение состава команды проекта","timestamp":"2026-03-24 15:43:04"}
{"assignmentId":26,"level":"info","message":"Получение состава команды проекта","timestamp":"2026-03-24 15:43:04"}
{"level":"info","message":"Получение заданий для пользователя ID: 2","timestamp":"2026-03-24 15:43:35"}
{"level":"info","message":"Получение ожидающих приглашений пользователя","timestamp":"2026-03-24 15:43:35","userId":2}
{"level":"info","message":"Получение ожидающих приглашений пользователя","timestamp":"2026-03-24 15:43:35","userId":2}
{"level":"info","message":"Получение ожидающих приглашений пользователя","timestamp":"2026-03-24 15:43:35","userId":2}
{"level":"info","message":"Получение заданий для пользователя ID: 2","timestamp":"2026-03-24 15:43:35"}
{"level":"info","message":"Получение ожидающих приглашений пользователя","timestamp":"2026-03-24 15:43:35","userId":2}
{"level":"info","message":"Получение заданий для пользователя ID: 2","timestamp":"2026-03-24 15:43:35"}
{"level":"info","message":"Получение ожидающих приглашений пользователя","timestamp":"2026-03-24 15:43:35","userId":2}
{"level":"info","message":"Получение ожидающих приглашений пользователя","timestamp":"2026-03-24 15:43:35","userId":2}
{"assignmentId":26,"level":"info","message":"Получение состава команды проекта","timestamp":"2026-03-24 15:43:35"}
{"assignmentId":26,"level":"info","message":"Получение состава команды проекта","timestamp":"2026-03-24 15:43:35"}
{"assignmentId":26,"level":"info","message":"Получение состава команды проекта","timestamp":"2026-03-24 15:43:35"}
{"level":"info","message":"Получение заданий для пользователя ID: 2","timestamp":"2026-03-24 15:44:06"}
{"level":"info","message":"Получение ожидающих приглашений пользователя","timestamp":"2026-03-24 15:44:06","userId":2}
{"level":"info","message":"Получение ожидающих приглашений пользователя","timestamp":"2026-03-24 15:44:06","userId":2}
{"level":"info","message":"Получение заданий для пользователя ID: 2","timestamp":"2026-03-24 15:44:06"}
{"level":"info","message":"Получение ожидающих приглашений пользователя","timestamp":"2026-03-24 15:44:06","userId":2}
{"level":"info","message":"Получение ожидающих приглашений пользователя","timestamp":"2026-03-24 15:44:06","userId":2}
{"level":"info","message":"Получение ожидающих приглашений пользователя","timestamp":"2026-03-24 15:44:06","userId":2}
{"level":"info","message":"Получение заданий для пользователя ID: 2","timestamp":"2026-03-24 15:44:06"}
{"assignmentId":26,"level":"info","message":"Получение состава команды проекта","timestamp":"2026-03-24 15:44:06"}
{"level":"info","message":"Получение ожидающих приглашений пользователя","timestamp":"2026-03-24 15:44:06","userId":2}
{"assignmentId":26,"level":"info","message":"Получение состава команды проекта","timestamp":"2026-03-24 15:44:06"}
{"assignmentId":26,"level":"info","message":"Получение состава команды проекта","timestamp":"2026-03-24 15:44:06"}
{"level":"info","message":"Получение заданий для пользователя ID: 2","timestamp":"2026-03-24 15:44:15"}
{"level":"info","message":"Получение ожидающих приглашений пользователя","timestamp":"2026-03-24 15:44:15","userId":2}
{"level":"info","message":"Получение ожидающих приглашений пользователя","timestamp":"2026-03-24 15:44:15","userId":2}
{"level":"info","message":"Получение заданий для пользователя ID: 2","timestamp":"2026-03-24 15:44:15"}
{"level":"info","message":"Получение заданий для пользователя ID: 1","timestamp":"2026-03-24 15:44:45"}
{"level":"info","message":"Получение ожидающих приглашений пользователя","timestamp":"2026-03-24 15:44:45","userId":1}
{"level":"info","message":"Получение ожидающих приглашений пользователя","timestamp":"2026-03-24 15:44:45","userId":1}
{"level":"info","message":"Получение ожидающих приглашений пользователя","timestamp":"2026-03-24 15:44:45","userId":1}
{"level":"info","message":"Получение заданий для пользователя ID: 1","timestamp":"2026-03-24 15:44:45"}
{"level":"info","message":"Получение ожидающих приглашений пользователя","timestamp":"2026-03-24 15:44:45","userId":1}
{"level":"info","message":"Получение ожидающих приглашений пользователя","timestamp":"2026-03-24 15:44:45","userId":1}
{"level":"info","message":"Получение ожидающих приглашений пользователя","timestamp":"2026-03-24 15:44:45","userId":1}
{"level":"info","message":"Получение заданий для пользователя ID: 1","timestamp":"2026-03-24 15:44:45"}
{"level":"info","message":"Получение ожидающих приглашений пользователя","timestamp":"2026-03-24 15:44:45","userId":1}
{"level":"info","message":"Получение ожидающих приглашений пользователя","timestamp":"2026-03-24 15:44:45","userId":1}
{"level":"info","message":"Получение ожидающих приглашений пользователя","timestamp":"2026-03-24 15:44:45","userId":1}
{"level":"info","message":"Получение заданий для пользователя ID: 1","timestamp":"2026-03-24 15:44:45"}
{"level":"info","message":"Получение ожидающих приглашений пользователя","timestamp":"2026-03-24 15:44:45","userId":1}
{"level":"info","message":"Получение заданий для пользователя ID: 1","timestamp":"2026-03-24 15:44:45"}
{"assignmentId":60,"level":"info","message":"Получение состава команды проекта","timestamp":"2026-03-24 15:44:45"}
{"assignmentId":60,"level":"info","message":"Получение состава команды проекта","timestamp":"2026-03-24 15:44:45"}
{"assignmentId":60,"level":"info","message":"Получение состава команды проекта","timestamp":"2026-03-24 15:44:45"}
{"level":"info","message":"Получение заданий для пользователя ID: 1","timestamp":"2026-03-24 15:44:47"}
{"level":"info","message":"Получение ожидающих приглашений пользователя","timestamp":"2026-03-24 15:44:47","userId":1}
{"level":"info","message":"Получение ожидающих приглашений пользователя","timestamp":"2026-03-24 15:44:47","userId":1}
{"level":"info","message":"Получение заданий для пользователя ID: 1","timestamp":"2026-03-24 15:44:47"}
{"level":"info","message":"Получение заданий для пользователя ID: 1","timestamp":"2026-03-24 15:51:29"}
{"level":"info","message":"Получение ожидающих приглашений пользователя","timestamp":"2026-03-24 15:51:29","userId":1}
{"level":"info","message":"Получение заданий для пользователя ID: 1","timestamp":"2026-03-24 15:51:29"}
{"level":"info","message":"Получение заданий для пользователя ID: 1","timestamp":"2026-03-24 15:51:29"}
{"level":"info","message":"Получение ожидающих приглашений пользователя","timestamp":"2026-03-24 15:51:29","userId":1}
{"level":"info","message":"Получение ожидающих приглашений пользователя","timestamp":"2026-03-24 15:51:29","userId":1}
{"level":"info","message":"Получение ожидающих приглашений пользователя","timestamp":"2026-03-24 15:51:29","userId":1}
{"level":"info","message":"Получение заданий для пользователя ID: 1","timestamp":"2026-03-24 15:51:29"}
{"level":"info","message":"Получение ожидающих приглашений пользователя","timestamp":"2026-03-24 15:51:29","userId":1}
{"assignmentId":60,"level":"info","message":"Получение состава команды проекта","timestamp":"2026-03-24 15:51:29"}
{"level":"info","message":"Получение ожидающих приглашений пользователя","timestamp":"2026-03-24 15:51:29","userId":1}
{"level":"info","message":"Получение ожидающих приглашений пользователя","timestamp":"2026-03-24 15:51:29","userId":1}
{"level":"info","message":"Получение ожидающих приглашений пользователя","timestamp":"2026-03-24 15:51:29","userId":1}
{"level":"info","message":"Получение заданий для пользователя ID: 1","timestamp":"2026-03-24 15:51:29"}
{"level":"info","message":"Получение ожидающих приглашений пользователя","timestamp":"2026-03-24 15:51:29","userId":1}
{"level":"info","message":"Получение ожидающих приглашений пользователя","timestamp":"2026-03-24 15:51:29","userId":1}
{"assignmentId":60,"level":"info","message":"Получение состава команды проекта","timestamp":"2026-03-24 15:51:29"}
{"assignmentId":60,"level":"info","message":"Получение состава команды проекта","timestamp":"2026-03-24 15:51:29"}
{"assignmentId":60,"level":"info","message":"Получение состава команды проекта","timestamp":"2026-03-24 15:51:29"}
{"level":"info","message":"Получение заданий для пользователя ID: 1","timestamp":"2026-03-24 15:52:00"}
{"level":"info","message":"Получение ожидающих приглашений пользователя","timestamp":"2026-03-24 15:52:00","userId":1}
{"level":"info","message":"Получение ожидающих приглашений пользователя","timestamp":"2026-03-24 15:52:00","userId":1}
{"level":"info","message":"Получение заданий для пользователя ID: 1","timestamp":"2026-03-24 15:52:00"}
{"level":"info","message":"Получение ожидающих приглашений пользователя","timestamp":"2026-03-24 15:52:00","userId":1}
{"level":"info","message":"Получение ожидающих приглашений пользователя","timestamp":"2026-03-24 15:52:00","userId":1}
{"level":"info","message":"Получение ожидающих приглашений пользователя","timestamp":"2026-03-24 15:52:00","userId":1}
{"level":"info","message":"Получение заданий для пользователя ID: 1","timestamp":"2026-03-24 15:52:00"}
{"assignmentId":60,"level":"info","message":"Получение состава команды проекта","timestamp":"2026-03-24 15:52:00"}
{"level":"info","message":"Получение ожидающих приглашений пользователя","timestamp":"2026-03-24 15:52:00","userId":1}
{"assignmentId":60,"level":"info","message":"Получение состава команды проекта","timestamp":"2026-03-24 15:52:00"}
{"assignmentId":60,"level":"info","message":"Получение состава команды проекта","timestamp":"2026-03-24 15:52:00"}
{"level":"info","message":"Получение заданий для пользователя ID: 1","timestamp":"2026-03-24 15:52:31"}
{"level":"info","message":"Получение ожидающих приглашений пользователя","timestamp":"2026-03-24 15:52:31","userId":1}
{"level":"info","message":"Получение ожидающих приглашений пользователя","timestamp":"2026-03-24 15:52:31","userId":1}
{"level":"info","message":"Получение заданий для пользователя ID: 1","timestamp":"2026-03-24 15:52:31"}
{"level":"info","message":"Получение ожидающих приглашений пользователя","timestamp":"2026-03-24 15:52:31","userId":1}
{"level":"info","message":"Получение ожидающих приглашений пользователя","timestamp":"2026-03-24 15:52:31","userId":1}
{"level":"info","message":"Получение ожидающих приглашений пользователя","timestamp":"2026-03-24 15:52:31","userId":1}
{"level":"info","message":"Получение заданий для пользователя ID: 1","timestamp":"2026-03-24 15:52:31"}
{"level":"info","message":"Получение ожидающих приглашений пользователя","timestamp":"2026-03-24 15:52:31","userId":1}
{"assignmentId":60,"level":"info","message":"Получение состава команды проекта","timestamp":"2026-03-24 15:52:31"}
{"assignmentId":60,"level":"info","message":"Получение состава команды проекта","timestamp":"2026-03-24 15:52:31"}
{"assignmentId":60,"level":"info","message":"Получение состава команды проекта","timestamp":"2026-03-24 15:52:31"}
{"level":"info","message":"Получение заданий для пользователя ID: 1","timestamp":"2026-03-24 15:53:02"}
{"level":"info","message":"Получение ожидающих приглашений пользователя","timestamp":"2026-03-24 15:53:02","userId":1}
{"level":"info","message":"Получение ожидающих приглашений пользователя","timestamp":"2026-03-24 15:53:02","userId":1}
{"level":"info","message":"Получение заданий для пользователя ID: 1","timestamp":"2026-03-24 15:53:02"}
{"level":"info","message":"Получение ожидающих приглашений пользователя","timestamp":"2026-03-24 15:53:02","userId":1}
{"level":"info","message":"Получение ожидающих приглашений пользователя","timestamp":"2026-03-24 15:53:02","userId":1}
{"level":"info","message":"Получение ожидающих приглашений пользователя","timestamp":"2026-03-24 15:53:02","userId":1}
{"level":"info","message":"Получение заданий для пользователя ID: 1","timestamp":"2026-03-24 15:53:02"}
{"assignmentId":60,"level":"info","message":"Получение состава команды проекта","timestamp":"2026-03-24 15:53:02"}
{"level":"info","message":"Получение ожидающих приглашений пользователя","timestamp":"2026-03-24 15:53:02","userId":1}
{"assignmentId":60,"level":"info","message":"Получение состава команды проекта","timestamp":"2026-03-24 15:53:02"}
{"assignmentId":60,"level":"info","message":"Получение состава команды проекта","timestamp":"2026-03-24 15:53:02"}
{"level":"info","message":"Получение заданий для пользователя ID: 1","timestamp":"2026-03-24 15:53:33"}
{"level":"info","message":"Получение ожидающих приглашений пользователя","timestamp":"2026-03-24 15:53:33","userId":1}
{"level":"info","message":"Получение ожидающих приглашений пользователя","timestamp":"2026-03-24 15:53:33","userId":1}
{"level":"info","message":"Получение ожидающих приглашений пользователя","timestamp":"2026-03-24 15:53:33","userId":1}
{"level":"info","message":"Получение заданий для пользователя ID: 1","timestamp":"2026-03-24 15:53:33"}
{"level":"info","message":"Получение ожидающих приглашений пользователя","timestamp":"2026-03-24 15:53:33","userId":1}
{"level":"info","message":"Получение ожидающих приглашений пользователя","timestamp":"2026-03-24 15:53:33","userId":1}
{"level":"info","message":"Получение ожидающих приглашений пользователя","timestamp":"2026-03-24 15:53:33","userId":1}
{"level":"info","message":"Получение заданий для пользователя ID: 1","timestamp":"2026-03-24 15:53:33"}
{"assignmentId":60,"level":"info","message":"Получение состава команды проекта","timestamp":"2026-03-24 15:53:33"}
{"assignmentId":60,"level":"info","message":"Получение состава команды проекта","timestamp":"2026-03-24 15:53:33"}
{"assignmentId":60,"level":"info","message":"Получение состава команды проекта","timestamp":"2026-03-24 15:53:33"}
{"level":"info","message":"Получение ожидающих приглашений пользователя","timestamp":"2026-03-24 15:54:04","userId":1}
{"level":"info","message":"Получение заданий для пользователя ID: 1","timestamp":"2026-03-24 15:54:04"}
{"level":"info","message":"Получение ожидающих приглашений пользователя","timestamp":"2026-03-24 15:54:04","userId":1}
{"level":"info","message":"Получение ожидающих приглашений пользователя","timestamp":"2026-03-24 15:54:04","userId":1}
{"level":"info","message":"Получение заданий для пользователя ID: 1","timestamp":"2026-03-24 15:54:04"}
{"level":"info","message":"Получение ожидающих приглашений пользователя","timestamp":"2026-03-24 15:54:04","userId":1}
{"level":"info","message":"Получение ожидающих приглашений пользователя","timestamp":"2026-03-24 15:54:04","userId":1}
{"level":"info","message":"Получение заданий для пользователя ID: 1","timestamp":"2026-03-24 15:54:04"}
{"level":"info","message":"Получение ожидающих приглашений пользователя","timestamp":"2026-03-24 15:54:04","userId":1}
{"assignmentId":60,"level":"info","message":"Получение состава команды проекта","timestamp":"2026-03-24 15:54:04"}
{"assignmentId":60,"level":"info","message":"Получение состава команды проекта","timestamp":"2026-03-24 15:54:04"}
{"assignmentId":60,"level":"info","message":"Получение состава команды проекта","timestamp":"2026-03-24 15:54:04"}
{"level":"info","message":"Получение заданий для пользователя ID: 1","timestamp":"2026-03-24 15:54:35"}
{"level":"info","message":"Получение ожидающих приглашений пользователя","timestamp":"2026-03-24 15:54:35","userId":1}
{"level":"info","message":"Получение ожидающих приглашений пользователя","timestamp":"2026-03-24 15:54:35","userId":1}
{"level":"info","message":"Получение заданий для пользователя ID: 1","timestamp":"2026-03-24 15:54:35"}
{"level":"info","message":"Получение ожидающих приглашений пользователя","timestamp":"2026-03-24 15:54:35","userId":1}
{"level":"info","message":"Получение ожидающих приглашений пользователя","timestamp":"2026-03-24 15:54:35","userId":1}
{"assignmentId":60,"level":"info","message":"Получение состава команды проекта","timestamp":"2026-03-24 15:54:35"}
{"level":"info","message":"Получение ожидающих приглашений пользователя","timestamp":"2026-03-24 15:54:35","userId":1}
{"level":"info","message":"Получение заданий для пользователя ID: 1","timestamp":"2026-03-24 15:54:35"}
{"level":"info","message":"Получение ожидающих приглашений пользователя","timestamp":"2026-03-24 15:54:35","userId":1}
{"assignmentId":60,"level":"info","message":"Получение состава команды проекта","timestamp":"2026-03-24 15:54:35"}
{"assignmentId":60,"level":"info","message":"Получение состава команды проекта","timestamp":"2026-03-24 15:54:35"}
{"level":"info","message":"Получение ожидающих приглашений пользователя","timestamp":"2026-03-24 15:55:06","userId":1}
{"level":"info","message":"Получение заданий для пользователя ID: 1","timestamp":"2026-03-24 15:55:06"}
{"level":"info","message":"Получение ожидающих приглашений пользователя","timestamp":"2026-03-24 15:55:06","userId":1}
{"level":"info","message":"Получение ожидающих приглашений пользователя","timestamp":"2026-03-24 15:55:06","userId":1}
{"level":"info","message":"Получение ожидающих приглашений пользователя","timestamp":"2026-03-24 15:55:06","userId":1}
{"level":"info","message":"Получение заданий для пользователя ID: 1","timestamp":"2026-03-24 15:55:06"}
{"level":"info","message":"Получение ожидающих приглашений пользователя","timestamp":"2026-03-24 15:55:06","userId":1}
{"level":"info","message":"Получение ожидающих приглашений пользователя","timestamp":"2026-03-24 15:55:06","userId":1}
{"assignmentId":60,"level":"info","message":"Получение состава команды проекта","timestamp":"2026-03-24 15:55:06"}
{"level":"info","message":"Получение заданий для пользователя ID: 1","timestamp":"2026-03-24 15:55:06"}
{"assignmentId":60,"level":"info","message":"Получение состава команды проекта","timestamp":"2026-03-24 15:55:06"}
{"assignmentId":60,"level":"info","message":"Получение состава команды проекта","timestamp":"2026-03-24 15:55:06"}
{"level":"info","message":"Получение заданий для пользователя ID: 1","timestamp":"2026-03-24 15:55:37"}
{"level":"info","message":"Получение ожидающих приглашений пользователя","timestamp":"2026-03-24 15:55:37","userId":1}
{"level":"info","message":"Получение ожидающих приглашений пользователя","timestamp":"2026-03-24 15:55:37","userId":1}
{"level":"info","message":"Получение заданий для пользователя ID: 1","timestamp":"2026-03-24 15:55:37"}
{"level":"info","message":"Получение ожидающих приглашений пользователя","timestamp":"2026-03-24 15:55:37","userId":1}
{"level":"info","message":"Получение ожидающих приглашений пользователя","timestamp":"2026-03-24 15:55:37","userId":1}
{"assignmentId":60,"level":"info","message":"Получение состава команды проекта","timestamp":"2026-03-24 15:55:37"}
{"level":"info","message":"Получение заданий для пользователя ID: 1","timestamp":"2026-03-24 15:55:37"}
{"level":"info","message":"Получение ожидающих приглашений пользователя","timestamp":"2026-03-24 15:55:37","userId":1}
{"level":"info","message":"Получение ожидающих приглашений пользователя","timestamp":"2026-03-24 15:55:37","userId":1}
{"assignmentId":60,"level":"info","message":"Получение состава команды проекта","timestamp":"2026-03-24 15:55:37"}
{"assignmentId":60,"level":"info","message":"Получение состава команды проекта","timestamp":"2026-03-24 15:55:37"}
{"level":"info","message":"Получение заданий для пользователя ID: 1","timestamp":"2026-03-24 15:56:08"}
{"level":"info","message":"Получение ожидающих приглашений пользователя","timestamp":"2026-03-24 15:56:08","userId":1}
{"level":"info","message":"Получение ожидающих приглашений пользователя","timestamp":"2026-03-24 15:56:08","userId":1}
{"level":"info","message":"Получение заданий для пользователя ID: 1","timestamp":"2026-03-24 15:56:08"}
{"level":"info","message":"Получение ожидающих приглашений пользователя","timestamp":"2026-03-24 15:56:08","userId":1}
{"level":"info","message":"Получение ожидающих приглашений пользователя","timestamp":"2026-03-24 15:56:08","userId":1}
{"assignmentId":60,"level":"info","message":"Получение состава команды проекта","timestamp":"2026-03-24 15:56:08"}
{"level":"info","message":"Получение ожидающих приглашений пользователя","timestamp":"2026-03-24 15:56:08","userId":1}
{"level":"info","message":"Получение заданий для пользователя ID: 1","timestamp":"2026-03-24 15:56:08"}
{"level":"info","message":"Получение ожидающих приглашений пользователя","timestamp":"2026-03-24 15:56:08","userId":1}
{"assignmentId":60,"level":"info","message":"Получение состава команды проекта","timestamp":"2026-03-24 15:56:08"}
{"assignmentId":60,"level":"info","message":"Получение состава команды проекта","timestamp":"2026-03-24 15:56:08"}
{"level":"info","message":"Получение заданий для пользователя ID: 1","timestamp":"2026-03-24 15:56:39"}
{"level":"info","message":"Получение ожидающих приглашений пользователя","timestamp":"2026-03-24 15:56:39","userId":1}
{"level":"info","message":"Получение ожидающих приглашений пользователя","timestamp":"2026-03-24 15:56:39","userId":1}
{"level":"info","message":"Получение заданий для пользователя ID: 1","timestamp":"2026-03-24 15:56:39"}
{"level":"info","message":"Получение ожидающих приглашений пользователя","timestamp":"2026-03-24 15:56:39","userId":1}
{"level":"info","message":"Получение ожидающих приглашений пользователя","timestamp":"2026-03-24 15:56:39","userId":1}
{"assignmentId":60,"level":"info","message":"Получение состава команды проекта","timestamp":"2026-03-24 15:56:39"}
{"level":"info","message":"Получение заданий для пользователя ID: 1","timestamp":"2026-03-24 15:56:39"}
{"level":"info","message":"Получение ожидающих приглашений пользователя","timestamp":"2026-03-24 15:56:39","userId":1}
{"level":"info","message":"Получение ожидающих приглашений пользователя","timestamp":"2026-03-24 15:56:39","userId":1}
{"assignmentId":60,"level":"info","message":"Получение состава команды проекта","timestamp":"2026-03-24 15:56:39"}
{"assignmentId":60,"level":"info","message":"Получение состава команды проекта","timestamp":"2026-03-24 15:56:39"}
{"level":"info","message":"Получение заданий для пользователя ID: 1","timestamp":"2026-03-24 15:57:10"}
{"level":"info","message":"Получение ожидающих приглашений пользователя","timestamp":"2026-03-24 15:57:10","userId":1}
{"level":"info","message":"Получение ожидающих приглашений пользователя","timestamp":"2026-03-24 15:57:10","userId":1}
{"level":"info","message":"Получение заданий для пользователя ID: 1","timestamp":"2026-03-24 15:57:10"}
{"level":"info","message":"Получение ожидающих приглашений пользователя","timestamp":"2026-03-24 15:57:10","userId":1}
{"level":"info","message":"Получение ожидающих приглашений пользователя","timestamp":"2026-03-24 15:57:10","userId":1}
{"level":"info","message":"Получение заданий для пользователя ID: 1","timestamp":"2026-03-24 15:57:10"}
{"level":"info","message":"Получение ожидающих приглашений пользователя","timestamp":"2026-03-24 15:57:10","userId":1}
{"level":"info","message":"Получение ожидающих приглашений пользователя","timestamp":"2026-03-24 15:57:10","userId":1}
{"assignmentId":60,"level":"info","message":"Получение состава команды проекта","timestamp":"2026-03-24 15:57:10"}
{"assignmentId":60,"level":"info","message":"Получение состава команды проекта","timestamp":"2026-03-24 15:57:10"}
{"level":"info","message":"Получение ожидающих приглашений пользователя","timestamp":"2026-03-24 15:57:41","userId":1}
{"level":"info","message":"Получение заданий для пользователя ID: 1","timestamp":"2026-03-24 15:57:41"}
{"level":"info","message":"Получение ожидающих приглашений пользователя","timestamp":"2026-03-24 15:57:41","userId":1}
{"level":"info","message":"Получение ожидающих приглашений пользователя","timestamp":"2026-03-24 15:57:41","userId":1}
{"level":"info","message":"Получение заданий для пользователя ID: 1","timestamp":"2026-03-24 15:57:41"}
{"level":"info","message":"Получение ожидающих приглашений пользователя","timestamp":"2026-03-24 15:57:41","userId":1}
{"level":"info","message":"Получение ожидающих приглашений пользователя","timestamp":"2026-03-24 15:57:41","userId":1}
{"level":"info","message":"Получение заданий для пользователя ID: 1","timestamp":"2026-03-24 15:57:41"}
{"level":"info","message":"Получение ожидающих приглашений пользователя","timestamp":"2026-03-24 15:57:41","userId":1}
{"assignmentId":60,"level":"info","message":"Получение состава команды проекта","timestamp":"2026-03-24 15:57:41"}
{"assignmentId":60,"level":"info","message":"Получение состава команды проекта","timestamp":"2026-03-24 15:57:41"}
{"assignmentId":60,"level":"info","message":"Получение состава команды проекта","timestamp":"2026-03-24 15:57:41"}
{"level":"info","message":"Получение заданий для пользователя ID: 1","timestamp":"2026-03-24 15:58:12"}
{"level":"info","message":"Получение ожидающих приглашений пользователя","timestamp":"2026-03-24 15:58:12","userId":1}
{"level":"info","message":"Получение ожидающих приглашений пользователя","timestamp":"2026-03-24 15:58:12","userId":1}
{"level":"info","message":"Получение ожидающих приглашений пользователя","timestamp":"2026-03-24 15:58:12","userId":1}
{"level":"info","message":"Получение заданий для пользователя ID: 1","timestamp":"2026-03-24 15:58:12"}
{"level":"info","message":"Получение ожидающих приглашений пользователя","timestamp":"2026-03-24 15:58:12","userId":1}
{"level":"info","message":"Получение ожидающих приглашений пользователя","timestamp":"2026-03-24 15:58:12","userId":1}
{"assignmentId":60,"level":"info","message":"Получение состава команды проекта","timestamp":"2026-03-24 15:58:12"}
{"level":"info","message":"Получение заданий для пользователя ID: 1","timestamp":"2026-03-24 15:58:12"}
{"level":"info","message":"Получение ожидающих приглашений пользователя","timestamp":"2026-03-24 15:58:12","userId":1}
{"assignmentId":60,"level":"info","message":"Получение состава команды проекта","timestamp":"2026-03-24 15:58:12"}
{"assignmentId":60,"level":"info","message":"Получение состава команды проекта","timestamp":"2026-03-24 15:58:12"}
{"level":"info","message":"Получение заданий для пользователя ID: 1","timestamp":"2026-03-24 15:58:43"}
{"level":"info","message":"Получение ожидающих приглашений пользователя","timestamp":"2026-03-24 15:58:43","userId":1}
{"level":"info","message":"Получение ожидающих приглашений пользователя","timestamp":"2026-03-24 15:58:43","userId":1}
{"level":"info","message":"Получение заданий для пользователя ID: 1","timestamp":"2026-03-24 15:58:43"}
{"level":"info","message":"Получение ожидающих приглашений пользователя","timestamp":"2026-03-24 15:58:43","userId":1}
{"level":"info","message":"Получение ожидающих приглашений пользователя","timestamp":"2026-03-24 15:58:43","userId":1}
{"level":"info","message":"Получение ожидающих приглашений пользователя","timestamp":"2026-03-24 15:58:43","userId":1}
{"level":"info","message":"Получение заданий для пользователя ID: 1","timestamp":"2026-03-24 15:58:43"}
{"assignmentId":60,"level":"info","message":"Получение состава команды проекта","timestamp":"2026-03-24 15:58:43"}
{"level":"info","message":"Получение ожидающих приглашений пользователя","timestamp":"2026-03-24 15:58:43","userId":1}
{"assignmentId":60,"level":"info","message":"Получение состава команды проекта","timestamp":"2026-03-24 15:58:43"}
{"assignmentId":60,"level":"info","message":"Получение состава команды проекта","timestamp":"2026-03-24 15:58:43"}
{"level":"info","message":"Получение заданий для пользователя ID: 1","timestamp":"2026-03-24 15:59:14"}
{"level":"info","message":"Получение ожидающих приглашений пользователя","timestamp":"2026-03-24 15:59:14","userId":1}
{"level":"info","message":"Получение ожидающих приглашений пользователя","timestamp":"2026-03-24 15:59:14","userId":1}
{"level":"info","message":"Получение ожидающих приглашений пользователя","timestamp":"2026-03-24 15:59:14","userId":1}
{"level":"info","message":"Получение заданий для пользователя ID: 1","timestamp":"2026-03-24 15:59:14"}
{"level":"info","message":"Получение ожидающих приглашений пользователя","timestamp":"2026-03-24 15:59:14","userId":1}
{"level":"info","message":"Получение ожидающих приглашений пользователя","timestamp":"2026-03-24 15:59:14","userId":1}
{"level":"info","message":"Получение ожидающих приглашений пользователя","timestamp":"2026-03-24 15:59:14","userId":1}
{"assignmentId":60,"level":"info","message":"Получение состава команды проекта","timestamp":"2026-03-24 15:59:14"}
{"level":"info","message":"Получение заданий для пользователя ID: 1","timestamp":"2026-03-24 15:59:14"}
{"assignmentId":60,"level":"info","message":"Получение состава команды проекта","timestamp":"2026-03-24 15:59:14"}
{"assignmentId":60,"level":"info","message":"Получение состава команды проекта","timestamp":"2026-03-24 15:59:14"}
{"level":"info","message":"Получение заданий для пользователя ID: 1","timestamp":"2026-03-24 15:59:45"}
{"level":"info","message":"Получение ожидающих приглашений пользователя","timestamp":"2026-03-24 15:59:45","userId":1}
{"level":"info","message":"Получение ожидающих приглашений пользователя","timestamp":"2026-03-24 15:59:45","userId":1}
{"level":"info","message":"Получение ожидающих приглашений пользователя","timestamp":"2026-03-24 15:59:45","userId":1}
{"level":"info","message":"Получение заданий для пользователя ID: 1","timestamp":"2026-03-24 15:59:45"}
{"level":"info","message":"Получение ожидающих приглашений пользователя","timestamp":"2026-03-24 15:59:45","userId":1}
{"level":"info","message":"Получение ожидающих приглашений пользователя","timestamp":"2026-03-24 15:59:45","userId":1}
{"level":"info","message":"Получение заданий для пользователя ID: 1","timestamp":"2026-03-24 15:59:45"}
{"level":"info","message":"Получение ожидающих приглашений пользователя","timestamp":"2026-03-24 15:59:45","userId":1}
{"assignmentId":60,"level":"info","message":"Получение состава команды проекта","timestamp":"2026-03-24 15:59:45"}
{"assignmentId":60,"level":"info","message":"Получение состава команды проекта","timestamp":"2026-03-24 15:59:45"}
{"assignmentId":60,"level":"info","message":"Получение состава команды проекта","timestamp":"2026-03-24 15:59:45"}
{"level":"info","message":"Получение ожидающих приглашений пользователя","timestamp":"2026-03-24 16:00:16","userId":1}
{"level":"info","message":"Получение заданий для пользователя ID: 1","timestamp":"2026-03-24 16:00:16"}
{"level":"info","message":"Получение ожидающих приглашений пользователя","timestamp":"2026-03-24 16:00:16","userId":1}
{"level":"info","message":"Получение ожидающих приглашений пользователя","timestamp":"2026-03-24 16:00:16","userId":1}
{"level":"info","message":"Получение заданий для пользователя ID: 1","timestamp":"2026-03-24 16:00:16"}
{"level":"info","message":"Получение ожидающих приглашений пользователя","timestamp":"2026-03-24 16:00:16","userId":1}
{"assignmentId":60,"level":"info","message":"Получение состава команды проекта","timestamp":"2026-03-24 16:00:16"}
{"level":"info","message":"Получение заданий для пользователя ID: 1","timestamp":"2026-03-24 16:00:16"}
{"level":"info","message":"Получение ожидающих приглашений пользователя","timestamp":"2026-03-24 16:00:16","userId":1}
{"level":"info","message":"Получение ожидающих приглашений пользователя","timestamp":"2026-03-24 16:00:16","userId":1}
{"assignmentId":60,"level":"info","message":"Получение состава команды проекта","timestamp":"2026-03-24 16:00:16"}
{"assignmentId":60,"level":"info","message":"Получение состава команды проекта","timestamp":"2026-03-24 16:00:16"}
{"level":"info","message":"Получение заданий для пользователя ID: 1","timestamp":"2026-03-24 16:00:47"}
{"level":"info","message":"Получение ожидающих приглашений пользователя","timestamp":"2026-03-24 16:00:47","userId":1}
{"level":"info","message":"Получение ожидающих приглашений пользователя","timestamp":"2026-03-24 16:00:47","userId":1}
{"level":"info","message":"Получение заданий для пользователя ID: 1","timestamp":"2026-03-24 16:00:47"}
{"level":"info","message":"Получение ожидающих приглашений пользователя","timestamp":"2026-03-24 16:00:47","userId":1}
{"level":"info","message":"Получение ожидающих приглашений пользователя","timestamp":"2026-03-24 16:00:47","userId":1}
{"level":"info","message":"Получение ожидающих приглашений пользователя","timestamp":"2026-03-24 16:00:47","userId":1}
{"assignmentId":60,"level":"info","message":"Получение состава команды проекта","timestamp":"2026-03-24 16:00:47"}
{"level":"info","message":"Получение заданий для пользователя ID: 1","timestamp":"2026-03-24 16:00:47"}
{"level":"info","message":"Получение ожидающих приглашений пользователя","timestamp":"2026-03-24 16:00:47","userId":1}
{"assignmentId":60,"level":"info","message":"Получение состава команды проекта","timestamp":"2026-03-24 16:00:47"}
{"assignmentId":60,"level":"info","message":"Получение состава команды проекта","timestamp":"2026-03-24 16:00:47"}
{"level":"info","message":"Получение ожидающих приглашений пользователя","timestamp":"2026-03-24 16:01:18","userId":1}
{"level":"info","message":"Получение заданий для пользователя ID: 1","timestamp":"2026-03-24 16:01:18"}
{"level":"info","message":"Получение ожидающих приглашений пользователя","timestamp":"2026-03-24 16:01:18","userId":1}
{"level":"info","message":"Получение ожидающих приглашений пользователя","timestamp":"2026-03-24 16:01:18","userId":1}
{"level":"info","message":"Получение заданий для пользователя ID: 1","timestamp":"2026-03-24 16:01:18"}
{"level":"info","message":"Получение ожидающих приглашений пользователя","timestamp":"2026-03-24 16:01:18","userId":1}
{"level":"info","message":"Получение ожидающих приглашений пользователя","timestamp":"2026-03-24 16:01:18","userId":1}
{"level":"info","message":"Получение ожидающих приглашений пользователя","timestamp":"2026-03-24 16:01:18","userId":1}
{"assignmentId":60,"level":"info","message":"Получение состава команды проекта","timestamp":"2026-03-24 16:01:18"}
{"level":"info","message":"Получение заданий для пользователя ID: 1","timestamp":"2026-03-24 16:01:18"}
{"assignmentId":60,"level":"info","message":"Получение состава команды проекта","timestamp":"2026-03-24 16:01:18"}
{"assignmentId":60,"level":"info","message":"Получение состава команды проекта","timestamp":"2026-03-24 16:01:18"}
{"level":"info","message":"Получение заданий для пользователя ID: 1","timestamp":"2026-03-24 16:01:49"}
{"level":"info","message":"Получение ожидающих приглашений пользователя","timestamp":"2026-03-24 16:01:49","userId":1}
{"level":"info","message":"Получение ожидающих приглашений пользователя","timestamp":"2026-03-24 16:01:49","userId":1}
{"level":"info","message":"Получение заданий для пользователя ID: 1","timestamp":"2026-03-24 16:01:49"}
{"level":"info","message":"Получение ожидающих приглашений пользователя","timestamp":"2026-03-24 16:01:49","userId":1}
{"level":"info","message":"Получение ожидающих приглашений пользователя","timestamp":"2026-03-24 16:01:49","userId":1}
{"level":"info","message":"Получение ожидающих приглашений пользователя","timestamp":"2026-03-24 16:01:49","userId":1}
{"level":"info","message":"Получение заданий для пользователя ID: 1","timestamp":"2026-03-24 16:01:49"}
{"assignmentId":60,"level":"info","message":"Получение состава команды проекта","timestamp":"2026-03-24 16:01:49"}
{"level":"info","message":"Получение ожидающих приглашений пользователя","timestamp":"2026-03-24 16:01:49","userId":1}
{"assignmentId":60,"level":"info","message":"Получение состава команды проекта","timestamp":"2026-03-24 16:01:49"}
{"assignmentId":60,"level":"info","message":"Получение состава команды проекта","timestamp":"2026-03-24 16:01:49"}
{"level":"info","message":"Получение заданий для пользователя ID: 1","timestamp":"2026-03-24 16:02:20"}
{"level":"info","message":"Получение ожидающих приглашений пользователя","timestamp":"2026-03-24 16:02:20","userId":1}
{"level":"info","message":"Получение ожидающих приглашений пользователя","timestamp":"2026-03-24 16:02:20","userId":1}
{"level":"info","message":"Получение заданий для пользователя ID: 1","timestamp":"2026-03-24 16:02:20"}
{"level":"info","message":"Получение ожидающих приглашений пользователя","timestamp":"2026-03-24 16:02:20","userId":1}
{"level":"info","message":"Получение ожидающих приглашений пользователя","timestamp":"2026-03-24 16:02:20","userId":1}
{"level":"info","message":"Получение ожидающих приглашений пользователя","timestamp":"2026-03-24 16:02:20","userId":1}
{"level":"info","message":"Получение заданий для пользователя ID: 1","timestamp":"2026-03-24 16:02:20"}
{"level":"info","message":"Получение ожидающих приглашений пользователя","timestamp":"2026-03-24 16:02:20","userId":1}
{"assignmentId":60,"level":"info","message":"Получение состава команды проекта","timestamp":"2026-03-24 16:02:20"}
{"assignmentId":60,"level":"info","message":"Получение состава команды проекта","timestamp":"2026-03-24 16:02:20"}
{"assignmentId":60,"level":"info","message":"Получение состава команды проекта","timestamp":"2026-03-24 16:02:20"}
{"level":"info","message":"Получение ожидающих приглашений пользователя","timestamp":"2026-03-24 16:02:51","userId":1}
{"level":"info","message":"Получение заданий для пользователя ID: 1","timestamp":"2026-03-24 16:02:51"}
{"level":"info","message":"Получение ожидающих приглашений пользователя","timestamp":"2026-03-24 16:02:51","userId":1}
{"level":"info","message":"Получение ожидающих приглашений пользователя","timestamp":"2026-03-24 16:02:51","userId":1}
{"level":"info","message":"Получение заданий для пользователя ID: 1","timestamp":"2026-03-24 16:02:51"}
{"level":"info","message":"Получение ожидающих приглашений пользователя","timestamp":"2026-03-24 16:02:51","userId":1}
{"level":"info","message":"Получение ожидающих приглашений пользователя","timestamp":"2026-03-24 16:02:51","userId":1}
{"level":"info","message":"Получение ожидающих приглашений пользователя","timestamp":"2026-03-24 16:02:51","userId":1}
{"level":"info","message":"Получение заданий для пользователя ID: 1","timestamp":"2026-03-24 16:02:51"}
{"assignmentId":60,"level":"info","message":"Получение состава команды проекта","timestamp":"2026-03-24 16:02:51"}
{"assignmentId":60,"level":"info","message":"Получение состава команды проекта","timestamp":"2026-03-24 16:02:51"}
{"assignmentId":60,"level":"info","message":"Получение состава команды проекта","timestamp":"2026-03-24 16:02:51"}
{"level":"info","message":"Получение заданий для пользователя ID: 1","timestamp":"2026-03-24 16:03:21"}
{"level":"info","message":"Получение ожидающих приглашений пользователя","timestamp":"2026-03-24 16:03:21","userId":1}
{"level":"info","message":"Получение ожидающих приглашений пользователя","timestamp":"2026-03-24 16:03:21","userId":1}
{"level":"info","message":"Получение заданий для пользователя ID: 1","timestamp":"2026-03-24 16:03:21"}
{"level":"info","message":"Получение ожидающих приглашений пользователя","timestamp":"2026-03-24 16:03:21","userId":1}
{"level":"info","message":"Получение ожидающих приглашений пользователя","timestamp":"2026-03-24 16:03:21","userId":1}
{"level":"info","message":"Получение ожидающих приглашений пользователя","timestamp":"2026-03-24 16:03:21","userId":1}
{"level":"info","message":"Получение заданий для пользователя ID: 1","timestamp":"2026-03-24 16:03:21"}
{"assignmentId":60,"level":"info","message":"Получение состава команды проекта","timestamp":"2026-03-24 16:03:21"}
{"level":"info","message":"Получение ожидающих приглашений пользователя","timestamp":"2026-03-24 16:03:21","userId":1}
{"assignmentId":60,"level":"info","message":"Получение состава команды проекта","timestamp":"2026-03-24 16:03:21"}
{"assignmentId":60,"level":"info","message":"Получение состава команды проекта","timestamp":"2026-03-24 16:03:21"}
{"level":"info","message":"Получение заданий для пользователя ID: 1","timestamp":"2026-03-24 16:03:52"}
{"level":"info","message":"Получение ожидающих приглашений пользователя","timestamp":"2026-03-24 16:03:52","userId":1}
{"level":"info","message":"Получение ожидающих приглашений пользователя","timestamp":"2026-03-24 16:03:52","userId":1}
{"level":"info","message":"Получение заданий для пользователя ID: 1","timestamp":"2026-03-24 16:03:52"}
{"level":"info","message":"Получение ожидающих приглашений пользователя","timestamp":"2026-03-24 16:03:52","userId":1}
{"level":"info","message":"Получение ожидающих приглашений пользователя","timestamp":"2026-03-24 16:03:52","userId":1}
{"level":"info","message":"Получение ожидающих приглашений пользователя","timestamp":"2026-03-24 16:03:52","userId":1}
{"level":"info","message":"Получение заданий для пользователя ID: 1","timestamp":"2026-03-24 16:03:52"}
{"level":"info","message":"Получение ожидающих приглашений пользователя","timestamp":"2026-03-24 16:03:52","userId":1}
{"assignmentId":60,"level":"info","message":"Получение состава команды проекта","timestamp":"2026-03-24 16:03:52"}
{"assignmentId":60,"level":"info","message":"Получение состава команды проекта","timestamp":"2026-03-24 16:03:52"}
{"assignmentId":60,"level":"info","message":"Получение состава команды проекта","timestamp":"2026-03-24 16:03:52"}
{"level":"info","message":"Получение заданий для пользователя ID: 1","timestamp":"2026-03-24 16:04:23"}
{"level":"info","message":"Получение ожидающих приглашений пользователя","timestamp":"2026-03-24 16:04:23","userId":1}
{"level":"info","message":"Получение ожидающих приглашений пользователя","timestamp":"2026-03-24 16:04:23","userId":1}
{"level":"info","message":"Получение заданий для пользователя ID: 1","timestamp":"2026-03-24 16:04:23"}
{"level":"info","message":"Получение ожидающих приглашений пользователя","timestamp":"2026-03-24 16:04:23","userId":1}
{"level":"info","message":"Получение ожидающих приглашений пользователя","timestamp":"2026-03-24 16:04:23","userId":1}
{"level":"info","message":"Получение ожидающих приглашений пользователя","timestamp":"2026-03-24 16:04:23","userId":1}
{"level":"info","message":"Получение заданий для пользователя ID: 1","timestamp":"2026-03-24 16:04:23"}
{"level":"info","message":"Получение ожидающих приглашений пользователя","timestamp":"2026-03-24 16:04:23","userId":1}
{"assignmentId":60,"level":"info","message":"Получение состава команды проекта","timestamp":"2026-03-24 16:04:23"}
{"assignmentId":60,"level":"info","message":"Получение состава команды проекта","timestamp":"2026-03-24 16:04:23"}
{"assignmentId":60,"level":"info","message":"Получение состава команды проекта","timestamp":"2026-03-24 16:04:23"}
{"commentId":81,"level":"info","message":"Comment created with audit","taskId":203,"timestamp":"2026-03-24 16:04:40","userId":1}
{"level":"info","message":"Получение заданий для пользователя ID: 2","timestamp":"2026-03-24 16:04:55"}
{"level":"info","message":"Получение ожидающих приглашений пользователя","timestamp":"2026-03-24 16:04:55","userId":2}
{"level":"info","message":"Получение ожидающих приглашений пользователя","timestamp":"2026-03-24 16:04:55","userId":2}
{"level":"info","message":"Получение ожидающих приглашений пользователя","timestamp":"2026-03-24 16:04:55","userId":2}
{"level":"info","message":"Получение заданий для пользователя ID: 2","timestamp":"2026-03-24 16:04:55"}
{"level":"info","message":"Получение ожидающих приглашений пользователя","timestamp":"2026-03-24 16:04:55","userId":2}
{"level":"info","message":"Получение ожидающих приглашений пользователя","timestamp":"2026-03-24 16:04:55","userId":2}
{"level":"info","message":"Получение ожидающих приглашений пользователя","timestamp":"2026-03-24 16:04:55","userId":2}
{"level":"info","message":"Получение заданий для пользователя ID: 2","timestamp":"2026-03-24 16:04:55"}
{"level":"info","message":"Получение ожидающих приглашений пользователя","timestamp":"2026-03-24 16:04:55","userId":2}
{"level":"info","message":"Получение ожидающих приглашений пользователя","timestamp":"2026-03-24 16:04:55","userId":2}
{"level":"info","message":"Получение ожидающих приглашений пользователя","timestamp":"2026-03-24 16:04:55","userId":2}
{"level":"info","message":"Получение заданий для пользователя ID: 2","timestamp":"2026-03-24 16:04:55"}
{"level":"info","message":"Получение ожидающих приглашений пользователя","timestamp":"2026-03-24 16:04:55","userId":2}
{"level":"info","message":"Получение заданий для пользователя ID: 2","timestamp":"2026-03-24 16:04:56"}
{"assignmentId":26,"level":"info","message":"Получение состава команды проекта","timestamp":"2026-03-24 16:04:56"}
{"assignmentId":26,"level":"info","message":"Получение состава команды проекта","timestamp":"2026-03-24 16:04:56"}
{"assignmentId":26,"level":"info","message":"Получение состава команды проекта","timestamp":"2026-03-24 16:04:56"}
{"level":"info","message":"Получение заданий для пользователя ID: 2","timestamp":"2026-03-24 16:05:00"}
{"level":"info","message":"Получение ожидающих приглашений пользователя","timestamp":"2026-03-24 16:05:00","userId":2}
{"level":"info","message":"Получение ожидающих приглашений пользователя","timestamp":"2026-03-24 16:05:00","userId":2}
{"level":"info","message":"Получение заданий для пользователя ID: 2","timestamp":"2026-03-24 16:05:00"}
{"level":"info","message":"Получение ожидающих приглашений пользователя","timestamp":"2026-03-24 16:05:00","userId":2}
{"level":"info","message":"Получение ожидающих приглашений пользователя","timestamp":"2026-03-24 16:05:00","userId":2}
{"commentId":82,"level":"info","message":"Comment created with audit","taskId":203,"timestamp":"2026-03-24 16:05:29","userId":2}
{"level":"info","message":"Получение ожидающих приглашений пользователя","timestamp":"2026-03-24 16:05:30","userId":2}
{"level":"info","message":"Получение ожидающих приглашений пользователя","timestamp":"2026-03-24 16:06:01","userId":2}
{"level":"info","message":"Получение ожидающих приглашений пользователя","timestamp":"2026-03-24 16:06:31","userId":2}
{"level":"info","message":"Получение ожидающих приглашений пользователя","timestamp":"2026-03-24 16:07:01","userId":2}
{"level":"info","message":"Получение ожидающих приглашений пользователя","timestamp":"2026-03-24 16:07:31","userId":2}
{"level":"info","message":"Получение ожидающих приглашений пользователя","timestamp":"2026-03-24 16:08:01","userId":2}
{"level":"info","message":"Получение ожидающих приглашений пользователя","timestamp":"2026-03-24 16:08:57","userId":2}
{"level":"info","message":"Получение ожидающих приглашений пользователя","timestamp":"2026-03-24 16:09:54","userId":2}
{"level":"info","message":"Получение ожидающих приглашений пользователя","timestamp":"2026-03-24 16:10:00","userId":2}
{"level":"info","message":"Получение ожидающих приглашений пользователя","timestamp":"2026-03-24 16:10:31","userId":2}
{"level":"info","message":"Получение ожидающих приглашений пользователя","timestamp":"2026-03-24 16:11:01","userId":2}
{"level":"info","message":"Получение ожидающих приглашений пользователя","timestamp":"2026-03-24 16:11:57","userId":2}
{"level":"info","message":"Получение ожидающих приглашений пользователя","timestamp":"2026-03-24 16:12:57","userId":2}
{"level":"info","message":"Получение ожидающих приглашений пользователя","timestamp":"2026-03-24 16:13:57","userId":2}
{"level":"info","message":"Получение ожидающих приглашений пользователя","timestamp":"2026-03-24 16:14:57","userId":2}
{"level":"info","message":"Получение ожидающих приглашений пользователя","timestamp":"2026-03-24 16:15:57","userId":2}
{"level":"info","message":"Получение ожидающих приглашений пользователя","timestamp":"2026-03-24 16:16:57","userId":2}
{"level":"info","message":"Получение ожидающих приглашений пользователя","timestamp":"2026-03-24 16:17:57","userId":2}
{"level":"info","message":"Получение ожидающих приглашений пользователя","timestamp":"2026-03-24 16:18:57","userId":2}
{"level":"info","message":"Получение ожидающих приглашений пользователя","timestamp":"2026-03-24 16:19:57","userId":2}
{"level":"info","message":"Получение ожидающих приглашений пользователя","timestamp":"2026-03-24 16:20:57","userId":2}
{"level":"info","message":"Получение ожидающих приглашений пользователя","timestamp":"2026-03-24 16:21:57","userId":2}
{"level":"info","message":"Получение ожидающих приглашений пользователя","timestamp":"2026-03-24 16:22:57","userId":2}
{"level":"info","message":"Получение ожидающих приглашений пользователя","timestamp":"2026-03-24 16:23:57","userId":2}
{"level":"info","message":"Получение ожидающих приглашений пользователя","timestamp":"2026-03-24 16:24:57","userId":2}
{"level":"info","message":"Получение ожидающих приглашений пользователя","timestamp":"2026-03-24 16:25:57","userId":2}
{"level":"info","message":"Получение ожидающих приглашений пользователя","timestamp":"2026-03-24 16:26:57","userId":2}
{"level":"info","message":"Получение ожидающих приглашений пользователя","timestamp":"2026-03-24 16:27:57","userId":2}
{"level":"info","message":"Получение ожидающих приглашений пользователя","timestamp":"2026-03-24 16:28:57","userId":2}
{"level":"info","message":"Получение ожидающих приглашений пользователя","timestamp":"2026-03-24 16:29:57","userId":2}
{"level":"info","message":"Получение ожидающих приглашений пользователя","timestamp":"2026-03-24 16:30:57","userId":2}
{"level":"info","message":"Получение ожидающих приглашений пользователя","timestamp":"2026-03-24 16:31:57","userId":2}
{"level":"info","message":"Получение ожидающих приглашений пользователя","timestamp":"2026-03-24 16:32:57","userId":2}
{"level":"info","message":"Получение ожидающих приглашений пользователя","timestamp":"2026-03-24 16:33:57","userId":2}
{"level":"info","message":"Получение ожидающих приглашений пользователя","timestamp":"2026-03-24 16:34:57","userId":2}
{"level":"info","message":"Получение ожидающих приглашений пользователя","timestamp":"2026-03-24 16:35:57","userId":2}
{"level":"info","message":"Получение ожидающих приглашений пользователя","timestamp":"2026-03-24 16:36:57","userId":2}
{"level":"info","message":"Получение ожидающих приглашений пользователя","timestamp":"2026-03-24 16:37:57","userId":2}
{"level":"info","message":"Получение ожидающих приглашений пользователя","timestamp":"2026-03-24 16:38:57","userId":2}
{"level":"info","message":"Получение ожидающих приглашений пользователя","timestamp":"2026-03-24 16:39:57","userId":2}
{"level":"info","message":"Получение ожидающих приглашений пользователя","timestamp":"2026-03-24 16:40:57","userId":2}
{"level":"info","message":"Получение ожидающих приглашений пользователя","timestamp":"2026-03-24 16:41:57","userId":2}
{"level":"info","message":"Получение ожидающих приглашений пользователя","timestamp":"2026-03-24 16:42:57","userId":2}
{"level":"info","message":"Получение ожидающих приглашений пользователя","timestamp":"2026-03-24 16:43:57","userId":2}
{"level":"info","message":"Получение ожидающих приглашений пользователя","timestamp":"2026-03-24 16:44:57","userId":2}
{"level":"info","message":"Получение ожидающих приглашений пользователя","timestamp":"2026-03-24 16:45:57","userId":2}
{"level":"info","message":"Получение ожидающих приглашений пользователя","timestamp":"2026-03-24 16:46:57","userId":2}
{"level":"info","message":"Получение ожидающих приглашений пользователя","timestamp":"2026-03-24 16:47:57","userId":2}
{"level":"info","message":"Получение ожидающих приглашений пользователя","timestamp":"2026-03-24 16:48:57","userId":2}
{"level":"info","message":"Получение ожидающих приглашений пользователя","timestamp":"2026-03-24 16:49:57","userId":2}
{"level":"info","message":"Получение ожидающих приглашений пользователя","timestamp":"2026-03-24 16:50:57","userId":2}
{"level":"info","message":"Получение ожидающих приглашений пользователя","timestamp":"2026-03-24 16:51:57","userId":2}
{"level":"info","message":"Получение ожидающих приглашений пользователя","timestamp":"2026-03-24 16:52:57","userId":2}
{"level":"info","message":"Получение ожидающих приглашений пользователя","timestamp":"2026-03-24 16:53:57","userId":2}
{"level":"info","message":"Получение ожидающих приглашений пользователя","timestamp":"2026-03-24 16:54:57","userId":2}
{"level":"info","message":"Получение ожидающих приглашений пользователя","timestamp":"2026-03-24 16:55:57","userId":2}
{"level":"info","message":"Получение ожидающих приглашений пользователя","timestamp":"2026-03-24 16:56:57","userId":2}
{"level":"info","message":"Получение ожидающих приглашений пользователя","timestamp":"2026-03-24 16:57:57","userId":2}
{"level":"info","message":"Получение ожидающих приглашений пользователя","timestamp":"2026-03-24 16:58:57","userId":2}
{"level":"info","message":"Получение ожидающих приглашений пользователя","timestamp":"2026-03-24 16:59:57","userId":2}
{"level":"info","message":"Получение ожидающих приглашений пользователя","timestamp":"2026-03-24 17:00:57","userId":2}
{"level":"info","message":"Получение ожидающих приглашений пользователя","timestamp":"2026-03-24 17:01:57","userId":2}
{"level":"info","message":"Получение ожидающих приглашений пользователя","timestamp":"2026-03-24 17:02:57","userId":2}
{"level":"info","message":"Получение ожидающих приглашений пользователя","timestamp":"2026-03-24 17:03:57","userId":2}
{"level":"info","message":"Получение заданий для пользователя ID: 1","timestamp":"2026-03-24 17:15:53"}
{"level":"info","message":"Получение ожидающих приглашений пользователя","timestamp":"2026-03-24 17:15:53","userId":1}
{"level":"info","message":"Получение ожидающих приглашений пользователя","timestamp":"2026-03-24 17:15:53","userId":1}
{"level":"info","message":"Получение ожидающих приглашений пользователя","timestamp":"2026-03-24 17:15:53","userId":1}
{"level":"info","message":"Получение заданий для пользователя ID: 1","timestamp":"2026-03-24 17:15:53"}
{"level":"info","message":"Получение ожидающих приглашений пользователя","timestamp":"2026-03-24 17:15:53","userId":1}
{"level":"info","message":"Получение ожидающих приглашений пользователя","timestamp":"2026-03-24 17:15:53","userId":1}
{"level":"info","message":"Получение ожидающих приглашений пользователя","timestamp":"2026-03-24 17:15:53","userId":1}
{"level":"info","message":"Получение заданий для пользователя ID: 1","timestamp":"2026-03-24 17:15:53"}
{"level":"info","message":"Получение ожидающих приглашений пользователя","timestamp":"2026-03-24 17:15:53","userId":1}
{"level":"info","message":"Получение ожидающих приглашений пользователя","timestamp":"2026-03-24 17:15:53","userId":1}
{"level":"info","message":"Получение ожидающих приглашений пользователя","timestamp":"2026-03-24 17:15:53","userId":1}
{"level":"info","message":"Получение заданий для пользователя ID: 1","timestamp":"2026-03-24 17:15:53"}
{"level":"info","message":"Получение ожидающих приглашений пользователя","timestamp":"2026-03-24 17:15:53","userId":1}
{"level":"info","message":"Получение заданий для пользователя ID: 1","timestamp":"2026-03-24 17:15:53"}
{"assignmentId":60,"level":"info","message":"Получение состава команды проекта","timestamp":"2026-03-24 17:15:53"}
{"assignmentId":60,"level":"info","message":"Получение состава команды проекта","timestamp":"2026-03-24 17:15:53"}
{"assignmentId":60,"level":"info","message":"Получение состава команды проекта","timestamp":"2026-03-24 17:15:53"}
{"level":"warn","message":"Attempt to set audit user without userId","timestamp":"2026-03-24 17:15:57"}
{"level":"info","message":"Task deleted with audit","permanent":false,"taskId":203,"timestamp":"2026-03-24 17:15:57"}
{"level":"info","message":"Получение заданий для пользователя ID: 1","timestamp":"2026-03-24 17:15:57"}
{"level":"info","message":"Получение заданий для пользователя ID: 1","timestamp":"2026-03-24 17:15:57"}
{"level":"info","message":"Получение ожидающих приглашений пользователя","timestamp":"2026-03-24 17:15:57","userId":1}
{"level":"info","message":"Получение ожидающих приглашений пользователя","timestamp":"2026-03-24 17:15:57","userId":1}
{"assignmentId":60,"level":"info","message":"Получение состава команды проекта","timestamp":"2026-03-24 17:15:57"}
{"assignmentId":60,"level":"info","message":"Получение состава команды проекта","timestamp":"2026-03-24 17:15:57"}
{"level":"warn","message":"Attempt to set audit user without userId","timestamp":"2026-03-24 17:16:00"}
{"level":"info","message":"Task deleted with audit","permanent":false,"taskId":203,"timestamp":"2026-03-24 17:16:00"}
{"level":"info","message":"Получение заданий для пользователя ID: 1","timestamp":"2026-03-24 17:16:00"}
{"level":"info","message":"Получение заданий для пользователя ID: 1","timestamp":"2026-03-24 17:16:00"}
{"level":"info","message":"Получение ожидающих приглашений пользователя","timestamp":"2026-03-24 17:16:00","userId":1}
{"assignmentId":60,"level":"info","message":"Получение состава команды проекта","timestamp":"2026-03-24 17:16:00"}
{"level":"info","message":"Получение ожидающих приглашений пользователя","timestamp":"2026-03-24 17:16:00","userId":1}
{"assignmentId":60,"level":"info","message":"Получение состава команды проекта","timestamp":"2026-03-24 17:16:00"}
{"assignmentId":53,"level":"info","message":"Получение состава команды проекта","timestamp":"2026-03-24 17:16:04"}
{"level":"info","message":"Получение заданий для пользователя ID: 1","timestamp":"2026-03-24 17:16:09"}
{"level":"info","message":"Получение ожидающих приглашений пользователя","timestamp":"2026-03-24 17:16:09","userId":1}
{"level":"info","message":"Получение ожидающих приглашений пользователя","timestamp":"2026-03-24 17:16:09","userId":1}
{"level":"info","message":"Получение заданий для пользователя ID: 1","timestamp":"2026-03-24 17:16:09"}
{"level":"info","message":"Получение заданий для пользователя ID: 3","timestamp":"2026-03-24 17:16:21"}
{"level":"info","message":"Получение заданий для пользователя ID: 3","timestamp":"2026-03-24 17:16:21"}
{"level":"info","message":"Получение ожидающих приглашений пользователя","timestamp":"2026-03-24 17:16:21","userId":3}
{"level":"info","message":"Получение ожидающих приглашений пользователя","timestamp":"2026-03-24 17:16:21","userId":3}
{"level":"info","message":"Получение ожидающих приглашений пользователя","timestamp":"2026-03-24 17:16:21","userId":3}
{"level":"info","message":"Получение ожидающих приглашений пользователя","timestamp":"2026-03-24 17:16:21","userId":3}
{"assignmentId":59,"level":"info","message":"Получение состава команды проекта","timestamp":"2026-03-24 17:16:21"}
{"level":"info","message":"Получение заданий для пользователя ID: 3","timestamp":"2026-03-24 17:16:21"}
{"level":"info","message":"Получение ожидающих приглашений пользователя","timestamp":"2026-03-24 17:16:21","userId":3}
{"assignmentId":59,"level":"info","message":"Получение состава команды проекта","timestamp":"2026-03-24 17:16:21"}
{"level":"info","message":"Получение ожидающих приглашений пользователя","timestamp":"2026-03-24 17:16:21","userId":3}
{"level":"info","message":"Получение заданий для пользователя ID: 3","timestamp":"2026-03-24 17:16:21"}
{"level":"info","message":"Получение ожидающих приглашений пользователя","timestamp":"2026-03-24 17:16:21","userId":3}
{"level":"info","message":"Получение ожидающих приглашений пользователя","timestamp":"2026-03-24 17:16:21","userId":3}
{"level":"info","message":"Получение заданий для пользователя ID: 3","timestamp":"2026-03-24 17:16:21"}
{"level":"info","message":"Получение ожидающих приглашений пользователя","timestamp":"2026-03-24 17:16:21","userId":3}
{"level":"info","message":"Получение ожидающих приглашений пользователя","timestamp":"2026-03-24 17:16:21","userId":3}
{"level":"info","message":"Получение заданий для пользователя ID: 3","timestamp":"2026-03-24 17:16:21"}
{"level":"info","message":"Получение ожидающих приглашений пользователя","timestamp":"2026-03-24 17:16:21","userId":3}
{"level":"info","message":"Получение ожидающих приглашений пользователя","timestamp":"2026-03-24 17:16:21","userId":3}
{"assignmentId":59,"level":"info","message":"Получение состава команды проекта","timestamp":"2026-03-24 17:16:21"}
{"assignmentId":59,"level":"info","message":"Получение состава команды проекта","timestamp":"2026-03-24 17:16:21"}
{"assignmentId":59,"level":"info","message":"Получение состава команды проекта","timestamp":"2026-03-24 17:16:21"}
{"level":"info","message":"Получение заданий для пользователя ID: 3","timestamp":"2026-03-24 17:16:23"}
{"level":"info","message":"Получение ожидающих приглашений пользователя","timestamp":"2026-03-24 17:16:23","userId":3}
{"level":"info","message":"Получение ожидающих приглашений пользователя","timestamp":"2026-03-24 17:16:23","userId":3}
{"level":"info","message":"Получение заданий для пользователя ID: 3","timestamp":"2026-03-24 17:16:23"}
{"level":"info","message":"Получение заданий для пользователя ID: 2","timestamp":"2026-03-24 17:16:35"}
{"level":"info","message":"Получение ожидающих приглашений пользователя","timestamp":"2026-03-24 17:16:36","userId":2}
{"level":"info","message":"Получение ожидающих приглашений пользователя","timestamp":"2026-03-24 17:16:36","userId":2}
{"level":"info","message":"Получение заданий для пользователя ID: 2","timestamp":"2026-03-24 17:16:36"}
{"level":"info","message":"Получение ожидающих приглашений пользователя","timestamp":"2026-03-24 17:16:36","userId":2}
{"level":"info","message":"Получение ожидающих приглашений пользователя","timestamp":"2026-03-24 17:16:36","userId":2}
{"level":"info","message":"Получение ожидающих приглашений пользователя","timestamp":"2026-03-24 17:16:36","userId":2}
{"level":"info","message":"Получение заданий для пользователя ID: 2","timestamp":"2026-03-24 17:16:36"}
{"level":"info","message":"Получение ожидающих приглашений пользователя","timestamp":"2026-03-24 17:16:36","userId":2}
{"level":"info","message":"Получение ожидающих приглашений пользователя","timestamp":"2026-03-24 17:16:36","userId":2}
{"level":"info","message":"Получение заданий для пользователя ID: 2","timestamp":"2026-03-24 17:16:36"}
{"level":"info","message":"Получение ожидающих приглашений пользователя","timestamp":"2026-03-24 17:16:36","userId":2}
{"level":"info","message":"Получение ожидающих приглашений пользователя","timestamp":"2026-03-24 17:16:36","userId":2}
{"level":"info","message":"Получение ожидающих приглашений пользователя","timestamp":"2026-03-24 17:16:36","userId":2}
{"level":"info","message":"Получение заданий для пользователя ID: 2","timestamp":"2026-03-24 17:16:36"}
{"assignmentId":26,"level":"info","message":"Получение состава команды проекта","timestamp":"2026-03-24 17:16:36"}
{"assignmentId":26,"level":"info","message":"Получение состава команды проекта","timestamp":"2026-03-24 17:16:36"}
{"assignmentId":26,"level":"info","message":"Получение состава команды проекта","timestamp":"2026-03-24 17:16:36"}
{"level":"info","message":"Получение ожидающих приглашений пользователя","timestamp":"2026-03-24 17:16:37","userId":2}
{"level":"info","message":"Получение заданий для пользователя ID: 2","timestamp":"2026-03-24 17:16:37"}
{"level":"info","message":"Получение ожидающих приглашений пользователя","timestamp":"2026-03-24 17:16:37","userId":2}
{"level":"info","message":"Получение ожидающих приглашений пользователя","timestamp":"2026-03-24 17:16:37","userId":2}
{"level":"info","message":"Получение заданий для пользователя ID: 2","timestamp":"2026-03-24 17:16:37"}
{"level":"info","message":"Получение ожидающих приглашений пользователя","timestamp":"2026-03-24 17:16:37","userId":2}
{"level":"info","message":"Получение заданий для пользователя ID: 2","timestamp":"2026-03-24 17:16:37"}
{"level":"info","message":"Получение ожидающих приглашений пользователя","timestamp":"2026-03-24 17:16:37","userId":2}
{"level":"info","message":"Получение ожидающих приглашений пользователя","timestamp":"2026-03-24 17:16:37","userId":2}
{"level":"info","message":"Получение заданий для пользователя ID: 2","timestamp":"2026-03-24 17:16:37"}
{"level":"info","message":"Получение заданий для пользователя ID: 2","timestamp":"2026-03-24 17:26:05"}
{"level":"info","message":"Получение ожидающих приглашений пользователя","timestamp":"2026-03-24 17:26:05","userId":2}
{"level":"info","message":"Получение заданий для пользователя ID: 2","timestamp":"2026-03-24 17:26:05"}
{"level":"info","message":"Получение ожидающих приглашений пользователя","timestamp":"2026-03-24 17:26:05","userId":2}
{"level":"info","message":"Получение ожидающих приглашений пользователя","timestamp":"2026-03-24 17:26:05","userId":2}
{"level":"info","message":"Получение заданий для пользователя ID: 2","timestamp":"2026-03-24 17:26:05"}
{"level":"info","message":"Получение ожидающих приглашений пользователя","timestamp":"2026-03-24 17:26:05","userId":2}
{"level":"info","message":"Получение ожидающих приглашений пользователя","timestamp":"2026-03-24 17:26:05","userId":2}
{"level":"info","message":"Получение ожидающих приглашений пользователя","timestamp":"2026-03-24 17:26:05","userId":2}
{"level":"info","message":"Получение заданий для пользователя ID: 2","timestamp":"2026-03-24 17:26:05"}
{"level":"info","message":"Получение ожидающих приглашений пользователя","timestamp":"2026-03-24 17:26:05","userId":2}
{"level":"info","message":"Получение ожидающих приглашений пользователя","timestamp":"2026-03-24 17:26:05","userId":2}
{"assignmentId":26,"level":"info","message":"Получение состава команды проекта","timestamp":"2026-03-24 17:26:05"}
{"level":"info","message":"Получение заданий для пользователя ID: 2","timestamp":"2026-03-24 17:26:05"}
{"level":"info","message":"Получение ожидающих приглашений пользователя","timestamp":"2026-03-24 17:26:05","userId":2}
{"level":"info","message":"Получение ожидающих приглашений пользователя","timestamp":"2026-03-24 17:26:05","userId":2}
{"assignmentId":26,"level":"info","message":"Получение состава команды проекта","timestamp":"2026-03-24 17:26:05"}
{"assignmentId":26,"level":"info","message":"Получение состава команды проекта","timestamp":"2026-03-24 17:26:05"}
{"assignmentId":26,"level":"info","message":"Получение состава команды проекта","timestamp":"2026-03-24 17:26:05"}
{"level":"info","message":"Получение заданий для пользователя ID: 3","timestamp":"2026-03-24 17:26:22"}
{"level":"info","message":"Получение ожидающих приглашений пользователя","timestamp":"2026-03-24 17:26:22","userId":3}
{"level":"info","message":"Получение заданий для пользователя ID: 3","timestamp":"2026-03-24 17:26:22"}
{"level":"info","message":"Получение ожидающих приглашений пользователя","timestamp":"2026-03-24 17:26:22","userId":3}
{"level":"info","message":"Получение заданий для пользователя ID: 3","timestamp":"2026-03-24 17:26:22"}
{"level":"info","message":"Получение ожидающих приглашений пользователя","timestamp":"2026-03-24 17:26:22","userId":3}
{"level":"info","message":"Получение ожидающих приглашений пользователя","timestamp":"2026-03-24 17:26:22","userId":3}
{"level":"info","message":"Получение ожидающих приглашений пользователя","timestamp":"2026-03-24 17:26:22","userId":3}
{"level":"info","message":"Получение ожидающих приглашений пользователя","timestamp":"2026-03-24 17:26:22","userId":3}
{"assignmentId":59,"level":"info","message":"Получение состава команды проекта","timestamp":"2026-03-24 17:26:22"}
{"level":"info","message":"Получение заданий для пользователя ID: 3","timestamp":"2026-03-24 17:26:22"}
{"level":"info","message":"Получение ожидающих приглашений пользователя","timestamp":"2026-03-24 17:26:22","userId":3}
{"level":"info","message":"Получение ожидающих приглашений пользователя","timestamp":"2026-03-24 17:26:22","userId":3}
{"level":"info","message":"Получение заданий для пользователя ID: 3","timestamp":"2026-03-24 17:26:22"}
{"level":"info","message":"Получение ожидающих приглашений пользователя","timestamp":"2026-03-24 17:26:22","userId":3}
{"level":"info","message":"Получение ожидающих приглашений пользователя","timestamp":"2026-03-24 17:26:22","userId":3}
{"assignmentId":59,"level":"info","message":"Получение состава команды проекта","timestamp":"2026-03-24 17:26:22"}
{"assignmentId":59,"level":"info","message":"Получение состава команды проекта","timestamp":"2026-03-24 17:26:22"}
{"assignmentId":59,"level":"info","message":"Получение состава команды проекта","timestamp":"2026-03-24 17:26:22"}
{"level":"info","message":"Получение заданий для пользователя ID: 3","timestamp":"2026-03-24 17:26:24"}
{"level":"info","message":"Получение ожидающих приглашений пользователя","timestamp":"2026-03-24 17:26:24","userId":3}
{"level":"info","message":"Получение ожидающих приглашений пользователя","timestamp":"2026-03-24 17:26:24","userId":3}
{"level":"info","message":"Получение заданий для пользователя ID: 3","timestamp":"2026-03-24 17:26:24"}
{"level":"info","message":"Получение ожидающих приглашений пользователя","timestamp":"2026-03-24 17:26:24","userId":3}
{"level":"info","message":"Получение ожидающих приглашений пользователя","timestamp":"2026-03-24 17:26:24","userId":3}
{"level":"info","message":"Task status updated with audit","newStatus":5,"taskId":196,"timestamp":"2026-03-24 17:26:26","userId":3}
{"level":"info","message":"Получение заданий для пользователя ID: 2","timestamp":"2026-03-24 17:26:37"}
{"level":"info","message":"Получение ожидающих приглашений пользователя","timestamp":"2026-03-24 17:26:37","userId":2}
{"level":"info","message":"Получение заданий для пользователя ID: 2","timestamp":"2026-03-24 17:26:37"}
{"level":"info","message":"Получение ожидающих приглашений пользователя","timestamp":"2026-03-24 17:26:37","userId":2}
{"level":"info","message":"Получение ожидающих приглашений пользователя","timestamp":"2026-03-24 17:26:37","userId":2}
{"level":"info","message":"Получение заданий для пользователя ID: 2","timestamp":"2026-03-24 17:26:37"}
{"level":"info","message":"Получение ожидающих приглашений пользователя","timestamp":"2026-03-24 17:26:37","userId":2}
{"level":"info","message":"Получение ожидающих приглашений пользователя","timestamp":"2026-03-24 17:26:37","userId":2}
{"level":"info","message":"Получение заданий для пользователя ID: 2","timestamp":"2026-03-24 17:26:37"}
{"level":"info","message":"Получение ожидающих приглашений пользователя","timestamp":"2026-03-24 17:26:37","userId":2}
{"level":"info","message":"Получение ожидающих приглашений пользователя","timestamp":"2026-03-24 17:26:37","userId":2}
{"level":"info","message":"Получение ожидающих приглашений пользователя","timestamp":"2026-03-24 17:26:37","userId":2}
{"assignmentId":26,"level":"info","message":"Получение состава команды проекта","timestamp":"2026-03-24 17:26:37"}
{"level":"info","message":"Получение заданий для пользователя ID: 2","timestamp":"2026-03-24 17:26:37"}
{"level":"info","message":"Получение ожидающих приглашений пользователя","timestamp":"2026-03-24 17:26:37","userId":2}
{"level":"info","message":"Получение ожидающих приглашений пользователя","timestamp":"2026-03-24 17:26:37","userId":2}
{"assignmentId":26,"level":"info","message":"Получение состава команды проекта","timestamp":"2026-03-24 17:26:37"}
{"assignmentId":26,"level":"info","message":"Получение состава команды проекта","timestamp":"2026-03-24 17:26:37"}
{"assignmentId":26,"level":"info","message":"Получение состава команды проекта","timestamp":"2026-03-24 17:26:37"}
{"level":"info","message":"Получение ожидающих приглашений пользователя","timestamp":"2026-03-24 17:27:08","userId":2}
{"level":"info","message":"Получение заданий для пользователя ID: 2","timestamp":"2026-03-24 17:27:08"}
{"level":"info","message":"Получение ожидающих приглашений пользователя","timestamp":"2026-03-24 17:27:08","userId":2}
{"level":"info","message":"Получение заданий для пользователя ID: 2","timestamp":"2026-03-24 17:27:08"}
{"level":"info","message":"Получение ожидающих приглашений пользователя","timestamp":"2026-03-24 17:27:08","userId":2}
{"level":"info","message":"Получение ожидающих приглашений пользователя","timestamp":"2026-03-24 17:27:08","userId":2}
{"level":"info","message":"Получение ожидающих приглашений пользователя","timestamp":"2026-03-24 17:27:08","userId":2}
{"level":"info","message":"Получение заданий для пользователя ID: 2","timestamp":"2026-03-24 17:27:08"}
{"level":"info","message":"Получение ожидающих приглашений пользователя","timestamp":"2026-03-24 17:27:08","userId":2}
{"assignmentId":26,"level":"info","message":"Получение состава команды проекта","timestamp":"2026-03-24 17:27:08"}
{"assignmentId":26,"level":"info","message":"Получение состава команды проекта","timestamp":"2026-03-24 17:27:08"}
{"assignmentId":26,"level":"info","message":"Получение состава команды проекта","timestamp":"2026-03-24 17:27:08"}
{"level":"info","message":"Task status updated with audit","newStatus":3,"taskId":196,"timestamp":"2026-03-24 17:27:19","userId":2}
{"level":"info","message":"Получение заданий для пользователя ID: 2","timestamp":"2026-03-24 17:27:19"}
{"level":"info","message":"Получение заданий для пользователя ID: 2","timestamp":"2026-03-24 17:27:19"}
{"level":"info","message":"Получение ожидающих приглашений пользователя","timestamp":"2026-03-24 17:27:19","userId":2}
{"assignmentId":26,"level":"info","message":"Получение состава команды проекта","timestamp":"2026-03-24 17:27:19"}
{"level":"info","message":"Получение ожидающих приглашений пользователя","timestamp":"2026-03-24 17:27:19","userId":2}
{"assignmentId":26,"level":"info","message":"Получение состава команды проекта","timestamp":"2026-03-24 17:27:19"}
{"level":"info","message":"Получение заданий для пользователя ID: 2","timestamp":"2026-03-24 17:27:25"}
{"level":"info","message":"Получение ожидающих приглашений пользователя","timestamp":"2026-03-24 17:27:25","userId":2}
{"level":"info","message":"Получение ожидающих приглашений пользователя","timestamp":"2026-03-24 17:27:25","userId":2}
{"level":"info","message":"Получение заданий для пользователя ID: 2","timestamp":"2026-03-24 17:27:25"}
{"level":"info","message":"Получение заданий для пользователя ID: 1","timestamp":"2026-03-24 19:20:05"}
{"level":"info","message":"Получение ожидающих приглашений пользователя","timestamp":"2026-03-24 19:20:05","userId":1}
{"level":"info","message":"Получение ожидающих приглашений пользователя","timestamp":"2026-03-24 19:20:05","userId":1}
{"level":"info","message":"Получение ожидающих приглашений пользователя","timestamp":"2026-03-24 19:20:05","userId":1}
{"level":"info","message":"Получение заданий для пользователя ID: 1","timestamp":"2026-03-24 19:20:05"}
{"level":"info","message":"Получение ожидающих приглашений пользователя","timestamp":"2026-03-24 19:20:05","userId":1}
{"level":"info","message":"Получение ожидающих приглашений пользователя","timestamp":"2026-03-24 19:20:05","userId":1}
{"level":"info","message":"Получение заданий для пользователя ID: 1","timestamp":"2026-03-24 19:20:05"}
{"level":"info","message":"Получение ожидающих приглашений пользователя","timestamp":"2026-03-24 19:20:05","userId":1}
{"level":"info","message":"Получение ожидающих приглашений пользователя","timestamp":"2026-03-24 19:20:05","userId":1}
{"level":"info","message":"Получение ожидающих приглашений пользователя","timestamp":"2026-03-24 19:20:05","userId":1}
{"level":"info","message":"Получение заданий для пользователя ID: 1","timestamp":"2026-03-24 19:20:05"}
{"level":"info","message":"Получение ожидающих приглашений пользователя","timestamp":"2026-03-24 19:20:05","userId":1}
{"level":"info","message":"Получение ожидающих приглашений пользователя","timestamp":"2026-03-24 19:20:05","userId":1}
{"level":"info","message":"Получение заданий для пользователя ID: 1","timestamp":"2026-03-24 19:20:05"}
{"assignmentId":60,"level":"info","message":"Получение состава команды проекта","timestamp":"2026-03-24 19:20:05"}
{"assignmentId":60,"level":"info","message":"Получение состава команды проекта","timestamp":"2026-03-24 19:20:05"}
{"assignmentId":60,"level":"info","message":"Создание задачи в задании","taskTitle":"123123123","timestamp":"2026-03-24 19:20:16"}
{"assignmentId":60,"level":"info","message":"Задача успешно создана","taskId":204,"timestamp":"2026-03-24 19:20:16"}
{"level":"info","message":"Получение заданий для пользователя ID: 1","timestamp":"2026-03-24 19:20:16"}
{"level":"info","message":"Получение заданий для пользователя ID: 1","timestamp":"2026-03-24 19:20:16"}
{"level":"info","message":"Получение ожидающих приглашений пользователя","timestamp":"2026-03-24 19:20:16","userId":1}
{"assignmentId":60,"level":"info","message":"Получение состава команды проекта","timestamp":"2026-03-24 19:20:16"}
{"level":"info","message":"Получение ожидающих приглашений пользователя","timestamp":"2026-03-24 19:20:16","userId":1}
{"assignmentId":60,"level":"info","message":"Получение состава команды проекта","timestamp":"2026-03-24 19:20:16"}
{"level":"warn","message":"Attempt to set audit user without userId","timestamp":"2026-03-24 19:20:30"}
{"level":"info","message":"Task deleted with audit","permanent":false,"taskId":204,"timestamp":"2026-03-24 19:20:30"}
{"level":"info","message":"Получение заданий для пользователя ID: 1","timestamp":"2026-03-24 19:20:30"}
{"level":"info","message":"Получение заданий для пользователя ID: 1","timestamp":"2026-03-24 19:20:30"}
{"level":"info","message":"Получение ожидающих приглашений пользователя","timestamp":"2026-03-24 19:20:30","userId":1}
{"assignmentId":60,"level":"info","message":"Получение состава команды проекта","timestamp":"2026-03-24 19:20:30"}
{"level":"info","message":"Получение ожидающих приглашений пользователя","timestamp":"2026-03-24 19:20:30","userId":1}
{"assignmentId":60,"level":"info","message":"Получение состава команды проекта","timestamp":"2026-03-24 19:20:30"}
{"level":"info","message":"Получение заданий для пользователя ID: 1","timestamp":"2026-03-24 19:20:35"}
{"level":"info","message":"Получение ожидающих приглашений пользователя","timestamp":"2026-03-24 19:20:35","userId":1}
{"level":"info","message":"Получение ожидающих приглашений пользователя","timestamp":"2026-03-24 19:20:35","userId":1}
{"level":"info","message":"Получение ожидающих приглашений пользователя","timestamp":"2026-03-24 19:20:35","userId":1}
{"level":"info","message":"Получение заданий для пользователя ID: 1","timestamp":"2026-03-24 19:20:35"}
{"level":"info","message":"Получение ожидающих приглашений пользователя","timestamp":"2026-03-24 19:20:35","userId":1}
{"level":"info","message":"Получение ожидающих приглашений пользователя","timestamp":"2026-03-24 19:20:35","userId":1}
{"level":"info","message":"Получение заданий для пользователя ID: 1","timestamp":"2026-03-24 19:20:35"}
{"assignmentId":60,"level":"info","message":"Получение состава команды проекта","timestamp":"2026-03-24 19:20:35"}
{"level":"info","message":"Получение ожидающих приглашений пользователя","timestamp":"2026-03-24 19:20:35","userId":1}
{"assignmentId":60,"level":"info","message":"Получение состава команды проекта","timestamp":"2026-03-24 19:20:35"}
{"assignmentId":60,"level":"info","message":"Получение состава команды проекта","timestamp":"2026-03-24 19:20:35"}
{"level":"warn","message":"Attempt to set audit user without userId","timestamp":"2026-03-24 19:20:44"}
{"level":"info","message":"Task deleted with audit","permanent":false,"taskId":204,"timestamp":"2026-03-24 19:20:44"}
{"level":"info","message":"Получение заданий для пользователя ID: 1","timestamp":"2026-03-24 19:20:44"}
{"level":"info","message":"Получение заданий для пользователя ID: 1","timestamp":"2026-03-24 19:20:44"}
{"level":"info","message":"Получение ожидающих приглашений пользователя","timestamp":"2026-03-24 19:20:44","userId":1}
{"assignmentId":60,"level":"info","message":"Получение состава команды проекта","timestamp":"2026-03-24 19:20:44"}
{"level":"info","message":"Получение ожидающих приглашений пользователя","timestamp":"2026-03-24 19:20:44","userId":1}
{"assignmentId":60,"level":"info","message":"Получение состава команды проекта","timestamp":"2026-03-24 19:20:44"}
{"assignmentId":60,"level":"info","message":"Удаление задания","timestamp":"2026-03-24 19:21:00"}
{"assignmentId":60,"level":"info","message":"Задание успешно удалено","timestamp":"2026-03-24 19:21:00"}
{"level":"info","message":"Получение заданий для пользователя ID: 1","timestamp":"2026-03-24 19:21:00"}
{"assignmentId":53,"level":"info","message":"Получение состава команды проекта","timestamp":"2026-03-24 19:21:01"}
{"level":"info","message":"Получение ожидающих приглашений пользователя","timestamp":"2026-03-24 19:21:06","userId":1}
{"level":"info","message":"Получение заданий для пользователя ID: 1","timestamp":"2026-03-24 19:21:06"}
{"level":"info","message":"Получение ожидающих приглашений пользователя","timestamp":"2026-03-24 19:21:06","userId":1}
{"level":"info","message":"Получение заданий для пользователя ID: 1","timestamp":"2026-03-24 19:21:06"}
{"level":"info","message":"Получение ожидающих приглашений пользователя","timestamp":"2026-03-24 19:21:06","userId":1}
{"level":"info","message":"Получение ожидающих приглашений пользователя","timestamp":"2026-03-24 19:21:06","userId":1}
{"level":"info","message":"Получение заданий для пользователя ID: 1","timestamp":"2026-03-24 19:21:06"}
{"level":"info","message":"Получение ожидающих приглашений пользователя","timestamp":"2026-03-24 19:21:06","userId":1}
{"assignmentId":53,"level":"info","message":"Получение состава команды проекта","timestamp":"2026-03-24 19:21:06"}
{"level":"info","message":"Получение ожидающих приглашений пользователя","timestamp":"2026-03-24 19:21:06","userId":1}
{"assignmentId":53,"level":"info","message":"Получение состава команды проекта","timestamp":"2026-03-24 19:21:06"}
{"assignmentId":53,"level":"info","message":"Получение состава команды проекта","timestamp":"2026-03-24 19:21:06"}
{"level":"info","message":"Получение заданий для пользователя ID: 1","timestamp":"2026-03-24 19:21:37"}
{"level":"info","message":"Получение ожидающих приглашений пользователя","timestamp":"2026-03-24 19:21:37","userId":1}
{"level":"info","message":"Получение ожидающих приглашений пользователя","timestamp":"2026-03-24 19:21:37","userId":1}
{"assignmentId":53,"level":"info","message":"Получение состава команды проекта","timestamp":"2026-03-24 19:21:37"}
{"level":"info","message":"Получение заданий для пользователя ID: 1","timestamp":"2026-03-24 19:21:37"}
{"level":"info","message":"Получение ожидающих приглашений пользователя","timestamp":"2026-03-24 19:21:37","userId":1}
{"level":"info","message":"Получение заданий для пользователя ID: 1","timestamp":"2026-03-24 19:21:37"}
{"level":"info","message":"Получение ожидающих приглашений пользователя","timestamp":"2026-03-24 19:21:37","userId":1}
{"level":"info","message":"Получение ожидающих приглашений пользователя","timestamp":"2026-03-24 19:21:37","userId":1}
{"level":"info","message":"Получение ожидающих приглашений пользователя","timestamp":"2026-03-24 19:21:37","userId":1}
{"assignmentId":53,"level":"info","message":"Получение состава команды проекта","timestamp":"2026-03-24 19:21:37"}
{"assignmentId":53,"level":"info","message":"Получение состава команды проекта","timestamp":"2026-03-24 19:21:37"}
{"level":"info","message":"Получение заданий для пользователя ID: 1","timestamp":"2026-03-24 19:22:08"}
{"level":"info","message":"Получение ожидающих приглашений пользователя","timestamp":"2026-03-24 19:22:08","userId":1}
{"level":"info","message":"Получение ожидающих приглашений пользователя","timestamp":"2026-03-24 19:22:08","userId":1}
{"level":"info","message":"Получение заданий для пользователя ID: 1","timestamp":"2026-03-24 19:22:08"}
{"level":"info","message":"Получение ожидающих приглашений пользователя","timestamp":"2026-03-24 19:22:08","userId":1}
{"level":"info","message":"Получение ожидающих приглашений пользователя","timestamp":"2026-03-24 19:22:08","userId":1}
{"level":"info","message":"Получение заданий для пользователя ID: 1","timestamp":"2026-03-24 19:22:08"}
{"level":"info","message":"Получение ожидающих приглашений пользователя","timestamp":"2026-03-24 19:22:08","userId":1}
{"assignmentId":53,"level":"info","message":"Получение состава команды проекта","timestamp":"2026-03-24 19:22:08"}
{"level":"info","message":"Получение ожидающих приглашений пользователя","timestamp":"2026-03-24 19:22:08","userId":1}
{"assignmentId":53,"level":"info","message":"Получение состава команды проекта","timestamp":"2026-03-24 19:22:08"}
{"assignmentId":53,"level":"info","message":"Получение состава команды проекта","timestamp":"2026-03-24 19:22:08"}
{"level":"info","message":"Получение заданий для пользователя ID: 1","timestamp":"2026-03-24 19:22:39"}
{"level":"info","message":"Получение заданий для пользователя ID: 1","timestamp":"2026-03-24 19:22:39"}
{"level":"info","message":"Получение ожидающих приглашений пользователя","timestamp":"2026-03-24 19:22:39","userId":1}
{"level":"info","message":"Получение ожидающих приглашений пользователя","timestamp":"2026-03-24 19:22:39","userId":1}
{"level":"info","message":"Получение ожидающих приглашений пользователя","timestamp":"2026-03-24 19:22:39","userId":1}
{"level":"info","message":"Получение заданий для пользователя ID: 1","timestamp":"2026-03-24 19:22:39"}
{"assignmentId":53,"level":"info","message":"Получение состава команды проекта","timestamp":"2026-03-24 19:22:39"}
{"level":"info","message":"Получение ожидающих приглашений пользователя","timestamp":"2026-03-24 19:22:39","userId":1}
{"level":"info","message":"Получение ожидающих приглашений пользователя","timestamp":"2026-03-24 19:22:39","userId":1}
{"level":"info","message":"Получение ожидающих приглашений пользователя","timestamp":"2026-03-24 19:22:39","userId":1}
{"assignmentId":53,"level":"info","message":"Получение состава команды проекта","timestamp":"2026-03-24 19:22:39"}
{"assignmentId":53,"level":"info","message":"Получение состава команды проекта","timestamp":"2026-03-24 19:22:39"}
{"level":"info","message":"Получение заданий для пользователя ID: 1","timestamp":"2026-03-24 19:23:10"}
{"level":"info","message":"Получение ожидающих приглашений пользователя","timestamp":"2026-03-24 19:23:10","userId":1}
{"level":"info","message":"Получение ожидающих приглашений пользователя","timestamp":"2026-03-24 19:23:10","userId":1}
{"assignmentId":53,"level":"info","message":"Получение состава команды проекта","timestamp":"2026-03-24 19:23:10"}
{"level":"info","message":"Получение заданий для пользователя ID: 1","timestamp":"2026-03-24 19:23:10"}
{"level":"info","message":"Получение ожидающих приглашений пользователя","timestamp":"2026-03-24 19:23:10","userId":1}
{"level":"info","message":"Получение заданий для пользователя ID: 1","timestamp":"2026-03-24 19:23:10"}
{"level":"info","message":"Получение ожидающих приглашений пользователя","timestamp":"2026-03-24 19:23:10","userId":1}
{"assignmentId":53,"level":"info","message":"Получение состава команды проекта","timestamp":"2026-03-24 19:23:10"}
{"level":"info","message":"Получение ожидающих приглашений пользователя","timestamp":"2026-03-24 19:23:10","userId":1}
{"level":"info","message":"Получение ожидающих приглашений пользователя","timestamp":"2026-03-24 19:23:10","userId":1}
{"assignmentId":53,"level":"info","message":"Получение состава команды проекта","timestamp":"2026-03-24 19:23:10"}
{"level":"info","message":"Получение заданий для пользователя ID: 1","timestamp":"2026-03-24 19:23:41"}
{"level":"info","message":"Получение ожидающих приглашений пользователя","timestamp":"2026-03-24 19:23:41","userId":1}
{"level":"info","message":"Получение заданий для пользователя ID: 1","timestamp":"2026-03-24 19:23:41"}
{"level":"info","message":"Получение ожидающих приглашений пользователя","timestamp":"2026-03-24 19:23:41","userId":1}
{"level":"info","message":"Получение ожидающих приглашений пользователя","timestamp":"2026-03-24 19:23:41","userId":1}
{"assignmentId":53,"level":"info","message":"Получение состава команды проекта","timestamp":"2026-03-24 19:23:41"}
{"level":"info","message":"Получение ожидающих приглашений пользователя","timestamp":"2026-03-24 19:23:41","userId":1}
{"level":"info","message":"Получение заданий для пользователя ID: 1","timestamp":"2026-03-24 19:23:41"}
{"level":"info","message":"Получение ожидающих приглашений пользователя","timestamp":"2026-03-24 19:23:41","userId":1}
{"assignmentId":53,"level":"info","message":"Получение состава команды проекта","timestamp":"2026-03-24 19:23:41"}
{"level":"info","message":"Получение ожидающих приглашений пользователя","timestamp":"2026-03-24 19:23:41","userId":1}
{"assignmentId":53,"level":"info","message":"Получение состава команды проекта","timestamp":"2026-03-24 19:23:41"}
{"level":"info","message":"Получение ожидающих приглашений пользователя","timestamp":"2026-03-24 19:24:12","userId":1}
{"level":"info","message":"Получение заданий для пользователя ID: 1","timestamp":"2026-03-24 19:24:12"}
{"level":"info","message":"Получение ожидающих приглашений пользователя","timestamp":"2026-03-24 19:24:12","userId":1}
{"level":"info","message":"Получение заданий для пользователя ID: 1","timestamp":"2026-03-24 19:24:12"}
{"level":"info","message":"Получение ожидающих приглашений пользователя","timestamp":"2026-03-24 19:24:12","userId":1}
{"level":"info","message":"Получение ожидающих приглашений пользователя","timestamp":"2026-03-24 19:24:12","userId":1}
{"assignmentId":53,"level":"info","message":"Получение состава команды проекта","timestamp":"2026-03-24 19:24:12"}
{"level":"info","message":"Получение заданий для пользователя ID: 1","timestamp":"2026-03-24 19:24:12"}
{"level":"info","message":"Получение ожидающих приглашений пользователя","timestamp":"2026-03-24 19:24:12","userId":1}
{"level":"info","message":"Получение ожидающих приглашений пользователя","timestamp":"2026-03-24 19:24:12","userId":1}
{"assignmentId":53,"level":"info","message":"Получение состава команды проекта","timestamp":"2026-03-24 19:24:12"}
{"assignmentId":53,"level":"info","message":"Получение состава команды проекта","timestamp":"2026-03-24 19:24:12"}
{"level":"info","message":"Получение заданий для пользователя ID: 1","timestamp":"2026-03-24 19:24:43"}
{"level":"info","message":"Получение ожидающих приглашений пользователя","timestamp":"2026-03-24 19:24:43","userId":1}
{"level":"info","message":"Получение заданий для пользователя ID: 1","timestamp":"2026-03-24 19:24:43"}
{"level":"info","message":"Получение ожидающих приглашений пользователя","timestamp":"2026-03-24 19:24:43","userId":1}
{"level":"info","message":"Получение ожидающих приглашений пользователя","timestamp":"2026-03-24 19:24:43","userId":1}
{"assignmentId":53,"level":"info","message":"Получение состава команды проекта","timestamp":"2026-03-24 19:24:43"}
{"level":"info","message":"Получение ожидающих приглашений пользователя","timestamp":"2026-03-24 19:24:43","userId":1}
{"level":"info","message":"Получение заданий для пользователя ID: 1","timestamp":"2026-03-24 19:24:43"}
{"level":"info","message":"Получение ожидающих приглашений пользователя","timestamp":"2026-03-24 19:24:43","userId":1}
{"level":"info","message":"Получение ожидающих приглашений пользователя","timestamp":"2026-03-24 19:24:43","userId":1}
{"assignmentId":53,"level":"info","message":"Получение состава команды проекта","timestamp":"2026-03-24 19:24:43"}
{"assignmentId":53,"level":"info","message":"Получение состава команды проекта","timestamp":"2026-03-24 19:24:43"}
{"level":"info","message":"Получение заданий для пользователя ID: 1","timestamp":"2026-03-24 19:25:14"}
{"level":"info","message":"Получение ожидающих приглашений пользователя","timestamp":"2026-03-24 19:25:14","userId":1}
{"level":"info","message":"Получение ожидающих приглашений пользователя","timestamp":"2026-03-24 19:25:14","userId":1}
{"level":"info","message":"Получение заданий для пользователя ID: 1","timestamp":"2026-03-24 19:25:14"}
{"level":"info","message":"Получение ожидающих приглашений пользователя","timestamp":"2026-03-24 19:25:14","userId":1}
{"level":"info","message":"Получение ожидающих приглашений пользователя","timestamp":"2026-03-24 19:25:14","userId":1}
{"assignmentId":53,"level":"info","message":"Получение состава команды проекта","timestamp":"2026-03-24 19:25:14"}
{"level":"info","message":"Получение заданий для пользователя ID: 1","timestamp":"2026-03-24 19:25:14"}
{"level":"info","message":"Получение ожидающих приглашений пользователя","timestamp":"2026-03-24 19:25:14","userId":1}
{"level":"info","message":"Получение ожидающих приглашений пользователя","timestamp":"2026-03-24 19:25:14","userId":1}
{"assignmentId":53,"level":"info","message":"Получение состава команды проекта","timestamp":"2026-03-24 19:25:14"}
{"assignmentId":53,"level":"info","message":"Получение состава команды проекта","timestamp":"2026-03-24 19:25:14"}
{"level":"info","message":"Получение заданий для пользователя ID: 1","timestamp":"2026-03-24 19:25:45"}
{"level":"info","message":"Получение ожидающих приглашений пользователя","timestamp":"2026-03-24 19:25:45","userId":1}
{"level":"info","message":"Получение заданий для пользователя ID: 1","timestamp":"2026-03-24 19:25:45"}
{"level":"info","message":"Получение ожидающих приглашений пользователя","timestamp":"2026-03-24 19:25:45","userId":1}
{"level":"info","message":"Получение ожидающих приглашений пользователя","timestamp":"2026-03-24 19:25:45","userId":1}
{"assignmentId":53,"level":"info","message":"Получение состава команды проекта","timestamp":"2026-03-24 19:25:45"}
{"level":"info","message":"Получение заданий для пользователя ID: 1","timestamp":"2026-03-24 19:25:45"}
{"level":"info","message":"Получение ожидающих приглашений пользователя","timestamp":"2026-03-24 19:25:45","userId":1}
{"level":"info","message":"Получение ожидающих приглашений пользователя","timestamp":"2026-03-24 19:25:45","userId":1}
{"level":"info","message":"Получение ожидающих приглашений пользователя","timestamp":"2026-03-24 19:25:45","userId":1}
{"assignmentId":53,"level":"info","message":"Получение состава команды проекта","timestamp":"2026-03-24 19:25:45"}
{"assignmentId":53,"level":"info","message":"Получение состава команды проекта","timestamp":"2026-03-24 19:25:45"}
{"level":"info","message":"Получение заданий для пользователя ID: 1","timestamp":"2026-03-24 19:26:16"}
{"level":"info","message":"Получение ожидающих приглашений пользователя","timestamp":"2026-03-24 19:26:16","userId":1}
{"level":"info","message":"Получение ожидающих приглашений пользователя","timestamp":"2026-03-24 19:26:16","userId":1}
{"assignmentId":53,"level":"info","message":"Получение состава команды проекта","timestamp":"2026-03-24 19:26:16"}
{"level":"info","message":"Получение заданий для пользователя ID: 1","timestamp":"2026-03-24 19:26:16"}
{"level":"info","message":"Получение ожидающих приглашений пользователя","timestamp":"2026-03-24 19:26:16","userId":1}
{"level":"info","message":"Получение ожидающих приглашений пользователя","timestamp":"2026-03-24 19:26:16","userId":1}
{"level":"info","message":"Получение заданий для пользователя ID: 1","timestamp":"2026-03-24 19:26:16"}
{"level":"info","message":"Получение ожидающих приглашений пользователя","timestamp":"2026-03-24 19:26:16","userId":1}
{"assignmentId":53,"level":"info","message":"Получение состава команды проекта","timestamp":"2026-03-24 19:26:16"}
{"level":"info","message":"Получение ожидающих приглашений пользователя","timestamp":"2026-03-24 19:26:16","userId":1}
{"assignmentId":53,"level":"info","message":"Получение состава команды проекта","timestamp":"2026-03-24 19:26:16"}
{"level":"info","message":"Получение ожидающих приглашений пользователя","timestamp":"2026-03-24 19:26:47","userId":1}
{"level":"info","message":"Получение заданий для пользователя ID: 1","timestamp":"2026-03-24 19:26:47"}
{"level":"info","message":"Получение ожидающих приглашений пользователя","timestamp":"2026-03-24 19:26:47","userId":1}
{"level":"info","message":"Получение заданий для пользователя ID: 1","timestamp":"2026-03-24 19:26:47"}
{"level":"info","message":"Получение ожидающих приглашений пользователя","timestamp":"2026-03-24 19:26:47","userId":1}
{"level":"info","message":"Получение ожидающих приглашений пользователя","timestamp":"2026-03-24 19:26:47","userId":1}
{"assignmentId":53,"level":"info","message":"Получение состава команды проекта","timestamp":"2026-03-24 19:26:47"}
{"level":"info","message":"Получение заданий для пользователя ID: 1","timestamp":"2026-03-24 19:26:47"}
{"level":"info","message":"Получение ожидающих приглашений пользователя","timestamp":"2026-03-24 19:26:47","userId":1}
{"level":"info","message":"Получение ожидающих приглашений пользователя","timestamp":"2026-03-24 19:26:47","userId":1}
{"assignmentId":53,"level":"info","message":"Получение состава команды проекта","timestamp":"2026-03-24 19:26:47"}
{"assignmentId":53,"level":"info","message":"Получение состава команды проекта","timestamp":"2026-03-24 19:26:47"}
{"level":"info","message":"Получение заданий для пользователя ID: 1","timestamp":"2026-03-24 19:27:18"}
{"level":"info","message":"Получение ожидающих приглашений пользователя","timestamp":"2026-03-24 19:27:18","userId":1}
{"level":"info","message":"Получение ожидающих приглашений пользователя","timestamp":"2026-03-24 19:27:18","userId":1}
{"assignmentId":53,"level":"info","message":"Получение состава команды проекта","timestamp":"2026-03-24 19:27:18"}
{"level":"info","message":"Получение заданий для пользователя ID: 1","timestamp":"2026-03-24 19:27:18"}
{"level":"info","message":"Получение ожидающих приглашений пользователя","timestamp":"2026-03-24 19:27:18","userId":1}
{"level":"info","message":"Получение заданий для пользователя ID: 1","timestamp":"2026-03-24 19:27:18"}
{"level":"info","message":"Получение ожидающих приглашений пользователя","timestamp":"2026-03-24 19:27:18","userId":1}
{"assignmentId":53,"level":"info","message":"Получение состава команды проекта","timestamp":"2026-03-24 19:27:18"}
{"level":"info","message":"Получение ожидающих приглашений пользователя","timestamp":"2026-03-24 19:27:18","userId":1}
{"level":"info","message":"Получение ожидающих приглашений пользователя","timestamp":"2026-03-24 19:27:18","userId":1}
{"assignmentId":53,"level":"info","message":"Получение состава команды проекта","timestamp":"2026-03-24 19:27:18"}
{"level":"info","message":"Получение заданий для пользователя ID: 1","timestamp":"2026-03-24 19:27:49"}
{"level":"info","message":"Получение ожидающих приглашений пользователя","timestamp":"2026-03-24 19:27:49","userId":1}
{"level":"info","message":"Получение ожидающих приглашений пользователя","timestamp":"2026-03-24 19:27:49","userId":1}
{"level":"info","message":"Получение заданий для пользователя ID: 1","timestamp":"2026-03-24 19:27:49"}
{"level":"info","message":"Получение ожидающих приглашений пользователя","timestamp":"2026-03-24 19:27:49","userId":1}
{"level":"info","message":"Получение ожидающих приглашений пользователя","timestamp":"2026-03-24 19:27:49","userId":1}
{"assignmentId":53,"level":"info","message":"Получение состава команды проекта","timestamp":"2026-03-24 19:27:49"}
{"level":"info","message":"Получение заданий для пользователя ID: 1","timestamp":"2026-03-24 19:27:49"}
{"level":"info","message":"Получение ожидающих приглашений пользователя","timestamp":"2026-03-24 19:27:49","userId":1}
{"level":"info","message":"Получение ожидающих приглашений пользователя","timestamp":"2026-03-24 19:27:49","userId":1}
{"assignmentId":53,"level":"info","message":"Получение состава команды проекта","timestamp":"2026-03-24 19:27:49"}
{"assignmentId":53,"level":"info","message":"Получение состава команды проекта","timestamp":"2026-03-24 19:27:49"}
{"level":"info","message":"Получение заданий для пользователя ID: 1","timestamp":"2026-03-24 19:28:20"}
{"level":"info","message":"Получение ожидающих приглашений пользователя","timestamp":"2026-03-24 19:28:20","userId":1}
{"level":"info","message":"Получение заданий для пользователя ID: 1","timestamp":"2026-03-24 19:28:20"}
{"level":"info","message":"Получение ожидающих приглашений пользователя","timestamp":"2026-03-24 19:28:20","userId":1}
{"level":"info","message":"Получение ожидающих приглашений пользователя","timestamp":"2026-03-24 19:28:20","userId":1}
{"assignmentId":53,"level":"info","message":"Получение состава команды проекта","timestamp":"2026-03-24 19:28:20"}
{"level":"info","message":"Получение заданий для пользователя ID: 1","timestamp":"2026-03-24 19:28:20"}
{"level":"info","message":"Получение ожидающих приглашений пользователя","timestamp":"2026-03-24 19:28:20","userId":1}
{"assignmentId":53,"level":"info","message":"Получение состава команды проекта","timestamp":"2026-03-24 19:28:20"}
{"level":"info","message":"Получение ожидающих приглашений пользователя","timestamp":"2026-03-24 19:28:20","userId":1}
{"level":"info","message":"Получение ожидающих приглашений пользователя","timestamp":"2026-03-24 19:28:20","userId":1}
{"assignmentId":53,"level":"info","message":"Получение состава команды проекта","timestamp":"2026-03-24 19:28:20"}
{"level":"info","message":"Получение заданий для пользователя ID: 1","timestamp":"2026-03-24 19:28:51"}
{"level":"info","message":"Получение ожидающих приглашений пользователя","timestamp":"2026-03-24 19:28:51","userId":1}
{"level":"info","message":"Получение ожидающих приглашений пользователя","timestamp":"2026-03-24 19:28:51","userId":1}
{"level":"info","message":"Получение заданий для пользователя ID: 1","timestamp":"2026-03-24 19:28:51"}
{"level":"info","message":"Получение ожидающих приглашений пользователя","timestamp":"2026-03-24 19:28:51","userId":1}
{"level":"info","message":"Получение ожидающих приглашений пользователя","timestamp":"2026-03-24 19:28:51","userId":1}
{"assignmentId":53,"level":"info","message":"Получение состава команды проекта","timestamp":"2026-03-24 19:28:51"}
{"level":"info","message":"Получение заданий для пользователя ID: 1","timestamp":"2026-03-24 19:28:51"}
{"level":"info","message":"Получение ожидающих приглашений пользователя","timestamp":"2026-03-24 19:28:51","userId":1}
{"assignmentId":53,"level":"info","message":"Получение состава команды проекта","timestamp":"2026-03-24 19:28:51"}
{"level":"info","message":"Получение ожидающих приглашений пользователя","timestamp":"2026-03-24 19:28:51","userId":1}
{"assignmentId":53,"level":"info","message":"Получение состава команды проекта","timestamp":"2026-03-24 19:28:51"}
{"level":"info","message":"Получение заданий для пользователя ID: 1","timestamp":"2026-03-24 19:29:22"}
{"level":"info","message":"Получение ожидающих приглашений пользователя","timestamp":"2026-03-24 19:29:22","userId":1}
{"level":"info","message":"Получение заданий для пользователя ID: 1","timestamp":"2026-03-24 19:29:22"}
{"level":"info","message":"Получение ожидающих приглашений пользователя","timestamp":"2026-03-24 19:29:22","userId":1}
{"level":"info","message":"Получение ожидающих приглашений пользователя","timestamp":"2026-03-24 19:29:22","userId":1}
{"level":"info","message":"Получение ожидающих приглашений пользователя","timestamp":"2026-03-24 19:29:22","userId":1}
{"assignmentId":53,"level":"info","message":"Получение состава команды проекта","timestamp":"2026-03-24 19:29:22"}
{"level":"info","message":"Получение заданий для пользователя ID: 1","timestamp":"2026-03-24 19:29:22"}
{"level":"info","message":"Получение ожидающих приглашений пользователя","timestamp":"2026-03-24 19:29:22","userId":1}
{"assignmentId":53,"level":"info","message":"Получение состава команды проекта","timestamp":"2026-03-24 19:29:22"}
{"level":"info","message":"Получение ожидающих приглашений пользователя","timestamp":"2026-03-24 19:29:22","userId":1}
{"assignmentId":53,"level":"info","message":"Получение состава команды проекта","timestamp":"2026-03-24 19:29:22"}
{"level":"info","message":"Получение ожидающих приглашений пользователя","timestamp":"2026-03-24 19:29:53","userId":1}
{"level":"info","message":"Получение заданий для пользователя ID: 1","timestamp":"2026-03-24 19:29:53"}
{"level":"info","message":"Получение ожидающих приглашений пользователя","timestamp":"2026-03-24 19:29:53","userId":1}
{"level":"info","message":"Получение заданий для пользователя ID: 1","timestamp":"2026-03-24 19:29:53"}
{"level":"info","message":"Получение ожидающих приглашений пользователя","timestamp":"2026-03-24 19:29:53","userId":1}
{"level":"info","message":"Получение ожидающих приглашений пользователя","timestamp":"2026-03-24 19:29:53","userId":1}
{"assignmentId":53,"level":"info","message":"Получение состава команды проекта","timestamp":"2026-03-24 19:29:53"}
{"level":"info","message":"Получение заданий для пользователя ID: 1","timestamp":"2026-03-24 19:29:53"}
{"level":"info","message":"Получение ожидающих приглашений пользователя","timestamp":"2026-03-24 19:29:53","userId":1}
{"level":"info","message":"Получение ожидающих приглашений пользователя","timestamp":"2026-03-24 19:29:53","userId":1}
{"assignmentId":53,"level":"info","message":"Получение состава команды проекта","timestamp":"2026-03-24 19:29:53"}
{"assignmentId":53,"level":"info","message":"Получение состава команды проекта","timestamp":"2026-03-24 19:29:53"}
{"level":"info","message":"Получение заданий для пользователя ID: 1","timestamp":"2026-03-24 19:30:24"}
{"level":"info","message":"Получение ожидающих приглашений пользователя","timestamp":"2026-03-24 19:30:24","userId":1}
{"level":"info","message":"Получение ожидающих приглашений пользователя","timestamp":"2026-03-24 19:30:24","userId":1}
{"level":"info","message":"Получение заданий для пользователя ID: 1","timestamp":"2026-03-24 19:30:24"}
{"level":"info","message":"Получение ожидающих приглашений пользователя","timestamp":"2026-03-24 19:30:24","userId":1}
{"level":"info","message":"Получение ожидающих приглашений пользователя","timestamp":"2026-03-24 19:30:24","userId":1}
{"level":"info","message":"Получение заданий для пользователя ID: 1","timestamp":"2026-03-24 19:30:24"}
{"level":"info","message":"Получение ожидающих приглашений пользователя","timestamp":"2026-03-24 19:30:24","userId":1}
{"level":"info","message":"Получение ожидающих приглашений пользователя","timestamp":"2026-03-24 19:30:24","userId":1}
{"assignmentId":53,"level":"info","message":"Получение состава команды проекта","timestamp":"2026-03-24 19:30:24"}
{"assignmentId":53,"level":"info","message":"Получение состава команды проекта","timestamp":"2026-03-24 19:30:24"}
{"assignmentId":53,"level":"info","message":"Получение состава команды проекта","timestamp":"2026-03-24 19:30:24"}
{"level":"info","message":"Получение заданий для пользователя ID: 1","timestamp":"2026-03-24 19:30:55"}
{"level":"info","message":"Получение ожидающих приглашений пользователя","timestamp":"2026-03-24 19:30:55","userId":1}
{"level":"info","message":"Получение ожидающих приглашений пользователя","timestamp":"2026-03-24 19:30:55","userId":1}
{"level":"info","message":"Получение заданий для пользователя ID: 1","timestamp":"2026-03-24 19:30:55"}
{"level":"info","message":"Получение ожидающих приглашений пользователя","timestamp":"2026-03-24 19:30:55","userId":1}
{"level":"info","message":"Получение ожидающих приглашений пользователя","timestamp":"2026-03-24 19:30:55","userId":1}
{"level":"info","message":"Получение заданий для пользователя ID: 1","timestamp":"2026-03-24 19:30:55"}
{"level":"info","message":"Получение ожидающих приглашений пользователя","timestamp":"2026-03-24 19:30:55","userId":1}
{"level":"info","message":"Получение ожидающих приглашений пользователя","timestamp":"2026-03-24 19:30:55","userId":1}
{"assignmentId":53,"level":"info","message":"Получение состава команды проекта","timestamp":"2026-03-24 19:30:55"}
{"assignmentId":53,"level":"info","message":"Получение состава команды проекта","timestamp":"2026-03-24 19:30:55"}
{"assignmentId":53,"level":"info","message":"Получение состава команды проекта","timestamp":"2026-03-24 19:30:55"}
{"level":"info","message":"Получение заданий для пользователя ID: 1","timestamp":"2026-03-24 19:31:26"}
{"level":"info","message":"Получение ожидающих приглашений пользователя","timestamp":"2026-03-24 19:31:26","userId":1}
{"level":"info","message":"Получение ожидающих приглашений пользователя","timestamp":"2026-03-24 19:31:26","userId":1}
{"level":"info","message":"Получение заданий для пользователя ID: 1","timestamp":"2026-03-24 19:31:26"}
{"level":"info","message":"Получение ожидающих приглашений пользователя","timestamp":"2026-03-24 19:31:26","userId":1}
{"level":"info","message":"Получение ожидающих приглашений пользователя","timestamp":"2026-03-24 19:31:26","userId":1}
{"assignmentId":53,"level":"info","message":"Получение состава команды проекта","timestamp":"2026-03-24 19:31:26"}
{"level":"info","message":"Получение заданий для пользователя ID: 1","timestamp":"2026-03-24 19:31:26"}
{"level":"info","message":"Получение ожидающих приглашений пользователя","timestamp":"2026-03-24 19:31:26","userId":1}
{"level":"info","message":"Получение ожидающих приглашений пользователя","timestamp":"2026-03-24 19:31:26","userId":1}
{"assignmentId":53,"level":"info","message":"Получение состава команды проекта","timestamp":"2026-03-24 19:31:26"}
{"assignmentId":53,"level":"info","message":"Получение состава команды проекта","timestamp":"2026-03-24 19:31:26"}
{"level":"info","message":"Получение заданий для пользователя ID: 1","timestamp":"2026-03-24 19:31:57"}
{"level":"info","message":"Получение ожидающих приглашений пользователя","timestamp":"2026-03-24 19:31:57","userId":1}
{"level":"info","message":"Получение ожидающих приглашений пользователя","timestamp":"2026-03-24 19:31:57","userId":1}
{"level":"info","message":"Получение заданий для пользователя ID: 1","timestamp":"2026-03-24 19:31:57"}
{"level":"info","message":"Получение ожидающих приглашений пользователя","timestamp":"2026-03-24 19:31:57","userId":1}
{"assignmentId":53,"level":"info","message":"Получение состава команды проекта","timestamp":"2026-03-24 19:31:57"}
{"level":"info","message":"Получение ожидающих приглашений пользователя","timestamp":"2026-03-24 19:31:57","userId":1}
{"level":"info","message":"Получение заданий для пользователя ID: 1","timestamp":"2026-03-24 19:31:57"}
{"level":"info","message":"Получение ожидающих приглашений пользователя","timestamp":"2026-03-24 19:31:57","userId":1}
{"level":"info","message":"Получение ожидающих приглашений пользователя","timestamp":"2026-03-24 19:31:57","userId":1}
{"assignmentId":53,"level":"info","message":"Получение состава команды проекта","timestamp":"2026-03-24 19:31:57"}
{"assignmentId":53,"level":"info","message":"Получение состава команды проекта","timestamp":"2026-03-24 19:31:57"}
{"level":"info","message":"Получение заданий для пользователя ID: 1","timestamp":"2026-03-24 19:32:28"}
{"level":"info","message":"Получение ожидающих приглашений пользователя","timestamp":"2026-03-24 19:32:28","userId":1}
{"level":"info","message":"Получение ожидающих приглашений пользователя","timestamp":"2026-03-24 19:32:28","userId":1}
{"level":"info","message":"Получение заданий для пользователя ID: 1","timestamp":"2026-03-24 19:32:28"}
{"level":"info","message":"Получение ожидающих приглашений пользователя","timestamp":"2026-03-24 19:32:28","userId":1}
{"level":"info","message":"Получение ожидающих приглашений пользователя","timestamp":"2026-03-24 19:32:28","userId":1}
{"assignmentId":53,"level":"info","message":"Получение состава команды проекта","timestamp":"2026-03-24 19:32:28"}
{"level":"info","message":"Получение заданий для пользователя ID: 1","timestamp":"2026-03-24 19:32:28"}
{"level":"info","message":"Получение ожидающих приглашений пользователя","timestamp":"2026-03-24 19:32:28","userId":1}
{"level":"info","message":"Получение ожидающих приглашений пользователя","timestamp":"2026-03-24 19:32:28","userId":1}
{"assignmentId":53,"level":"info","message":"Получение состава команды проекта","timestamp":"2026-03-24 19:32:28"}
{"assignmentId":53,"level":"info","message":"Получение состава команды проекта","timestamp":"2026-03-24 19:32:28"}
{"level":"info","message":"Получение заданий для пользователя ID: 1","timestamp":"2026-03-24 19:32:59"}
{"level":"info","message":"Получение ожидающих приглашений пользователя","timestamp":"2026-03-24 19:32:59","userId":1}
{"level":"info","message":"Получение заданий для пользователя ID: 1","timestamp":"2026-03-24 19:32:59"}
{"level":"info","message":"Получение ожидающих приглашений пользователя","timestamp":"2026-03-24 19:32:59","userId":1}
{"level":"info","message":"Получение ожидающих приглашений пользователя","timestamp":"2026-03-24 19:32:59","userId":1}
{"level":"info","message":"Получение ожидающих приглашений пользователя","timestamp":"2026-03-24 19:32:59","userId":1}
{"assignmentId":53,"level":"info","message":"Получение состава команды проекта","timestamp":"2026-03-24 19:32:59"}
{"level":"info","message":"Получение заданий для пользователя ID: 1","timestamp":"2026-03-24 19:32:59"}
{"level":"info","message":"Получение ожидающих приглашений пользователя","timestamp":"2026-03-24 19:32:59","userId":1}
{"level":"info","message":"Получение ожидающих приглашений пользователя","timestamp":"2026-03-24 19:32:59","userId":1}
{"assignmentId":53,"level":"info","message":"Получение состава команды проекта","timestamp":"2026-03-24 19:32:59"}
{"assignmentId":53,"level":"info","message":"Получение состава команды проекта","timestamp":"2026-03-24 19:32:59"}
{"level":"info","message":"Получение ожидающих приглашений пользователя","timestamp":"2026-03-24 19:33:30","userId":1}
{"level":"info","message":"Получение заданий для пользователя ID: 1","timestamp":"2026-03-24 19:33:30"}
{"level":"info","message":"Получение ожидающих приглашений пользователя","timestamp":"2026-03-24 19:33:30","userId":1}
{"level":"info","message":"Получение заданий для пользователя ID: 1","timestamp":"2026-03-24 19:33:30"}
{"level":"info","message":"Получение ожидающих приглашений пользователя","timestamp":"2026-03-24 19:33:30","userId":1}
{"assignmentId":53,"level":"info","message":"Получение состава команды проекта","timestamp":"2026-03-24 19:33:30"}
{"level":"info","message":"Получение ожидающих приглашений пользователя","timestamp":"2026-03-24 19:33:30","userId":1}
{"level":"info","message":"Получение заданий для пользователя ID: 1","timestamp":"2026-03-24 19:33:30"}
{"level":"info","message":"Получение ожидающих приглашений пользователя","timestamp":"2026-03-24 19:33:30","userId":1}
{"level":"info","message":"Получение ожидающих приглашений пользователя","timestamp":"2026-03-24 19:33:30","userId":1}
{"assignmentId":53,"level":"info","message":"Получение состава команды проекта","timestamp":"2026-03-24 19:33:30"}
{"assignmentId":53,"level":"info","message":"Получение состава команды проекта","timestamp":"2026-03-24 19:33:30"}
{"level":"info","message":"Получение заданий для пользователя ID: 1","timestamp":"2026-03-24 19:34:01"}
{"level":"info","message":"Получение ожидающих приглашений пользователя","timestamp":"2026-03-24 19:34:01","userId":1}
{"level":"info","message":"Получение заданий для пользователя ID: 1","timestamp":"2026-03-24 19:34:01"}
{"level":"info","message":"Получение ожидающих приглашений пользователя","timestamp":"2026-03-24 19:34:01","userId":1}
{"level":"info","message":"Получение ожидающих приглашений пользователя","timestamp":"2026-03-24 19:34:01","userId":1}
{"level":"info","message":"Получение заданий для пользователя ID: 1","timestamp":"2026-03-24 19:34:01"}
{"assignmentId":53,"level":"info","message":"Получение состава команды проекта","timestamp":"2026-03-24 19:34:01"}
{"level":"info","message":"Получение ожидающих приглашений пользователя","timestamp":"2026-03-24 19:34:01","userId":1}
{"level":"info","message":"Получение ожидающих приглашений пользователя","timestamp":"2026-03-24 19:34:01","userId":1}
{"level":"info","message":"Получение ожидающих приглашений пользователя","timestamp":"2026-03-24 19:34:01","userId":1}
{"assignmentId":53,"level":"info","message":"Получение состава команды проекта","timestamp":"2026-03-24 19:34:01"}
{"assignmentId":53,"level":"info","message":"Получение состава команды проекта","timestamp":"2026-03-24 19:34:01"}
{"level":"info","message":"Получение заданий для пользователя ID: 1","timestamp":"2026-03-24 19:34:32"}
{"level":"info","message":"Получение ожидающих приглашений пользователя","timestamp":"2026-03-24 19:34:32","userId":1}
{"level":"info","message":"Получение заданий для пользователя ID: 1","timestamp":"2026-03-24 19:34:32"}
{"level":"info","message":"Получение ожидающих приглашений пользователя","timestamp":"2026-03-24 19:34:32","userId":1}
{"level":"info","message":"Получение ожидающих приглашений пользователя","timestamp":"2026-03-24 19:34:32","userId":1}
{"level":"info","message":"Получение ожидающих приглашений пользователя","timestamp":"2026-03-24 19:34:32","userId":1}
{"assignmentId":53,"level":"info","message":"Получение состава команды проекта","timestamp":"2026-03-24 19:34:32"}
{"level":"info","message":"Получение заданий для пользователя ID: 1","timestamp":"2026-03-24 19:34:32"}
{"level":"info","message":"Получение ожидающих приглашений пользователя","timestamp":"2026-03-24 19:34:32","userId":1}
{"assignmentId":53,"level":"info","message":"Получение состава команды проекта","timestamp":"2026-03-24 19:34:32"}
{"level":"info","message":"Получение ожидающих приглашений пользователя","timestamp":"2026-03-24 19:34:32","userId":1}
{"assignmentId":53,"level":"info","message":"Получение состава команды проекта","timestamp":"2026-03-24 19:34:32"}
{"level":"info","message":"Получение заданий для пользователя ID: 1","timestamp":"2026-03-24 19:35:03"}
{"level":"info","message":"Получение ожидающих приглашений пользователя","timestamp":"2026-03-24 19:35:03","userId":1}
{"level":"info","message":"Получение заданий для пользователя ID: 1","timestamp":"2026-03-24 19:35:03"}
{"level":"info","message":"Получение ожидающих приглашений пользователя","timestamp":"2026-03-24 19:35:03","userId":1}
{"level":"info","message":"Получение ожидающих приглашений пользователя","timestamp":"2026-03-24 19:35:03","userId":1}
{"assignmentId":53,"level":"info","message":"Получение состава команды проекта","timestamp":"2026-03-24 19:35:03"}
{"level":"info","message":"Получение ожидающих приглашений пользователя","timestamp":"2026-03-24 19:35:03","userId":1}
{"level":"info","message":"Получение заданий для пользователя ID: 1","timestamp":"2026-03-24 19:35:03"}
{"level":"info","message":"Получение ожидающих приглашений пользователя","timestamp":"2026-03-24 19:35:03","userId":1}
{"assignmentId":53,"level":"info","message":"Получение состава команды проекта","timestamp":"2026-03-24 19:35:03"}
{"level":"info","message":"Получение ожидающих приглашений пользователя","timestamp":"2026-03-24 19:35:03","userId":1}
{"assignmentId":53,"level":"info","message":"Получение состава команды проекта","timestamp":"2026-03-24 19:35:03"}
{"level":"info","message":"Получение заданий для пользователя ID: 1","timestamp":"2026-03-24 19:35:34"}
{"level":"info","message":"Получение ожидающих приглашений пользователя","timestamp":"2026-03-24 19:35:34","userId":1}
{"level":"info","message":"Получение ожидающих приглашений пользователя","timestamp":"2026-03-24 19:35:34","userId":1}
{"level":"info","message":"Получение заданий для пользователя ID: 1","timestamp":"2026-03-24 19:35:34"}
{"level":"info","message":"Получение ожидающих приглашений пользователя","timestamp":"2026-03-24 19:35:34","userId":1}
{"level":"info","message":"Получение ожидающих приглашений пользователя","timestamp":"2026-03-24 19:35:34","userId":1}
{"level":"info","message":"Получение заданий для пользователя ID: 1","timestamp":"2026-03-24 19:35:34"}
{"level":"info","message":"Получение ожидающих приглашений пользователя","timestamp":"2026-03-24 19:35:34","userId":1}
{"assignmentId":53,"level":"info","message":"Получение состава команды проекта","timestamp":"2026-03-24 19:35:34"}
{"level":"info","message":"Получение ожидающих приглашений пользователя","timestamp":"2026-03-24 19:35:34","userId":1}
{"assignmentId":53,"level":"info","message":"Получение состава команды проекта","timestamp":"2026-03-24 19:35:34"}
{"assignmentId":53,"level":"info","message":"Получение состава команды проекта","timestamp":"2026-03-24 19:35:34"}
{"level":"info","message":"Получение заданий для пользователя ID: 1","timestamp":"2026-03-24 19:36:05"}
{"level":"info","message":"Получение ожидающих приглашений пользователя","timestamp":"2026-03-24 19:36:05","userId":1}
{"level":"info","message":"Получение заданий для пользователя ID: 1","timestamp":"2026-03-24 19:36:05"}
{"level":"info","message":"Получение ожидающих приглашений пользователя","timestamp":"2026-03-24 19:36:05","userId":1}
{"level":"info","message":"Получение ожидающих приглашений пользователя","timestamp":"2026-03-24 19:36:05","userId":1}
{"level":"info","message":"Получение ожидающих приглашений пользователя","timestamp":"2026-03-24 19:36:05","userId":1}
{"assignmentId":53,"level":"info","message":"Получение состава команды проекта","timestamp":"2026-03-24 19:36:05"}
{"level":"info","message":"Получение заданий для пользователя ID: 1","timestamp":"2026-03-24 19:36:05"}
{"level":"info","message":"Получение ожидающих приглашений пользователя","timestamp":"2026-03-24 19:36:05","userId":1}
{"level":"info","message":"Получение ожидающих приглашений пользователя","timestamp":"2026-03-24 19:36:05","userId":1}
{"assignmentId":53,"level":"info","message":"Получение состава команды проекта","timestamp":"2026-03-24 19:36:05"}
{"assignmentId":53,"level":"info","message":"Получение состава команды проекта","timestamp":"2026-03-24 19:36:05"}
{"level":"info","message":"Получение заданий для пользователя ID: 1","timestamp":"2026-03-24 19:36:36"}
{"level":"info","message":"Получение ожидающих приглашений пользователя","timestamp":"2026-03-24 19:36:36","userId":1}
{"level":"info","message":"Получение ожидающих приглашений пользователя","timestamp":"2026-03-24 19:36:36","userId":1}
{"level":"info","message":"Получение заданий для пользователя ID: 1","timestamp":"2026-03-24 19:36:36"}
{"level":"info","message":"Получение ожидающих приглашений пользователя","timestamp":"2026-03-24 19:36:36","userId":1}
{"level":"info","message":"Получение ожидающих приглашений пользователя","timestamp":"2026-03-24 19:36:36","userId":1}
{"assignmentId":53,"level":"info","message":"Получение состава команды проекта","timestamp":"2026-03-24 19:36:36"}
{"level":"info","message":"Получение заданий для пользователя ID: 1","timestamp":"2026-03-24 19:36:36"}
{"level":"info","message":"Получение ожидающих приглашений пользователя","timestamp":"2026-03-24 19:36:36","userId":1}
{"level":"info","message":"Получение ожидающих приглашений пользователя","timestamp":"2026-03-24 19:36:36","userId":1}
{"assignmentId":53,"level":"info","message":"Получение состава команды проекта","timestamp":"2026-03-24 19:36:36"}
{"assignmentId":53,"level":"info","message":"Получение состава команды проекта","timestamp":"2026-03-24 19:36:36"}
{"level":"info","message":"Получение заданий для пользователя ID: 1","timestamp":"2026-03-24 19:37:07"}
{"level":"info","message":"Получение ожидающих приглашений пользователя","timestamp":"2026-03-24 19:37:07","userId":1}
{"level":"info","message":"Получение ожидающих приглашений пользователя","timestamp":"2026-03-24 19:37:07","userId":1}
{"level":"info","message":"Получение заданий для пользователя ID: 1","timestamp":"2026-03-24 19:37:07"}
{"level":"info","message":"Получение ожидающих приглашений пользователя","timestamp":"2026-03-24 19:37:07","userId":1}
{"level":"info","message":"Получение ожидающих приглашений пользователя","timestamp":"2026-03-24 19:37:07","userId":1}
{"assignmentId":53,"level":"info","message":"Получение состава команды проекта","timestamp":"2026-03-24 19:37:07"}
{"level":"info","message":"Получение заданий для пользователя ID: 1","timestamp":"2026-03-24 19:37:07"}
{"level":"info","message":"Получение ожидающих приглашений пользователя","timestamp":"2026-03-24 19:37:07","userId":1}
{"level":"info","message":"Получение ожидающих приглашений пользователя","timestamp":"2026-03-24 19:37:07","userId":1}
{"assignmentId":53,"level":"info","message":"Получение состава команды проекта","timestamp":"2026-03-24 19:37:07"}
{"assignmentId":53,"level":"info","message":"Получение состава команды проекта","timestamp":"2026-03-24 19:37:07"}
{"level":"info","message":"Получение ожидающих приглашений пользователя","timestamp":"2026-03-24 19:37:38","userId":1}
{"level":"info","message":"Получение заданий для пользователя ID: 1","timestamp":"2026-03-24 19:37:38"}
{"level":"info","message":"Получение заданий для пользователя ID: 1","timestamp":"2026-03-24 19:37:38"}
{"level":"info","message":"Получение ожидающих приглашений пользователя","timestamp":"2026-03-24 19:37:38","userId":1}
{"level":"info","message":"Получение ожидающих приглашений пользователя","timestamp":"2026-03-24 19:37:38","userId":1}
{"level":"info","message":"Получение ожидающих приглашений пользователя","timestamp":"2026-03-24 19:37:38","userId":1}
{"assignmentId":53,"level":"info","message":"Получение состава команды проекта","timestamp":"2026-03-24 19:37:38"}
{"level":"info","message":"Получение заданий для пользователя ID: 1","timestamp":"2026-03-24 19:37:38"}
{"level":"info","message":"Получение ожидающих приглашений пользователя","timestamp":"2026-03-24 19:37:38","userId":1}
{"level":"info","message":"Получение ожидающих приглашений пользователя","timestamp":"2026-03-24 19:37:38","userId":1}
{"assignmentId":53,"level":"info","message":"Получение состава команды проекта","timestamp":"2026-03-24 19:37:38"}
{"assignmentId":53,"level":"info","message":"Получение состава команды проекта","timestamp":"2026-03-24 19:37:38"}
{"level":"info","message":"Получение ожидающих приглашений пользователя","timestamp":"2026-03-24 19:38:09","userId":1}
{"level":"info","message":"Получение заданий для пользователя ID: 1","timestamp":"2026-03-24 19:38:09"}
{"level":"info","message":"Получение ожидающих приглашений пользователя","timestamp":"2026-03-24 19:38:09","userId":1}
{"level":"info","message":"Получение заданий для пользователя ID: 1","timestamp":"2026-03-24 19:38:09"}
{"level":"info","message":"Получение ожидающих приглашений пользователя","timestamp":"2026-03-24 19:38:09","userId":1}
{"level":"info","message":"Получение ожидающих приглашений пользователя","timestamp":"2026-03-24 19:38:09","userId":1}
{"assignmentId":53,"level":"info","message":"Получение состава команды проекта","timestamp":"2026-03-24 19:38:09"}
{"level":"info","message":"Получение заданий для пользователя ID: 1","timestamp":"2026-03-24 19:38:09"}
{"level":"info","message":"Получение ожидающих приглашений пользователя","timestamp":"2026-03-24 19:38:09","userId":1}
{"level":"info","message":"Получение ожидающих приглашений пользователя","timestamp":"2026-03-24 19:38:09","userId":1}
{"assignmentId":53,"level":"info","message":"Получение состава команды проекта","timestamp":"2026-03-24 19:38:09"}
{"assignmentId":53,"level":"info","message":"Получение состава команды проекта","timestamp":"2026-03-24 19:38:09"}
{"level":"info","message":"Получение заданий для пользователя ID: 1","timestamp":"2026-03-24 19:38:40"}
{"level":"info","message":"Получение ожидающих приглашений пользователя","timestamp":"2026-03-24 19:38:40","userId":1}
{"level":"info","message":"Получение заданий для пользователя ID: 1","timestamp":"2026-03-24 19:38:40"}
{"level":"info","message":"Получение ожидающих приглашений пользователя","timestamp":"2026-03-24 19:38:40","userId":1}
{"level":"info","message":"Получение ожидающих приглашений пользователя","timestamp":"2026-03-24 19:38:40","userId":1}
{"level":"info","message":"Получение ожидающих приглашений пользователя","timestamp":"2026-03-24 19:38:40","userId":1}
{"level":"info","message":"Получение заданий для пользователя ID: 1","timestamp":"2026-03-24 19:38:40"}
{"level":"info","message":"Получение ожидающих приглашений пользователя","timestamp":"2026-03-24 19:38:40","userId":1}
{"assignmentId":53,"level":"info","message":"Получение состава команды проекта","timestamp":"2026-03-24 19:38:40"}
{"level":"info","message":"Получение ожидающих приглашений пользователя","timestamp":"2026-03-24 19:38:40","userId":1}
{"assignmentId":53,"level":"info","message":"Получение состава команды проекта","timestamp":"2026-03-24 19:38:40"}
{"assignmentId":53,"level":"info","message":"Получение состава команды проекта","timestamp":"2026-03-24 19:38:40"}
{"level":"info","message":"Получение ожидающих приглашений пользователя","timestamp":"2026-03-24 19:39:11","userId":1}
{"level":"info","message":"Получение заданий для пользователя ID: 1","timestamp":"2026-03-24 19:39:11"}
{"level":"info","message":"Получение ожидающих приглашений пользователя","timestamp":"2026-03-24 19:39:11","userId":1}
{"level":"info","message":"Получение заданий для пользователя ID: 1","timestamp":"2026-03-24 19:39:11"}
{"level":"info","message":"Получение ожидающих приглашений пользователя","timestamp":"2026-03-24 19:39:11","userId":1}
{"level":"info","message":"Получение ожидающих приглашений пользователя","timestamp":"2026-03-24 19:39:11","userId":1}
{"level":"info","message":"Получение ожидающих приглашений пользователя","timestamp":"2026-03-24 19:39:11","userId":1}
{"level":"info","message":"Получение заданий для пользователя ID: 1","timestamp":"2026-03-24 19:39:11"}
{"level":"info","message":"Получение ожидающих приглашений пользователя","timestamp":"2026-03-24 19:39:11","userId":1}
{"assignmentId":53,"level":"info","message":"Получение состава команды проекта","timestamp":"2026-03-24 19:39:11"}
{"assignmentId":53,"level":"info","message":"Получение состава команды проекта","timestamp":"2026-03-24 19:39:11"}
{"assignmentId":53,"level":"info","message":"Получение состава команды проекта","timestamp":"2026-03-24 19:39:11"}
{"level":"info","message":"Получение заданий для пользователя ID: 1","timestamp":"2026-03-24 19:39:42"}
{"level":"info","message":"Получение ожидающих приглашений пользователя","timestamp":"2026-03-24 19:39:42","userId":1}
{"level":"info","message":"Получение ожидающих приглашений пользователя","timestamp":"2026-03-24 19:39:42","userId":1}
{"level":"info","message":"Получение заданий для пользователя ID: 1","timestamp":"2026-03-24 19:39:42"}
{"level":"info","message":"Получение ожидающих приглашений пользователя","timestamp":"2026-03-24 19:39:42","userId":1}
{"level":"info","message":"Получение ожидающих приглашений пользователя","timestamp":"2026-03-24 19:39:42","userId":1}
{"assignmentId":53,"level":"info","message":"Получение состава команды проекта","timestamp":"2026-03-24 19:39:42"}
{"level":"info","message":"Получение заданий для пользователя ID: 1","timestamp":"2026-03-24 19:39:42"}
{"level":"info","message":"Получение ожидающих приглашений пользователя","timestamp":"2026-03-24 19:39:42","userId":1}
{"level":"info","message":"Получение ожидающих приглашений пользователя","timestamp":"2026-03-24 19:39:42","userId":1}
{"assignmentId":53,"level":"info","message":"Получение состава команды проекта","timestamp":"2026-03-24 19:39:42"}
{"assignmentId":53,"level":"info","message":"Получение состава команды проекта","timestamp":"2026-03-24 19:39:42"}
{"level":"info","message":"Получение заданий для пользователя ID: 1","timestamp":"2026-03-24 19:40:13"}
{"level":"info","message":"Получение ожидающих приглашений пользователя","timestamp":"2026-03-24 19:40:13","userId":1}
{"level":"info","message":"Получение ожидающих приглашений пользователя","timestamp":"2026-03-24 19:40:13","userId":1}
{"level":"info","message":"Получение заданий для пользователя ID: 1","timestamp":"2026-03-24 19:40:13"}
{"level":"info","message":"Получение ожидающих приглашений пользователя","timestamp":"2026-03-24 19:40:13","userId":1}
{"level":"info","message":"Получение ожидающих приглашений пользователя","timestamp":"2026-03-24 19:40:13","userId":1}
{"assignmentId":53,"level":"info","message":"Получение состава команды проекта","timestamp":"2026-03-24 19:40:13"}
{"level":"info","message":"Получение заданий для пользователя ID: 1","timestamp":"2026-03-24 19:40:13"}
{"level":"info","message":"Получение ожидающих приглашений пользователя","timestamp":"2026-03-24 19:40:13","userId":1}
{"level":"info","message":"Получение ожидающих приглашений пользователя","timestamp":"2026-03-24 19:40:13","userId":1}
{"assignmentId":53,"level":"info","message":"Получение состава команды проекта","timestamp":"2026-03-24 19:40:13"}
{"assignmentId":53,"level":"info","message":"Получение состава команды проекта","timestamp":"2026-03-24 19:40:13"}
{"level":"info","message":"Получение заданий для пользователя ID: 1","timestamp":"2026-03-24 19:40:44"}
{"level":"info","message":"Получение ожидающих приглашений пользователя","timestamp":"2026-03-24 19:40:44","userId":1}
{"level":"info","message":"Получение ожидающих приглашений пользователя","timestamp":"2026-03-24 19:40:44","userId":1}
{"level":"info","message":"Получение заданий для пользователя ID: 1","timestamp":"2026-03-24 19:40:44"}
{"level":"info","message":"Получение ожидающих приглашений пользователя","timestamp":"2026-03-24 19:40:44","userId":1}
{"level":"info","message":"Получение ожидающих приглашений пользователя","timestamp":"2026-03-24 19:40:44","userId":1}
{"assignmentId":53,"level":"info","message":"Получение состава команды проекта","timestamp":"2026-03-24 19:40:44"}
{"level":"info","message":"Получение ожидающих приглашений пользователя","timestamp":"2026-03-24 19:40:44","userId":1}
{"level":"info","message":"Получение заданий для пользователя ID: 1","timestamp":"2026-03-24 19:40:44"}
{"level":"info","message":"Получение ожидающих приглашений пользователя","timestamp":"2026-03-24 19:40:44","userId":1}
{"assignmentId":53,"level":"info","message":"Получение состава команды проекта","timestamp":"2026-03-24 19:40:44"}
{"assignmentId":53,"level":"info","message":"Получение состава команды проекта","timestamp":"2026-03-24 19:40:44"}
{"level":"info","message":"Получение заданий для пользователя ID: 1","timestamp":"2026-03-24 19:41:15"}
{"level":"info","message":"Получение ожидающих приглашений пользователя","timestamp":"2026-03-24 19:41:15","userId":1}
{"level":"info","message":"Получение ожидающих приглашений пользователя","timestamp":"2026-03-24 19:41:15","userId":1}
{"level":"info","message":"Получение заданий для пользователя ID: 1","timestamp":"2026-03-24 19:41:15"}
{"level":"info","message":"Получение ожидающих приглашений пользователя","timestamp":"2026-03-24 19:41:15","userId":1}
{"assignmentId":53,"level":"info","message":"Получение состава команды проекта","timestamp":"2026-03-24 19:41:15"}
{"level":"info","message":"Получение ожидающих приглашений пользователя","timestamp":"2026-03-24 19:41:15","userId":1}
{"level":"info","message":"Получение заданий для пользователя ID: 1","timestamp":"2026-03-24 19:41:15"}
{"level":"info","message":"Получение ожидающих приглашений пользователя","timestamp":"2026-03-24 19:41:15","userId":1}
{"level":"info","message":"Получение ожидающих приглашений пользователя","timestamp":"2026-03-24 19:41:15","userId":1}
{"assignmentId":53,"level":"info","message":"Получение состава команды проекта","timestamp":"2026-03-24 19:41:15"}
{"assignmentId":53,"level":"info","message":"Получение состава команды проекта","timestamp":"2026-03-24 19:41:15"}
{"level":"info","message":"Получение ожидающих приглашений пользователя","timestamp":"2026-03-24 19:41:46","userId":1}
{"level":"info","message":"Получение заданий для пользователя ID: 1","timestamp":"2026-03-24 19:41:46"}
{"level":"info","message":"Получение ожидающих приглашений пользователя","timestamp":"2026-03-24 19:41:46","userId":1}
{"level":"info","message":"Получение ожидающих приглашений пользователя","timestamp":"2026-03-24 19:41:46","userId":1}
{"level":"info","message":"Получение заданий для пользователя ID: 1","timestamp":"2026-03-24 19:41:46"}
{"level":"info","message":"Получение ожидающих приглашений пользователя","timestamp":"2026-03-24 19:41:46","userId":1}
{"level":"info","message":"Получение ожидающих приглашений пользователя","timestamp":"2026-03-24 19:41:46","userId":1}
{"level":"info","message":"Получение заданий для пользователя ID: 1","timestamp":"2026-03-24 19:41:46"}
{"assignmentId":53,"level":"info","message":"Получение состава команды проекта","timestamp":"2026-03-24 19:41:46"}
{"level":"info","message":"Получение ожидающих приглашений пользователя","timestamp":"2026-03-24 19:41:46","userId":1}
{"assignmentId":53,"level":"info","message":"Получение состава команды проекта","timestamp":"2026-03-24 19:41:46"}
{"assignmentId":53,"level":"info","message":"Получение состава команды проекта","timestamp":"2026-03-24 19:41:46"}
{"level":"info","message":"Получение заданий для пользователя ID: 1","timestamp":"2026-03-24 19:42:17"}
{"level":"info","message":"Получение ожидающих приглашений пользователя","timestamp":"2026-03-24 19:42:17","userId":1}
{"level":"info","message":"Получение ожидающих приглашений пользователя","timestamp":"2026-03-24 19:42:17","userId":1}
{"level":"info","message":"Получение заданий для пользователя ID: 1","timestamp":"2026-03-24 19:42:17"}
{"level":"info","message":"Получение ожидающих приглашений пользователя","timestamp":"2026-03-24 19:42:17","userId":1}
{"level":"info","message":"Получение ожидающих приглашений пользователя","timestamp":"2026-03-24 19:42:17","userId":1}
{"assignmentId":53,"level":"info","message":"Получение состава команды проекта","timestamp":"2026-03-24 19:42:17"}
{"level":"info","message":"Получение заданий для пользователя ID: 1","timestamp":"2026-03-24 19:42:17"}
{"level":"info","message":"Получение ожидающих приглашений пользователя","timestamp":"2026-03-24 19:42:17","userId":1}
{"level":"info","message":"Получение ожидающих приглашений пользователя","timestamp":"2026-03-24 19:42:17","userId":1}
{"assignmentId":53,"level":"info","message":"Получение состава команды проекта","timestamp":"2026-03-24 19:42:17"}
{"assignmentId":53,"level":"info","message":"Получение состава команды проекта","timestamp":"2026-03-24 19:42:17"}
{"level":"info","message":"Получение ожидающих приглашений пользователя","timestamp":"2026-03-24 19:42:48","userId":1}
{"level":"info","message":"Получение заданий для пользователя ID: 1","timestamp":"2026-03-24 19:42:48"}
{"level":"info","message":"Получение ожидающих приглашений пользователя","timestamp":"2026-03-24 19:42:48","userId":1}
{"level":"info","message":"Получение заданий для пользователя ID: 1","timestamp":"2026-03-24 19:42:48"}
{"level":"info","message":"Получение ожидающих приглашений пользователя","timestamp":"2026-03-24 19:42:48","userId":1}
{"level":"info","message":"Получение ожидающих приглашений пользователя","timestamp":"2026-03-24 19:42:48","userId":1}
{"assignmentId":53,"level":"info","message":"Получение состава команды проекта","timestamp":"2026-03-24 19:42:48"}
{"level":"info","message":"Получение заданий для пользователя ID: 1","timestamp":"2026-03-24 19:42:48"}
{"level":"info","message":"Получение ожидающих приглашений пользователя","timestamp":"2026-03-24 19:42:48","userId":1}
{"level":"info","message":"Получение ожидающих приглашений пользователя","timestamp":"2026-03-24 19:42:48","userId":1}
{"assignmentId":53,"level":"info","message":"Получение состава команды проекта","timestamp":"2026-03-24 19:42:48"}
{"assignmentId":53,"level":"info","message":"Получение состава команды проекта","timestamp":"2026-03-24 19:42:48"}
{"level":"info","message":"Получение заданий для пользователя ID: 1","timestamp":"2026-03-24 19:43:19"}
{"level":"info","message":"Получение ожидающих приглашений пользователя","timestamp":"2026-03-24 19:43:19","userId":1}
{"level":"info","message":"Получение заданий для пользователя ID: 1","timestamp":"2026-03-24 19:43:19"}
{"level":"info","message":"Получение ожидающих приглашений пользователя","timestamp":"2026-03-24 19:43:19","userId":1}
{"level":"info","message":"Получение ожидающих приглашений пользователя","timestamp":"2026-03-24 19:43:19","userId":1}
{"level":"info","message":"Получение ожидающих приглашений пользователя","timestamp":"2026-03-24 19:43:19","userId":1}
{"assignmentId":53,"level":"info","message":"Получение состава команды проекта","timestamp":"2026-03-24 19:43:19"}
{"level":"info","message":"Получение заданий для пользователя ID: 1","timestamp":"2026-03-24 19:43:19"}
{"level":"info","message":"Получение ожидающих приглашений пользователя","timestamp":"2026-03-24 19:43:19","userId":1}
{"level":"info","message":"Получение ожидающих приглашений пользователя","timestamp":"2026-03-24 19:43:19","userId":1}
{"assignmentId":53,"level":"info","message":"Получение состава команды проекта","timestamp":"2026-03-24 19:43:19"}
{"assignmentId":53,"level":"info","message":"Получение состава команды проекта","timestamp":"2026-03-24 19:43:19"}
{"level":"info","message":"Получение заданий для пользователя ID: 1","timestamp":"2026-03-24 19:43:50"}
{"level":"info","message":"Получение ожидающих приглашений пользователя","timestamp":"2026-03-24 19:43:50","userId":1}
{"level":"info","message":"Получение ожидающих приглашений пользователя","timestamp":"2026-03-24 19:43:50","userId":1}
{"level":"info","message":"Получение заданий для пользователя ID: 1","timestamp":"2026-03-24 19:43:50"}
{"level":"info","message":"Получение ожидающих приглашений пользователя","timestamp":"2026-03-24 19:43:50","userId":1}
{"level":"info","message":"Получение ожидающих приглашений пользователя","timestamp":"2026-03-24 19:43:50","userId":1}
{"assignmentId":53,"level":"info","message":"Получение состава команды проекта","timestamp":"2026-03-24 19:43:50"}
{"level":"info","message":"Получение заданий для пользователя ID: 1","timestamp":"2026-03-24 19:43:50"}
{"level":"info","message":"Получение ожидающих приглашений пользователя","timestamp":"2026-03-24 19:43:50","userId":1}
{"level":"info","message":"Получение ожидающих приглашений пользователя","timestamp":"2026-03-24 19:43:50","userId":1}
{"assignmentId":53,"level":"info","message":"Получение состава команды проекта","timestamp":"2026-03-24 19:43:50"}
{"assignmentId":53,"level":"info","message":"Получение состава команды проекта","timestamp":"2026-03-24 19:43:50"}
{"level":"info","message":"Получение заданий для пользователя ID: 1","timestamp":"2026-03-24 19:44:21"}
{"level":"info","message":"Получение ожидающих приглашений пользователя","timestamp":"2026-03-24 19:44:21","userId":1}
{"level":"info","message":"Получение ожидающих приглашений пользователя","timestamp":"2026-03-24 19:44:21","userId":1}
{"level":"info","message":"Получение заданий для пользователя ID: 1","timestamp":"2026-03-24 19:44:21"}
{"level":"info","message":"Получение ожидающих приглашений пользователя","timestamp":"2026-03-24 19:44:21","userId":1}
{"level":"info","message":"Получение ожидающих приглашений пользователя","timestamp":"2026-03-24 19:44:21","userId":1}
{"assignmentId":53,"level":"info","message":"Получение состава команды проекта","timestamp":"2026-03-24 19:44:21"}
{"level":"info","message":"Получение заданий для пользователя ID: 1","timestamp":"2026-03-24 19:44:21"}
{"level":"info","message":"Получение ожидающих приглашений пользователя","timestamp":"2026-03-24 19:44:21","userId":1}
{"level":"info","message":"Получение ожидающих приглашений пользователя","timestamp":"2026-03-24 19:44:21","userId":1}
{"assignmentId":53,"level":"info","message":"Получение состава команды проекта","timestamp":"2026-03-24 19:44:21"}
{"assignmentId":53,"level":"info","message":"Получение состава команды проекта","timestamp":"2026-03-24 19:44:21"}
{"level":"info","message":"Получение заданий для пользователя ID: 1","timestamp":"2026-03-24 19:44:52"}
{"level":"info","message":"Получение ожидающих приглашений пользователя","timestamp":"2026-03-24 19:44:52","userId":1}
{"level":"info","message":"Получение ожидающих приглашений пользователя","timestamp":"2026-03-24 19:44:52","userId":1}
{"level":"info","message":"Получение заданий для пользователя ID: 1","timestamp":"2026-03-24 19:44:52"}
{"level":"info","message":"Получение ожидающих приглашений пользователя","timestamp":"2026-03-24 19:44:52","userId":1}
{"level":"info","message":"Получение ожидающих приглашений пользователя","timestamp":"2026-03-24 19:44:52","userId":1}
{"assignmentId":53,"level":"info","message":"Получение состава команды проекта","timestamp":"2026-03-24 19:44:52"}
{"level":"info","message":"Получение заданий для пользователя ID: 1","timestamp":"2026-03-24 19:44:52"}
{"level":"info","message":"Получение ожидающих приглашений пользователя","timestamp":"2026-03-24 19:44:52","userId":1}
{"level":"info","message":"Получение ожидающих приглашений пользователя","timestamp":"2026-03-24 19:44:52","userId":1}
{"assignmentId":53,"level":"info","message":"Получение состава команды проекта","timestamp":"2026-03-24 19:44:52"}
{"assignmentId":53,"level":"info","message":"Получение состава команды проекта","timestamp":"2026-03-24 19:44:52"}
{"level":"info","message":"Получение заданий для пользователя ID: 1","timestamp":"2026-03-24 19:45:23"}
{"level":"info","message":"Получение ожидающих приглашений пользователя","timestamp":"2026-03-24 19:45:23","userId":1}
{"level":"info","message":"Получение ожидающих приглашений пользователя","timestamp":"2026-03-24 19:45:23","userId":1}
{"level":"info","message":"Получение заданий для пользователя ID: 1","timestamp":"2026-03-24 19:45:23"}
{"level":"info","message":"Получение ожидающих приглашений пользователя","timestamp":"2026-03-24 19:45:23","userId":1}
{"level":"info","message":"Получение ожидающих приглашений пользователя","timestamp":"2026-03-24 19:45:23","userId":1}
{"level":"info","message":"Получение заданий для пользователя ID: 1","timestamp":"2026-03-24 19:45:23"}
{"level":"info","message":"Получение ожидающих приглашений пользователя","timestamp":"2026-03-24 19:45:23","userId":1}
{"assignmentId":53,"level":"info","message":"Получение состава команды проекта","timestamp":"2026-03-24 19:45:23"}
{"level":"info","message":"Получение ожидающих приглашений пользователя","timestamp":"2026-03-24 19:45:23","userId":1}
{"assignmentId":53,"level":"info","message":"Получение состава команды проекта","timestamp":"2026-03-24 19:45:23"}
{"assignmentId":53,"level":"info","message":"Получение состава команды проекта","timestamp":"2026-03-24 19:45:23"}
{"level":"info","message":"Получение заданий для пользователя ID: 1","timestamp":"2026-03-24 19:45:46"}
{"level":"info","message":"Получение ожидающих приглашений пользователя","timestamp":"2026-03-24 19:45:46","userId":1}
{"level":"info","message":"Получение заданий для пользователя ID: 1","timestamp":"2026-03-24 19:45:46"}
{"level":"info","message":"Получение ожидающих приглашений пользователя","timestamp":"2026-03-24 19:45:46","userId":1}
{"level":"info","message":"Получение заданий для пользователя ID: 1","timestamp":"2026-03-24 19:45:46"}
{"level":"info","message":"Получение ожидающих приглашений пользователя","timestamp":"2026-03-24 19:45:46","userId":1}
{"level":"info","message":"Получение ожидающих приглашений пользователя","timestamp":"2026-03-24 19:45:47","userId":1}
{"level":"info","message":"Получение ожидающих приглашений пользователя","timestamp":"2026-03-24 19:45:47","userId":1}
{"level":"info","message":"Получение ожидающих приглашений пользователя","timestamp":"2026-03-24 19:45:47","userId":1}
{"assignmentId":53,"level":"info","message":"Получение состава команды проекта","timestamp":"2026-03-24 19:45:47"}
{"level":"info","message":"Получение заданий для пользователя ID: 1","timestamp":"2026-03-24 19:45:47"}
{"level":"info","message":"Получение ожидающих приглашений пользователя","timestamp":"2026-03-24 19:45:47","userId":1}
{"level":"info","message":"Получение ожидающих приглашений пользователя","timestamp":"2026-03-24 19:45:47","userId":1}
{"level":"info","message":"Получение заданий для пользователя ID: 1","timestamp":"2026-03-24 19:45:47"}
{"level":"info","message":"Получение ожидающих приглашений пользователя","timestamp":"2026-03-24 19:45:47","userId":1}
{"level":"info","message":"Получение ожидающих приглашений пользователя","timestamp":"2026-03-24 19:45:47","userId":1}
{"assignmentId":53,"level":"info","message":"Получение состава команды проекта","timestamp":"2026-03-24 19:45:47"}
{"assignmentId":53,"level":"info","message":"Получение состава команды проекта","timestamp":"2026-03-24 19:45:47"}
{"assignmentId":53,"level":"info","message":"Получение состава команды проекта","timestamp":"2026-03-24 19:45:47"}
{"level":"info","message":"Получение заданий для пользователя ID: 1","timestamp":"2026-03-24 19:45:47"}
{"level":"info","message":"Получение ожидающих приглашений пользователя","timestamp":"2026-03-24 19:45:47","userId":1}
{"level":"info","message":"Получение ожидающих приглашений пользователя","timestamp":"2026-03-24 19:45:47","userId":1}
{"level":"info","message":"Получение заданий для пользователя ID: 1","timestamp":"2026-03-24 19:45:47"}
{"level":"info","message":"Получение ожидающих приглашений пользователя","timestamp":"2026-03-24 19:45:47","userId":1}
{"level":"info","message":"Получение заданий для пользователя ID: 1","timestamp":"2026-03-24 19:45:47"}
{"level":"info","message":"Получение ожидающих приглашений пользователя","timestamp":"2026-03-24 19:45:47","userId":1}
{"level":"info","message":"Получение ожидающих приглашений пользователя","timestamp":"2026-03-24 19:45:47","userId":1}
{"level":"info","message":"Получение ожидающих приглашений пользователя","timestamp":"2026-03-24 19:45:47","userId":1}
{"assignmentId":53,"level":"info","message":"Получение состава команды проекта","timestamp":"2026-03-24 19:45:47"}
{"level":"info","message":"Получение заданий для пользователя ID: 1","timestamp":"2026-03-24 19:45:47"}
{"level":"info","message":"Получение ожидающих приглашений пользователя","timestamp":"2026-03-24 19:45:47","userId":1}
{"level":"info","message":"Получение ожидающих приглашений пользователя","timestamp":"2026-03-24 19:45:47","userId":1}
{"level":"info","message":"Получение заданий для пользователя ID: 1","timestamp":"2026-03-24 19:45:47"}
{"level":"info","message":"Получение ожидающих приглашений пользователя","timestamp":"2026-03-24 19:45:47","userId":1}
{"level":"info","message":"Получение ожидающих приглашений пользователя","timestamp":"2026-03-24 19:45:47","userId":1}
{"assignmentId":53,"level":"info","message":"Получение состава команды проекта","timestamp":"2026-03-24 19:45:47"}
{"assignmentId":53,"level":"info","message":"Получение состава команды проекта","timestamp":"2026-03-24 19:45:47"}
{"assignmentId":53,"level":"info","message":"Получение состава команды проекта","timestamp":"2026-03-24 19:45:47"}
{"assignmentId":53,"level":"info","message":"Получение состава команды проекта","timestamp":"2026-03-24 19:45:47"}
{"assignmentId":53,"level":"info","message":"Удаление задания","timestamp":"2026-03-24 19:45:51"}
{"error":"update or delete on table \"assignments\" violates foreign key constraint \"archived_tasks_assignment_id_fkey\" on table \"archived_tasks\"","level":"error","message":"Ошибка выполнения SQL-запроса","query":"DELETE FROM assignments WHERE id = $1 RETURNING id","stack":"error: update or delete on table \"assignments\" violates foreign key constraint \"archived_tasks_assignment_id_fkey\" on table \"archived_tasks\"\n    at C:\\Users\\DeMoCRaN\\Desktop\\trello\\back\\node_modules\\pg\\lib\\client.js:545:17\n    at process.processTicksAndRejections (node:internal/process/task_queues:103:5)\n    at async safeQuery (C:\\Users\\DeMoCRaN\\Desktop\\trello\\back\\controllers\\assignments.js:24:24)\n    at async Object.deleteAssignment (C:\\Users\\DeMoCRaN\\Desktop\\trello\\back\\controllers\\assignments.js:294:40)\n    at async C:\\Users\\DeMoCRaN\\Desktop\\trello\\back\\routes\\api.js:378:5","timestamp":"2026-03-24 19:45:51"}
{"assignmentId":53,"error":"update or delete on table \"assignments\" violates foreign key constraint \"archived_tasks_assignment_id_fkey\" on table \"archived_tasks\"","level":"error","message":"Ошибка при удалении задания","stack":"error: update or delete on table \"assignments\" violates foreign key constraint \"archived_tasks_assignment_id_fkey\" on table \"archived_tasks\"\n    at C:\\Users\\DeMoCRaN\\Desktop\\trello\\back\\node_modules\\pg\\lib\\client.js:545:17\n    at process.processTicksAndRejections (node:internal/process/task_queues:103:5)\n    at async safeQuery (C:\\Users\\DeMoCRaN\\Desktop\\trello\\back\\controllers\\assignments.js:24:24)\n    at async Object.deleteAssignment (C:\\Users\\DeMoCRaN\\Desktop\\trello\\back\\controllers\\assignments.js:294:40)\n    at async C:\\Users\\DeMoCRaN\\Desktop\\trello\\back\\routes\\api.js:378:5","timestamp":"2026-03-24 19:45:51"}
{"level":"info","message":"Получение ожидающих приглашений пользователя","timestamp":"2026-03-24 19:45:58","userId":1}
{"level":"info","message":"Получение заданий для пользователя ID: 1","timestamp":"2026-03-24 19:45:58"}
{"level":"info","message":"Получение ожидающих приглашений пользователя","timestamp":"2026-03-24 19:45:58","userId":1}
{"level":"info","message":"Получение заданий для пользователя ID: 1","timestamp":"2026-03-24 19:45:58"}
{"level":"info","message":"Получение заданий для пользователя ID: 1","timestamp":"2026-03-24 19:45:59"}
{"level":"info","message":"Получение ожидающих приглашений пользователя","timestamp":"2026-03-24 19:45:59","userId":1}
{"level":"info","message":"Получение заданий для пользователя ID: 1","timestamp":"2026-03-24 19:45:59"}
{"level":"info","message":"Получение ожидающих приглашений пользователя","timestamp":"2026-03-24 19:45:59","userId":1}
{"level":"info","message":"Получение ожидающих приглашений пользователя","timestamp":"2026-03-24 19:45:59","userId":1}
{"level":"info","message":"Получение ожидающих приглашений пользователя","timestamp":"2026-03-24 19:45:59","userId":1}
{"level":"info","message":"Получение заданий для пользователя ID: 1","timestamp":"2026-03-24 19:46:00"}
{"level":"info","message":"Получение ожидающих приглашений пользователя","timestamp":"2026-03-24 19:46:00","userId":1}
{"level":"info","message":"Получение ожидающих приглашений пользователя","timestamp":"2026-03-24 19:46:00","userId":1}
{"level":"info","message":"Получение заданий для пользователя ID: 1","timestamp":"2026-03-24 19:46:00"}
{"level":"info","message":"Получение ожидающих приглашений пользователя","timestamp":"2026-03-24 19:46:00","userId":1}
{"level":"info","message":"Получение заданий для пользователя ID: 1","timestamp":"2026-03-24 19:46:00"}
{"level":"info","message":"Получение ожидающих приглашений пользователя","timestamp":"2026-03-24 19:46:00","userId":1}
{"assignmentId":53,"level":"info","message":"Получение состава команды проекта","timestamp":"2026-03-24 19:46:00"}
{"level":"info","message":"Получение ожидающих приглашений пользователя","timestamp":"2026-03-24 19:46:00","userId":1}
{"assignmentId":53,"level":"info","message":"Получение состава команды проекта","timestamp":"2026-03-24 19:46:00"}
{"level":"info","message":"Получение ожидающих приглашений пользователя","timestamp":"2026-03-24 19:46:00","userId":1}
{"assignmentId":53,"level":"info","message":"Получение состава команды проекта","timestamp":"2026-03-24 19:46:00"}
{"level":"info","message":"Получение ожидающих приглашений пользователя","timestamp":"2026-03-24 19:46:00","userId":1}
{"level":"info","message":"Получение ожидающих приглашений пользователя","timestamp":"2026-03-24 19:46:00","userId":1}
{"level":"info","message":"Получение ожидающих приглашений пользователя","timestamp":"2026-03-24 19:46:00","userId":1}
{"level":"info","message":"Получение заданий для пользователя ID: 1","timestamp":"2026-03-24 19:46:00"}
{"level":"info","message":"Получение ожидающих приглашений пользователя","timestamp":"2026-03-24 19:46:00","userId":1}
{"level":"info","message":"Получение заданий для пользователя ID: 1","timestamp":"2026-03-24 19:46:00"}
{"assignmentId":53,"level":"info","message":"Получение состава команды проекта","timestamp":"2026-03-24 19:46:00"}
{"assignmentId":53,"level":"info","message":"Получение состава команды проекта","timestamp":"2026-03-24 19:46:00"}
{"level":"warn","message":"Attempt to set audit user without userId","timestamp":"2026-03-24 19:46:03"}
{"level":"info","message":"Task deleted with audit","permanent":false,"taskId":193,"timestamp":"2026-03-24 19:46:03"}
{"level":"info","message":"Получение заданий для пользователя ID: 1","timestamp":"2026-03-24 19:46:03"}
{"level":"info","message":"Получение заданий для пользователя ID: 1","timestamp":"2026-03-24 19:46:03"}
{"level":"info","message":"Получение ожидающих приглашений пользователя","timestamp":"2026-03-24 19:46:03","userId":1}
{"level":"info","message":"Получение ожидающих приглашений пользователя","timestamp":"2026-03-24 19:46:03","userId":1}
{"assignmentId":53,"level":"info","message":"Получение состава команды проекта","timestamp":"2026-03-24 19:46:03"}
{"assignmentId":53,"level":"info","message":"Получение состава команды проекта","timestamp":"2026-03-24 19:46:03"}
{"level":"warn","message":"Attempt to set audit user without userId","timestamp":"2026-03-24 19:46:04"}
{"level":"info","message":"Task deleted with audit","permanent":false,"taskId":191,"timestamp":"2026-03-24 19:46:04"}
{"level":"info","message":"Получение заданий для пользователя ID: 1","timestamp":"2026-03-24 19:46:04"}
{"level":"info","message":"Получение заданий для пользователя ID: 1","timestamp":"2026-03-24 19:46:04"}
{"level":"info","message":"Получение ожидающих приглашений пользователя","timestamp":"2026-03-24 19:46:04","userId":1}
{"level":"info","message":"Получение ожидающих приглашений пользователя","timestamp":"2026-03-24 19:46:04","userId":1}
{"assignmentId":53,"level":"info","message":"Получение состава команды проекта","timestamp":"2026-03-24 19:46:04"}
{"assignmentId":53,"level":"info","message":"Получение состава команды проекта","timestamp":"2026-03-24 19:46:04"}
{"assignmentId":53,"level":"info","message":"Удаление задания","timestamp":"2026-03-24 19:46:06"}
{"error":"update or delete on table \"assignments\" violates foreign key constraint \"archived_tasks_assignment_id_fkey\" on table \"archived_tasks\"","level":"error","message":"Ошибка выполнения SQL-запроса","query":"DELETE FROM assignments WHERE id = $1 RETURNING id","stack":"error: update or delete on table \"assignments\" violates foreign key constraint \"archived_tasks_assignment_id_fkey\" on table \"archived_tasks\"\n    at C:\\Users\\DeMoCRaN\\Desktop\\trello\\back\\node_modules\\pg\\lib\\client.js:545:17\n    at process.processTicksAndRejections (node:internal/process/task_queues:103:5)\n    at async safeQuery (C:\\Users\\DeMoCRaN\\Desktop\\trello\\back\\controllers\\assignments.js:24:24)\n    at async Object.deleteAssignment (C:\\Users\\DeMoCRaN\\Desktop\\trello\\back\\controllers\\assignments.js:294:40)\n    at async C:\\Users\\DeMoCRaN\\Desktop\\trello\\back\\routes\\api.js:378:5","timestamp":"2026-03-24 19:46:06"}
{"assignmentId":53,"error":"update or delete on table \"assignments\" violates foreign key constraint \"archived_tasks_assignment_id_fkey\" on table \"archived_tasks\"","level":"error","message":"Ошибка при удалении задания","stack":"error: update or delete on table \"assignments\" violates foreign key constraint \"archived_tasks_assignment_id_fkey\" on table \"archived_tasks\"\n    at C:\\Users\\DeMoCRaN\\Desktop\\trello\\back\\node_modules\\pg\\lib\\client.js:545:17\n    at process.processTicksAndRejections (node:internal/process/task_queues:103:5)\n    at async safeQuery (C:\\Users\\DeMoCRaN\\Desktop\\trello\\back\\controllers\\assignments.js:24:24)\n    at async Object.deleteAssignment (C:\\Users\\DeMoCRaN\\Desktop\\trello\\back\\controllers\\assignments.js:294:40)\n    at async C:\\Users\\DeMoCRaN\\Desktop\\trello\\back\\routes\\api.js:378:5","timestamp":"2026-03-24 19:46:06"}
{"level":"info","message":"Task status updated with audit","newStatus":3,"taskId":194,"timestamp":"2026-03-24 19:46:11","userId":1}
{"level":"info","message":"Получение заданий для пользователя ID: 1","timestamp":"2026-03-24 19:46:11"}
{"level":"info","message":"Получение заданий для пользователя ID: 1","timestamp":"2026-03-24 19:46:11"}
{"level":"info","message":"Получение ожидающих приглашений пользователя","timestamp":"2026-03-24 19:46:11","userId":1}
{"level":"info","message":"Получение ожидающих приглашений пользователя","timestamp":"2026-03-24 19:46:11","userId":1}
{"assignmentId":53,"level":"info","message":"Получение состава команды проекта","timestamp":"2026-03-24 19:46:11"}
{"assignmentId":53,"level":"info","message":"Получение состава команды проекта","timestamp":"2026-03-24 19:46:11"}
{"level":"warn","message":"Attempt to set audit user without userId","timestamp":"2026-03-24 19:46:14"}
{"level":"info","message":"Task deleted with audit","permanent":false,"taskId":201,"timestamp":"2026-03-24 19:46:14"}
{"level":"info","message":"Получение заданий для пользователя ID: 1","timestamp":"2026-03-24 19:46:14"}
{"level":"info","message":"Получение заданий для пользователя ID: 1","timestamp":"2026-03-24 19:46:14"}
{"level":"info","message":"Получение ожидающих приглашений пользователя","timestamp":"2026-03-24 19:46:14","userId":1}
{"assignmentId":53,"level":"info","message":"Получение состава команды проекта","timestamp":"2026-03-24 19:46:14"}
{"level":"info","message":"Получение ожидающих приглашений пользователя","timestamp":"2026-03-24 19:46:14","userId":1}
{"assignmentId":53,"level":"info","message":"Получение состава команды проекта","timestamp":"2026-03-24 19:46:14"}
{"level":"info","message":"Task status updated with audit","newStatus":1,"taskId":195,"timestamp":"2026-03-24 19:46:16","userId":1}
{"level":"info","message":"Получение заданий для пользователя ID: 1","timestamp":"2026-03-24 19:46:16"}
{"level":"info","message":"Получение заданий для пользователя ID: 1","timestamp":"2026-03-24 19:46:16"}
{"level":"info","message":"Получение ожидающих приглашений пользователя","timestamp":"2026-03-24 19:46:16","userId":1}
{"level":"info","message":"Получение ожидающих приглашений пользователя","timestamp":"2026-03-24 19:46:16","userId":1}
{"assignmentId":53,"level":"info","message":"Получение состава команды проекта","timestamp":"2026-03-24 19:46:16"}
{"assignmentId":53,"level":"info","message":"Получение состава команды проекта","timestamp":"2026-03-24 19:46:16"}
{"level":"warn","message":"Attempt to set audit user without userId","timestamp":"2026-03-24 19:46:18"}
{"level":"info","message":"Task deleted with audit","permanent":false,"taskId":194,"timestamp":"2026-03-24 19:46:18"}
{"level":"info","message":"Получение заданий для пользователя ID: 1","timestamp":"2026-03-24 19:46:18"}
{"level":"info","message":"Получение заданий для пользователя ID: 1","timestamp":"2026-03-24 19:46:18"}
{"level":"info","message":"Получение ожидающих приглашений пользователя","timestamp":"2026-03-24 19:46:18","userId":1}
{"level":"info","message":"Получение ожидающих приглашений пользователя","timestamp":"2026-03-24 19:46:18","userId":1}
{"assignmentId":53,"level":"info","message":"Получение состава команды проекта","timestamp":"2026-03-24 19:46:18"}
{"assignmentId":53,"level":"info","message":"Получение состава команды проекта","timestamp":"2026-03-24 19:46:18"}
{"level":"warn","message":"Attempt to set audit user without userId","timestamp":"2026-03-24 19:46:18"}
{"level":"info","message":"Task deleted with audit","permanent":false,"taskId":195,"timestamp":"2026-03-24 19:46:18"}
{"level":"info","message":"Получение заданий для пользователя ID: 1","timestamp":"2026-03-24 19:46:18"}
{"level":"info","message":"Получение заданий для пользователя ID: 1","timestamp":"2026-03-24 19:46:18"}
{"level":"info","message":"Получение ожидающих приглашений пользователя","timestamp":"2026-03-24 19:46:18","userId":1}
{"assignmentId":53,"level":"info","message":"Получение состава команды проекта","timestamp":"2026-03-24 19:46:19"}
{"level":"info","message":"Получение ожидающих приглашений пользователя","timestamp":"2026-03-24 19:46:19","userId":1}
{"assignmentId":53,"level":"info","message":"Получение состава команды проекта","timestamp":"2026-03-24 19:46:19"}
{"level":"warn","message":"Attempt to set audit user without userId","timestamp":"2026-03-24 19:46:21"}
{"level":"info","message":"Task deleted with audit","permanent":false,"taskId":194,"timestamp":"2026-03-24 19:46:21"}
{"level":"info","message":"Получение заданий для пользователя ID: 1","timestamp":"2026-03-24 19:46:21"}
{"level":"info","message":"Получение заданий для пользователя ID: 1","timestamp":"2026-03-24 19:46:21"}
{"level":"info","message":"Получение ожидающих приглашений пользователя","timestamp":"2026-03-24 19:46:21","userId":1}
{"level":"info","message":"Получение ожидающих приглашений пользователя","timestamp":"2026-03-24 19:46:21","userId":1}
{"assignmentId":53,"level":"info","message":"Получение состава команды проекта","timestamp":"2026-03-24 19:46:21"}
{"assignmentId":53,"level":"info","message":"Получение состава команды проекта","timestamp":"2026-03-24 19:46:21"}
{"level":"warn","message":"Attempt to set audit user without userId","timestamp":"2026-03-24 19:46:21"}
{"level":"info","message":"Task deleted with audit","permanent":false,"taskId":195,"timestamp":"2026-03-24 19:46:21"}
{"level":"info","message":"Получение заданий для пользователя ID: 1","timestamp":"2026-03-24 19:46:21"}
{"level":"info","message":"Получение заданий для пользователя ID: 1","timestamp":"2026-03-24 19:46:21"}
{"level":"info","message":"Получение ожидающих приглашений пользователя","timestamp":"2026-03-24 19:46:21","userId":1}
{"level":"info","message":"Получение ожидающих приглашений пользователя","timestamp":"2026-03-24 19:46:21","userId":1}
{"assignmentId":53,"level":"info","message":"Получение состава команды проекта","timestamp":"2026-03-24 19:46:21"}
{"assignmentId":53,"level":"info","message":"Получение состава команды проекта","timestamp":"2026-03-24 19:46:21"}
{"assignmentId":53,"level":"info","message":"Удаление задания","timestamp":"2026-03-24 19:46:23"}
{"error":"update or delete on table \"assignments\" violates foreign key constraint \"archived_tasks_assignment_id_fkey\" on table \"archived_tasks\"","level":"error","message":"Ошибка выполнения SQL-запроса","query":"DELETE FROM assignments WHERE id = $1 RETURNING id","stack":"error: update or delete on table \"assignments\" violates foreign key constraint \"archived_tasks_assignment_id_fkey\" on table \"archived_tasks\"\n    at C:\\Users\\DeMoCRaN\\Desktop\\trello\\back\\node_modules\\pg\\lib\\client.js:545:17\n    at process.processTicksAndRejections (node:internal/process/task_queues:103:5)\n    at async safeQuery (C:\\Users\\DeMoCRaN\\Desktop\\trello\\back\\controllers\\assignments.js:24:24)\n    at async Object.deleteAssignment (C:\\Users\\DeMoCRaN\\Desktop\\trello\\back\\controllers\\assignments.js:294:40)\n    at async C:\\Users\\DeMoCRaN\\Desktop\\trello\\back\\routes\\api.js:378:5","timestamp":"2026-03-24 19:46:23"}
{"assignmentId":53,"error":"update or delete on table \"assignments\" violates foreign key constraint \"archived_tasks_assignment_id_fkey\" on table \"archived_tasks\"","level":"error","message":"Ошибка при удалении задания","stack":"error: update or delete on table \"assignments\" violates foreign key constraint \"archived_tasks_assignment_id_fkey\" on table \"archived_tasks\"\n    at C:\\Users\\DeMoCRaN\\Desktop\\trello\\back\\node_modules\\pg\\lib\\client.js:545:17\n    at process.processTicksAndRejections (node:internal/process/task_queues:103:5)\n    at async safeQuery (C:\\Users\\DeMoCRaN\\Desktop\\trello\\back\\controllers\\assignments.js:24:24)\n    at async Object.deleteAssignment (C:\\Users\\DeMoCRaN\\Desktop\\trello\\back\\controllers\\assignments.js:294:40)\n    at async C:\\Users\\DeMoCRaN\\Desktop\\trello\\back\\routes\\api.js:378:5","timestamp":"2026-03-24 19:46:23"}
{"level":"warn","message":"Attempt to set audit user without userId","timestamp":"2026-03-24 19:46:25"}
{"level":"info","message":"Task deleted with audit","permanent":false,"taskId":193,"timestamp":"2026-03-24 19:46:25"}
{"level":"info","message":"Получение заданий для пользователя ID: 1","timestamp":"2026-03-24 19:46:25"}
{"level":"info","message":"Получение заданий для пользователя ID: 1","timestamp":"2026-03-24 19:46:25"}
{"level":"info","message":"Получение ожидающих приглашений пользователя","timestamp":"2026-03-24 19:46:25","userId":1}
{"level":"info","message":"Получение ожидающих приглашений пользователя","timestamp":"2026-03-24 19:46:25","userId":1}
{"assignmentId":53,"level":"info","message":"Получение состава команды проекта","timestamp":"2026-03-24 19:46:25"}
{"assignmentId":53,"level":"info","message":"Получение состава команды проекта","timestamp":"2026-03-24 19:46:25"}
{"level":"warn","message":"Attempt to set audit user without userId","timestamp":"2026-03-24 19:46:25"}
{"level":"info","message":"Task deleted with audit","permanent":false,"taskId":191,"timestamp":"2026-03-24 19:46:25"}
{"level":"info","message":"Получение заданий для пользователя ID: 1","timestamp":"2026-03-24 19:46:25"}
{"level":"info","message":"Получение заданий для пользователя ID: 1","timestamp":"2026-03-24 19:46:25"}
{"level":"info","message":"Получение ожидающих приглашений пользователя","timestamp":"2026-03-24 19:46:25","userId":1}
{"level":"info","message":"Получение ожидающих приглашений пользователя","timestamp":"2026-03-24 19:46:25","userId":1}
{"assignmentId":53,"level":"info","message":"Получение состава команды проекта","timestamp":"2026-03-24 19:46:25"}
{"assignmentId":53,"level":"info","message":"Получение состава команды проекта","timestamp":"2026-03-24 19:46:25"}
{"level":"warn","message":"Attempt to set audit user without userId","timestamp":"2026-03-24 19:46:26"}
{"level":"info","message":"Task deleted with audit","permanent":false,"taskId":189,"timestamp":"2026-03-24 19:46:26"}
{"level":"info","message":"Получение заданий для пользователя ID: 1","timestamp":"2026-03-24 19:46:26"}
{"level":"info","message":"Получение заданий для пользователя ID: 1","timestamp":"2026-03-24 19:46:26"}
{"level":"info","message":"Получение ожидающих приглашений пользователя","timestamp":"2026-03-24 19:46:26","userId":1}
{"level":"info","message":"Получение ожидающих приглашений пользователя","timestamp":"2026-03-24 19:46:26","userId":1}
{"assignmentId":53,"level":"info","message":"Получение состава команды проекта","timestamp":"2026-03-24 19:46:26"}
{"assignmentId":53,"level":"info","message":"Получение состава команды проекта","timestamp":"2026-03-24 19:46:26"}
{"level":"warn","message":"Attempt to set audit user without userId","timestamp":"2026-03-24 19:46:26"}
{"level":"info","message":"Task deleted with audit","permanent":false,"taskId":188,"timestamp":"2026-03-24 19:46:26"}
{"level":"info","message":"Получение заданий для пользователя ID: 1","timestamp":"2026-03-24 19:46:26"}
{"level":"info","message":"Получение заданий для пользователя ID: 1","timestamp":"2026-03-24 19:46:26"}
{"level":"info","message":"Получение ожидающих приглашений пользователя","timestamp":"2026-03-24 19:46:26","userId":1}
{"assignmentId":53,"level":"info","message":"Получение состава команды проекта","timestamp":"2026-03-24 19:46:26"}
{"level":"info","message":"Получение ожидающих приглашений пользователя","timestamp":"2026-03-24 19:46:26","userId":1}
{"assignmentId":53,"level":"info","message":"Получение состава команды проекта","timestamp":"2026-03-24 19:46:26"}
{"assignmentId":53,"level":"info","message":"Удаление задания","timestamp":"2026-03-24 19:46:28"}
{"assignmentId":53,"level":"info","message":"Задание успешно удалено","timestamp":"2026-03-24 19:46:28"}
{"level":"info","message":"Получение заданий для пользователя ID: 1","timestamp":"2026-03-24 19:46:28"}
{"level":"info","message":"Получение заданий для пользователя ID: 1","timestamp":"2026-03-24 19:46:30"}
{"level":"info","message":"Получение ожидающих приглашений пользователя","timestamp":"2026-03-24 19:46:30","userId":1}
{"level":"info","message":"Получение ожидающих приглашений пользователя","timestamp":"2026-03-24 19:46:30","userId":1}
{"level":"info","message":"Получение заданий для пользователя ID: 1","timestamp":"2026-03-24 19:46:30"}
{"level":"info","message":"Получение ожидающих приглашений пользователя","timestamp":"2026-03-24 19:46:30","userId":1}
{"level":"info","message":"Получение ожидающих приглашений пользователя","timestamp":"2026-03-24 19:46:30","userId":1}
{"level":"info","message":"Получение заданий для пользователя ID: 1","timestamp":"2026-03-24 19:46:30"}
{"level":"info","message":"Получение ожидающих приглашений пользователя","timestamp":"2026-03-24 19:46:30","userId":1}
{"level":"info","message":"Получение ожидающих приглашений пользователя","timestamp":"2026-03-24 19:46:30","userId":1}
