{"level":"info","message":"Получение заданий для пользователя ID: 1","timestamp":"2025-09-10 10:33:15"}
{"level":"info","message":"Получение заданий для пользователя ID: 1","timestamp":"2025-09-10 10:33:15"}
{"level":"info","message":"Получение ожидающих приглашений пользователя","timestamp":"2025-09-10 10:33:15","userId":1}
{"level":"info","message":"Получение заданий для пользователя ID: 1","timestamp":"2025-09-10 10:33:15"}
{"level":"info","message":"Получение ожидающих приглашений пользователя","timestamp":"2025-09-10 10:33:15","userId":1}
{"level":"info","message":"Получение ожидающих приглашений пользователя","timestamp":"2025-09-10 10:33:15","userId":1}
{"assignmentId":32,"level":"info","message":"Получение состава команды проекта","timestamp":"2025-09-10 10:33:15"}
{"level":"info","message":"Получение заданий для пользователя ID: 1","timestamp":"2025-09-10 10:33:15"}
{"level":"info","message":"Получение ожидающих приглашений пользователя","timestamp":"2025-09-10 10:33:15","userId":1}
{"assignmentId":32,"level":"info","message":"Получение состава команды проекта","timestamp":"2025-09-10 10:33:15"}
{"level":"info","message":"Получение ожидающих приглашений пользователя","timestamp":"2025-09-10 10:33:15","userId":1}
{"assignmentId":32,"level":"info","message":"Получение состава команды проекта","timestamp":"2025-09-10 10:33:15"}
{"level":"info","message":"Получение заданий для пользователя ID: 1","timestamp":"2025-09-10 10:33:15"}
{"assignmentId":32,"level":"info","message":"Получение состава команды проекта","timestamp":"2025-09-10 10:33:15"}
{"assignmentId":32,"level":"info","message":"Получение состава команды проекта","timestamp":"2025-09-10 10:33:15"}
{"assignmentId":31,"level":"info","message":"Получение состава команды проекта","timestamp":"2025-09-10 10:33:22"}
{"assignmentId":31,"level":"info","message":"Получение состава команды проекта","timestamp":"2025-09-10 10:33:22"}
{"assignmentId":32,"level":"info","message":"Получение состава команды проекта","timestamp":"2025-09-10 10:33:23"}
{"assignmentId":32,"level":"info","message":"Получение состава команды проекта","timestamp":"2025-09-10 10:33:23"}
{"level":"info","message":"Получение заданий для пользователя ID: 1","timestamp":"2025-09-10 10:33:53"}
{"level":"info","message":"Получение ожидающих приглашений пользователя","timestamp":"2025-09-10 10:33:53","userId":1}
{"level":"info","message":"Получение заданий для пользователя ID: 1","timestamp":"2025-09-10 10:33:53"}
{"level":"info","message":"Получение ожидающих приглашений пользователя","timestamp":"2025-09-10 10:33:53","userId":1}
{"level":"info","message":"Получение заданий для пользователя ID: 1","timestamp":"2025-09-10 10:33:53"}
{"level":"info","message":"Получение ожидающих приглашений пользователя","timestamp":"2025-09-10 10:33:53","userId":1}
{"level":"info","message":"Получение заданий для пользователя ID: 1","timestamp":"2025-09-10 10:34:23"}
{"level":"info","message":"Получение ожидающих приглашений пользователя","timestamp":"2025-09-10 10:34:23","userId":1}
{"level":"info","message":"Получение заданий для пользователя ID: 1","timestamp":"2025-09-10 10:34:23"}
{"level":"info","message":"Получение ожидающих приглашений пользователя","timestamp":"2025-09-10 10:34:23","userId":1}
{"level":"info","message":"Получение заданий для пользователя ID: 1","timestamp":"2025-09-10 10:34:23"}
{"level":"info","message":"Получение ожидающих приглашений пользователя","timestamp":"2025-09-10 10:34:23","userId":1}
{"level":"info","message":"Получение заданий для пользователя ID: 1","timestamp":"2025-09-10 10:34:54"}
{"level":"info","message":"Получение ожидающих приглашений пользователя","timestamp":"2025-09-10 10:34:54","userId":1}
{"level":"info","message":"Получение заданий для пользователя ID: 1","timestamp":"2025-09-10 10:34:54"}
{"level":"info","message":"Получение ожидающих приглашений пользователя","timestamp":"2025-09-10 10:34:54","userId":1}
{"level":"info","message":"Получение заданий для пользователя ID: 1","timestamp":"2025-09-10 10:34:54"}
{"level":"info","message":"Получение ожидающих приглашений пользователя","timestamp":"2025-09-10 10:34:54","userId":1}
{"level":"info","message":"Получение заданий для пользователя ID: 1","timestamp":"2025-09-10 10:35:25"}
{"level":"info","message":"Получение ожидающих приглашений пользователя","timestamp":"2025-09-10 10:35:25","userId":1}
{"level":"info","message":"Получение заданий для пользователя ID: 1","timestamp":"2025-09-10 10:35:25"}
{"level":"info","message":"Получение ожидающих приглашений пользователя","timestamp":"2025-09-10 10:35:25","userId":1}
{"level":"info","message":"Получение заданий для пользователя ID: 1","timestamp":"2025-09-10 10:35:25"}
{"level":"info","message":"Получение ожидающих приглашений пользователя","timestamp":"2025-09-10 10:35:25","userId":1}
{"level":"info","message":"Получение заданий для пользователя ID: 1","timestamp":"2025-09-10 10:35:56"}
{"level":"info","message":"Получение ожидающих приглашений пользователя","timestamp":"2025-09-10 10:35:56","userId":1}
{"level":"info","message":"Получение заданий для пользователя ID: 1","timestamp":"2025-09-10 10:35:56"}
{"level":"info","message":"Получение ожидающих приглашений пользователя","timestamp":"2025-09-10 10:35:56","userId":1}
{"level":"info","message":"Получение заданий для пользователя ID: 1","timestamp":"2025-09-10 10:35:56"}
{"level":"info","message":"Получение ожидающих приглашений пользователя","timestamp":"2025-09-10 10:35:56","userId":1}
{"level":"info","message":"Получение заданий для пользователя ID: 1","timestamp":"2025-09-10 10:36:27"}
{"level":"info","message":"Получение ожидающих приглашений пользователя","timestamp":"2025-09-10 10:36:27","userId":1}
{"level":"info","message":"Получение заданий для пользователя ID: 1","timestamp":"2025-09-10 10:36:27"}
{"level":"info","message":"Получение ожидающих приглашений пользователя","timestamp":"2025-09-10 10:36:27","userId":1}
{"level":"info","message":"Получение заданий для пользователя ID: 1","timestamp":"2025-09-10 10:36:27"}
{"level":"info","message":"Получение ожидающих приглашений пользователя","timestamp":"2025-09-10 10:36:27","userId":1}
{"level":"info","message":"Получение заданий для пользователя ID: 1","timestamp":"2025-09-10 10:36:58"}
{"level":"info","message":"Получение ожидающих приглашений пользователя","timestamp":"2025-09-10 10:36:58","userId":1}
{"level":"info","message":"Получение ожидающих приглашений пользователя","timestamp":"2025-09-10 10:36:58","userId":1}
{"level":"info","message":"Получение заданий для пользователя ID: 1","timestamp":"2025-09-10 10:36:58"}
{"level":"info","message":"Получение заданий для пользователя ID: 1","timestamp":"2025-09-10 10:36:58"}
{"level":"info","message":"Получение ожидающих приглашений пользователя","timestamp":"2025-09-10 10:36:58","userId":1}
{"assignmentId":32,"level":"info","message":"Получение состава команды проекта","timestamp":"2025-09-10 10:37:17"}
{"level":"info","message":"Получение заданий для пользователя ID: 1","timestamp":"2025-09-10 10:37:47"}
{"level":"info","message":"Получение ожидающих приглашений пользователя","timestamp":"2025-09-10 10:37:47","userId":1}
{"level":"info","message":"Получение заданий для пользователя ID: 1","timestamp":"2025-09-10 10:37:47"}
{"level":"info","message":"Получение ожидающих приглашений пользователя","timestamp":"2025-09-10 10:37:47","userId":1}
{"level":"info","message":"Получение заданий для пользователя ID: 1","timestamp":"2025-09-10 10:37:47"}
{"level":"info","message":"Получение ожидающих приглашений пользователя","timestamp":"2025-09-10 10:37:47","userId":1}
{"level":"info","message":"Получение заданий для пользователя ID: 1","timestamp":"2025-09-10 10:38:18"}
{"level":"info","message":"Получение ожидающих приглашений пользователя","timestamp":"2025-09-10 10:38:18","userId":1}
{"level":"info","message":"Получение заданий для пользователя ID: 1","timestamp":"2025-09-10 10:38:18"}
{"level":"info","message":"Получение ожидающих приглашений пользователя","timestamp":"2025-09-10 10:38:18","userId":1}
{"level":"info","message":"Получение заданий для пользователя ID: 1","timestamp":"2025-09-10 10:38:18"}
{"level":"info","message":"Получение ожидающих приглашений пользователя","timestamp":"2025-09-10 10:38:18","userId":1}
{"level":"info","message":"Получение заданий для пользователя ID: 1","timestamp":"2025-09-10 10:38:49"}
{"level":"info","message":"Получение ожидающих приглашений пользователя","timestamp":"2025-09-10 10:38:49","userId":1}
{"level":"info","message":"Получение заданий для пользователя ID: 1","timestamp":"2025-09-10 10:38:49"}
{"level":"info","message":"Получение ожидающих приглашений пользователя","timestamp":"2025-09-10 10:38:49","userId":1}
{"level":"info","message":"Получение заданий для пользователя ID: 1","timestamp":"2025-09-10 10:38:49"}
{"level":"info","message":"Получение ожидающих приглашений пользователя","timestamp":"2025-09-10 10:38:49","userId":1}
{"level":"info","message":"Получение заданий для пользователя ID: 1","timestamp":"2025-09-10 10:39:20"}
{"level":"info","message":"Получение ожидающих приглашений пользователя","timestamp":"2025-09-10 10:39:20","userId":1}
{"level":"info","message":"Получение заданий для пользователя ID: 1","timestamp":"2025-09-10 10:39:20"}
{"level":"info","message":"Получение ожидающих приглашений пользователя","timestamp":"2025-09-10 10:39:20","userId":1}
{"level":"info","message":"Получение заданий для пользователя ID: 1","timestamp":"2025-09-10 10:39:20"}
{"level":"info","message":"Получение ожидающих приглашений пользователя","timestamp":"2025-09-10 10:39:20","userId":1}
{"level":"info","message":"Получение заданий для пользователя ID: 1","timestamp":"2025-09-10 10:39:51"}
{"level":"info","message":"Получение ожидающих приглашений пользователя","timestamp":"2025-09-10 10:39:51","userId":1}
{"level":"info","message":"Получение заданий для пользователя ID: 1","timestamp":"2025-09-10 10:39:51"}
{"level":"info","message":"Получение ожидающих приглашений пользователя","timestamp":"2025-09-10 10:39:51","userId":1}
{"level":"info","message":"Получение заданий для пользователя ID: 1","timestamp":"2025-09-10 10:39:51"}
{"level":"info","message":"Получение ожидающих приглашений пользователя","timestamp":"2025-09-10 10:39:51","userId":1}
{"level":"info","message":"Получение заданий для пользователя ID: 1","timestamp":"2025-09-10 10:40:22"}
{"level":"info","message":"Получение ожидающих приглашений пользователя","timestamp":"2025-09-10 10:40:22","userId":1}
{"level":"info","message":"Получение заданий для пользователя ID: 1","timestamp":"2025-09-10 10:40:22"}
{"level":"info","message":"Получение ожидающих приглашений пользователя","timestamp":"2025-09-10 10:40:22","userId":1}
{"level":"info","message":"Получение заданий для пользователя ID: 1","timestamp":"2025-09-10 10:40:22"}
{"level":"info","message":"Получение ожидающих приглашений пользователя","timestamp":"2025-09-10 10:40:22","userId":1}
{"level":"info","message":"Получение заданий для пользователя ID: 1","timestamp":"2025-09-10 10:40:53"}
{"level":"info","message":"Получение ожидающих приглашений пользователя","timestamp":"2025-09-10 10:40:53","userId":1}
{"level":"info","message":"Получение заданий для пользователя ID: 1","timestamp":"2025-09-10 10:40:53"}
{"level":"info","message":"Получение ожидающих приглашений пользователя","timestamp":"2025-09-10 10:40:53","userId":1}
{"level":"info","message":"Получение заданий для пользователя ID: 1","timestamp":"2025-09-10 10:40:53"}
{"level":"info","message":"Получение ожидающих приглашений пользователя","timestamp":"2025-09-10 10:40:53","userId":1}
{"level":"info","message":"Получение заданий для пользователя ID: 1","timestamp":"2025-09-10 10:41:24"}
{"level":"info","message":"Получение ожидающих приглашений пользователя","timestamp":"2025-09-10 10:41:24","userId":1}
{"level":"info","message":"Получение заданий для пользователя ID: 1","timestamp":"2025-09-10 10:41:24"}
{"level":"info","message":"Получение ожидающих приглашений пользователя","timestamp":"2025-09-10 10:41:24","userId":1}
{"level":"info","message":"Получение заданий для пользователя ID: 1","timestamp":"2025-09-10 10:41:24"}
{"level":"info","message":"Получение ожидающих приглашений пользователя","timestamp":"2025-09-10 10:41:24","userId":1}
{"level":"info","message":"Получение заданий для пользователя ID: 1","timestamp":"2025-09-10 10:41:55"}
{"level":"info","message":"Получение ожидающих приглашений пользователя","timestamp":"2025-09-10 10:41:55","userId":1}
{"level":"info","message":"Получение заданий для пользователя ID: 1","timestamp":"2025-09-10 10:41:55"}
{"level":"info","message":"Получение ожидающих приглашений пользователя","timestamp":"2025-09-10 10:41:55","userId":1}
{"level":"info","message":"Получение заданий для пользователя ID: 1","timestamp":"2025-09-10 10:41:55"}
{"level":"info","message":"Получение ожидающих приглашений пользователя","timestamp":"2025-09-10 10:41:55","userId":1}
{"level":"info","message":"Получение заданий для пользователя ID: 1","timestamp":"2025-09-10 10:42:26"}
{"level":"info","message":"Получение ожидающих приглашений пользователя","timestamp":"2025-09-10 10:42:26","userId":1}
{"level":"info","message":"Получение заданий для пользователя ID: 1","timestamp":"2025-09-10 10:42:26"}
{"level":"info","message":"Получение ожидающих приглашений пользователя","timestamp":"2025-09-10 10:42:26","userId":1}
{"level":"info","message":"Получение заданий для пользователя ID: 1","timestamp":"2025-09-10 10:42:26"}
{"level":"info","message":"Получение ожидающих приглашений пользователя","timestamp":"2025-09-10 10:42:26","userId":1}
{"level":"info","message":"Получение заданий для пользователя ID: 1","timestamp":"2025-09-10 10:42:57"}
{"level":"info","message":"Получение ожидающих приглашений пользователя","timestamp":"2025-09-10 10:42:57","userId":1}
{"level":"info","message":"Получение заданий для пользователя ID: 1","timestamp":"2025-09-10 10:42:57"}
{"level":"info","message":"Получение ожидающих приглашений пользователя","timestamp":"2025-09-10 10:42:57","userId":1}
{"level":"info","message":"Получение заданий для пользователя ID: 1","timestamp":"2025-09-10 10:42:57"}
{"level":"info","message":"Получение ожидающих приглашений пользователя","timestamp":"2025-09-10 10:42:57","userId":1}
{"level":"info","message":"Получение заданий для пользователя ID: 1","timestamp":"2025-09-10 10:43:28"}
{"level":"info","message":"Получение ожидающих приглашений пользователя","timestamp":"2025-09-10 10:43:28","userId":1}
{"level":"info","message":"Получение ожидающих приглашений пользователя","timestamp":"2025-09-10 10:43:28","userId":1}
{"level":"info","message":"Получение заданий для пользователя ID: 1","timestamp":"2025-09-10 10:43:28"}
{"level":"info","message":"Получение заданий для пользователя ID: 1","timestamp":"2025-09-10 10:43:28"}
{"level":"info","message":"Получение ожидающих приглашений пользователя","timestamp":"2025-09-10 10:43:28","userId":1}
{"level":"info","message":"Получение заданий для пользователя ID: 1","timestamp":"2025-09-10 10:43:59"}
{"level":"info","message":"Получение ожидающих приглашений пользователя","timestamp":"2025-09-10 10:43:59","userId":1}
{"level":"info","message":"Получение заданий для пользователя ID: 1","timestamp":"2025-09-10 10:43:59"}
{"level":"info","message":"Получение ожидающих приглашений пользователя","timestamp":"2025-09-10 10:43:59","userId":1}
{"level":"info","message":"Получение заданий для пользователя ID: 1","timestamp":"2025-09-10 10:43:59"}
{"level":"info","message":"Получение ожидающих приглашений пользователя","timestamp":"2025-09-10 10:43:59","userId":1}
{"level":"info","message":"Получение заданий для пользователя ID: 1","timestamp":"2025-09-10 10:44:30"}
{"level":"info","message":"Получение ожидающих приглашений пользователя","timestamp":"2025-09-10 10:44:30","userId":1}
{"level":"info","message":"Получение заданий для пользователя ID: 1","timestamp":"2025-09-10 10:44:30"}
{"level":"info","message":"Получение ожидающих приглашений пользователя","timestamp":"2025-09-10 10:44:30","userId":1}
{"level":"info","message":"Получение заданий для пользователя ID: 1","timestamp":"2025-09-10 10:44:30"}
{"level":"info","message":"Получение ожидающих приглашений пользователя","timestamp":"2025-09-10 10:44:30","userId":1}
{"level":"info","message":"Получение заданий для пользователя ID: 1","timestamp":"2025-09-10 10:45:01"}
{"level":"info","message":"Получение ожидающих приглашений пользователя","timestamp":"2025-09-10 10:45:01","userId":1}
{"level":"info","message":"Получение ожидающих приглашений пользователя","timestamp":"2025-09-10 10:45:01","userId":1}
{"level":"info","message":"Получение заданий для пользователя ID: 1","timestamp":"2025-09-10 10:45:01"}
{"level":"info","message":"Получение заданий для пользователя ID: 1","timestamp":"2025-09-10 10:45:01"}
{"level":"info","message":"Получение ожидающих приглашений пользователя","timestamp":"2025-09-10 10:45:01","userId":1}
{"level":"info","message":"Получение заданий для пользователя ID: 1","timestamp":"2025-09-10 10:45:32"}
{"level":"info","message":"Получение ожидающих приглашений пользователя","timestamp":"2025-09-10 10:45:32","userId":1}
{"level":"info","message":"Получение заданий для пользователя ID: 1","timestamp":"2025-09-10 10:45:32"}
{"level":"info","message":"Получение ожидающих приглашений пользователя","timestamp":"2025-09-10 10:45:32","userId":1}
{"level":"info","message":"Получение заданий для пользователя ID: 1","timestamp":"2025-09-10 10:45:32"}
{"level":"info","message":"Получение ожидающих приглашений пользователя","timestamp":"2025-09-10 10:45:32","userId":1}
{"level":"info","message":"Получение заданий для пользователя ID: 1","timestamp":"2025-09-10 10:46:03"}
{"level":"info","message":"Получение ожидающих приглашений пользователя","timestamp":"2025-09-10 10:46:03","userId":1}
{"level":"info","message":"Получение заданий для пользователя ID: 1","timestamp":"2025-09-10 10:46:03"}
{"level":"info","message":"Получение ожидающих приглашений пользователя","timestamp":"2025-09-10 10:46:03","userId":1}
{"level":"info","message":"Получение заданий для пользователя ID: 1","timestamp":"2025-09-10 10:46:03"}
{"level":"info","message":"Получение ожидающих приглашений пользователя","timestamp":"2025-09-10 10:46:03","userId":1}
{"level":"info","message":"Получение заданий для пользователя ID: 1","timestamp":"2025-09-10 10:46:34"}
{"level":"info","message":"Получение ожидающих приглашений пользователя","timestamp":"2025-09-10 10:46:34","userId":1}
{"level":"info","message":"Получение ожидающих приглашений пользователя","timestamp":"2025-09-10 10:46:34","userId":1}
{"level":"info","message":"Получение заданий для пользователя ID: 1","timestamp":"2025-09-10 10:46:34"}
{"level":"info","message":"Получение заданий для пользователя ID: 1","timestamp":"2025-09-10 10:46:34"}
{"level":"info","message":"Получение ожидающих приглашений пользователя","timestamp":"2025-09-10 10:46:34","userId":1}
{"level":"info","message":"Получение заданий для пользователя ID: 1","timestamp":"2025-09-10 10:47:05"}
{"level":"info","message":"Получение ожидающих приглашений пользователя","timestamp":"2025-09-10 10:47:05","userId":1}
{"level":"info","message":"Получение заданий для пользователя ID: 1","timestamp":"2025-09-10 10:47:05"}
{"level":"info","message":"Получение ожидающих приглашений пользователя","timestamp":"2025-09-10 10:47:05","userId":1}
{"level":"info","message":"Получение заданий для пользователя ID: 1","timestamp":"2025-09-10 10:47:05"}
{"level":"info","message":"Получение ожидающих приглашений пользователя","timestamp":"2025-09-10 10:47:05","userId":1}
{"level":"info","message":"Получение заданий для пользователя ID: 1","timestamp":"2025-09-10 10:47:36"}
{"level":"info","message":"Получение ожидающих приглашений пользователя","timestamp":"2025-09-10 10:47:36","userId":1}
{"level":"info","message":"Получение заданий для пользователя ID: 1","timestamp":"2025-09-10 10:47:36"}
{"level":"info","message":"Получение ожидающих приглашений пользователя","timestamp":"2025-09-10 10:47:36","userId":1}
{"level":"info","message":"Получение заданий для пользователя ID: 1","timestamp":"2025-09-10 10:47:36"}
{"level":"info","message":"Получение ожидающих приглашений пользователя","timestamp":"2025-09-10 10:47:36","userId":1}
{"level":"info","message":"Получение заданий для пользователя ID: 1","timestamp":"2025-09-10 10:48:07"}
{"level":"info","message":"Получение ожидающих приглашений пользователя","timestamp":"2025-09-10 10:48:07","userId":1}
{"level":"info","message":"Получение заданий для пользователя ID: 1","timestamp":"2025-09-10 10:48:07"}
{"level":"info","message":"Получение ожидающих приглашений пользователя","timestamp":"2025-09-10 10:48:07","userId":1}
{"level":"info","message":"Получение заданий для пользователя ID: 1","timestamp":"2025-09-10 10:48:07"}
{"level":"info","message":"Получение ожидающих приглашений пользователя","timestamp":"2025-09-10 10:48:07","userId":1}
{"level":"info","message":"Получение ожидающих приглашений пользователя","timestamp":"2025-09-10 10:48:37","userId":1}
{"level":"info","message":"Получение заданий для пользователя ID: 1","timestamp":"2025-09-10 10:48:37"}
{"level":"info","message":"Получение заданий для пользователя ID: 1","timestamp":"2025-09-10 10:48:37"}
{"level":"info","message":"Получение ожидающих приглашений пользователя","timestamp":"2025-09-10 10:48:37","userId":1}
{"level":"info","message":"Получение заданий для пользователя ID: 1","timestamp":"2025-09-10 10:48:37"}
{"level":"info","message":"Получение ожидающих приглашений пользователя","timestamp":"2025-09-10 10:48:37","userId":1}
{"level":"info","message":"Получение заданий для пользователя ID: 1","timestamp":"2025-09-10 10:49:07"}
{"level":"info","message":"Получение ожидающих приглашений пользователя","timestamp":"2025-09-10 10:49:07","userId":1}
{"level":"info","message":"Получение заданий для пользователя ID: 1","timestamp":"2025-09-10 10:49:07"}
{"level":"info","message":"Получение ожидающих приглашений пользователя","timestamp":"2025-09-10 10:49:07","userId":1}
{"level":"info","message":"Получение заданий для пользователя ID: 1","timestamp":"2025-09-10 10:49:07"}
{"level":"info","message":"Получение ожидающих приглашений пользователя","timestamp":"2025-09-10 10:49:07","userId":1}
{"level":"info","message":"Получение заданий для пользователя ID: 1","timestamp":"2025-09-10 10:49:36"}
{"level":"info","message":"Получение заданий для пользователя ID: 1","timestamp":"2025-09-10 10:49:36"}
{"level":"info","message":"Получение ожидающих приглашений пользователя","timestamp":"2025-09-10 10:49:36","userId":1}
{"level":"info","message":"Получение ожидающих приглашений пользователя","timestamp":"2025-09-10 10:49:36","userId":1}
{"assignmentId":32,"level":"info","message":"Получение состава команды проекта","timestamp":"2025-09-10 10:49:36"}
{"assignmentId":32,"level":"info","message":"Получение состава команды проекта","timestamp":"2025-09-10 10:49:36"}
{"assignmentId":32,"level":"info","message":"Получение состава команды проекта","timestamp":"2025-09-10 10:49:36"}
{"level":"info","message":"Получение заданий для пользователя ID: 1","timestamp":"2025-09-10 10:49:36"}
{"level":"info","message":"Получение ожидающих приглашений пользователя","timestamp":"2025-09-10 10:49:36","userId":1}
{"level":"info","message":"Получение ожидающих приглашений пользователя","timestamp":"2025-09-10 10:49:36","userId":1}
{"level":"info","message":"Получение заданий для пользователя ID: 1","timestamp":"2025-09-10 10:49:36"}
{"assignmentId":32,"level":"info","message":"Получение состава команды проекта","timestamp":"2025-09-10 10:49:36"}
{"level":"info","message":"Получение заданий для пользователя ID: 1","timestamp":"2025-09-10 10:49:36"}
{"level":"info","message":"Получение ожидающих приглашений пользователя","timestamp":"2025-09-10 10:49:36","userId":1}
{"level":"info","message":"Получение ожидающих приглашений пользователя","timestamp":"2025-09-10 10:49:36","userId":1}
{"level":"info","message":"Получение заданий для пользователя ID: 1","timestamp":"2025-09-10 10:49:36"}
{"level":"info","message":"Получение заданий для пользователя ID: 1","timestamp":"2025-09-10 10:49:44"}
{"level":"info","message":"Получение заданий для пользователя ID: 1","timestamp":"2025-09-10 10:49:44"}
{"level":"info","message":"Получение заданий для пользователя ID: 1","timestamp":"2025-09-10 10:49:44"}
{"level":"info","message":"Получение заданий для пользователя ID: 1","timestamp":"2025-09-10 10:49:45"}
{"level":"info","message":"Получение ожидающих приглашений пользователя","timestamp":"2025-09-10 10:49:45","userId":1}
{"level":"info","message":"Получение ожидающих приглашений пользователя","timestamp":"2025-09-10 10:49:45","userId":1}
{"level":"info","message":"Получение заданий для пользователя ID: 1","timestamp":"2025-09-10 10:49:45"}
{"level":"info","message":"Получение заданий для пользователя ID: 1","timestamp":"2025-09-10 10:49:47"}
{"level":"info","message":"Получение ожидающих приглашений пользователя","timestamp":"2025-09-10 10:49:47","userId":1}
{"level":"info","message":"Получение заданий для пользователя ID: 1","timestamp":"2025-09-10 10:49:47"}
{"level":"info","message":"Получение ожидающих приглашений пользователя","timestamp":"2025-09-10 10:49:47","userId":1}
{"assignmentId":32,"level":"info","message":"Получение состава команды проекта","timestamp":"2025-09-10 10:49:47"}
{"assignmentId":32,"level":"info","message":"Получение состава команды проекта","timestamp":"2025-09-10 10:49:47"}
{"assignmentId":32,"level":"info","message":"Получение состава команды проекта","timestamp":"2025-09-10 10:49:47"}
{"level":"info","message":"Получение заданий для пользователя ID: 1","timestamp":"2025-09-10 10:49:47"}
{"level":"info","message":"Получение ожидающих приглашений пользователя","timestamp":"2025-09-10 10:49:47","userId":1}
{"level":"info","message":"Получение ожидающих приглашений пользователя","timestamp":"2025-09-10 10:49:47","userId":1}
{"level":"info","message":"Получение заданий для пользователя ID: 1","timestamp":"2025-09-10 10:49:47"}
{"assignmentId":32,"level":"info","message":"Получение состава команды проекта","timestamp":"2025-09-10 10:49:47"}
{"level":"info","message":"Получение заданий для пользователя ID: 1","timestamp":"2025-09-10 10:49:47"}
{"level":"info","message":"Получение ожидающих приглашений пользователя","timestamp":"2025-09-10 10:49:47","userId":1}
{"level":"info","message":"Получение ожидающих приглашений пользователя","timestamp":"2025-09-10 10:49:47","userId":1}
{"level":"info","message":"Получение заданий для пользователя ID: 1","timestamp":"2025-09-10 10:49:47"}
{"level":"info","message":"Получение заданий для пользователя ID: 1","timestamp":"2025-09-10 10:50:17"}
{"level":"info","message":"Получение ожидающих приглашений пользователя","timestamp":"2025-09-10 10:50:17","userId":1}
{"level":"info","message":"Получение заданий для пользователя ID: 1","timestamp":"2025-09-10 10:50:17"}
{"level":"info","message":"Получение ожидающих приглашений пользователя","timestamp":"2025-09-10 10:50:17","userId":1}
{"level":"info","message":"Получение заданий для пользователя ID: 1","timestamp":"2025-09-10 10:50:17"}
{"level":"info","message":"Получение ожидающих приглашений пользователя","timestamp":"2025-09-10 10:50:17","userId":1}
{"level":"info","message":"Получение заданий для пользователя ID: 1","timestamp":"2025-09-10 10:50:47"}
{"level":"info","message":"Получение ожидающих приглашений пользователя","timestamp":"2025-09-10 10:50:47","userId":1}
{"level":"info","message":"Получение заданий для пользователя ID: 1","timestamp":"2025-09-10 10:50:47"}
{"level":"info","message":"Получение ожидающих приглашений пользователя","timestamp":"2025-09-10 10:50:47","userId":1}
{"level":"info","message":"Получение заданий для пользователя ID: 1","timestamp":"2025-09-10 10:50:48"}
{"level":"info","message":"Получение ожидающих приглашений пользователя","timestamp":"2025-09-10 10:50:48","userId":1}
{"level":"info","message":"Получение заданий для пользователя ID: 1","timestamp":"2025-09-10 10:51:18"}
{"level":"info","message":"Получение ожидающих приглашений пользователя","timestamp":"2025-09-10 10:51:18","userId":1}
{"level":"info","message":"Получение заданий для пользователя ID: 1","timestamp":"2025-09-10 10:51:18"}
{"level":"info","message":"Получение ожидающих приглашений пользователя","timestamp":"2025-09-10 10:51:18","userId":1}
{"level":"info","message":"Получение заданий для пользователя ID: 1","timestamp":"2025-09-10 10:51:18"}
{"level":"info","message":"Получение ожидающих приглашений пользователя","timestamp":"2025-09-10 10:51:18","userId":1}
{"level":"info","message":"Получение заданий для пользователя ID: 1","timestamp":"2025-09-10 10:51:48"}
{"level":"info","message":"Получение ожидающих приглашений пользователя","timestamp":"2025-09-10 10:51:48","userId":1}
{"level":"info","message":"Получение заданий для пользователя ID: 1","timestamp":"2025-09-10 10:51:48"}
{"level":"info","message":"Получение ожидающих приглашений пользователя","timestamp":"2025-09-10 10:51:48","userId":1}
{"level":"info","message":"Получение заданий для пользователя ID: 1","timestamp":"2025-09-10 10:51:48"}
{"level":"info","message":"Получение ожидающих приглашений пользователя","timestamp":"2025-09-10 10:51:48","userId":1}
{"level":"info","message":"Получение заданий для пользователя ID: 1","timestamp":"2025-09-10 10:52:18"}
{"level":"info","message":"Получение ожидающих приглашений пользователя","timestamp":"2025-09-10 10:52:18","userId":1}
{"level":"info","message":"Получение заданий для пользователя ID: 1","timestamp":"2025-09-10 10:52:18"}
{"level":"info","message":"Получение ожидающих приглашений пользователя","timestamp":"2025-09-10 10:52:18","userId":1}
{"level":"info","message":"Получение заданий для пользователя ID: 1","timestamp":"2025-09-10 10:52:18"}
{"level":"info","message":"Получение ожидающих приглашений пользователя","timestamp":"2025-09-10 10:52:18","userId":1}
{"level":"info","message":"Получение ожидающих приглашений пользователя","timestamp":"2025-09-10 10:52:32","userId":1}
{"level":"info","message":"Получение заданий для пользователя ID: 1","timestamp":"2025-09-10 10:52:32"}
{"level":"info","message":"Получение ожидающих приглашений пользователя","timestamp":"2025-09-10 10:52:32","userId":1}
{"level":"info","message":"Получение ожидающих приглашений пользователя","timestamp":"2025-09-10 10:52:32","userId":1}
{"level":"info","message":"Получение заданий для пользователя ID: 1","timestamp":"2025-09-10 10:52:32"}
{"level":"info","message":"Получение ожидающих приглашений пользователя","timestamp":"2025-09-10 10:52:32","userId":1}
{"level":"info","message":"Получение заданий для пользователя ID: 1","timestamp":"2025-09-10 10:52:32"}
{"level":"info","message":"Получение заданий для пользователя ID: 1","timestamp":"2025-09-10 10:52:32"}
{"assignmentId":32,"level":"info","message":"Получение состава команды проекта","timestamp":"2025-09-10 10:52:32"}
{"assignmentId":32,"level":"info","message":"Получение состава команды проекта","timestamp":"2025-09-10 10:52:32"}
{"assignmentId":32,"level":"info","message":"Получение состава команды проекта","timestamp":"2025-09-10 10:52:32"}
{"level":"info","message":"Получение заданий для пользователя ID: 1","timestamp":"2025-09-10 10:52:32"}
{"level":"info","message":"Получение ожидающих приглашений пользователя","timestamp":"2025-09-10 10:52:32","userId":1}
{"assignmentId":32,"level":"info","message":"Получение состава команды проекта","timestamp":"2025-09-10 10:52:32"}
{"level":"info","message":"Получение заданий для пользователя ID: 1","timestamp":"2025-09-10 10:53:02"}
{"level":"info","message":"Получение ожидающих приглашений пользователя","timestamp":"2025-09-10 10:53:02","userId":1}
{"level":"info","message":"Получение ожидающих приглашений пользователя","timestamp":"2025-09-10 10:53:02","userId":1}
{"level":"info","message":"Получение заданий для пользователя ID: 1","timestamp":"2025-09-10 10:53:02"}
{"level":"info","message":"Получение заданий для пользователя ID: 1","timestamp":"2025-09-10 10:53:02"}
{"level":"info","message":"Получение ожидающих приглашений пользователя","timestamp":"2025-09-10 10:53:02","userId":1}
{"level":"info","message":"Получение заданий для пользователя ID: 1","timestamp":"2025-09-10 10:53:32"}
{"level":"info","message":"Получение ожидающих приглашений пользователя","timestamp":"2025-09-10 10:53:32","userId":1}
{"level":"info","message":"Получение заданий для пользователя ID: 1","timestamp":"2025-09-10 10:53:32"}
{"level":"info","message":"Получение ожидающих приглашений пользователя","timestamp":"2025-09-10 10:53:32","userId":1}
{"level":"info","message":"Получение заданий для пользователя ID: 1","timestamp":"2025-09-10 10:53:32"}
{"level":"info","message":"Получение ожидающих приглашений пользователя","timestamp":"2025-09-10 10:53:32","userId":1}
{"level":"info","message":"Получение заданий для пользователя ID: 1","timestamp":"2025-09-10 10:54:02"}
{"level":"info","message":"Получение ожидающих приглашений пользователя","timestamp":"2025-09-10 10:54:02","userId":1}
{"level":"info","message":"Получение заданий для пользователя ID: 1","timestamp":"2025-09-10 10:54:02"}
{"level":"info","message":"Получение ожидающих приглашений пользователя","timestamp":"2025-09-10 10:54:02","userId":1}
{"level":"info","message":"Получение заданий для пользователя ID: 1","timestamp":"2025-09-10 10:54:02"}
{"level":"info","message":"Получение ожидающих приглашений пользователя","timestamp":"2025-09-10 10:54:02","userId":1}
{"level":"info","message":"Получение заданий для пользователя ID: 1","timestamp":"2025-09-10 10:54:11"}
{"level":"info","message":"Получение ожидающих приглашений пользователя","timestamp":"2025-09-10 10:54:11","userId":1}
{"level":"info","message":"Получение заданий для пользователя ID: 1","timestamp":"2025-09-10 10:54:11"}
{"level":"info","message":"Получение ожидающих приглашений пользователя","timestamp":"2025-09-10 10:54:11","userId":1}
{"level":"info","message":"Получение ожидающих приглашений пользователя","timestamp":"2025-09-10 10:54:11","userId":1}
{"level":"info","message":"Получение заданий для пользователя ID: 1","timestamp":"2025-09-10 10:54:11"}
{"assignmentId":32,"level":"info","message":"Получение состава команды проекта","timestamp":"2025-09-10 10:54:11"}
{"assignmentId":32,"level":"info","message":"Получение состава команды проекта","timestamp":"2025-09-10 10:54:11"}
{"assignmentId":32,"level":"info","message":"Получение состава команды проекта","timestamp":"2025-09-10 10:54:11"}
{"level":"info","message":"Получение заданий для пользователя ID: 1","timestamp":"2025-09-10 10:54:11"}
{"level":"info","message":"Получение ожидающих приглашений пользователя","timestamp":"2025-09-10 10:54:11","userId":1}
{"level":"info","message":"Получение ожидающих приглашений пользователя","timestamp":"2025-09-10 10:54:11","userId":1}
{"level":"info","message":"Получение заданий для пользователя ID: 1","timestamp":"2025-09-10 10:54:11"}
{"assignmentId":32,"level":"info","message":"Получение состава команды проекта","timestamp":"2025-09-10 10:54:11"}
{"assignmentId":31,"level":"info","message":"Получение состава команды проекта","timestamp":"2025-09-10 10:54:32"}
{"assignmentId":31,"level":"info","message":"Получение состава команды проекта","timestamp":"2025-09-10 10:54:32"}
{"assignmentId":24,"level":"info","message":"Получение состава команды проекта","timestamp":"2025-09-10 10:54:33"}
{"assignmentId":24,"level":"info","message":"Получение состава команды проекта","timestamp":"2025-09-10 10:54:33"}
{"assignmentId":32,"level":"info","message":"Получение состава команды проекта","timestamp":"2025-09-10 10:54:33"}
{"assignmentId":32,"level":"info","message":"Получение состава команды проекта","timestamp":"2025-09-10 10:54:33"}
{"level":"info","message":"Получение ожидающих приглашений пользователя","timestamp":"2025-09-10 10:54:47","userId":1}
{"level":"info","message":"Получение ожидающих приглашений пользователя","timestamp":"2025-09-10 10:54:47","userId":1}
{"level":"info","message":"Получение заданий для пользователя ID: 1","timestamp":"2025-09-10 10:54:47"}
{"level":"info","message":"Получение заданий для пользователя ID: 1","timestamp":"2025-09-10 10:54:47"}
{"level":"info","message":"Получение заданий для пользователя ID: 1","timestamp":"2025-09-10 10:54:49"}
{"level":"info","message":"Получение заданий для пользователя ID: 1","timestamp":"2025-09-10 10:54:49"}
{"level":"info","message":"Получение заданий для пользователя ID: 1","timestamp":"2025-09-10 10:54:49"}
{"level":"info","message":"Получение заданий для пользователя ID: 1","timestamp":"2025-09-10 10:54:49"}
{"level":"info","message":"Получение ожидающих приглашений пользователя","timestamp":"2025-09-10 10:54:49","userId":1}
{"level":"info","message":"Получение заданий для пользователя ID: 1","timestamp":"2025-09-10 10:54:49"}
{"level":"info","message":"Получение ожидающих приглашений пользователя","timestamp":"2025-09-10 10:54:49","userId":1}
{"level":"info","message":"Получение заданий для пользователя ID: 1","timestamp":"2025-09-10 10:54:51"}
{"level":"info","message":"Получение ожидающих приглашений пользователя","timestamp":"2025-09-10 10:54:51","userId":1}
{"level":"info","message":"Получение ожидающих приглашений пользователя","timestamp":"2025-09-10 10:54:51","userId":1}
{"level":"info","message":"Получение заданий для пользователя ID: 1","timestamp":"2025-09-10 10:54:51"}
{"level":"info","message":"Получение ожидающих приглашений пользователя","timestamp":"2025-09-10 10:54:51","userId":1}
{"level":"info","message":"Получение заданий для пользователя ID: 1","timestamp":"2025-09-10 10:54:51"}
{"level":"info","message":"Получение ожидающих приглашений пользователя","timestamp":"2025-09-10 10:54:51","userId":1}
{"level":"info","message":"Получение заданий для пользователя ID: 1","timestamp":"2025-09-10 10:54:51"}
{"assignmentId":32,"level":"info","message":"Получение состава команды проекта","timestamp":"2025-09-10 10:54:51"}
{"assignmentId":32,"level":"info","message":"Получение состава команды проекта","timestamp":"2025-09-10 10:54:52"}
{"level":"info","message":"Получение ожидающих приглашений пользователя","timestamp":"2025-09-10 10:54:52","userId":1}
{"level":"info","message":"Получение заданий для пользователя ID: 1","timestamp":"2025-09-10 10:54:52"}
{"assignmentId":32,"level":"info","message":"Получение состава команды проекта","timestamp":"2025-09-10 10:54:52"}
{"assignmentId":32,"level":"info","message":"Получение состава команды проекта","timestamp":"2025-09-10 10:54:52"}
{"assignmentId":32,"level":"info","message":"Получение состава команды проекта","timestamp":"2025-09-10 10:54:52"}
{"assignmentId":32,"level":"info","message":"Получение состава команды проекта","timestamp":"2025-09-10 10:54:52"}
{"level":"info","message":"Получение заданий для пользователя ID: 1","timestamp":"2025-09-10 10:55:22"}
{"level":"info","message":"Получение ожидающих приглашений пользователя","timestamp":"2025-09-10 10:55:22","userId":1}
{"level":"info","message":"Получение заданий для пользователя ID: 1","timestamp":"2025-09-10 10:55:22"}
{"level":"info","message":"Получение ожидающих приглашений пользователя","timestamp":"2025-09-10 10:55:22","userId":1}
{"level":"info","message":"Получение ожидающих приглашений пользователя","timestamp":"2025-09-10 10:55:22","userId":1}
{"level":"info","message":"Получение заданий для пользователя ID: 1","timestamp":"2025-09-10 10:55:22"}
{"assignmentId":32,"invitedBy":1,"level":"info","message":"Приглашение пользователя в команду проекта","timestamp":"2025-09-10 10:55:34","userId":2}
{"assignmentId":32,"invitationId":4,"level":"info","message":"Пользователь успешно приглашен в проект","timestamp":"2025-09-10 10:55:34","userId":2}
{"assignmentId":32,"level":"info","message":"Получение состава команды проекта","timestamp":"2025-09-10 10:55:35"}
{"level":"info","message":"Получение заданий для пользователя ID: 2","timestamp":"2025-09-10 10:55:40"}
{"level":"info","message":"Получение заданий для пользователя ID: 2","timestamp":"2025-09-10 10:55:40"}
{"level":"info","message":"Получение ожидающих приглашений пользователя","timestamp":"2025-09-10 10:55:40","userId":2}
{"level":"info","message":"Получение ожидающих приглашений пользователя","timestamp":"2025-09-10 10:55:40","userId":2}
{"assignmentId":26,"level":"info","message":"Получение состава команды проекта","timestamp":"2025-09-10 10:55:40"}
{"assignmentId":26,"level":"info","message":"Получение состава команды проекта","timestamp":"2025-09-10 10:55:40"}
{"level":"info","message":"Получение заданий для пользователя ID: 2","timestamp":"2025-09-10 10:55:40"}
{"level":"info","message":"Получение ожидающих приглашений пользователя","timestamp":"2025-09-10 10:55:40","userId":2}
{"assignmentId":26,"level":"info","message":"Получение состава команды проекта","timestamp":"2025-09-10 10:55:40"}
{"level":"info","message":"Получение заданий для пользователя ID: 2","timestamp":"2025-09-10 10:55:40"}
{"level":"info","message":"Получение ожидающих приглашений пользователя","timestamp":"2025-09-10 10:55:40","userId":2}
{"assignmentId":26,"level":"info","message":"Получение состава команды проекта","timestamp":"2025-09-10 10:55:40"}
{"level":"info","message":"Получение заданий для пользователя ID: 2","timestamp":"2025-09-10 10:55:40"}
{"level":"info","message":"Получение ожидающих приглашений пользователя","timestamp":"2025-09-10 10:55:40","userId":2}
{"level":"info","message":"Получение заданий для пользователя ID: 2","timestamp":"2025-09-10 10:55:40"}
{"level":"info","message":"Получение ожидающих приглашений пользователя","timestamp":"2025-09-10 10:55:40","userId":2}
{"level":"info","message":"Получение заданий для пользователя ID: 2","timestamp":"2025-09-10 10:55:42"}
{"level":"info","message":"Получение ожидающих приглашений пользователя","timestamp":"2025-09-10 10:55:42","userId":2}
{"level":"info","message":"Получение ожидающих приглашений пользователя","timestamp":"2025-09-10 10:55:42","userId":2}
{"level":"info","message":"Получение заданий для пользователя ID: 2","timestamp":"2025-09-10 10:55:42"}
{"level":"info","message":"Получение заданий для пользователя ID: 2","timestamp":"2025-09-10 10:55:43"}
{"level":"info","message":"Получение ожидающих приглашений пользователя","timestamp":"2025-09-10 10:55:43","userId":2}
{"level":"info","message":"Получение ожидающих приглашений пользователя","timestamp":"2025-09-10 10:55:43","userId":2}
{"level":"info","message":"Получение заданий для пользователя ID: 2","timestamp":"2025-09-10 10:55:43"}
{"level":"info","message":"Получение ожидающих приглашений пользователя","timestamp":"2025-09-10 10:55:43","userId":2}
{"level":"info","message":"Получение заданий для пользователя ID: 2","timestamp":"2025-09-10 10:55:43"}
{"level":"info","message":"Получение ожидающих приглашений пользователя","timestamp":"2025-09-10 10:55:43","userId":2}
{"assignmentId":26,"level":"info","message":"Получение состава команды проекта","timestamp":"2025-09-10 10:55:43"}
{"level":"info","message":"Получение заданий для пользователя ID: 2","timestamp":"2025-09-10 10:55:43"}
{"assignmentId":26,"level":"info","message":"Получение состава команды проекта","timestamp":"2025-09-10 10:55:43"}
{"assignmentId":26,"level":"info","message":"Получение состава команды проекта","timestamp":"2025-09-10 10:55:43"}
{"level":"info","message":"Получение заданий для пользователя ID: 2","timestamp":"2025-09-10 10:55:43"}
{"level":"info","message":"Получение ожидающих приглашений пользователя","timestamp":"2025-09-10 10:55:43","userId":2}
{"assignmentId":26,"level":"info","message":"Получение состава команды проекта","timestamp":"2025-09-10 10:55:43"}
{"assignmentId":26,"level":"info","message":"Получение состава команды проекта","timestamp":"2025-09-10 10:55:43"}
{"level":"info","message":"Получение заданий для пользователя ID: 2","timestamp":"2025-09-10 10:56:13"}
{"level":"info","message":"Получение ожидающих приглашений пользователя","timestamp":"2025-09-10 10:56:13","userId":2}
{"level":"info","message":"Получение заданий для пользователя ID: 2","timestamp":"2025-09-10 10:56:13"}
{"level":"info","message":"Получение ожидающих приглашений пользователя","timestamp":"2025-09-10 10:56:13","userId":2}
{"level":"info","message":"Получение заданий для пользователя ID: 2","timestamp":"2025-09-10 10:56:13"}
{"level":"info","message":"Получение ожидающих приглашений пользователя","timestamp":"2025-09-10 10:56:13","userId":2}
{"level":"info","message":"Получение заданий для пользователя ID: 2","timestamp":"2025-09-10 10:56:43"}
{"level":"info","message":"Получение ожидающих приглашений пользователя","timestamp":"2025-09-10 10:56:43","userId":2}
{"level":"info","message":"Получение заданий для пользователя ID: 2","timestamp":"2025-09-10 10:56:43"}
{"level":"info","message":"Получение ожидающих приглашений пользователя","timestamp":"2025-09-10 10:56:43","userId":2}
{"level":"info","message":"Получение заданий для пользователя ID: 2","timestamp":"2025-09-10 10:56:43"}
{"level":"info","message":"Получение ожидающих приглашений пользователя","timestamp":"2025-09-10 10:56:43","userId":2}
{"level":"info","message":"Получение ожидающих приглашений пользователя","timestamp":"2025-09-10 10:57:13","userId":2}
{"level":"info","message":"Получение заданий для пользователя ID: 2","timestamp":"2025-09-10 10:57:13"}
{"level":"info","message":"Получение заданий для пользователя ID: 2","timestamp":"2025-09-10 10:57:13"}
{"level":"info","message":"Получение ожидающих приглашений пользователя","timestamp":"2025-09-10 10:57:13","userId":2}
{"level":"info","message":"Получение заданий для пользователя ID: 2","timestamp":"2025-09-10 10:57:13"}
{"level":"info","message":"Получение ожидающих приглашений пользователя","timestamp":"2025-09-10 10:57:13","userId":2}
{"level":"info","message":"Получение заданий для пользователя ID: 2","timestamp":"2025-09-10 10:57:43"}
{"level":"info","message":"Получение ожидающих приглашений пользователя","timestamp":"2025-09-10 10:57:43","userId":2}
{"level":"info","message":"Получение заданий для пользователя ID: 2","timestamp":"2025-09-10 10:57:43"}
{"level":"info","message":"Получение ожидающих приглашений пользователя","timestamp":"2025-09-10 10:57:43","userId":2}
{"level":"info","message":"Получение заданий для пользователя ID: 2","timestamp":"2025-09-10 10:57:43"}
{"level":"info","message":"Получение ожидающих приглашений пользователя","timestamp":"2025-09-10 10:57:43","userId":2}
{"assignmentId":26,"level":"info","message":"Получение состава команды проекта","timestamp":"2025-09-10 10:57:46"}
{"level":"info","message":"Получение заданий для пользователя ID: 2","timestamp":"2025-09-10 10:58:00"}
{"level":"info","message":"Получение заданий для пользователя ID: 2","timestamp":"2025-09-10 10:58:00"}
{"level":"info","message":"Получение ожидающих приглашений пользователя","timestamp":"2025-09-10 10:58:00","userId":2}
{"level":"info","message":"Получение ожидающих приглашений пользователя","timestamp":"2025-09-10 10:58:00","userId":2}
{"assignmentId":26,"level":"info","message":"Получение состава команды проекта","timestamp":"2025-09-10 10:58:00"}
{"assignmentId":26,"level":"info","message":"Получение состава команды проекта","timestamp":"2025-09-10 10:58:00"}
{"assignmentId":26,"level":"info","message":"Получение состава команды проекта","timestamp":"2025-09-10 10:58:00"}
{"level":"info","message":"Получение заданий для пользователя ID: 2","timestamp":"2025-09-10 10:58:00"}
{"level":"info","message":"Получение ожидающих приглашений пользователя","timestamp":"2025-09-10 10:58:00","userId":2}
{"level":"info","message":"Получение ожидающих приглашений пользователя","timestamp":"2025-09-10 10:58:00","userId":2}
{"level":"info","message":"Получение заданий для пользователя ID: 2","timestamp":"2025-09-10 10:58:00"}
{"assignmentId":26,"level":"info","message":"Получение состава команды проекта","timestamp":"2025-09-10 10:58:00"}
{"level":"info","message":"Получение ожидающих приглашений пользователя","timestamp":"2025-09-10 10:58:00","userId":2}
{"level":"info","message":"Получение заданий для пользователя ID: 2","timestamp":"2025-09-10 10:58:00"}
{"level":"info","message":"Получение заданий для пользователя ID: 2","timestamp":"2025-09-10 10:58:00"}
{"level":"info","message":"Получение ожидающих приглашений пользователя","timestamp":"2025-09-10 10:58:00","userId":2}
{"level":"info","message":"Получение заданий для пользователя ID: 2","timestamp":"2025-09-10 10:58:01"}
{"level":"info","message":"Получение ожидающих приглашений пользователя","timestamp":"2025-09-10 10:58:01","userId":2}
{"level":"info","message":"Получение ожидающих приглашений пользователя","timestamp":"2025-09-10 10:58:01","userId":2}
{"level":"info","message":"Получение заданий для пользователя ID: 2","timestamp":"2025-09-10 10:58:01"}
{"level":"info","message":"Получение заданий для пользователя ID: 2","timestamp":"2025-09-10 10:58:02"}
{"level":"info","message":"Получение ожидающих приглашений пользователя","timestamp":"2025-09-10 10:58:02","userId":2}
{"level":"info","message":"Получение заданий для пользователя ID: 2","timestamp":"2025-09-10 10:58:02"}
{"level":"info","message":"Получение ожидающих приглашений пользователя","timestamp":"2025-09-10 10:58:02","userId":2}
{"level":"info","message":"Получение ожидающих приглашений пользователя","timestamp":"2025-09-10 10:58:02","userId":2}
{"level":"info","message":"Получение заданий для пользователя ID: 2","timestamp":"2025-09-10 10:58:02"}
{"assignmentId":26,"level":"info","message":"Получение состава команды проекта","timestamp":"2025-09-10 10:58:02"}
{"assignmentId":26,"level":"info","message":"Получение состава команды проекта","timestamp":"2025-09-10 10:58:02"}
{"assignmentId":26,"level":"info","message":"Получение состава команды проекта","timestamp":"2025-09-10 10:58:02"}
{"level":"info","message":"Получение заданий для пользователя ID: 2","timestamp":"2025-09-10 10:58:02"}
{"level":"info","message":"Получение ожидающих приглашений пользователя","timestamp":"2025-09-10 10:58:02","userId":2}
{"level":"info","message":"Получение заданий для пользователя ID: 2","timestamp":"2025-09-10 10:58:02"}
{"level":"info","message":"Получение ожидающих приглашений пользователя","timestamp":"2025-09-10 10:58:02","userId":2}
{"assignmentId":26,"level":"info","message":"Получение состава команды проекта","timestamp":"2025-09-10 10:58:02"}
{"assignmentId":23,"level":"info","message":"Получение состава команды проекта","timestamp":"2025-09-10 10:58:06"}
{"assignmentId":23,"level":"info","message":"Получение состава команды проекта","timestamp":"2025-09-10 10:58:06"}
{"assignmentId":23,"invitedBy":2,"level":"info","message":"Приглашение пользователя в команду проекта","timestamp":"2025-09-10 10:58:15","userId":1}
{"assignmentId":23,"invitationId":5,"level":"info","message":"Пользователь успешно приглашен в проект","timestamp":"2025-09-10 10:58:16","userId":1}
{"assignmentId":23,"level":"info","message":"Получение состава команды проекта","timestamp":"2025-09-10 10:58:17"}
{"level":"info","message":"Получение заданий для пользователя ID: 1","timestamp":"2025-09-10 10:58:21"}
{"level":"info","message":"Получение заданий для пользователя ID: 1","timestamp":"2025-09-10 10:58:21"}
{"level":"info","message":"Получение ожидающих приглашений пользователя","timestamp":"2025-09-10 10:58:21","userId":1}
{"level":"info","message":"Получение ожидающих приглашений пользователя","timestamp":"2025-09-10 10:58:21","userId":1}
{"assignmentId":32,"level":"info","message":"Получение состава команды проекта","timestamp":"2025-09-10 10:58:21"}
{"assignmentId":32,"level":"info","message":"Получение состава команды проекта","timestamp":"2025-09-10 10:58:21"}
{"assignmentId":32,"level":"info","message":"Получение состава команды проекта","timestamp":"2025-09-10 10:58:21"}
{"level":"info","message":"Получение заданий для пользователя ID: 1","timestamp":"2025-09-10 10:58:21"}
{"level":"info","message":"Получение ожидающих приглашений пользователя","timestamp":"2025-09-10 10:58:21","userId":1}
{"level":"info","message":"Получение ожидающих приглашений пользователя","timestamp":"2025-09-10 10:58:21","userId":1}
{"level":"info","message":"Получение заданий для пользователя ID: 1","timestamp":"2025-09-10 10:58:21"}
{"assignmentId":32,"level":"info","message":"Получение состава команды проекта","timestamp":"2025-09-10 10:58:21"}
{"level":"info","message":"Получение заданий для пользователя ID: 1","timestamp":"2025-09-10 10:58:22"}
{"level":"info","message":"Получение ожидающих приглашений пользователя","timestamp":"2025-09-10 10:58:22","userId":1}
{"level":"info","message":"Получение заданий для пользователя ID: 1","timestamp":"2025-09-10 10:58:22"}
{"level":"info","message":"Получение ожидающих приглашений пользователя","timestamp":"2025-09-10 10:58:22","userId":1}
{"level":"info","message":"Получение заданий для пользователя ID: 1","timestamp":"2025-09-10 10:58:22"}
{"level":"info","message":"Получение ожидающих приглашений пользователя","timestamp":"2025-09-10 10:58:22","userId":1}
{"level":"info","message":"Получение заданий для пользователя ID: 1","timestamp":"2025-09-10 10:58:22"}
{"level":"info","message":"Получение ожидающих приглашений пользователя","timestamp":"2025-09-10 10:58:22","userId":1}
{"level":"info","message":"Получение ожидающих приглашений пользователя","timestamp":"2025-09-10 10:59:07","userId":1}
{"level":"info","message":"Получение ожидающих приглашений пользователя","timestamp":"2025-09-10 10:59:07","userId":1}
{"level":"info","message":"Получение заданий для пользователя ID: 1","timestamp":"2025-09-10 10:59:07"}
{"level":"info","message":"Получение заданий для пользователя ID: 1","timestamp":"2025-09-10 10:59:07"}
{"level":"info","message":"Получение ожидающих приглашений пользователя","timestamp":"2025-09-10 11:00:41","userId":1}
{"level":"info","message":"Получение ожидающих приглашений пользователя","timestamp":"2025-09-10 11:00:41","userId":1}
{"level":"info","message":"Получение заданий для пользователя ID: 1","timestamp":"2025-09-10 11:00:41"}
{"level":"info","message":"Получение заданий для пользователя ID: 1","timestamp":"2025-09-10 11:00:41"}
{"level":"info","message":"Получение заданий для пользователя ID: 1","timestamp":"2025-09-10 11:02:26"}
{"level":"info","message":"Получение ожидающих приглашений пользователя","timestamp":"2025-09-10 11:02:26","userId":1}
{"level":"info","message":"Получение ожидающих приглашений пользователя","timestamp":"2025-09-10 11:10:52","userId":1}
{"level":"info","message":"Получение ожидающих приглашений пользователя","timestamp":"2025-09-10 11:11:05","userId":1}
{"level":"info","message":"Получение ожидающих приглашений пользователя","timestamp":"2025-09-10 11:11:05","userId":1}
{"level":"info","message":"Получение заданий для пользователя ID: 1","timestamp":"2025-09-10 11:11:05"}
{"level":"info","message":"Получение заданий для пользователя ID: 1","timestamp":"2025-09-10 11:11:05"}
{"level":"info","message":"Получение ожидающих приглашений пользователя","timestamp":"2025-09-10 11:12:34","userId":1}
{"level":"info","message":"Получение заданий для пользователя ID: 1","timestamp":"2025-09-10 11:12:34"}
{"level":"info","message":"Получение ожидающих приглашений пользователя","timestamp":"2025-09-10 11:13:14","userId":1}
{"level":"info","message":"Получение ожидающих приглашений пользователя","timestamp":"2025-09-10 11:13:14","userId":1}
{"level":"info","message":"Получение заданий для пользователя ID: 1","timestamp":"2025-09-10 11:13:14"}
{"level":"info","message":"Получение заданий для пользователя ID: 1","timestamp":"2025-09-10 11:13:14"}
{"level":"info","message":"Получение ожидающих приглашений пользователя","timestamp":"2025-09-10 11:13:42","userId":1}
{"level":"info","message":"Получение ожидающих приглашений пользователя","timestamp":"2025-09-10 11:13:42","userId":1}
{"level":"info","message":"Получение заданий для пользователя ID: 1","timestamp":"2025-09-10 11:13:42"}
{"level":"info","message":"Получение заданий для пользователя ID: 1","timestamp":"2025-09-10 11:13:42"}
{"assignmentId":null,"invitationId":5,"level":"info","message":"Ответ на приглашение в проект","status":"accepted","timestamp":"2025-09-10 11:14:53","userId":1}
{"assignmentId":23,"assignmentTitle":"1231dwqa","level":"info","message":"Пользователь принял приглашение в проект","timestamp":"2025-09-10 11:14:53","userId":1}
{"assignmentTitle":"1231dwqa","invitationId":5,"level":"info","message":"Ответ на приглашение обработан","status":"accepted","timestamp":"2025-09-10 11:14:53"}
{"level":"info","message":"Получение ожидающих приглашений пользователя","timestamp":"2025-09-10 11:14:53","userId":1}
{"level":"info","message":"Получение заданий для пользователя ID: 1","timestamp":"2025-09-10 11:15:14"}
{"level":"info","message":"Получение ожидающих приглашений пользователя","timestamp":"2025-09-10 11:15:14","userId":1}
{"level":"info","message":"Получение ожидающих приглашений пользователя","timestamp":"2025-09-10 11:15:14","userId":1}
{"level":"info","message":"Получение заданий для пользователя ID: 1","timestamp":"2025-09-10 11:15:14"}
{"level":"info","message":"Получение заданий для пользователя ID: 2","timestamp":"2025-09-10 11:15:17"}
{"level":"info","message":"Получение ожидающих приглашений пользователя","timestamp":"2025-09-10 11:15:17","userId":2}
{"level":"info","message":"Получение заданий для пользователя ID: 2","timestamp":"2025-09-10 11:15:17"}
{"level":"info","message":"Получение ожидающих приглашений пользователя","timestamp":"2025-09-10 11:15:17","userId":2}
{"level":"info","message":"Получение ожидающих приглашений пользователя","timestamp":"2025-09-10 11:15:18","userId":2}
{"level":"info","message":"Получение заданий для пользователя ID: 2","timestamp":"2025-09-10 11:15:18"}
{"assignmentId":26,"level":"info","message":"Получение состава команды проекта","timestamp":"2025-09-10 11:15:18"}
{"assignmentId":26,"level":"info","message":"Получение состава команды проекта","timestamp":"2025-09-10 11:15:18"}
{"assignmentId":26,"level":"info","message":"Получение состава команды проекта","timestamp":"2025-09-10 11:15:18"}
{"level":"info","message":"Получение заданий для пользователя ID: 2","timestamp":"2025-09-10 11:15:18"}
{"level":"info","message":"Получение ожидающих приглашений пользователя","timestamp":"2025-09-10 11:15:18","userId":2}
{"level":"info","message":"Получение ожидающих приглашений пользователя","timestamp":"2025-09-10 11:15:18","userId":2}
{"level":"info","message":"Получение заданий для пользователя ID: 2","timestamp":"2025-09-10 11:15:18"}
{"assignmentId":26,"level":"info","message":"Получение состава команды проекта","timestamp":"2025-09-10 11:15:18"}
{"level":"info","message":"Получение заданий для пользователя ID: 2","timestamp":"2025-09-10 11:15:18"}
{"level":"info","message":"Получение ожидающих приглашений пользователя","timestamp":"2025-09-10 11:15:18","userId":2}
{"level":"info","message":"Получение ожидающих приглашений пользователя","timestamp":"2025-09-10 11:15:18","userId":2}
{"level":"info","message":"Получение заданий для пользователя ID: 2","timestamp":"2025-09-10 11:15:18"}
{"level":"info","message":"Получение заданий для пользователя ID: 2","timestamp":"2025-09-10 11:15:20"}
{"level":"info","message":"Получение заданий для пользователя ID: 2","timestamp":"2025-09-10 11:15:20"}
{"level":"info","message":"Получение ожидающих приглашений пользователя","timestamp":"2025-09-10 11:15:20","userId":2}
{"level":"info","message":"Получение заданий для пользователя ID: 2","timestamp":"2025-09-10 11:15:20"}
{"level":"info","message":"Получение ожидающих приглашений пользователя","timestamp":"2025-09-10 11:15:20","userId":2}
{"level":"info","message":"Получение ожидающих приглашений пользователя","timestamp":"2025-09-10 11:15:20","userId":2}
{"assignmentId":26,"level":"info","message":"Получение состава команды проекта","timestamp":"2025-09-10 11:15:20"}
{"assignmentId":26,"level":"info","message":"Получение состава команды проекта","timestamp":"2025-09-10 11:15:20"}
{"assignmentId":26,"level":"info","message":"Получение состава команды проекта","timestamp":"2025-09-10 11:15:20"}
{"level":"info","message":"Получение заданий для пользователя ID: 2","timestamp":"2025-09-10 11:15:20"}
{"level":"info","message":"Получение ожидающих приглашений пользователя","timestamp":"2025-09-10 11:15:20","userId":2}
{"level":"info","message":"Получение ожидающих приглашений пользователя","timestamp":"2025-09-10 11:15:20","userId":2}
{"level":"info","message":"Получение заданий для пользователя ID: 2","timestamp":"2025-09-10 11:15:20"}
{"assignmentId":26,"level":"info","message":"Получение состава команды проекта","timestamp":"2025-09-10 11:15:20"}
{"assignmentId":23,"level":"info","message":"Получение состава команды проекта","timestamp":"2025-09-10 11:15:24"}
{"assignmentId":23,"level":"info","message":"Получение состава команды проекта","timestamp":"2025-09-10 11:15:24"}
{"assignmentId":26,"level":"info","message":"Получение состава команды проекта","timestamp":"2025-09-10 11:15:25"}
{"assignmentId":26,"level":"info","message":"Получение состава команды проекта","timestamp":"2025-09-10 11:15:25"}
{"level":"info","message":"Получение заданий для пользователя ID: 2","timestamp":"2025-09-10 11:15:26"}
{"level":"info","message":"Получение ожидающих приглашений пользователя","timestamp":"2025-09-10 11:15:26","userId":2}
{"level":"info","message":"Получение ожидающих приглашений пользователя","timestamp":"2025-09-10 11:15:26","userId":2}
{"level":"info","message":"Получение заданий для пользователя ID: 2","timestamp":"2025-09-10 11:15:26"}
{"level":"info","message":"Получение заданий для пользователя ID: 2","timestamp":"2025-09-10 11:15:28"}
{"level":"info","message":"Получение ожидающих приглашений пользователя","timestamp":"2025-09-10 11:15:28","userId":2}
{"level":"info","message":"Получение ожидающих приглашений пользователя","timestamp":"2025-09-10 11:15:28","userId":2}
{"level":"info","message":"Получение заданий для пользователя ID: 2","timestamp":"2025-09-10 11:15:28"}
{"level":"info","message":"Получение ожидающих приглашений пользователя","timestamp":"2025-09-10 11:15:28","userId":2}
{"level":"info","message":"Получение заданий для пользователя ID: 2","timestamp":"2025-09-10 11:15:28"}
{"assignmentId":26,"level":"info","message":"Получение состава команды проекта","timestamp":"2025-09-10 11:15:28"}
{"level":"info","message":"Получение заданий для пользователя ID: 2","timestamp":"2025-09-10 11:15:28"}
{"assignmentId":26,"level":"info","message":"Получение состава команды проекта","timestamp":"2025-09-10 11:15:28"}
{"level":"info","message":"Получение ожидающих приглашений пользователя","timestamp":"2025-09-10 11:15:28","userId":2}
{"assignmentId":26,"level":"info","message":"Получение состава команды проекта","timestamp":"2025-09-10 11:15:28"}
{"level":"info","message":"Получение ожидающих приглашений пользователя","timestamp":"2025-09-10 11:15:28","userId":2}
{"level":"info","message":"Получение заданий для пользователя ID: 2","timestamp":"2025-09-10 11:15:28"}
{"assignmentId":26,"level":"info","message":"Получение состава команды проекта","timestamp":"2025-09-10 11:15:28"}
{"assignmentId":26,"level":"info","message":"Получение состава команды проекта","timestamp":"2025-09-10 11:15:28"}
{"level":"info","message":"Получение заданий для пользователя ID: 1","timestamp":"2025-09-10 11:15:33"}
{"level":"info","message":"Получение ожидающих приглашений пользователя","timestamp":"2025-09-10 11:15:33","userId":1}
{"level":"info","message":"Получение заданий для пользователя ID: 1","timestamp":"2025-09-10 11:15:33"}
{"level":"info","message":"Получение ожидающих приглашений пользователя","timestamp":"2025-09-10 11:15:33","userId":1}
{"level":"info","message":"Получение ожидающих приглашений пользователя","timestamp":"2025-09-10 11:15:33","userId":1}
{"level":"info","message":"Получение заданий для пользователя ID: 1","timestamp":"2025-09-10 11:15:33"}
{"assignmentId":32,"level":"info","message":"Получение состава команды проекта","timestamp":"2025-09-10 11:15:33"}
{"assignmentId":32,"level":"info","message":"Получение состава команды проекта","timestamp":"2025-09-10 11:15:33"}
{"assignmentId":32,"level":"info","message":"Получение состава команды проекта","timestamp":"2025-09-10 11:15:33"}
{"level":"info","message":"Получение заданий для пользователя ID: 1","timestamp":"2025-09-10 11:15:33"}
{"level":"info","message":"Получение ожидающих приглашений пользователя","timestamp":"2025-09-10 11:15:33","userId":1}
{"level":"info","message":"Получение ожидающих приглашений пользователя","timestamp":"2025-09-10 11:15:33","userId":1}
{"assignmentId":32,"level":"info","message":"Получение состава команды проекта","timestamp":"2025-09-10 11:15:33"}
{"level":"info","message":"Получение заданий для пользователя ID: 1","timestamp":"2025-09-10 11:15:33"}
{"level":"info","message":"Получение заданий для пользователя ID: 1","timestamp":"2025-09-10 11:15:38"}
{"level":"info","message":"Получение ожидающих приглашений пользователя","timestamp":"2025-09-10 11:15:38","userId":1}
{"level":"info","message":"Получение ожидающих приглашений пользователя","timestamp":"2025-09-10 11:15:38","userId":1}
{"level":"info","message":"Получение заданий для пользователя ID: 1","timestamp":"2025-09-10 11:15:38"}
{"level":"info","message":"Получение ожидающих приглашений пользователя","timestamp":"2025-09-10 11:15:38","userId":1}
{"level":"info","message":"Получение заданий для пользователя ID: 1","timestamp":"2025-09-10 11:15:38"}
{"assignmentId":32,"level":"info","message":"Получение состава команды проекта","timestamp":"2025-09-10 11:15:38"}
{"assignmentId":32,"level":"info","message":"Получение состава команды проекта","timestamp":"2025-09-10 11:15:38"}
{"assignmentId":32,"level":"info","message":"Получение состава команды проекта","timestamp":"2025-09-10 11:15:38"}
{"level":"info","message":"Получение заданий для пользователя ID: 1","timestamp":"2025-09-10 11:15:38"}
{"level":"info","message":"Получение ожидающих приглашений пользователя","timestamp":"2025-09-10 11:15:38","userId":1}
{"level":"info","message":"Получение ожидающих приглашений пользователя","timestamp":"2025-09-10 11:15:38","userId":1}
{"level":"info","message":"Получение заданий для пользователя ID: 1","timestamp":"2025-09-10 11:15:38"}
{"assignmentId":32,"level":"info","message":"Получение состава команды проекта","timestamp":"2025-09-10 11:15:38"}
{"assignmentId":32,"level":"info","message":"Получение состава команды проекта","timestamp":"2025-09-10 11:15:38"}
{"assignmentId":31,"level":"info","message":"Получение состава команды проекта","timestamp":"2025-09-10 11:15:42"}
{"assignmentId":31,"level":"info","message":"Получение состава команды проекта","timestamp":"2025-09-10 11:15:42"}
{"assignmentId":24,"level":"info","message":"Получение состава команды проекта","timestamp":"2025-09-10 11:15:45"}
{"assignmentId":24,"level":"info","message":"Получение состава команды проекта","timestamp":"2025-09-10 11:15:45"}
{"assignmentId":32,"level":"info","message":"Получение состава команды проекта","timestamp":"2025-09-10 11:15:48"}
{"assignmentId":32,"level":"info","message":"Получение состава команды проекта","timestamp":"2025-09-10 11:15:48"}
{"level":"info","message":"Получение заданий для пользователя ID: 2","timestamp":"2025-09-10 11:16:15"}
{"level":"info","message":"Получение заданий для пользователя ID: 2","timestamp":"2025-09-10 11:16:15"}
{"level":"info","message":"Получение ожидающих приглашений пользователя","timestamp":"2025-09-10 11:16:15","userId":2}
{"level":"info","message":"Получение ожидающих приглашений пользователя","timestamp":"2025-09-10 11:16:15","userId":2}
{"assignmentId":26,"level":"info","message":"Получение состава команды проекта","timestamp":"2025-09-10 11:16:15"}
{"assignmentId":26,"level":"info","message":"Получение состава команды проекта","timestamp":"2025-09-10 11:16:15"}
{"assignmentId":26,"level":"info","message":"Получение состава команды проекта","timestamp":"2025-09-10 11:16:15"}
{"level":"info","message":"Получение заданий для пользователя ID: 2","timestamp":"2025-09-10 11:16:15"}
{"level":"info","message":"Получение ожидающих приглашений пользователя","timestamp":"2025-09-10 11:16:15","userId":2}
{"level":"info","message":"Получение заданий для пользователя ID: 2","timestamp":"2025-09-10 11:16:15"}
{"level":"info","message":"Получение ожидающих приглашений пользователя","timestamp":"2025-09-10 11:16:15","userId":2}
{"assignmentId":26,"level":"info","message":"Получение состава команды проекта","timestamp":"2025-09-10 11:16:15"}
{"level":"info","message":"Получение заданий для пользователя ID: 2","timestamp":"2025-09-10 11:16:15"}
{"level":"info","message":"Получение ожидающих приглашений пользователя","timestamp":"2025-09-10 11:16:15","userId":2}
{"level":"info","message":"Получение заданий для пользователя ID: 2","timestamp":"2025-09-10 11:16:15"}
{"level":"info","message":"Получение ожидающих приглашений пользователя","timestamp":"2025-09-10 11:16:15","userId":2}
{"assignmentId":23,"level":"info","message":"Получение состава команды проекта","timestamp":"2025-09-10 11:16:16"}
{"assignmentId":23,"level":"info","message":"Получение состава команды проекта","timestamp":"2025-09-10 11:16:16"}
{"level":"info","message":"Получение заданий для пользователя ID: 2","timestamp":"2025-09-10 11:16:20"}
{"level":"info","message":"Получение ожидающих приглашений пользователя","timestamp":"2025-09-10 11:16:20","userId":2}
{"level":"info","message":"Получение заданий для пользователя ID: 2","timestamp":"2025-09-10 11:16:20"}
{"level":"info","message":"Получение ожидающих приглашений пользователя","timestamp":"2025-09-10 11:16:20","userId":2}
{"level":"info","message":"Получение заданий для пользователя ID: 2","timestamp":"2025-09-10 11:16:21"}
{"level":"info","message":"Получение ожидающих приглашений пользователя","timestamp":"2025-09-10 11:16:21","userId":2}
{"level":"info","message":"Получение заданий для пользователя ID: 2","timestamp":"2025-09-10 11:16:21"}
{"level":"info","message":"Получение ожидающих приглашений пользователя","timestamp":"2025-09-10 11:16:21","userId":2}
{"level":"info","message":"Получение ожидающих приглашений пользователя","timestamp":"2025-09-10 11:16:21","userId":2}
{"level":"info","message":"Получение заданий для пользователя ID: 2","timestamp":"2025-09-10 11:16:21"}
{"assignmentId":26,"level":"info","message":"Получение состава команды проекта","timestamp":"2025-09-10 11:16:21"}
{"assignmentId":26,"level":"info","message":"Получение состава команды проекта","timestamp":"2025-09-10 11:16:21"}
{"level":"info","message":"Получение заданий для пользователя ID: 2","timestamp":"2025-09-10 11:16:21"}
{"level":"info","message":"Получение ожидающих приглашений пользователя","timestamp":"2025-09-10 11:16:21","userId":2}
{"assignmentId":26,"level":"info","message":"Получение состава команды проекта","timestamp":"2025-09-10 11:16:21"}
{"level":"info","message":"Получение ожидающих приглашений пользователя","timestamp":"2025-09-10 11:16:21","userId":2}
{"level":"info","message":"Получение заданий для пользователя ID: 2","timestamp":"2025-09-10 11:16:21"}
{"assignmentId":26,"level":"info","message":"Получение состава команды проекта","timestamp":"2025-09-10 11:16:21"}
{"assignmentId":26,"level":"info","message":"Получение состава команды проекта","timestamp":"2025-09-10 11:16:21"}
{"level":"info","message":"Получение заданий для пользователя ID: 2","timestamp":"2025-09-10 11:16:33"}
{"level":"info","message":"Получение ожидающих приглашений пользователя","timestamp":"2025-09-10 11:16:33","userId":2}
{"level":"info","message":"Получение заданий для пользователя ID: 2","timestamp":"2025-09-10 11:16:33"}
{"level":"info","message":"Получение ожидающих приглашений пользователя","timestamp":"2025-09-10 11:16:33","userId":2}
{"level":"info","message":"Получение ожидающих приглашений пользователя","timestamp":"2025-09-10 11:16:33","userId":2}
{"level":"info","message":"Получение заданий для пользователя ID: 2","timestamp":"2025-09-10 11:16:33"}
{"assignmentId":26,"level":"info","message":"Получение состава команды проекта","timestamp":"2025-09-10 11:16:33"}
{"level":"info","message":"Получение заданий для пользователя ID: 2","timestamp":"2025-09-10 11:16:33"}
{"level":"info","message":"Получение ожидающих приглашений пользователя","timestamp":"2025-09-10 11:16:33","userId":2}
{"assignmentId":26,"level":"info","message":"Получение состава команды проекта","timestamp":"2025-09-10 11:16:33"}
{"level":"info","message":"Получение заданий для пользователя ID: 2","timestamp":"2025-09-10 11:16:33"}
{"level":"info","message":"Получение ожидающих приглашений пользователя","timestamp":"2025-09-10 11:16:33","userId":2}
{"assignmentId":26,"level":"info","message":"Получение состава команды проекта","timestamp":"2025-09-10 11:16:33"}
{"assignmentId":26,"level":"info","message":"Получение состава команды проекта","timestamp":"2025-09-10 11:16:33"}
{"assignmentId":26,"level":"info","message":"Получение состава команды проекта","timestamp":"2025-09-10 11:16:33"}
{"assignmentId":26,"invitedBy":2,"level":"info","message":"Приглашение пользователя в команду проекта","timestamp":"2025-09-10 11:16:41","userId":1}
{"assignmentId":26,"invitationId":6,"level":"info","message":"Пользователь успешно приглашен в проект","timestamp":"2025-09-10 11:16:41","userId":1}
{"assignmentId":26,"level":"info","message":"Получение состава команды проекта","timestamp":"2025-09-10 11:16:42"}
{"level":"info","message":"Получение ожидающих приглашений пользователя","timestamp":"2025-09-10 11:16:47","userId":1}
{"level":"info","message":"Получение заданий для пользователя ID: 1","timestamp":"2025-09-10 11:16:47"}
{"level":"info","message":"Получение ожидающих приглашений пользователя","timestamp":"2025-09-10 11:16:47","userId":1}
{"level":"info","message":"Получение заданий для пользователя ID: 1","timestamp":"2025-09-10 11:16:47"}
{"level":"info","message":"Получение ожидающих приглашений пользователя","timestamp":"2025-09-10 11:16:47","userId":1}
{"level":"info","message":"Получение ожидающих приглашений пользователя","timestamp":"2025-09-10 11:16:47","userId":1}
{"level":"info","message":"Получение заданий для пользователя ID: 1","timestamp":"2025-09-10 11:16:47"}
{"level":"info","message":"Получение ожидающих приглашений пользователя","timestamp":"2025-09-10 11:16:47","userId":1}
{"level":"info","message":"Получение заданий для пользователя ID: 1","timestamp":"2025-09-10 11:16:47"}
{"level":"info","message":"Получение заданий для пользователя ID: 1","timestamp":"2025-09-10 11:16:47"}
{"assignmentId":32,"level":"info","message":"Получение состава команды проекта","timestamp":"2025-09-10 11:16:47"}
{"assignmentId":32,"level":"info","message":"Получение состава команды проекта","timestamp":"2025-09-10 11:16:47"}
{"assignmentId":32,"level":"info","message":"Получение состава команды проекта","timestamp":"2025-09-10 11:16:47"}
{"assignmentId":32,"level":"info","message":"Получение состава команды проекта","timestamp":"2025-09-10 11:16:47"}
{"assignmentId":32,"level":"info","message":"Получение состава команды проекта","timestamp":"2025-09-10 11:16:47"}
{"level":"info","message":"Получение заданий для пользователя ID: 1","timestamp":"2025-09-10 11:16:48"}
{"level":"info","message":"Получение ожидающих приглашений пользователя","timestamp":"2025-09-10 11:16:48","userId":1}
{"level":"info","message":"Получение ожидающих приглашений пользователя","timestamp":"2025-09-10 11:16:48","userId":1}
{"level":"info","message":"Получение заданий для пользователя ID: 1","timestamp":"2025-09-10 11:16:48"}
{"assignmentId":null,"invitationId":6,"level":"info","message":"Ответ на приглашение в проект","status":"accepted","timestamp":"2025-09-10 11:16:50","userId":1}
{"assignmentId":26,"assignmentTitle":"123","level":"info","message":"Пользователь принял приглашение в проект","timestamp":"2025-09-10 11:16:50","userId":1}
{"assignmentTitle":"123","invitationId":6,"level":"info","message":"Ответ на приглашение обработан","status":"accepted","timestamp":"2025-09-10 11:16:50"}
{"level":"info","message":"Получение ожидающих приглашений пользователя","timestamp":"2025-09-10 11:16:50","userId":1}
{"level":"info","message":"Получение заданий для пользователя ID: 2","timestamp":"2025-09-10 11:16:56"}
{"level":"info","message":"Получение ожидающих приглашений пользователя","timestamp":"2025-09-10 11:16:56","userId":2}
{"level":"info","message":"Получение заданий для пользователя ID: 2","timestamp":"2025-09-10 11:16:56"}
{"level":"info","message":"Получение ожидающих приглашений пользователя","timestamp":"2025-09-10 11:16:56","userId":2}
{"level":"info","message":"Получение ожидающих приглашений пользователя","timestamp":"2025-09-10 11:16:56","userId":2}
{"level":"info","message":"Получение заданий для пользователя ID: 2","timestamp":"2025-09-10 11:16:56"}
{"assignmentId":26,"level":"info","message":"Получение состава команды проекта","timestamp":"2025-09-10 11:16:56"}
{"assignmentId":26,"level":"info","message":"Получение состава команды проекта","timestamp":"2025-09-10 11:16:56"}
{"assignmentId":26,"level":"info","message":"Получение состава команды проекта","timestamp":"2025-09-10 11:16:56"}
{"level":"info","message":"Получение заданий для пользователя ID: 2","timestamp":"2025-09-10 11:16:56"}
{"level":"info","message":"Получение ожидающих приглашений пользователя","timestamp":"2025-09-10 11:16:56","userId":2}
{"level":"info","message":"Получение ожидающих приглашений пользователя","timestamp":"2025-09-10 11:16:56","userId":2}
{"level":"info","message":"Получение заданий для пользователя ID: 2","timestamp":"2025-09-10 11:16:56"}
{"assignmentId":26,"level":"info","message":"Получение состава команды проекта","timestamp":"2025-09-10 11:16:56"}
{"level":"info","message":"Получение заданий для пользователя ID: 1","timestamp":"2025-09-10 11:17:04"}
{"level":"info","message":"Получение заданий для пользователя ID: 1","timestamp":"2025-09-10 11:17:04"}
{"level":"info","message":"Получение ожидающих приглашений пользователя","timestamp":"2025-09-10 11:17:04","userId":1}
{"level":"info","message":"Получение ожидающих приглашений пользователя","timestamp":"2025-09-10 11:17:04","userId":1}
{"level":"info","message":"Получение заданий для пользователя ID: 1","timestamp":"2025-09-10 11:17:04"}
{"level":"info","message":"Получение ожидающих приглашений пользователя","timestamp":"2025-09-10 11:17:04","userId":1}
{"level":"info","message":"Получение ожидающих приглашений пользователя","timestamp":"2025-09-10 11:17:04","userId":1}
{"level":"info","message":"Получение заданий для пользователя ID: 1","timestamp":"2025-09-10 11:17:04"}
{"assignmentId":32,"level":"info","message":"Получение состава команды проекта","timestamp":"2025-09-10 11:17:04"}
{"assignmentId":32,"level":"info","message":"Получение состава команды проекта","timestamp":"2025-09-10 11:17:04"}
{"level":"info","message":"Получение заданий для пользователя ID: 1","timestamp":"2025-09-10 11:17:04"}
{"level":"info","message":"Получение ожидающих приглашений пользователя","timestamp":"2025-09-10 11:17:04","userId":1}
{"assignmentId":32,"level":"info","message":"Получение состава команды проекта","timestamp":"2025-09-10 11:17:04"}
{"assignmentId":32,"level":"info","message":"Получение состава команды проекта","timestamp":"2025-09-10 11:17:04"}
{"assignmentId":32,"invitedBy":1,"level":"info","message":"Приглашение пользователя в команду проекта","timestamp":"2025-09-10 11:17:13","userId":2}
{"assignmentId":32,"invitationId":7,"level":"info","message":"Пользователь успешно приглашен в проект","timestamp":"2025-09-10 11:17:13","userId":2}
{"assignmentId":32,"level":"info","message":"Получение состава команды проекта","timestamp":"2025-09-10 11:17:13"}
{"level":"info","message":"Получение заданий для пользователя ID: 2","timestamp":"2025-09-10 11:17:17"}
{"level":"info","message":"Получение заданий для пользователя ID: 2","timestamp":"2025-09-10 11:17:17"}
{"level":"info","message":"Получение ожидающих приглашений пользователя","timestamp":"2025-09-10 11:17:17","userId":2}
{"level":"info","message":"Получение ожидающих приглашений пользователя","timestamp":"2025-09-10 11:17:17","userId":2}
{"assignmentId":26,"level":"info","message":"Получение состава команды проекта","timestamp":"2025-09-10 11:17:17"}
{"assignmentId":26,"level":"info","message":"Получение состава команды проекта","timestamp":"2025-09-10 11:17:17"}
{"level":"info","message":"Получение заданий для пользователя ID: 2","timestamp":"2025-09-10 11:17:17"}
{"level":"info","message":"Получение ожидающих приглашений пользователя","timestamp":"2025-09-10 11:17:17","userId":2}
{"assignmentId":26,"level":"info","message":"Получение состава команды проекта","timestamp":"2025-09-10 11:17:17"}
{"level":"info","message":"Получение ожидающих приглашений пользователя","timestamp":"2025-09-10 11:17:17","userId":2}
{"assignmentId":26,"level":"info","message":"Получение состава команды проекта","timestamp":"2025-09-10 11:17:17"}
{"level":"info","message":"Получение заданий для пользователя ID: 2","timestamp":"2025-09-10 11:17:17"}
{"level":"info","message":"Получение заданий для пользователя ID: 2","timestamp":"2025-09-10 11:17:17"}
{"level":"info","message":"Получение ожидающих приглашений пользователя","timestamp":"2025-09-10 11:17:17","userId":2}
{"level":"info","message":"Получение заданий для пользователя ID: 2","timestamp":"2025-09-10 11:17:18"}
{"level":"info","message":"Получение ожидающих приглашений пользователя","timestamp":"2025-09-10 11:17:18","userId":2}
{"level":"info","message":"Получение заданий для пользователя ID: 2","timestamp":"2025-09-10 11:17:18"}
{"level":"info","message":"Получение ожидающих приглашений пользователя","timestamp":"2025-09-10 11:17:18","userId":2}
{"level":"info","message":"Получение ожидающих приглашений пользователя","timestamp":"2025-09-10 11:17:18","userId":2}
{"level":"info","message":"Получение заданий для пользователя ID: 2","timestamp":"2025-09-10 11:17:18"}
{"level":"info","message":"Получение заданий для пользователя ID: 2","timestamp":"2025-09-10 11:17:19"}
{"level":"info","message":"Получение ожидающих приглашений пользователя","timestamp":"2025-09-10 11:17:19","userId":2}
{"level":"info","message":"Получение заданий для пользователя ID: 2","timestamp":"2025-09-10 11:17:19"}
{"level":"info","message":"Получение ожидающих приглашений пользователя","timestamp":"2025-09-10 11:17:19","userId":2}
{"level":"info","message":"Получение ожидающих приглашений пользователя","timestamp":"2025-09-10 11:17:19","userId":2}
{"level":"info","message":"Получение заданий для пользователя ID: 2","timestamp":"2025-09-10 11:17:19"}
{"assignmentId":26,"level":"info","message":"Получение состава команды проекта","timestamp":"2025-09-10 11:17:19"}
{"level":"info","message":"Получение заданий для пользователя ID: 2","timestamp":"2025-09-10 11:17:19"}
{"assignmentId":26,"level":"info","message":"Получение состава команды проекта","timestamp":"2025-09-10 11:17:19"}
{"level":"info","message":"Получение ожидающих приглашений пользователя","timestamp":"2025-09-10 11:17:19","userId":2}
{"assignmentId":26,"level":"info","message":"Получение состава команды проекта","timestamp":"2025-09-10 11:17:19"}
{"level":"info","message":"Получение ожидающих приглашений пользователя","timestamp":"2025-09-10 11:17:19","userId":2}
{"level":"info","message":"Получение заданий для пользователя ID: 2","timestamp":"2025-09-10 11:17:19"}
{"assignmentId":26,"level":"info","message":"Получение состава команды проекта","timestamp":"2025-09-10 11:17:19"}
{"assignmentId":26,"level":"info","message":"Получение состава команды проекта","timestamp":"2025-09-10 11:17:19"}
{"level":"info","message":"Получение заданий для пользователя ID: 2","timestamp":"2025-09-10 11:17:22"}
{"level":"info","message":"Получение ожидающих приглашений пользователя","timestamp":"2025-09-10 11:17:22","userId":2}
{"level":"info","message":"Получение ожидающих приглашений пользователя","timestamp":"2025-09-10 11:17:22","userId":2}
{"level":"info","message":"Получение заданий для пользователя ID: 2","timestamp":"2025-09-10 11:17:22"}
{"level":"info","message":"Получение ожидающих приглашений пользователя","timestamp":"2025-09-10 11:17:58","userId":2}
{"level":"info","message":"Получение ожидающих приглашений пользователя","timestamp":"2025-09-10 11:17:58","userId":2}
{"level":"info","message":"Получение заданий для пользователя ID: 2","timestamp":"2025-09-10 11:17:58"}
{"level":"info","message":"Получение заданий для пользователя ID: 2","timestamp":"2025-09-10 11:17:58"}
{"level":"info","message":"Получение заданий для пользователя ID: 2","timestamp":"2025-09-10 11:17:59"}
{"level":"info","message":"Получение ожидающих приглашений пользователя","timestamp":"2025-09-10 11:17:59","userId":2}
{"level":"info","message":"Получение ожидающих приглашений пользователя","timestamp":"2025-09-10 11:17:59","userId":2}
{"level":"info","message":"Получение заданий для пользователя ID: 2","timestamp":"2025-09-10 11:17:59"}
{"level":"info","message":"Получение ожидающих приглашений пользователя","timestamp":"2025-09-10 11:17:59","userId":2}
{"level":"info","message":"Получение заданий для пользователя ID: 2","timestamp":"2025-09-10 11:17:59"}
{"assignmentId":26,"level":"info","message":"Получение состава команды проекта","timestamp":"2025-09-10 11:17:59"}
{"assignmentId":26,"level":"info","message":"Получение состава команды проекта","timestamp":"2025-09-10 11:17:59"}
{"assignmentId":26,"level":"info","message":"Получение состава команды проекта","timestamp":"2025-09-10 11:17:59"}
{"level":"info","message":"Получение заданий для пользователя ID: 2","timestamp":"2025-09-10 11:17:59"}
{"level":"info","message":"Получение ожидающих приглашений пользователя","timestamp":"2025-09-10 11:17:59","userId":2}
{"level":"info","message":"Получение ожидающих приглашений пользователя","timestamp":"2025-09-10 11:17:59","userId":2}
{"level":"info","message":"Получение заданий для пользователя ID: 2","timestamp":"2025-09-10 11:17:59"}
{"assignmentId":26,"level":"info","message":"Получение состава команды проекта","timestamp":"2025-09-10 11:17:59"}
{"assignmentId":26,"level":"info","message":"Получение состава команды проекта","timestamp":"2025-09-10 11:17:59"}
{"level":"info","message":"Получение заданий для пользователя ID: 2","timestamp":"2025-09-10 11:18:02"}
{"level":"info","message":"Получение заданий для пользователя ID: 2","timestamp":"2025-09-10 11:18:02"}
{"level":"info","message":"Получение ожидающих приглашений пользователя","timestamp":"2025-09-10 11:18:02","userId":2}
{"level":"info","message":"Получение заданий для пользователя ID: 2","timestamp":"2025-09-10 11:18:03"}
{"level":"info","message":"Получение заданий для пользователя ID: 2","timestamp":"2025-09-10 11:18:03"}
{"level":"info","message":"Получение ожидающих приглашений пользователя","timestamp":"2025-09-10 11:18:03","userId":2}
{"level":"info","message":"Получение заданий для пользователя ID: 2","timestamp":"2025-09-10 11:18:04"}
{"level":"info","message":"Получение заданий для пользователя ID: 2","timestamp":"2025-09-10 11:18:04"}
{"level":"info","message":"Получение ожидающих приглашений пользователя","timestamp":"2025-09-10 11:18:04","userId":2}
{"level":"info","message":"Получение заданий для пользователя ID: 2","timestamp":"2025-09-10 11:18:04"}
{"level":"info","message":"Получение ожидающих приглашений пользователя","timestamp":"2025-09-10 11:18:04","userId":2}
{"level":"info","message":"Получение ожидающих приглашений пользователя","timestamp":"2025-09-10 11:18:04","userId":2}
{"assignmentId":26,"level":"info","message":"Получение состава команды проекта","timestamp":"2025-09-10 11:18:04"}
{"assignmentId":26,"level":"info","message":"Получение состава команды проекта","timestamp":"2025-09-10 11:18:04"}
{"level":"info","message":"Получение заданий для пользователя ID: 2","timestamp":"2025-09-10 11:18:04"}
{"level":"info","message":"Получение ожидающих приглашений пользователя","timestamp":"2025-09-10 11:18:04","userId":2}
{"assignmentId":26,"level":"info","message":"Получение состава команды проекта","timestamp":"2025-09-10 11:18:04"}
{"level":"info","message":"Получение ожидающих приглашений пользователя","timestamp":"2025-09-10 11:18:04","userId":2}
{"level":"info","message":"Получение заданий для пользователя ID: 2","timestamp":"2025-09-10 11:18:04"}
{"assignmentId":26,"level":"info","message":"Получение состава команды проекта","timestamp":"2025-09-10 11:18:04"}
{"assignmentId":26,"level":"info","message":"Получение состава команды проекта","timestamp":"2025-09-10 11:18:04"}
{"level":"info","message":"Получение ожидающих приглашений пользователя","timestamp":"2025-09-10 11:18:34","userId":2}
{"level":"info","message":"Получение заданий для пользователя ID: 2","timestamp":"2025-09-10 11:18:34"}
{"level":"info","message":"Получение заданий для пользователя ID: 2","timestamp":"2025-09-10 11:18:34"}
{"level":"info","message":"Получение ожидающих приглашений пользователя","timestamp":"2025-09-10 11:18:34","userId":2}
{"level":"info","message":"Получение заданий для пользователя ID: 2","timestamp":"2025-09-10 11:18:34"}
{"level":"info","message":"Получение ожидающих приглашений пользователя","timestamp":"2025-09-10 11:18:34","userId":2}
{"level":"info","message":"Получение заданий для пользователя ID: 2","timestamp":"2025-09-10 11:19:04"}
{"level":"info","message":"Получение ожидающих приглашений пользователя","timestamp":"2025-09-10 11:19:04","userId":2}
{"level":"info","message":"Получение заданий для пользователя ID: 2","timestamp":"2025-09-10 11:19:04"}
{"level":"info","message":"Получение ожидающих приглашений пользователя","timestamp":"2025-09-10 11:19:04","userId":2}
{"level":"info","message":"Получение заданий для пользователя ID: 2","timestamp":"2025-09-10 11:19:04"}
{"level":"info","message":"Получение ожидающих приглашений пользователя","timestamp":"2025-09-10 11:19:04","userId":2}
{"assignmentId":23,"level":"info","message":"Получение состава команды проекта","timestamp":"2025-09-10 11:19:30"}
{"assignmentId":23,"level":"info","message":"Получение состава команды проекта","timestamp":"2025-09-10 11:19:30"}
{"assignmentId":23,"invitedBy":2,"level":"info","message":"Приглашение пользователя в команду проекта","timestamp":"2025-09-10 11:19:37","userId":1}
{"assignmentId":23,"invitationId":8,"level":"info","message":"Пользователь успешно приглашен в проект","timestamp":"2025-09-10 11:19:37","userId":1}
{"assignmentId":23,"level":"info","message":"Получение состава команды проекта","timestamp":"2025-09-10 11:19:38"}
{"level":"info","message":"Получение заданий для пользователя ID: 1","timestamp":"2025-09-10 11:19:42"}
{"level":"info","message":"Получение заданий для пользователя ID: 1","timestamp":"2025-09-10 11:19:42"}
{"level":"info","message":"Получение ожидающих приглашений пользователя","timestamp":"2025-09-10 11:19:42","userId":1}
{"level":"info","message":"Получение ожидающих приглашений пользователя","timestamp":"2025-09-10 11:19:42","userId":1}
{"assignmentId":32,"level":"info","message":"Получение состава команды проекта","timestamp":"2025-09-10 11:19:42"}
{"assignmentId":32,"level":"info","message":"Получение состава команды проекта","timestamp":"2025-09-10 11:19:42"}
{"assignmentId":32,"level":"info","message":"Получение состава команды проекта","timestamp":"2025-09-10 11:19:42"}
{"level":"info","message":"Получение заданий для пользователя ID: 1","timestamp":"2025-09-10 11:19:42"}
{"level":"info","message":"Получение ожидающих приглашений пользователя","timestamp":"2025-09-10 11:19:42","userId":1}
{"level":"info","message":"Получение ожидающих приглашений пользователя","timestamp":"2025-09-10 11:19:42","userId":1}
{"level":"info","message":"Получение заданий для пользователя ID: 1","timestamp":"2025-09-10 11:19:42"}
{"assignmentId":32,"level":"info","message":"Получение состава команды проекта","timestamp":"2025-09-10 11:19:42"}
{"level":"info","message":"Получение заданий для пользователя ID: 1","timestamp":"2025-09-10 11:19:42"}
{"level":"info","message":"Получение ожидающих приглашений пользователя","timestamp":"2025-09-10 11:19:42","userId":1}
{"level":"info","message":"Получение заданий для пользователя ID: 1","timestamp":"2025-09-10 11:19:42"}
{"level":"info","message":"Получение ожидающих приглашений пользователя","timestamp":"2025-09-10 11:19:42","userId":1}
{"level":"info","message":"Получение заданий для пользователя ID: 1","timestamp":"2025-09-10 11:19:43"}
{"level":"info","message":"Получение ожидающих приглашений пользователя","timestamp":"2025-09-10 11:19:43","userId":1}
{"level":"info","message":"Получение ожидающих приглашений пользователя","timestamp":"2025-09-10 11:19:43","userId":1}
{"level":"info","message":"Получение заданий для пользователя ID: 1","timestamp":"2025-09-10 11:19:43"}
{"assignmentId":null,"invitationId":8,"level":"info","message":"Ответ на приглашение в проект","status":"rejected","timestamp":"2025-09-10 11:19:47","userId":1}
{"assignmentId":23,"assignmentTitle":"1231dwqa","level":"info","message":"Пользователь отклонил приглашение в проект","timestamp":"2025-09-10 11:19:47","userId":1}
{"assignmentTitle":"1231dwqa","invitationId":8,"level":"info","message":"Ответ на приглашение обработан","status":"rejected","timestamp":"2025-09-10 11:19:47"}
{"level":"info","message":"Получение ожидающих приглашений пользователя","timestamp":"2025-09-10 11:19:47","userId":1}
{"level":"info","message":"Получение заданий для пользователя ID: 2","timestamp":"2025-09-10 11:19:52"}
{"level":"info","message":"Получение ожидающих приглашений пользователя","timestamp":"2025-09-10 11:19:52","userId":2}
{"level":"info","message":"Получение заданий для пользователя ID: 2","timestamp":"2025-09-10 11:19:52"}
{"level":"info","message":"Получение ожидающих приглашений пользователя","timestamp":"2025-09-10 11:19:52","userId":2}
{"level":"info","message":"Получение ожидающих приглашений пользователя","timestamp":"2025-09-10 11:19:52","userId":2}
{"level":"info","message":"Получение заданий для пользователя ID: 2","timestamp":"2025-09-10 11:19:52"}
{"assignmentId":26,"level":"info","message":"Получение состава команды проекта","timestamp":"2025-09-10 11:19:52"}
{"assignmentId":26,"level":"info","message":"Получение состава команды проекта","timestamp":"2025-09-10 11:19:52"}
{"assignmentId":26,"level":"info","message":"Получение состава команды проекта","timestamp":"2025-09-10 11:19:52"}
{"level":"info","message":"Получение заданий для пользователя ID: 2","timestamp":"2025-09-10 11:19:52"}
{"level":"info","message":"Получение ожидающих приглашений пользователя","timestamp":"2025-09-10 11:19:52","userId":2}
{"level":"info","message":"Получение ожидающих приглашений пользователя","timestamp":"2025-09-10 11:19:52","userId":2}
{"level":"info","message":"Получение заданий для пользователя ID: 2","timestamp":"2025-09-10 11:19:52"}
{"assignmentId":26,"level":"info","message":"Получение состава команды проекта","timestamp":"2025-09-10 11:19:52"}
{"assignmentId":23,"level":"info","message":"Получение состава команды проекта","timestamp":"2025-09-10 11:19:55"}
{"assignmentId":23,"level":"info","message":"Получение состава команды проекта","timestamp":"2025-09-10 11:19:55"}
{"level":"info","message":"Получение ожидающих приглашений пользователя","timestamp":"2025-09-10 11:20:25","userId":2}
{"level":"info","message":"Получение заданий для пользователя ID: 2","timestamp":"2025-09-10 11:20:25"}
{"level":"info","message":"Получение заданий для пользователя ID: 2","timestamp":"2025-09-10 11:20:25"}
{"level":"info","message":"Получение ожидающих приглашений пользователя","timestamp":"2025-09-10 11:20:25","userId":2}
{"level":"info","message":"Получение заданий для пользователя ID: 2","timestamp":"2025-09-10 11:20:25"}
{"level":"info","message":"Получение ожидающих приглашений пользователя","timestamp":"2025-09-10 11:20:25","userId":2}
{"level":"info","message":"Получение заданий для пользователя ID: 1","timestamp":"2025-09-10 11:20:28"}
{"level":"info","message":"Получение ожидающих приглашений пользователя","timestamp":"2025-09-10 11:20:28","userId":1}
{"level":"info","message":"Получение ожидающих приглашений пользователя","timestamp":"2025-09-10 11:20:28","userId":1}
{"level":"info","message":"Получение заданий для пользователя ID: 1","timestamp":"2025-09-10 11:20:28"}
{"level":"info","message":"Получение ожидающих приглашений пользователя","timestamp":"2025-09-10 11:20:28","userId":1}
{"level":"info","message":"Получение заданий для пользователя ID: 1","timestamp":"2025-09-10 11:20:28"}
{"assignmentId":32,"level":"info","message":"Получение состава команды проекта","timestamp":"2025-09-10 11:20:28"}
{"assignmentId":32,"level":"info","message":"Получение состава команды проекта","timestamp":"2025-09-10 11:20:28"}
{"assignmentId":32,"level":"info","message":"Получение состава команды проекта","timestamp":"2025-09-10 11:20:28"}
{"level":"info","message":"Получение заданий для пользователя ID: 1","timestamp":"2025-09-10 11:20:28"}
{"level":"info","message":"Получение ожидающих приглашений пользователя","timestamp":"2025-09-10 11:20:28","userId":1}
{"level":"info","message":"Получение ожидающих приглашений пользователя","timestamp":"2025-09-10 11:20:28","userId":1}
{"level":"info","message":"Получение заданий для пользователя ID: 1","timestamp":"2025-09-10 11:20:28"}
{"assignmentId":32,"level":"info","message":"Получение состава команды проекта","timestamp":"2025-09-10 11:20:28"}
{"level":"info","message":"Получение заданий для пользователя ID: 1","timestamp":"2025-09-10 11:20:31"}
{"level":"info","message":"Получение ожидающих приглашений пользователя","timestamp":"2025-09-10 11:20:31","userId":1}
{"level":"info","message":"Получение ожидающих приглашений пользователя","timestamp":"2025-09-10 11:20:31","userId":1}
{"level":"info","message":"Получение заданий для пользователя ID: 1","timestamp":"2025-09-10 11:20:31"}
{"level":"info","message":"Получение заданий для пользователя ID: 1","timestamp":"2025-09-10 11:20:33"}
{"level":"info","message":"Получение ожидающих приглашений пользователя","timestamp":"2025-09-10 11:20:33","userId":1}
{"level":"info","message":"Получение ожидающих приглашений пользователя","timestamp":"2025-09-10 11:20:33","userId":1}
{"level":"info","message":"Получение заданий для пользователя ID: 1","timestamp":"2025-09-10 11:20:33"}
{"level":"info","message":"Получение ожидающих приглашений пользователя","timestamp":"2025-09-10 11:20:33","userId":1}
{"level":"info","message":"Получение заданий для пользователя ID: 1","timestamp":"2025-09-10 11:20:33"}
{"assignmentId":32,"level":"info","message":"Получение состава команды проекта","timestamp":"2025-09-10 11:20:33"}
{"assignmentId":32,"level":"info","message":"Получение состава команды проекта","timestamp":"2025-09-10 11:20:33"}
{"level":"info","message":"Получение заданий для пользователя ID: 1","timestamp":"2025-09-10 11:20:33"}
{"level":"info","message":"Получение ожидающих приглашений пользователя","timestamp":"2025-09-10 11:20:33","userId":1}
{"assignmentId":32,"level":"info","message":"Получение состава команды проекта","timestamp":"2025-09-10 11:20:33"}
{"assignmentId":32,"level":"info","message":"Получение состава команды проекта","timestamp":"2025-09-10 11:20:33"}
{"level":"info","message":"Получение ожидающих приглашений пользователя","timestamp":"2025-09-10 11:20:33","userId":1}
{"level":"info","message":"Получение заданий для пользователя ID: 1","timestamp":"2025-09-10 11:20:33"}
{"assignmentId":32,"level":"info","message":"Получение состава команды проекта","timestamp":"2025-09-10 11:20:33"}
{"level":"info","message":"Получение ожидающих приглашений пользователя","timestamp":"2025-09-10 11:20:54","userId":2}
{"level":"info","message":"Получение заданий для пользователя ID: 2","timestamp":"2025-09-10 11:20:54"}
{"level":"info","message":"Получение ожидающих приглашений пользователя","timestamp":"2025-09-10 11:20:54","userId":2}
{"level":"info","message":"Получение заданий для пользователя ID: 2","timestamp":"2025-09-10 11:20:54"}
{"level":"info","message":"Получение ожидающих приглашений пользователя","timestamp":"2025-09-10 11:20:54","userId":2}
{"level":"info","message":"Получение заданий для пользователя ID: 2","timestamp":"2025-09-10 11:20:54"}
{"level":"info","message":"Получение ожидающих приглашений пользователя","timestamp":"2025-09-10 11:20:54","userId":2}
{"level":"info","message":"Получение ожидающих приглашений пользователя","timestamp":"2025-09-10 11:20:54","userId":2}
{"level":"info","message":"Получение заданий для пользователя ID: 2","timestamp":"2025-09-10 11:20:54"}
{"level":"info","message":"Получение заданий для пользователя ID: 2","timestamp":"2025-09-10 11:20:54"}
{"assignmentId":26,"level":"info","message":"Получение состава команды проекта","timestamp":"2025-09-10 11:20:54"}
{"assignmentId":26,"level":"info","message":"Получение состава команды проекта","timestamp":"2025-09-10 11:20:54"}
{"assignmentId":26,"level":"info","message":"Получение состава команды проекта","timestamp":"2025-09-10 11:20:54"}
{"assignmentId":26,"level":"info","message":"Получение состава команды проекта","timestamp":"2025-09-10 11:20:54"}
{"assignmentId":26,"level":"info","message":"Получение состава команды проекта","timestamp":"2025-09-10 11:20:54"}
{"assignmentId":null,"invitationId":7,"level":"info","message":"Ответ на приглашение в проект","status":"accepted","timestamp":"2025-09-10 11:20:57","userId":2}
{"assignmentId":32,"assignmentTitle":"123","level":"info","message":"Пользователь принял приглашение в проект","timestamp":"2025-09-10 11:20:57","userId":2}
{"assignmentTitle":"123","invitationId":7,"level":"info","message":"Ответ на приглашение обработан","status":"accepted","timestamp":"2025-09-10 11:20:57"}
{"level":"info","message":"Получение ожидающих приглашений пользователя","timestamp":"2025-09-10 11:20:57","userId":2}
{"level":"info","message":"Получение заданий для пользователя ID: 2","timestamp":"2025-09-10 11:20:57"}
{"level":"info","message":"Получение ожидающих приглашений пользователя","timestamp":"2025-09-10 11:20:57","userId":2}
{"level":"info","message":"Получение заданий для пользователя ID: 2","timestamp":"2025-09-10 11:20:59"}
{"level":"info","message":"Получение ожидающих приглашений пользователя","timestamp":"2025-09-10 11:20:59","userId":2}
{"level":"info","message":"Получение ожидающих приглашений пользователя","timestamp":"2025-09-10 11:20:59","userId":2}
{"level":"info","message":"Получение заданий для пользователя ID: 2","timestamp":"2025-09-10 11:20:59"}
{"level":"info","message":"Получение заданий для пользователя ID: 2","timestamp":"2025-09-10 11:21:00"}
{"level":"info","message":"Получение ожидающих приглашений пользователя","timestamp":"2025-09-10 11:21:00","userId":2}
{"level":"info","message":"Получение заданий для пользователя ID: 2","timestamp":"2025-09-10 11:21:00"}
{"level":"info","message":"Получение ожидающих приглашений пользователя","timestamp":"2025-09-10 11:21:00","userId":2}
{"level":"info","message":"Получение ожидающих приглашений пользователя","timestamp":"2025-09-10 11:21:00","userId":2}
{"level":"info","message":"Получение заданий для пользователя ID: 2","timestamp":"2025-09-10 11:21:00"}
{"assignmentId":26,"level":"info","message":"Получение состава команды проекта","timestamp":"2025-09-10 11:21:00"}
{"assignmentId":26,"level":"info","message":"Получение состава команды проекта","timestamp":"2025-09-10 11:21:00"}
{"level":"info","message":"Получение заданий для пользователя ID: 2","timestamp":"2025-09-10 11:21:00"}
{"level":"info","message":"Получение ожидающих приглашений пользователя","timestamp":"2025-09-10 11:21:00","userId":2}
{"assignmentId":26,"level":"info","message":"Получение состава команды проекта","timestamp":"2025-09-10 11:21:00"}
{"level":"info","message":"Получение ожидающих приглашений пользователя","timestamp":"2025-09-10 11:21:00","userId":2}
{"level":"info","message":"Получение заданий для пользователя ID: 2","timestamp":"2025-09-10 11:21:00"}
{"assignmentId":26,"level":"info","message":"Получение состава команды проекта","timestamp":"2025-09-10 11:21:00"}
{"assignmentId":26,"level":"info","message":"Получение состава команды проекта","timestamp":"2025-09-10 11:21:00"}
{"level":"info","message":"Получение заданий для пользователя ID: 2","timestamp":"2025-09-10 11:21:00"}
{"level":"info","message":"Получение заданий для пользователя ID: 2","timestamp":"2025-09-10 11:21:00"}
{"level":"info","message":"Получение заданий для пользователя ID: 2","timestamp":"2025-09-10 11:21:00"}
{"level":"info","message":"Получение заданий для пользователя ID: 2","timestamp":"2025-09-10 11:21:07"}
{"level":"info","message":"Получение ожидающих приглашений пользователя","timestamp":"2025-09-10 11:21:07","userId":2}
{"level":"info","message":"Получение ожидающих приглашений пользователя","timestamp":"2025-09-10 11:21:07","userId":2}
{"level":"info","message":"Получение заданий для пользователя ID: 2","timestamp":"2025-09-10 11:21:07"}
{"level":"info","message":"Получение ожидающих приглашений пользователя","timestamp":"2025-09-10 11:21:07","userId":2}
{"level":"info","message":"Получение заданий для пользователя ID: 2","timestamp":"2025-09-10 11:21:07"}
{"assignmentId":26,"level":"info","message":"Получение состава команды проекта","timestamp":"2025-09-10 11:21:07"}
{"assignmentId":26,"level":"info","message":"Получение состава команды проекта","timestamp":"2025-09-10 11:21:07"}
{"level":"info","message":"Получение заданий для пользователя ID: 2","timestamp":"2025-09-10 11:21:07"}
{"level":"info","message":"Получение ожидающих приглашений пользователя","timestamp":"2025-09-10 11:21:07","userId":2}
{"assignmentId":26,"level":"info","message":"Получение состава команды проекта","timestamp":"2025-09-10 11:21:07"}
{"level":"info","message":"Получение ожидающих приглашений пользователя","timestamp":"2025-09-10 11:21:07","userId":2}
{"level":"info","message":"Получение заданий для пользователя ID: 2","timestamp":"2025-09-10 11:21:07"}
{"assignmentId":26,"level":"info","message":"Получение состава команды проекта","timestamp":"2025-09-10 11:21:07"}
{"level":"info","message":"Получение заданий для пользователя ID: 2","timestamp":"2025-09-10 11:21:37"}
{"level":"info","message":"Получение заданий для пользователя ID: 2","timestamp":"2025-09-10 11:21:37"}
{"level":"info","message":"Получение заданий для пользователя ID: 2","timestamp":"2025-09-10 11:21:37"}
{"level":"info","message":"Получение ожидающих приглашений пользователя","timestamp":"2025-09-10 11:21:37","userId":2}
{"level":"info","message":"Получение ожидающих приглашений пользователя","timestamp":"2025-09-10 11:21:37","userId":2}
{"level":"info","message":"Получение ожидающих приглашений пользователя","timestamp":"2025-09-10 11:21:37","userId":2}
{"level":"info","message":"Получение заданий для пользователя ID: 2","timestamp":"2025-09-10 11:21:41"}
{"level":"info","message":"Получение ожидающих приглашений пользователя","timestamp":"2025-09-10 11:21:41","userId":2}
{"level":"info","message":"Получение ожидающих приглашений пользователя","timestamp":"2025-09-10 11:21:41","userId":2}
{"level":"info","message":"Получение заданий для пользователя ID: 2","timestamp":"2025-09-10 11:21:41"}
{"level":"info","message":"Получение заданий для пользователя ID: 2","timestamp":"2025-09-10 11:21:41"}
{"level":"info","message":"Получение ожидающих приглашений пользователя","timestamp":"2025-09-10 11:21:41","userId":2}
{"level":"info","message":"Получение ожидающих приглашений пользователя","timestamp":"2025-09-10 11:21:41","userId":2}
{"level":"info","message":"Получение заданий для пользователя ID: 2","timestamp":"2025-09-10 11:21:41"}
{"level":"info","message":"Получение ожидающих приглашений пользователя","timestamp":"2025-09-10 11:21:41","userId":2}
{"level":"info","message":"Получение заданий для пользователя ID: 2","timestamp":"2025-09-10 11:21:41"}
{"assignmentId":26,"level":"info","message":"Получение состава команды проекта","timestamp":"2025-09-10 11:21:41"}
{"level":"info","message":"Получение заданий для пользователя ID: 2","timestamp":"2025-09-10 11:21:41"}
{"assignmentId":26,"level":"info","message":"Получение состава команды проекта","timestamp":"2025-09-10 11:21:41"}
{"assignmentId":26,"level":"info","message":"Получение состава команды проекта","timestamp":"2025-09-10 11:21:41"}
{"level":"info","message":"Получение заданий для пользователя ID: 2","timestamp":"2025-09-10 11:21:41"}
{"level":"info","message":"Получение ожидающих приглашений пользователя","timestamp":"2025-09-10 11:21:41","userId":2}
{"level":"info","message":"Получение ожидающих приглашений пользователя","timestamp":"2025-09-10 11:21:41","userId":2}
{"assignmentId":26,"level":"info","message":"Получение состава команды проекта","timestamp":"2025-09-10 11:21:41"}
{"assignmentId":26,"level":"info","message":"Получение состава команды проекта","timestamp":"2025-09-10 11:21:41"}
{"level":"info","message":"Получение заданий для пользователя ID: 2","timestamp":"2025-09-10 11:21:43"}
{"level":"info","message":"Получение ожидающих приглашений пользователя","timestamp":"2025-09-10 11:21:43","userId":2}
{"level":"info","message":"Получение ожидающих приглашений пользователя","timestamp":"2025-09-10 11:21:43","userId":2}
{"level":"info","message":"Получение заданий для пользователя ID: 2","timestamp":"2025-09-10 11:21:43"}
{"level":"info","message":"Получение заданий для пользователя ID: 2","timestamp":"2025-09-10 11:21:44"}
{"level":"info","message":"Получение ожидающих приглашений пользователя","timestamp":"2025-09-10 11:21:44","userId":2}
{"level":"info","message":"Получение заданий для пользователя ID: 2","timestamp":"2025-09-10 11:21:44"}
{"level":"info","message":"Получение ожидающих приглашений пользователя","timestamp":"2025-09-10 11:21:44","userId":2}
{"level":"info","message":"Получение ожидающих приглашений пользователя","timestamp":"2025-09-10 11:21:44","userId":2}
{"level":"info","message":"Получение заданий для пользователя ID: 2","timestamp":"2025-09-10 11:21:44"}
{"assignmentId":26,"level":"info","message":"Получение состава команды проекта","timestamp":"2025-09-10 11:21:44"}
{"assignmentId":26,"level":"info","message":"Получение состава команды проекта","timestamp":"2025-09-10 11:21:44"}
{"assignmentId":26,"level":"info","message":"Получение состава команды проекта","timestamp":"2025-09-10 11:21:44"}
{"level":"info","message":"Получение заданий для пользователя ID: 2","timestamp":"2025-09-10 11:21:44"}
{"level":"info","message":"Получение ожидающих приглашений пользователя","timestamp":"2025-09-10 11:21:44","userId":2}
{"level":"info","message":"Получение ожидающих приглашений пользователя","timestamp":"2025-09-10 11:21:44","userId":2}
{"level":"info","message":"Получение заданий для пользователя ID: 2","timestamp":"2025-09-10 11:21:44"}
{"assignmentId":26,"level":"info","message":"Получение состава команды проекта","timestamp":"2025-09-10 11:21:44"}
{"assignmentId":26,"level":"info","message":"Получение состава команды проекта","timestamp":"2025-09-10 11:21:44"}
{"level":"info","message":"Получение заданий для пользователя ID: 1","timestamp":"2025-09-10 11:21:47"}
{"level":"info","message":"Получение ожидающих приглашений пользователя","timestamp":"2025-09-10 11:21:47","userId":1}
{"level":"info","message":"Получение ожидающих приглашений пользователя","timestamp":"2025-09-10 11:21:47","userId":1}
{"level":"info","message":"Получение заданий для пользователя ID: 1","timestamp":"2025-09-10 11:21:47"}
{"level":"info","message":"Получение ожидающих приглашений пользователя","timestamp":"2025-09-10 11:21:47","userId":1}
{"level":"info","message":"Получение заданий для пользователя ID: 1","timestamp":"2025-09-10 11:21:47"}
{"assignmentId":32,"level":"info","message":"Получение состава команды проекта","timestamp":"2025-09-10 11:21:47"}
{"assignmentId":32,"level":"info","message":"Получение состава команды проекта","timestamp":"2025-09-10 11:21:47"}
{"assignmentId":32,"level":"info","message":"Получение состава команды проекта","timestamp":"2025-09-10 11:21:47"}
{"level":"info","message":"Получение заданий для пользователя ID: 1","timestamp":"2025-09-10 11:21:47"}
{"level":"info","message":"Получение ожидающих приглашений пользователя","timestamp":"2025-09-10 11:21:47","userId":1}
{"level":"info","message":"Получение ожидающих приглашений пользователя","timestamp":"2025-09-10 11:21:47","userId":1}
{"level":"info","message":"Получение заданий для пользователя ID: 1","timestamp":"2025-09-10 11:21:47"}
{"assignmentId":32,"level":"info","message":"Получение состава команды проекта","timestamp":"2025-09-10 11:21:47"}
{"assignmentId":32,"level":"info","message":"Получение состава команды проекта","timestamp":"2025-09-10 11:21:47"}
{"level":"info","message":"Получение заданий для пользователя ID: 1","timestamp":"2025-09-10 11:21:53"}
{"level":"info","message":"Получение ожидающих приглашений пользователя","timestamp":"2025-09-10 11:21:53","userId":1}
{"level":"info","message":"Получение ожидающих приглашений пользователя","timestamp":"2025-09-10 11:21:53","userId":1}
{"level":"info","message":"Получение заданий для пользователя ID: 1","timestamp":"2025-09-10 11:21:53"}
{"level":"info","message":"Получение заданий для пользователя ID: 1","timestamp":"2025-09-10 11:21:56"}
{"level":"info","message":"Получение ожидающих приглашений пользователя","timestamp":"2025-09-10 11:21:56","userId":1}
{"level":"info","message":"Получение заданий для пользователя ID: 1","timestamp":"2025-09-10 11:21:56"}
{"level":"info","message":"Получение ожидающих приглашений пользователя","timestamp":"2025-09-10 11:21:56","userId":1}
{"level":"info","message":"Получение заданий для пользователя ID: 1","timestamp":"2025-09-10 11:21:56"}
{"level":"info","message":"Получение ожидающих приглашений пользователя","timestamp":"2025-09-10 11:21:56","userId":1}
{"assignmentId":32,"level":"info","message":"Получение состава команды проекта","timestamp":"2025-09-10 11:21:56"}
{"assignmentId":32,"level":"info","message":"Получение состава команды проекта","timestamp":"2025-09-10 11:21:56"}
{"level":"info","message":"Получение заданий для пользователя ID: 1","timestamp":"2025-09-10 11:21:56"}
{"level":"info","message":"Получение ожидающих приглашений пользователя","timestamp":"2025-09-10 11:21:56","userId":1}
{"assignmentId":32,"level":"info","message":"Получение состава команды проекта","timestamp":"2025-09-10 11:21:56"}
{"level":"info","message":"Получение заданий для пользователя ID: 1","timestamp":"2025-09-10 11:21:56"}
{"level":"info","message":"Получение ожидающих приглашений пользователя","timestamp":"2025-09-10 11:21:56","userId":1}
{"assignmentId":32,"level":"info","message":"Получение состава команды проекта","timestamp":"2025-09-10 11:21:56"}
{"assignmentId":32,"level":"info","message":"Получение состава команды проекта","timestamp":"2025-09-10 11:21:56"}
{"level":"info","message":"Получение заданий для пользователя ID: 1","timestamp":"2025-09-10 11:21:58"}
{"level":"info","message":"Получение ожидающих приглашений пользователя","timestamp":"2025-09-10 11:21:58","userId":1}
{"level":"info","message":"Получение ожидающих приглашений пользователя","timestamp":"2025-09-10 11:21:58","userId":1}
{"level":"info","message":"Получение заданий для пользователя ID: 1","timestamp":"2025-09-10 11:21:58"}
{"level":"info","message":"Получение ожидающих приглашений пользователя","timestamp":"2025-09-10 11:21:58","userId":1}
{"level":"info","message":"Получение заданий для пользователя ID: 1","timestamp":"2025-09-10 11:21:58"}
{"assignmentId":32,"level":"info","message":"Получение состава команды проекта","timestamp":"2025-09-10 11:21:58"}
{"assignmentId":32,"level":"info","message":"Получение состава команды проекта","timestamp":"2025-09-10 11:21:58"}
{"assignmentId":32,"level":"info","message":"Получение состава команды проекта","timestamp":"2025-09-10 11:21:58"}
{"level":"info","message":"Получение заданий для пользователя ID: 1","timestamp":"2025-09-10 11:21:58"}
{"level":"info","message":"Получение ожидающих приглашений пользователя","timestamp":"2025-09-10 11:21:58","userId":1}
{"level":"info","message":"Получение заданий для пользователя ID: 1","timestamp":"2025-09-10 11:21:58"}
{"level":"info","message":"Получение ожидающих приглашений пользователя","timestamp":"2025-09-10 11:21:58","userId":1}
{"assignmentId":32,"level":"info","message":"Получение состава команды проекта","timestamp":"2025-09-10 11:21:58"}
{"assignmentId":32,"level":"info","message":"Получение состава команды проекта","timestamp":"2025-09-10 11:21:59"}
{"assignmentId":32,"level":"info","message":"Создание задачи в задании","taskTitle":"й3412","timestamp":"2025-09-10 11:22:13"}
{"assignmentId":32,"level":"info","message":"Задача успешно создана","taskId":175,"timestamp":"2025-09-10 11:22:13"}
{"level":"info","message":"Получение заданий для пользователя ID: 1","timestamp":"2025-09-10 11:22:13"}
{"level":"info","message":"Получение заданий для пользователя ID: 1","timestamp":"2025-09-10 11:22:13"}
{"level":"info","message":"Получение ожидающих приглашений пользователя","timestamp":"2025-09-10 11:22:13","userId":1}
{"level":"info","message":"Получение заданий для пользователя ID: 1","timestamp":"2025-09-10 11:22:15"}
{"level":"info","message":"Получение ожидающих приглашений пользователя","timestamp":"2025-09-10 11:22:15","userId":1}
{"level":"info","message":"Получение заданий для пользователя ID: 1","timestamp":"2025-09-10 11:22:15"}
{"level":"info","message":"Получение ожидающих приглашений пользователя","timestamp":"2025-09-10 11:22:15","userId":1}
{"level":"info","message":"Получение ожидающих приглашений пользователя","timestamp":"2025-09-10 11:22:15","userId":1}
{"level":"info","message":"Получение заданий для пользователя ID: 1","timestamp":"2025-09-10 11:22:15"}
{"level":"info","message":"Получение ожидающих приглашений пользователя","timestamp":"2025-09-10 11:22:15","userId":1}
{"assignmentId":32,"level":"info","message":"Получение состава команды проекта","timestamp":"2025-09-10 11:22:15"}
{"level":"info","message":"Получение заданий для пользователя ID: 1","timestamp":"2025-09-10 11:22:15"}
{"assignmentId":32,"level":"info","message":"Получение состава команды проекта","timestamp":"2025-09-10 11:22:15"}
{"level":"info","message":"Получение заданий для пользователя ID: 1","timestamp":"2025-09-10 11:22:15"}
{"level":"info","message":"Получение ожидающих приглашений пользователя","timestamp":"2025-09-10 11:22:15","userId":1}
{"assignmentId":32,"level":"info","message":"Получение состава команды проекта","timestamp":"2025-09-10 11:22:15"}
{"assignmentId":32,"level":"info","message":"Получение состава команды проекта","timestamp":"2025-09-10 11:22:15"}
{"assignmentId":32,"level":"info","message":"Получение состава команды проекта","timestamp":"2025-09-10 11:22:15"}
{"assignmentId":32,"level":"info","message":"Получение состава команды проекта","timestamp":"2025-09-10 11:22:15"}
{"level":"info","message":"Получение заданий для пользователя ID: 2","timestamp":"2025-09-10 11:22:20"}
{"level":"info","message":"Получение ожидающих приглашений пользователя","timestamp":"2025-09-10 11:22:20","userId":2}
{"level":"info","message":"Получение заданий для пользователя ID: 2","timestamp":"2025-09-10 11:22:20"}
{"level":"info","message":"Получение ожидающих приглашений пользователя","timestamp":"2025-09-10 11:22:20","userId":2}
{"level":"info","message":"Получение ожидающих приглашений пользователя","timestamp":"2025-09-10 11:22:20","userId":2}
{"level":"info","message":"Получение заданий для пользователя ID: 2","timestamp":"2025-09-10 11:22:20"}
{"assignmentId":26,"level":"info","message":"Получение состава команды проекта","timestamp":"2025-09-10 11:22:20"}
{"assignmentId":26,"level":"info","message":"Получение состава команды проекта","timestamp":"2025-09-10 11:22:20"}
{"assignmentId":26,"level":"info","message":"Получение состава команды проекта","timestamp":"2025-09-10 11:22:20"}
{"level":"info","message":"Получение заданий для пользователя ID: 2","timestamp":"2025-09-10 11:22:20"}
{"level":"info","message":"Получение ожидающих приглашений пользователя","timestamp":"2025-09-10 11:22:20","userId":2}
{"level":"info","message":"Получение ожидающих приглашений пользователя","timestamp":"2025-09-10 11:22:20","userId":2}
{"level":"info","message":"Получение заданий для пользователя ID: 2","timestamp":"2025-09-10 11:22:20"}
{"assignmentId":26,"level":"info","message":"Получение состава команды проекта","timestamp":"2025-09-10 11:22:20"}
{"level":"info","message":"Получение заданий для пользователя ID: 2","timestamp":"2025-09-10 11:22:23"}
{"level":"info","message":"Получение ожидающих приглашений пользователя","timestamp":"2025-09-10 11:22:23","userId":2}
{"level":"info","message":"Получение ожидающих приглашений пользователя","timestamp":"2025-09-10 11:22:23","userId":2}
{"level":"info","message":"Получение заданий для пользователя ID: 2","timestamp":"2025-09-10 11:22:23"}
{"level":"info","message":"Получение заданий для пользователя ID: 2","timestamp":"2025-09-10 11:22:25"}
{"level":"info","message":"Получение ожидающих приглашений пользователя","timestamp":"2025-09-10 11:22:25","userId":2}
{"level":"info","message":"Получение заданий для пользователя ID: 2","timestamp":"2025-09-10 11:22:25"}
{"level":"info","message":"Получение заданий для пользователя ID: 2","timestamp":"2025-09-10 11:22:25"}
{"level":"info","message":"Получение ожидающих приглашений пользователя","timestamp":"2025-09-10 11:22:25","userId":2}
{"level":"info","message":"Получение ожидающих приглашений пользователя","timestamp":"2025-09-10 11:22:25","userId":2}
{"assignmentId":26,"level":"info","message":"Получение состава команды проекта","timestamp":"2025-09-10 11:22:25"}
{"level":"info","message":"Получение ожидающих приглашений пользователя","timestamp":"2025-09-10 11:22:25","userId":2}
{"assignmentId":26,"level":"info","message":"Получение состава команды проекта","timestamp":"2025-09-10 11:22:25"}
{"level":"info","message":"Получение заданий для пользователя ID: 2","timestamp":"2025-09-10 11:22:25"}
{"level":"info","message":"Получение ожидающих приглашений пользователя","timestamp":"2025-09-10 11:22:25","userId":2}
{"assignmentId":26,"level":"info","message":"Получение состава команды проекта","timestamp":"2025-09-10 11:22:25"}
{"level":"info","message":"Получение заданий для пользователя ID: 2","timestamp":"2025-09-10 11:22:25"}
{"assignmentId":26,"level":"info","message":"Получение состава команды проекта","timestamp":"2025-09-10 11:22:25"}
{"level":"info","message":"Получение заданий для пользователя ID: 2","timestamp":"2025-09-10 11:22:55"}
{"level":"info","message":"Получение ожидающих приглашений пользователя","timestamp":"2025-09-10 11:22:55","userId":2}
{"level":"info","message":"Получение заданий для пользователя ID: 2","timestamp":"2025-09-10 11:22:55"}
{"level":"info","message":"Получение ожидающих приглашений пользователя","timestamp":"2025-09-10 11:22:55","userId":2}
{"level":"info","message":"Получение ожидающих приглашений пользователя","timestamp":"2025-09-10 11:22:55","userId":2}
{"level":"info","message":"Получение заданий для пользователя ID: 2","timestamp":"2025-09-10 11:22:55"}
{"level":"info","message":"Получение заданий для пользователя ID: 2","timestamp":"2025-09-10 11:23:26"}
{"level":"info","message":"Получение заданий для пользователя ID: 2","timestamp":"2025-09-10 11:23:26"}
{"level":"info","message":"Получение ожидающих приглашений пользователя","timestamp":"2025-09-10 11:23:26","userId":2}
{"level":"info","message":"Получение ожидающих приглашений пользователя","timestamp":"2025-09-10 11:23:26","userId":2}
{"assignmentId":26,"level":"info","message":"Получение состава команды проекта","timestamp":"2025-09-10 11:23:26"}
{"level":"info","message":"Получение заданий для пользователя ID: 2","timestamp":"2025-09-10 11:23:26"}
{"level":"info","message":"Получение ожидающих приглашений пользователя","timestamp":"2025-09-10 11:23:26","userId":2}
{"assignmentId":26,"level":"info","message":"Получение состава команды проекта","timestamp":"2025-09-10 11:23:26"}
{"assignmentId":26,"level":"info","message":"Получение состава команды проекта","timestamp":"2025-09-10 11:23:26"}
{"assignmentId":26,"level":"info","message":"Получение состава команды проекта","timestamp":"2025-09-10 11:23:26"}
{"level":"info","message":"Получение заданий для пользователя ID: 2","timestamp":"2025-09-10 11:23:26"}
{"level":"info","message":"Получение ожидающих приглашений пользователя","timestamp":"2025-09-10 11:23:26","userId":2}
{"level":"info","message":"Получение заданий для пользователя ID: 2","timestamp":"2025-09-10 11:23:26"}
{"level":"info","message":"Получение ожидающих приглашений пользователя","timestamp":"2025-09-10 11:23:26","userId":2}
{"level":"info","message":"Получение заданий для пользователя ID: 2","timestamp":"2025-09-10 11:23:30"}
{"level":"info","message":"Получение ожидающих приглашений пользователя","timestamp":"2025-09-10 11:23:30","userId":2}
{"level":"info","message":"Получение ожидающих приглашений пользователя","timestamp":"2025-09-10 11:23:30","userId":2}
{"level":"info","message":"Получение заданий для пользователя ID: 2","timestamp":"2025-09-10 11:23:30"}
{"level":"info","message":"Получение заданий для пользователя ID: 2","timestamp":"2025-09-10 11:23:33"}
{"level":"info","message":"Получение ожидающих приглашений пользователя","timestamp":"2025-09-10 11:23:33","userId":2}
{"level":"info","message":"Получение ожидающих приглашений пользователя","timestamp":"2025-09-10 11:23:33","userId":2}
{"level":"info","message":"Получение заданий для пользователя ID: 2","timestamp":"2025-09-10 11:23:33"}
{"level":"info","message":"Получение ожидающих приглашений пользователя","timestamp":"2025-09-10 11:23:33","userId":2}
{"level":"info","message":"Получение заданий для пользователя ID: 2","timestamp":"2025-09-10 11:23:33"}
{"assignmentId":26,"level":"info","message":"Получение состава команды проекта","timestamp":"2025-09-10 11:23:33"}
{"assignmentId":26,"level":"info","message":"Получение состава команды проекта","timestamp":"2025-09-10 11:23:33"}
{"assignmentId":26,"level":"info","message":"Получение состава команды проекта","timestamp":"2025-09-10 11:23:33"}
{"level":"info","message":"Получение заданий для пользователя ID: 2","timestamp":"2025-09-10 11:23:33"}
{"level":"info","message":"Получение ожидающих приглашений пользователя","timestamp":"2025-09-10 11:23:33","userId":2}
{"level":"info","message":"Получение ожидающих приглашений пользователя","timestamp":"2025-09-10 11:23:33","userId":2}
{"level":"info","message":"Получение заданий для пользователя ID: 2","timestamp":"2025-09-10 11:23:33"}
{"assignmentId":26,"level":"info","message":"Получение состава команды проекта","timestamp":"2025-09-10 11:23:33"}
{"assignmentId":26,"level":"info","message":"Получение состава команды проекта","timestamp":"2025-09-10 11:23:33"}
{"level":"info","message":"Получение заданий для пользователя ID: 1","timestamp":"2025-09-10 11:23:37"}
{"level":"info","message":"Получение ожидающих приглашений пользователя","timestamp":"2025-09-10 11:23:37","userId":1}
{"level":"info","message":"Получение ожидающих приглашений пользователя","timestamp":"2025-09-10 11:23:37","userId":1}
{"level":"info","message":"Получение заданий для пользователя ID: 1","timestamp":"2025-09-10 11:23:37"}
{"level":"info","message":"Получение ожидающих приглашений пользователя","timestamp":"2025-09-10 11:23:37","userId":1}
{"level":"info","message":"Получение заданий для пользователя ID: 1","timestamp":"2025-09-10 11:23:37"}
{"assignmentId":32,"level":"info","message":"Получение состава команды проекта","timestamp":"2025-09-10 11:23:37"}
{"assignmentId":32,"level":"info","message":"Получение состава команды проекта","timestamp":"2025-09-10 11:23:37"}
{"level":"info","message":"Получение заданий для пользователя ID: 1","timestamp":"2025-09-10 11:23:37"}
{"level":"info","message":"Получение ожидающих приглашений пользователя","timestamp":"2025-09-10 11:23:37","userId":1}
{"assignmentId":32,"level":"info","message":"Получение состава команды проекта","timestamp":"2025-09-10 11:23:37"}
{"level":"info","message":"Получение ожидающих приглашений пользователя","timestamp":"2025-09-10 11:23:37","userId":1}
{"assignmentId":32,"level":"info","message":"Получение состава команды проекта","timestamp":"2025-09-10 11:23:37"}
{"level":"info","message":"Получение заданий для пользователя ID: 1","timestamp":"2025-09-10 11:23:37"}
{"level":"info","message":"Получение заданий для пользователя ID: 1","timestamp":"2025-09-10 11:23:40"}
{"level":"info","message":"Получение ожидающих приглашений пользователя","timestamp":"2025-09-10 11:23:40","userId":1}
{"level":"info","message":"Получение ожидающих приглашений пользователя","timestamp":"2025-09-10 11:23:40","userId":1}
{"level":"info","message":"Получение заданий для пользователя ID: 1","timestamp":"2025-09-10 11:23:40"}
{"level":"info","message":"Получение заданий для пользователя ID: 1","timestamp":"2025-09-10 11:23:40"}
{"level":"info","message":"Получение заданий для пользователя ID: 1","timestamp":"2025-09-10 11:23:40"}
{"level":"info","message":"Получение ожидающих приглашений пользователя","timestamp":"2025-09-10 11:23:40","userId":1}
{"level":"info","message":"Получение ожидающих приглашений пользователя","timestamp":"2025-09-10 11:23:40","userId":1}
{"level":"info","message":"Получение заданий для пользователя ID: 1","timestamp":"2025-09-10 11:23:40"}
{"level":"info","message":"Получение ожидающих приглашений пользователя","timestamp":"2025-09-10 11:23:40","userId":1}
{"assignmentId":32,"level":"info","message":"Получение состава команды проекта","timestamp":"2025-09-10 11:23:40"}
{"assignmentId":32,"level":"info","message":"Получение состава команды проекта","timestamp":"2025-09-10 11:23:40"}
{"level":"info","message":"Получение заданий для пользователя ID: 1","timestamp":"2025-09-10 11:23:40"}
{"level":"info","message":"Получение ожидающих приглашений пользователя","timestamp":"2025-09-10 11:23:40","userId":1}
{"assignmentId":32,"level":"info","message":"Получение состава команды проекта","timestamp":"2025-09-10 11:23:40"}
{"level":"info","message":"Получение ожидающих приглашений пользователя","timestamp":"2025-09-10 11:23:40","userId":1}
{"level":"info","message":"Получение заданий для пользователя ID: 1","timestamp":"2025-09-10 11:23:40"}
{"assignmentId":32,"level":"info","message":"Получение состава команды проекта","timestamp":"2025-09-10 11:23:40"}
{"assignmentId":32,"level":"info","message":"Получение состава команды проекта","timestamp":"2025-09-10 11:23:40"}
{"level":"info","message":"Получение ожидающих приглашений пользователя","timestamp":"2025-09-10 11:24:11","userId":1}
{"level":"info","message":"Получение заданий для пользователя ID: 1","timestamp":"2025-09-10 11:24:11"}
{"level":"info","message":"Получение ожидающих приглашений пользователя","timestamp":"2025-09-10 11:24:11","userId":1}
{"level":"info","message":"Получение заданий для пользователя ID: 1","timestamp":"2025-09-10 11:24:11"}
{"level":"info","message":"Получение заданий для пользователя ID: 1","timestamp":"2025-09-10 11:24:11"}
{"level":"info","message":"Получение ожидающих приглашений пользователя","timestamp":"2025-09-10 11:24:11","userId":1}
{"level":"info","message":"Получение заданий для пользователя ID: 1","timestamp":"2025-09-10 11:24:42"}
{"level":"info","message":"Получение ожидающих приглашений пользователя","timestamp":"2025-09-10 11:24:42","userId":1}
{"level":"info","message":"Получение заданий для пользователя ID: 1","timestamp":"2025-09-10 11:24:42"}
{"level":"info","message":"Получение ожидающих приглашений пользователя","timestamp":"2025-09-10 11:24:42","userId":1}
{"level":"info","message":"Получение заданий для пользователя ID: 1","timestamp":"2025-09-10 11:24:42"}
{"level":"info","message":"Получение ожидающих приглашений пользователя","timestamp":"2025-09-10 11:24:42","userId":1}
{"level":"info","message":"Получение заданий для пользователя ID: 1","timestamp":"2025-09-10 11:25:13"}
{"level":"info","message":"Получение ожидающих приглашений пользователя","timestamp":"2025-09-10 11:25:13","userId":1}
{"level":"info","message":"Получение заданий для пользователя ID: 1","timestamp":"2025-09-10 11:25:13"}
{"level":"info","message":"Получение ожидающих приглашений пользователя","timestamp":"2025-09-10 11:25:13","userId":1}
{"level":"info","message":"Получение заданий для пользователя ID: 1","timestamp":"2025-09-10 11:25:13"}
{"level":"info","message":"Получение ожидающих приглашений пользователя","timestamp":"2025-09-10 11:25:13","userId":1}
{"level":"info","message":"Получение заданий для пользователя ID: 1","timestamp":"2025-09-10 11:25:44"}
{"level":"info","message":"Получение ожидающих приглашений пользователя","timestamp":"2025-09-10 11:25:44","userId":1}
{"level":"info","message":"Получение ожидающих приглашений пользователя","timestamp":"2025-09-10 11:25:44","userId":1}
{"level":"info","message":"Получение заданий для пользователя ID: 1","timestamp":"2025-09-10 11:25:44"}
{"level":"info","message":"Получение заданий для пользователя ID: 1","timestamp":"2025-09-10 11:25:44"}
{"level":"info","message":"Получение ожидающих приглашений пользователя","timestamp":"2025-09-10 11:25:44","userId":1}
{"level":"info","message":"Получение заданий для пользователя ID: 1","timestamp":"2025-09-10 11:26:15"}
{"level":"info","message":"Получение ожидающих приглашений пользователя","timestamp":"2025-09-10 11:26:15","userId":1}
{"level":"info","message":"Получение ожидающих приглашений пользователя","timestamp":"2025-09-10 11:26:15","userId":1}
{"level":"info","message":"Получение заданий для пользователя ID: 1","timestamp":"2025-09-10 11:26:15"}
{"level":"info","message":"Получение заданий для пользователя ID: 1","timestamp":"2025-09-10 11:26:15"}
{"level":"info","message":"Получение ожидающих приглашений пользователя","timestamp":"2025-09-10 11:26:15","userId":1}
{"level":"info","message":"Получение заданий для пользователя ID: 1","timestamp":"2025-09-10 11:26:46"}
{"level":"info","message":"Получение ожидающих приглашений пользователя","timestamp":"2025-09-10 11:26:46","userId":1}
{"level":"info","message":"Получение заданий для пользователя ID: 1","timestamp":"2025-09-10 11:26:46"}
{"level":"info","message":"Получение ожидающих приглашений пользователя","timestamp":"2025-09-10 11:26:46","userId":1}
{"level":"info","message":"Получение заданий для пользователя ID: 1","timestamp":"2025-09-10 11:26:46"}
{"level":"info","message":"Получение ожидающих приглашений пользователя","timestamp":"2025-09-10 11:26:46","userId":1}
{"level":"info","message":"Получение заданий для пользователя ID: 1","timestamp":"2025-09-10 11:27:17"}
{"level":"info","message":"Получение ожидающих приглашений пользователя","timestamp":"2025-09-10 11:27:17","userId":1}
{"level":"info","message":"Получение ожидающих приглашений пользователя","timestamp":"2025-09-10 11:27:17","userId":1}
{"level":"info","message":"Получение заданий для пользователя ID: 1","timestamp":"2025-09-10 11:27:17"}
{"level":"info","message":"Получение заданий для пользователя ID: 1","timestamp":"2025-09-10 11:27:17"}
{"level":"info","message":"Получение ожидающих приглашений пользователя","timestamp":"2025-09-10 11:27:17","userId":1}
{"level":"info","message":"Получение заданий для пользователя ID: 1","timestamp":"2025-09-10 11:27:48"}
{"level":"info","message":"Получение ожидающих приглашений пользователя","timestamp":"2025-09-10 11:27:48","userId":1}
{"level":"info","message":"Получение заданий для пользователя ID: 1","timestamp":"2025-09-10 11:27:48"}
{"level":"info","message":"Получение ожидающих приглашений пользователя","timestamp":"2025-09-10 11:27:48","userId":1}
{"level":"info","message":"Получение заданий для пользователя ID: 1","timestamp":"2025-09-10 11:27:48"}
{"level":"info","message":"Получение ожидающих приглашений пользователя","timestamp":"2025-09-10 11:27:48","userId":1}
{"level":"info","message":"Получение заданий для пользователя ID: 1","timestamp":"2025-09-10 11:28:19"}
{"level":"info","message":"Получение ожидающих приглашений пользователя","timestamp":"2025-09-10 11:28:19","userId":1}
{"level":"info","message":"Получение ожидающих приглашений пользователя","timestamp":"2025-09-10 11:28:19","userId":1}
{"level":"info","message":"Получение заданий для пользователя ID: 1","timestamp":"2025-09-10 11:28:19"}
{"level":"info","message":"Получение заданий для пользователя ID: 1","timestamp":"2025-09-10 11:28:19"}
{"level":"info","message":"Получение ожидающих приглашений пользователя","timestamp":"2025-09-10 11:28:19","userId":1}
{"level":"info","message":"Получение заданий для пользователя ID: 1","timestamp":"2025-09-10 11:28:50"}
{"level":"info","message":"Получение ожидающих приглашений пользователя","timestamp":"2025-09-10 11:28:50","userId":1}
{"level":"info","message":"Получение заданий для пользователя ID: 1","timestamp":"2025-09-10 11:28:50"}
{"level":"info","message":"Получение ожидающих приглашений пользователя","timestamp":"2025-09-10 11:28:50","userId":1}
{"level":"info","message":"Получение заданий для пользователя ID: 1","timestamp":"2025-09-10 11:28:50"}
{"level":"info","message":"Получение ожидающих приглашений пользователя","timestamp":"2025-09-10 11:28:50","userId":1}
{"level":"info","message":"Получение заданий для пользователя ID: 1","timestamp":"2025-09-10 11:29:21"}
{"level":"info","message":"Получение ожидающих приглашений пользователя","timestamp":"2025-09-10 11:29:21","userId":1}
{"level":"info","message":"Получение ожидающих приглашений пользователя","timestamp":"2025-09-10 11:29:21","userId":1}
{"level":"info","message":"Получение заданий для пользователя ID: 1","timestamp":"2025-09-10 11:29:21"}
{"level":"info","message":"Получение заданий для пользователя ID: 1","timestamp":"2025-09-10 11:29:21"}
{"level":"info","message":"Получение ожидающих приглашений пользователя","timestamp":"2025-09-10 11:29:21","userId":1}
{"level":"info","message":"Получение заданий для пользователя ID: 1","timestamp":"2025-09-10 11:29:35"}
{"level":"info","message":"Получение ожидающих приглашений пользователя","timestamp":"2025-09-10 11:29:35","userId":1}
{"assignmentId":32,"level":"info","message":"Получение состава команды проекта","timestamp":"2025-09-10 11:29:35"}
{"level":"info","message":"Получение заданий для пользователя ID: 1","timestamp":"2025-09-10 11:30:06"}
{"level":"info","message":"Получение ожидающих приглашений пользователя","timestamp":"2025-09-10 11:30:06","userId":1}
{"level":"info","message":"Получение заданий для пользователя ID: 1","timestamp":"2025-09-10 11:30:36"}
{"level":"info","message":"Получение ожидающих приглашений пользователя","timestamp":"2025-09-10 11:30:36","userId":1}
{"level":"info","message":"Получение заданий для пользователя ID: 1","timestamp":"2025-09-10 11:31:06"}
{"level":"info","message":"Получение ожидающих приглашений пользователя","timestamp":"2025-09-10 11:31:06","userId":1}
{"level":"info","message":"Получение заданий для пользователя ID: 1","timestamp":"2025-09-10 11:31:36"}
{"level":"info","message":"Получение ожидающих приглашений пользователя","timestamp":"2025-09-10 11:31:36","userId":1}
{"level":"info","message":"Получение заданий для пользователя ID: 1","timestamp":"2025-09-10 11:32:06"}
{"level":"info","message":"Получение ожидающих приглашений пользователя","timestamp":"2025-09-10 11:32:06","userId":1}
{"level":"info","message":"Получение заданий для пользователя ID: 1","timestamp":"2025-09-10 11:32:36"}
{"level":"info","message":"Получение ожидающих приглашений пользователя","timestamp":"2025-09-10 11:32:36","userId":1}
{"level":"info","message":"Получение заданий для пользователя ID: 1","timestamp":"2025-09-10 11:33:26"}
{"level":"info","message":"Получение ожидающих приглашений пользователя","timestamp":"2025-09-10 11:33:26","userId":1}
{"level":"info","message":"Получение заданий для пользователя ID: 1","timestamp":"2025-09-10 11:33:32"}
{"level":"info","message":"Получение ожидающих приглашений пользователя","timestamp":"2025-09-10 11:33:32","userId":1}
{"level":"info","message":"Получение ожидающих приглашений пользователя","timestamp":"2025-09-10 11:33:32","userId":1}
{"level":"info","message":"Получение заданий для пользователя ID: 1","timestamp":"2025-09-10 11:33:32"}
{"assignmentId":32,"level":"info","message":"Получение состава команды проекта","timestamp":"2025-09-10 11:33:32"}
{"assignmentId":32,"level":"info","message":"Получение состава команды проекта","timestamp":"2025-09-10 11:33:32"}
{"level":"info","message":"Получение заданий для пользователя ID: 1","timestamp":"2025-09-10 11:34:02"}
{"level":"info","message":"Получение ожидающих приглашений пользователя","timestamp":"2025-09-10 11:34:02","userId":1}
{"level":"info","message":"Получение заданий для пользователя ID: 1","timestamp":"2025-09-10 11:34:32"}
{"level":"info","message":"Получение ожидающих приглашений пользователя","timestamp":"2025-09-10 11:34:32","userId":1}
{"level":"info","message":"Получение заданий для пользователя ID: 1","timestamp":"2025-09-10 11:35:02"}
{"level":"info","message":"Получение ожидающих приглашений пользователя","timestamp":"2025-09-10 11:35:02","userId":1}
{"level":"info","message":"Получение заданий для пользователя ID: 1","timestamp":"2025-09-10 11:35:32"}
{"level":"info","message":"Получение ожидающих приглашений пользователя","timestamp":"2025-09-10 11:35:32","userId":1}
{"level":"info","message":"Получение заданий для пользователя ID: 1","timestamp":"2025-09-10 11:36:02"}
{"level":"info","message":"Получение ожидающих приглашений пользователя","timestamp":"2025-09-10 11:36:02","userId":1}
{"level":"info","message":"Получение заданий для пользователя ID: 1","timestamp":"2025-09-10 11:36:32"}
{"level":"info","message":"Получение ожидающих приглашений пользователя","timestamp":"2025-09-10 11:36:32","userId":1}
{"level":"info","message":"Получение заданий для пользователя ID: 1","timestamp":"2025-09-10 11:37:27"}
{"level":"info","message":"Получение ожидающих приглашений пользователя","timestamp":"2025-09-10 11:37:27","userId":1}
{"level":"info","message":"Получение ожидающих приглашений пользователя","timestamp":"2025-09-10 11:37:27","userId":1}
{"level":"info","message":"Получение заданий для пользователя ID: 1","timestamp":"2025-09-10 11:37:27"}
{"level":"info","message":"Получение ожидающих приглашений пользователя","timestamp":"2025-09-10 11:37:27","userId":1}
{"level":"info","message":"Получение заданий для пользователя ID: 1","timestamp":"2025-09-10 11:37:27"}
{"level":"info","message":"Получение ожидающих приглашений пользователя","timestamp":"2025-09-10 11:37:27","userId":1}
{"level":"info","message":"Получение ожидающих приглашений пользователя","timestamp":"2025-09-10 11:37:27","userId":1}
{"level":"info","message":"Получение заданий для пользователя ID: 1","timestamp":"2025-09-10 11:37:27"}
{"level":"info","message":"Получение ожидающих приглашений пользователя","timestamp":"2025-09-10 11:37:27","userId":1}
{"level":"info","message":"Получение ожидающих приглашений пользователя","timestamp":"2025-09-10 11:37:27","userId":1}
{"level":"info","message":"Получение заданий для пользователя ID: 1","timestamp":"2025-09-10 11:37:27"}
{"level":"info","message":"Получение ожидающих приглашений пользователя","timestamp":"2025-09-10 11:37:27","userId":1}
{"assignmentId":32,"level":"info","message":"Получение состава команды проекта","timestamp":"2025-09-10 11:37:27"}
{"level":"info","message":"Получение заданий для пользователя ID: 1","timestamp":"2025-09-10 11:37:27"}
{"level":"info","message":"Получение ожидающих приглашений пользователя","timestamp":"2025-09-10 11:37:27","userId":1}
{"assignmentId":32,"level":"info","message":"Получение состава команды проекта","timestamp":"2025-09-10 11:37:27"}
{"assignmentId":32,"level":"info","message":"Получение состава команды проекта","timestamp":"2025-09-10 11:37:27"}
{"level":"info","message":"Получение заданий для пользователя ID: 1","timestamp":"2025-09-10 11:37:27"}
{"level":"info","message":"Получение заданий для пользователя ID: 1","timestamp":"2025-09-10 11:37:27"}
{"level":"info","message":"Получение заданий для пользователя ID: 1","timestamp":"2025-09-10 11:37:27"}
{"level":"info","message":"Получение ожидающих приглашений пользователя","timestamp":"2025-09-10 11:37:27","userId":1}
{"level":"info","message":"Получение заданий для пользователя ID: 1","timestamp":"2025-09-10 11:37:27"}
{"level":"info","message":"Получение ожидающих приглашений пользователя","timestamp":"2025-09-10 11:37:27","userId":1}
{"level":"info","message":"Получение ожидающих приглашений пользователя","timestamp":"2025-09-10 11:37:27","userId":1}
{"level":"info","message":"Получение заданий для пользователя ID: 1","timestamp":"2025-09-10 11:37:27"}
{"level":"info","message":"Получение ожидающих приглашений пользователя","timestamp":"2025-09-10 11:37:27","userId":1}
{"assignmentId":32,"level":"info","message":"Получение состава команды проекта","timestamp":"2025-09-10 11:37:27"}
{"level":"info","message":"Получение ожидающих приглашений пользователя","timestamp":"2025-09-10 11:37:27","userId":1}
{"level":"info","message":"Получение заданий для пользователя ID: 1","timestamp":"2025-09-10 11:37:27"}
{"assignmentId":32,"level":"info","message":"Получение состава команды проекта","timestamp":"2025-09-10 11:37:27"}
{"level":"info","message":"Получение ожидающих приглашений пользователя","timestamp":"2025-09-10 11:37:27","userId":1}
{"level":"info","message":"Получение заданий для пользователя ID: 1","timestamp":"2025-09-10 11:37:27"}
{"level":"info","message":"Получение заданий для пользователя ID: 1","timestamp":"2025-09-10 11:37:27"}
{"assignmentId":32,"level":"info","message":"Получение состава команды проекта","timestamp":"2025-09-10 11:37:27"}
{"level":"info","message":"Получение ожидающих приглашений пользователя","timestamp":"2025-09-10 11:37:27","userId":1}
{"level":"info","message":"Получение заданий для пользователя ID: 1","timestamp":"2025-09-10 11:37:27"}
{"level":"info","message":"Получение ожидающих приглашений пользователя","timestamp":"2025-09-10 11:37:27","userId":1}
{"level":"info","message":"Получение заданий для пользователя ID: 1","timestamp":"2025-09-10 11:37:27"}
{"level":"info","message":"Получение ожидающих приглашений пользователя","timestamp":"2025-09-10 11:37:27","userId":1}
{"level":"info","message":"Получение заданий для пользователя ID: 1","timestamp":"2025-09-10 11:37:27"}
{"level":"info","message":"Получение ожидающих приглашений пользователя","timestamp":"2025-09-10 11:37:27","userId":1}
{"level":"info","message":"Получение заданий для пользователя ID: 1","timestamp":"2025-09-10 11:37:27"}
{"level":"info","message":"Получение ожидающих приглашений пользователя","timestamp":"2025-09-10 11:37:27","userId":1}
{"level":"info","message":"Получение заданий для пользователя ID: 1","timestamp":"2025-09-10 11:37:27"}
{"level":"info","message":"Получение ожидающих приглашений пользователя","timestamp":"2025-09-10 11:37:27","userId":1}
{"level":"info","message":"Получение заданий для пользователя ID: 1","timestamp":"2025-09-10 11:37:27"}
{"level":"info","message":"Получение ожидающих приглашений пользователя","timestamp":"2025-09-10 11:37:27","userId":1}
{"level":"info","message":"Получение заданий для пользователя ID: 1","timestamp":"2025-09-10 11:37:27"}
{"level":"info","message":"Получение ожидающих приглашений пользователя","timestamp":"2025-09-10 11:37:27","userId":1}
{"level":"info","message":"Получение заданий для пользователя ID: 1","timestamp":"2025-09-10 11:37:27"}
{"level":"info","message":"Получение ожидающих приглашений пользователя","timestamp":"2025-09-10 11:37:27","userId":1}
{"level":"info","message":"Получение ожидающих приглашений пользователя","timestamp":"2025-09-10 11:37:27","userId":1}
{"level":"info","message":"Получение заданий для пользователя ID: 1","timestamp":"2025-09-10 11:37:27"}
{"level":"info","message":"Получение заданий для пользователя ID: 1","timestamp":"2025-09-10 11:37:27"}
{"level":"info","message":"Получение ожидающих приглашений пользователя","timestamp":"2025-09-10 11:37:27","userId":1}
{"level":"info","message":"Получение заданий для пользователя ID: 1","timestamp":"2025-09-10 11:37:27"}
{"level":"info","message":"Получение ожидающих приглашений пользователя","timestamp":"2025-09-10 11:37:27","userId":1}
{"level":"info","message":"Получение заданий для пользователя ID: 1","timestamp":"2025-09-10 11:37:27"}
{"level":"info","message":"Получение ожидающих приглашений пользователя","timestamp":"2025-09-10 11:37:27","userId":1}
{"level":"info","message":"Получение ожидающих приглашений пользователя","timestamp":"2025-09-10 11:37:27","userId":1}
{"level":"info","message":"Получение заданий для пользователя ID: 1","timestamp":"2025-09-10 11:37:27"}
{"level":"info","message":"Получение заданий для пользователя ID: 1","timestamp":"2025-09-10 11:37:27"}
{"level":"info","message":"Получение ожидающих приглашений пользователя","timestamp":"2025-09-10 11:37:27","userId":1}
{"level":"info","message":"Получение заданий для пользователя ID: 1","timestamp":"2025-09-10 11:37:27"}
{"level":"info","message":"Получение ожидающих приглашений пользователя","timestamp":"2025-09-10 11:37:27","userId":1}
{"level":"info","message":"Получение заданий для пользователя ID: 1","timestamp":"2025-09-10 11:37:27"}
{"level":"info","message":"Получение ожидающих приглашений пользователя","timestamp":"2025-09-10 11:37:27","userId":1}
{"level":"info","message":"Получение заданий для пользователя ID: 1","timestamp":"2025-09-10 11:37:27"}
{"level":"info","message":"Получение ожидающих приглашений пользователя","timestamp":"2025-09-10 11:37:27","userId":1}
{"level":"info","message":"Получение заданий для пользователя ID: 1","timestamp":"2025-09-10 11:37:27"}
{"level":"info","message":"Получение ожидающих приглашений пользователя","timestamp":"2025-09-10 11:37:27","userId":1}
{"level":"info","message":"Получение заданий для пользователя ID: 1","timestamp":"2025-09-10 11:37:27"}
{"level":"info","message":"Получение ожидающих приглашений пользователя","timestamp":"2025-09-10 11:37:27","userId":1}
{"level":"info","message":"Получение заданий для пользователя ID: 1","timestamp":"2025-09-10 11:37:27"}
{"level":"info","message":"Получение ожидающих приглашений пользователя","timestamp":"2025-09-10 11:37:27","userId":1}
{"level":"info","message":"Получение ожидающих приглашений пользователя","timestamp":"2025-09-10 11:37:27","userId":1}
{"level":"info","message":"Получение заданий для пользователя ID: 1","timestamp":"2025-09-10 11:37:27"}
{"level":"info","message":"Получение ожидающих приглашений пользователя","timestamp":"2025-09-10 11:37:27","userId":1}
{"level":"info","message":"Получение заданий для пользователя ID: 1","timestamp":"2025-09-10 11:37:27"}
{"level":"info","message":"Получение ожидающих приглашений пользователя","timestamp":"2025-09-10 11:37:27","userId":1}
{"level":"info","message":"Получение ожидающих приглашений пользователя","timestamp":"2025-09-10 11:37:27","userId":1}
{"level":"info","message":"Получение заданий для пользователя ID: 1","timestamp":"2025-09-10 11:37:27"}
{"level":"info","message":"Получение ожидающих приглашений пользователя","timestamp":"2025-09-10 11:37:27","userId":1}
{"level":"info","message":"Получение заданий для пользователя ID: 1","timestamp":"2025-09-10 11:37:27"}
{"level":"info","message":"Получение ожидающих приглашений пользователя","timestamp":"2025-09-10 11:37:27","userId":1}
{"level":"info","message":"Получение ожидающих приглашений пользователя","timestamp":"2025-09-10 11:37:27","userId":1}
{"level":"info","message":"Получение заданий для пользователя ID: 1","timestamp":"2025-09-10 11:37:27"}
{"level":"info","message":"Получение ожидающих приглашений пользователя","timestamp":"2025-09-10 11:37:27","userId":1}
{"level":"info","message":"Получение ожидающих приглашений пользователя","timestamp":"2025-09-10 11:37:27","userId":1}
{"level":"info","message":"Получение заданий для пользователя ID: 1","timestamp":"2025-09-10 11:37:27"}
{"level":"info","message":"Получение ожидающих приглашений пользователя","timestamp":"2025-09-10 11:37:27","userId":1}
{"level":"info","message":"Получение заданий для пользователя ID: 1","timestamp":"2025-09-10 11:37:27"}
{"level":"info","message":"Получение ожидающих приглашений пользователя","timestamp":"2025-09-10 11:37:27","userId":1}
{"level":"info","message":"Получение заданий для пользователя ID: 1","timestamp":"2025-09-10 11:37:27"}
{"level":"info","message":"Получение ожидающих приглашений пользователя","timestamp":"2025-09-10 11:37:27","userId":1}
{"level":"info","message":"Получение ожидающих приглашений пользователя","timestamp":"2025-09-10 11:37:27","userId":1}
{"level":"info","message":"Получение заданий для пользователя ID: 1","timestamp":"2025-09-10 11:37:27"}
{"level":"info","message":"Получение ожидающих приглашений пользователя","timestamp":"2025-09-10 11:37:27","userId":1}
{"level":"info","message":"Получение заданий для пользователя ID: 1","timestamp":"2025-09-10 11:37:27"}
{"level":"info","message":"Получение ожидающих приглашений пользователя","timestamp":"2025-09-10 11:37:27","userId":1}
{"level":"info","message":"Получение заданий для пользователя ID: 1","timestamp":"2025-09-10 11:37:27"}
{"level":"info","message":"Получение ожидающих приглашений пользователя","timestamp":"2025-09-10 11:37:27","userId":1}
{"level":"info","message":"Получение ожидающих приглашений пользователя","timestamp":"2025-09-10 11:37:27","userId":1}
{"level":"info","message":"Получение заданий для пользователя ID: 1","timestamp":"2025-09-10 11:37:27"}
{"level":"info","message":"Получение ожидающих приглашений пользователя","timestamp":"2025-09-10 11:37:27","userId":1}
{"level":"info","message":"Получение ожидающих приглашений пользователя","timestamp":"2025-09-10 11:37:27","userId":1}
{"level":"info","message":"Получение заданий для пользователя ID: 1","timestamp":"2025-09-10 11:37:27"}
{"level":"info","message":"Получение ожидающих приглашений пользователя","timestamp":"2025-09-10 11:37:27","userId":1}
{"level":"info","message":"Получение заданий для пользователя ID: 1","timestamp":"2025-09-10 11:37:27"}
{"level":"info","message":"Получение ожидающих приглашений пользователя","timestamp":"2025-09-10 11:37:27","userId":1}
{"level":"info","message":"Получение заданий для пользователя ID: 1","timestamp":"2025-09-10 11:37:27"}
{"level":"info","message":"Получение ожидающих приглашений пользователя","timestamp":"2025-09-10 11:37:27","userId":1}
{"level":"info","message":"Получение ожидающих приглашений пользователя","timestamp":"2025-09-10 11:37:28","userId":1}
{"level":"info","message":"Получение заданий для пользователя ID: 1","timestamp":"2025-09-10 11:37:28"}
{"level":"info","message":"Получение ожидающих приглашений пользователя","timestamp":"2025-09-10 11:37:28","userId":1}
{"level":"info","message":"Получение заданий для пользователя ID: 1","timestamp":"2025-09-10 11:37:28"}
{"level":"info","message":"Получение ожидающих приглашений пользователя","timestamp":"2025-09-10 11:37:28","userId":1}
{"level":"info","message":"Получение заданий для пользователя ID: 1","timestamp":"2025-09-10 11:37:28"}
{"level":"info","message":"Получение ожидающих приглашений пользователя","timestamp":"2025-09-10 11:37:28","userId":1}
{"level":"info","message":"Получение заданий для пользователя ID: 1","timestamp":"2025-09-10 11:37:28"}
{"level":"info","message":"Получение ожидающих приглашений пользователя","timestamp":"2025-09-10 11:37:28","userId":1}
{"level":"info","message":"Получение заданий для пользователя ID: 1","timestamp":"2025-09-10 11:37:28"}
{"level":"info","message":"Получение ожидающих приглашений пользователя","timestamp":"2025-09-10 11:37:28","userId":1}
{"level":"info","message":"Получение ожидающих приглашений пользователя","timestamp":"2025-09-10 11:37:28","userId":1}
{"level":"info","message":"Получение заданий для пользователя ID: 1","timestamp":"2025-09-10 11:37:28"}
{"level":"info","message":"Получение ожидающих приглашений пользователя","timestamp":"2025-09-10 11:37:28","userId":1}
{"level":"info","message":"Получение заданий для пользователя ID: 1","timestamp":"2025-09-10 11:37:28"}
{"level":"info","message":"Получение ожидающих приглашений пользователя","timestamp":"2025-09-10 11:37:28","userId":1}
{"level":"info","message":"Получение заданий для пользователя ID: 1","timestamp":"2025-09-10 11:37:28"}
{"level":"info","message":"Получение ожидающих приглашений пользователя","timestamp":"2025-09-10 11:37:28","userId":1}
{"level":"info","message":"Получение ожидающих приглашений пользователя","timestamp":"2025-09-10 11:37:28","userId":1}
{"level":"info","message":"Получение заданий для пользователя ID: 1","timestamp":"2025-09-10 11:37:28"}
{"level":"info","message":"Получение ожидающих приглашений пользователя","timestamp":"2025-09-10 11:37:28","userId":1}
{"level":"info","message":"Получение заданий для пользователя ID: 1","timestamp":"2025-09-10 11:37:28"}
{"level":"info","message":"Получение ожидающих приглашений пользователя","timestamp":"2025-09-10 11:37:28","userId":1}
{"level":"info","message":"Получение заданий для пользователя ID: 1","timestamp":"2025-09-10 11:37:28"}
{"level":"info","message":"Получение ожидающих приглашений пользователя","timestamp":"2025-09-10 11:37:28","userId":1}
{"level":"info","message":"Получение заданий для пользователя ID: 1","timestamp":"2025-09-10 11:37:28"}
{"level":"info","message":"Получение ожидающих приглашений пользователя","timestamp":"2025-09-10 11:37:28","userId":1}
{"level":"info","message":"Получение заданий для пользователя ID: 1","timestamp":"2025-09-10 11:37:28"}
{"level":"info","message":"Получение ожидающих приглашений пользователя","timestamp":"2025-09-10 11:37:28","userId":1}
{"level":"info","message":"Получение заданий для пользователя ID: 1","timestamp":"2025-09-10 11:37:28"}
{"level":"info","message":"Получение ожидающих приглашений пользователя","timestamp":"2025-09-10 11:37:28","userId":1}
{"level":"info","message":"Получение ожидающих приглашений пользователя","timestamp":"2025-09-10 11:37:28","userId":1}
{"level":"info","message":"Получение заданий для пользователя ID: 1","timestamp":"2025-09-10 11:37:28"}
{"level":"info","message":"Получение ожидающих приглашений пользователя","timestamp":"2025-09-10 11:37:28","userId":1}
{"level":"info","message":"Получение заданий для пользователя ID: 1","timestamp":"2025-09-10 11:37:28"}
{"level":"info","message":"Получение ожидающих приглашений пользователя","timestamp":"2025-09-10 11:37:28","userId":1}
{"level":"info","message":"Получение ожидающих приглашений пользователя","timestamp":"2025-09-10 11:37:28","userId":1}
{"level":"info","message":"Получение заданий для пользователя ID: 1","timestamp":"2025-09-10 11:37:28"}
{"level":"info","message":"Получение ожидающих приглашений пользователя","timestamp":"2025-09-10 11:37:28","userId":1}
{"level":"info","message":"Получение заданий для пользователя ID: 1","timestamp":"2025-09-10 11:37:28"}
{"level":"info","message":"Получение ожидающих приглашений пользователя","timestamp":"2025-09-10 11:37:28","userId":1}
{"level":"info","message":"Получение заданий для пользователя ID: 1","timestamp":"2025-09-10 11:37:28"}
{"level":"info","message":"Получение ожидающих приглашений пользователя","timestamp":"2025-09-10 11:37:28","userId":1}
{"level":"info","message":"Получение ожидающих приглашений пользователя","timestamp":"2025-09-10 11:37:28","userId":1}
{"level":"info","message":"Получение заданий для пользователя ID: 1","timestamp":"2025-09-10 11:37:28"}
{"level":"info","message":"Получение ожидающих приглашений пользователя","timestamp":"2025-09-10 11:37:28","userId":1}
{"level":"info","message":"Получение заданий для пользователя ID: 1","timestamp":"2025-09-10 11:37:28"}
{"level":"info","message":"Получение ожидающих приглашений пользователя","timestamp":"2025-09-10 11:37:28","userId":1}
{"level":"info","message":"Получение заданий для пользователя ID: 1","timestamp":"2025-09-10 11:37:28"}
{"level":"info","message":"Получение ожидающих приглашений пользователя","timestamp":"2025-09-10 11:37:28","userId":1}
{"level":"info","message":"Получение заданий для пользователя ID: 1","timestamp":"2025-09-10 11:37:28"}
{"level":"info","message":"Получение ожидающих приглашений пользователя","timestamp":"2025-09-10 11:37:28","userId":1}
{"level":"info","message":"Получение ожидающих приглашений пользователя","timestamp":"2025-09-10 11:37:28","userId":1}
{"level":"info","message":"Получение заданий для пользователя ID: 1","timestamp":"2025-09-10 11:37:28"}
{"level":"info","message":"Получение ожидающих приглашений пользователя","timestamp":"2025-09-10 11:37:28","userId":1}
{"level":"info","message":"Получение заданий для пользователя ID: 1","timestamp":"2025-09-10 11:37:28"}
{"level":"info","message":"Получение ожидающих приглашений пользователя","timestamp":"2025-09-10 11:37:28","userId":1}
{"level":"info","message":"Получение ожидающих приглашений пользователя","timestamp":"2025-09-10 11:37:28","userId":1}
{"level":"info","message":"Получение заданий для пользователя ID: 1","timestamp":"2025-09-10 11:37:28"}
{"level":"info","message":"Получение ожидающих приглашений пользователя","timestamp":"2025-09-10 11:37:28","userId":1}
{"level":"info","message":"Получение заданий для пользователя ID: 1","timestamp":"2025-09-10 11:37:28"}
{"level":"info","message":"Получение ожидающих приглашений пользователя","timestamp":"2025-09-10 11:37:28","userId":1}
{"level":"info","message":"Получение заданий для пользователя ID: 1","timestamp":"2025-09-10 11:37:28"}
{"level":"info","message":"Получение ожидающих приглашений пользователя","timestamp":"2025-09-10 11:37:28","userId":1}
{"level":"info","message":"Получение заданий для пользователя ID: 1","timestamp":"2025-09-10 11:37:28"}
{"level":"info","message":"Получение ожидающих приглашений пользователя","timestamp":"2025-09-10 11:37:28","userId":1}
{"level":"info","message":"Получение ожидающих приглашений пользователя","timestamp":"2025-09-10 11:37:28","userId":1}
{"level":"info","message":"Получение заданий для пользователя ID: 1","timestamp":"2025-09-10 11:37:28"}
{"level":"info","message":"Получение ожидающих приглашений пользователя","timestamp":"2025-09-10 11:37:28","userId":1}
{"level":"info","message":"Получение заданий для пользователя ID: 1","timestamp":"2025-09-10 11:37:28"}
{"level":"info","message":"Получение ожидающих приглашений пользователя","timestamp":"2025-09-10 11:37:28","userId":1}
{"level":"info","message":"Получение заданий для пользователя ID: 1","timestamp":"2025-09-10 11:37:28"}
{"level":"info","message":"Получение ожидающих приглашений пользователя","timestamp":"2025-09-10 11:37:28","userId":1}
{"level":"info","message":"Получение ожидающих приглашений пользователя","timestamp":"2025-09-10 11:37:28","userId":1}
{"level":"info","message":"Получение заданий для пользователя ID: 1","timestamp":"2025-09-10 11:37:28"}
{"level":"info","message":"Получение ожидающих приглашений пользователя","timestamp":"2025-09-10 11:37:28","userId":1}
{"level":"info","message":"Получение заданий для пользователя ID: 1","timestamp":"2025-09-10 11:37:28"}
{"level":"info","message":"Получение ожидающих приглашений пользователя","timestamp":"2025-09-10 11:37:28","userId":1}
{"level":"info","message":"Получение заданий для пользователя ID: 1","timestamp":"2025-09-10 11:37:28"}
{"level":"info","message":"Получение ожидающих приглашений пользователя","timestamp":"2025-09-10 11:37:28","userId":1}
{"level":"info","message":"Получение заданий для пользователя ID: 1","timestamp":"2025-09-10 11:37:28"}
{"level":"info","message":"Получение ожидающих приглашений пользователя","timestamp":"2025-09-10 11:37:28","userId":1}
{"level":"info","message":"Получение заданий для пользователя ID: 1","timestamp":"2025-09-10 11:37:28"}
{"level":"info","message":"Получение ожидающих приглашений пользователя","timestamp":"2025-09-10 11:37:28","userId":1}
{"level":"info","message":"Получение ожидающих приглашений пользователя","timestamp":"2025-09-10 11:37:28","userId":1}
{"level":"info","message":"Получение заданий для пользователя ID: 1","timestamp":"2025-09-10 11:37:28"}
{"level":"info","message":"Получение ожидающих приглашений пользователя","timestamp":"2025-09-10 11:37:28","userId":1}
{"level":"info","message":"Получение заданий для пользователя ID: 1","timestamp":"2025-09-10 11:37:28"}
{"level":"info","message":"Получение ожидающих приглашений пользователя","timestamp":"2025-09-10 11:37:28","userId":1}
{"level":"info","message":"Получение заданий для пользователя ID: 1","timestamp":"2025-09-10 11:37:28"}
{"level":"info","message":"Получение ожидающих приглашений пользователя","timestamp":"2025-09-10 11:37:28","userId":1}
{"level":"info","message":"Получение ожидающих приглашений пользователя","timestamp":"2025-09-10 11:37:28","userId":1}
{"level":"info","message":"Получение заданий для пользователя ID: 1","timestamp":"2025-09-10 11:37:28"}
{"level":"info","message":"Получение ожидающих приглашений пользователя","timestamp":"2025-09-10 11:37:28","userId":1}
{"level":"info","message":"Получение заданий для пользователя ID: 1","timestamp":"2025-09-10 11:37:28"}
{"level":"info","message":"Получение ожидающих приглашений пользователя","timestamp":"2025-09-10 11:37:28","userId":1}
{"level":"info","message":"Получение заданий для пользователя ID: 1","timestamp":"2025-09-10 11:37:28"}
{"level":"info","message":"Получение ожидающих приглашений пользователя","timestamp":"2025-09-10 11:37:28","userId":1}
{"level":"info","message":"Получение заданий для пользователя ID: 1","timestamp":"2025-09-10 11:37:28"}
{"level":"info","message":"Получение ожидающих приглашений пользователя","timestamp":"2025-09-10 11:37:28","userId":1}
{"level":"info","message":"Получение ожидающих приглашений пользователя","timestamp":"2025-09-10 11:37:28","userId":1}
{"level":"info","message":"Получение заданий для пользователя ID: 1","timestamp":"2025-09-10 11:37:28"}
{"level":"info","message":"Получение ожидающих приглашений пользователя","timestamp":"2025-09-10 11:37:28","userId":1}
{"level":"info","message":"Получение заданий для пользователя ID: 1","timestamp":"2025-09-10 11:37:28"}
{"level":"info","message":"Получение ожидающих приглашений пользователя","timestamp":"2025-09-10 11:37:28","userId":1}
{"level":"info","message":"Получение ожидающих приглашений пользователя","timestamp":"2025-09-10 11:37:28","userId":1}
{"level":"info","message":"Получение заданий для пользователя ID: 1","timestamp":"2025-09-10 11:37:28"}
{"level":"info","message":"Получение ожидающих приглашений пользователя","timestamp":"2025-09-10 11:37:28","userId":1}
{"level":"info","message":"Получение заданий для пользователя ID: 1","timestamp":"2025-09-10 11:37:28"}
{"level":"info","message":"Получение ожидающих приглашений пользователя","timestamp":"2025-09-10 11:37:28","userId":1}
{"level":"info","message":"Получение ожидающих приглашений пользователя","timestamp":"2025-09-10 11:37:28","userId":1}
{"level":"info","message":"Получение заданий для пользователя ID: 1","timestamp":"2025-09-10 11:37:28"}
{"level":"info","message":"Получение ожидающих приглашений пользователя","timestamp":"2025-09-10 11:37:28","userId":1}
{"level":"info","message":"Получение ожидающих приглашений пользователя","timestamp":"2025-09-10 11:37:28","userId":1}
{"level":"info","message":"Получение заданий для пользователя ID: 1","timestamp":"2025-09-10 11:37:28"}
{"level":"info","message":"Получение ожидающих приглашений пользователя","timestamp":"2025-09-10 11:37:28","userId":1}
{"level":"info","message":"Получение заданий для пользователя ID: 1","timestamp":"2025-09-10 11:37:28"}
{"level":"info","message":"Получение ожидающих приглашений пользователя","timestamp":"2025-09-10 11:37:28","userId":1}
{"level":"info","message":"Получение заданий для пользователя ID: 1","timestamp":"2025-09-10 11:37:28"}
{"level":"info","message":"Получение ожидающих приглашений пользователя","timestamp":"2025-09-10 11:37:28","userId":1}
{"level":"info","message":"Получение ожидающих приглашений пользователя","timestamp":"2025-09-10 11:37:28","userId":1}
{"level":"info","message":"Получение заданий для пользователя ID: 1","timestamp":"2025-09-10 11:37:28"}
{"level":"info","message":"Получение ожидающих приглашений пользователя","timestamp":"2025-09-10 11:37:28","userId":1}
{"level":"info","message":"Получение заданий для пользователя ID: 1","timestamp":"2025-09-10 11:37:28"}
{"level":"info","message":"Получение ожидающих приглашений пользователя","timestamp":"2025-09-10 11:37:28","userId":1}
{"level":"info","message":"Получение заданий для пользователя ID: 1","timestamp":"2025-09-10 11:37:28"}
{"level":"info","message":"Получение ожидающих приглашений пользователя","timestamp":"2025-09-10 11:37:28","userId":1}
{"level":"info","message":"Получение ожидающих приглашений пользователя","timestamp":"2025-09-10 11:37:28","userId":1}
{"level":"info","message":"Получение заданий для пользователя ID: 1","timestamp":"2025-09-10 11:37:28"}
{"level":"info","message":"Получение ожидающих приглашений пользователя","timestamp":"2025-09-10 11:37:28","userId":1}
{"level":"info","message":"Получение заданий для пользователя ID: 1","timestamp":"2025-09-10 11:37:28"}
{"level":"info","message":"Получение ожидающих приглашений пользователя","timestamp":"2025-09-10 11:37:28","userId":1}
{"level":"info","message":"Получение заданий для пользователя ID: 1","timestamp":"2025-09-10 11:37:28"}
{"level":"info","message":"Получение ожидающих приглашений пользователя","timestamp":"2025-09-10 11:37:28","userId":1}
{"level":"info","message":"Получение заданий для пользователя ID: 1","timestamp":"2025-09-10 11:37:28"}
{"level":"info","message":"Получение ожидающих приглашений пользователя","timestamp":"2025-09-10 11:37:28","userId":1}
{"level":"info","message":"Получение заданий для пользователя ID: 1","timestamp":"2025-09-10 11:37:28"}
{"level":"info","message":"Получение ожидающих приглашений пользователя","timestamp":"2025-09-10 11:37:28","userId":1}
{"level":"info","message":"Получение заданий для пользователя ID: 1","timestamp":"2025-09-10 11:37:28"}
{"level":"info","message":"Получение ожидающих приглашений пользователя","timestamp":"2025-09-10 11:37:28","userId":1}
{"level":"info","message":"Получение заданий для пользователя ID: 1","timestamp":"2025-09-10 11:37:28"}
{"level":"info","message":"Получение ожидающих приглашений пользователя","timestamp":"2025-09-10 11:37:28","userId":1}
{"level":"info","message":"Получение ожидающих приглашений пользователя","timestamp":"2025-09-10 11:37:28","userId":1}
{"level":"info","message":"Получение заданий для пользователя ID: 1","timestamp":"2025-09-10 11:37:28"}
{"level":"info","message":"Получение ожидающих приглашений пользователя","timestamp":"2025-09-10 11:37:28","userId":1}
{"level":"info","message":"Получение заданий для пользователя ID: 1","timestamp":"2025-09-10 11:37:28"}
{"level":"info","message":"Получение ожидающих приглашений пользователя","timestamp":"2025-09-10 11:37:28","userId":1}
{"level":"info","message":"Получение ожидающих приглашений пользователя","timestamp":"2025-09-10 11:37:28","userId":1}
{"level":"info","message":"Получение заданий для пользователя ID: 1","timestamp":"2025-09-10 11:37:28"}
{"level":"info","message":"Получение ожидающих приглашений пользователя","timestamp":"2025-09-10 11:37:28","userId":1}
{"level":"info","message":"Получение заданий для пользователя ID: 1","timestamp":"2025-09-10 11:37:28"}
{"level":"info","message":"Получение ожидающих приглашений пользователя","timestamp":"2025-09-10 11:37:28","userId":1}
{"level":"info","message":"Получение заданий для пользователя ID: 1","timestamp":"2025-09-10 11:37:28"}
{"level":"info","message":"Получение ожидающих приглашений пользователя","timestamp":"2025-09-10 11:37:28","userId":1}
{"level":"info","message":"Получение ожидающих приглашений пользователя","timestamp":"2025-09-10 11:37:28","userId":1}
{"level":"info","message":"Получение заданий для пользователя ID: 1","timestamp":"2025-09-10 11:37:28"}
{"level":"info","message":"Получение ожидающих приглашений пользователя","timestamp":"2025-09-10 11:37:28","userId":1}
{"level":"info","message":"Получение заданий для пользователя ID: 1","timestamp":"2025-09-10 11:37:28"}
{"level":"info","message":"Получение ожидающих приглашений пользователя","timestamp":"2025-09-10 11:37:28","userId":1}
{"level":"info","message":"Получение заданий для пользователя ID: 1","timestamp":"2025-09-10 11:37:28"}
{"level":"info","message":"Получение ожидающих приглашений пользователя","timestamp":"2025-09-10 11:37:28","userId":1}
{"level":"info","message":"Получение заданий для пользователя ID: 1","timestamp":"2025-09-10 11:37:28"}
{"level":"info","message":"Получение ожидающих приглашений пользователя","timestamp":"2025-09-10 11:37:28","userId":1}
{"level":"info","message":"Получение заданий для пользователя ID: 1","timestamp":"2025-09-10 11:37:28"}
{"level":"info","message":"Получение ожидающих приглашений пользователя","timestamp":"2025-09-10 11:37:28","userId":1}
{"level":"info","message":"Получение заданий для пользователя ID: 1","timestamp":"2025-09-10 11:37:28"}
{"level":"info","message":"Получение ожидающих приглашений пользователя","timestamp":"2025-09-10 11:37:28","userId":1}
{"level":"info","message":"Получение заданий для пользователя ID: 1","timestamp":"2025-09-10 11:37:28"}
{"level":"info","message":"Получение ожидающих приглашений пользователя","timestamp":"2025-09-10 11:37:29","userId":1}
{"level":"info","message":"Получение заданий для пользователя ID: 1","timestamp":"2025-09-10 11:37:29"}
{"level":"info","message":"Получение ожидающих приглашений пользователя","timestamp":"2025-09-10 11:37:29","userId":1}
{"level":"info","message":"Получение ожидающих приглашений пользователя","timestamp":"2025-09-10 11:37:29","userId":1}
{"level":"info","message":"Получение заданий для пользователя ID: 1","timestamp":"2025-09-10 11:37:29"}
{"level":"info","message":"Получение ожидающих приглашений пользователя","timestamp":"2025-09-10 11:37:29","userId":1}
{"level":"info","message":"Получение заданий для пользователя ID: 1","timestamp":"2025-09-10 11:37:29"}
{"level":"info","message":"Получение ожидающих приглашений пользователя","timestamp":"2025-09-10 11:37:29","userId":1}
{"level":"info","message":"Получение заданий для пользователя ID: 1","timestamp":"2025-09-10 11:37:29"}
{"level":"info","message":"Получение ожидающих приглашений пользователя","timestamp":"2025-09-10 11:37:29","userId":1}
{"level":"info","message":"Получение заданий для пользователя ID: 1","timestamp":"2025-09-10 11:37:29"}
{"level":"info","message":"Получение ожидающих приглашений пользователя","timestamp":"2025-09-10 11:37:29","userId":1}
{"level":"info","message":"Получение заданий для пользователя ID: 1","timestamp":"2025-09-10 11:37:29"}
{"level":"info","message":"Получение ожидающих приглашений пользователя","timestamp":"2025-09-10 11:37:29","userId":1}
{"level":"info","message":"Получение заданий для пользователя ID: 1","timestamp":"2025-09-10 11:37:29"}
{"level":"info","message":"Получение ожидающих приглашений пользователя","timestamp":"2025-09-10 11:37:29","userId":1}
{"level":"info","message":"Получение заданий для пользователя ID: 1","timestamp":"2025-09-10 11:37:29"}
{"level":"info","message":"Получение ожидающих приглашений пользователя","timestamp":"2025-09-10 11:37:29","userId":1}
{"level":"info","message":"Получение ожидающих приглашений пользователя","timestamp":"2025-09-10 11:37:29","userId":1}
{"level":"info","message":"Получение заданий для пользователя ID: 1","timestamp":"2025-09-10 11:37:29"}
{"level":"info","message":"Получение ожидающих приглашений пользователя","timestamp":"2025-09-10 11:37:29","userId":1}
{"level":"info","message":"Получение заданий для пользователя ID: 1","timestamp":"2025-09-10 11:37:29"}
{"level":"info","message":"Получение ожидающих приглашений пользователя","timestamp":"2025-09-10 11:37:29","userId":1}
{"level":"info","message":"Получение заданий для пользователя ID: 1","timestamp":"2025-09-10 11:37:29"}
{"level":"info","message":"Получение ожидающих приглашений пользователя","timestamp":"2025-09-10 11:37:29","userId":1}
{"level":"info","message":"Получение заданий для пользователя ID: 1","timestamp":"2025-09-10 11:37:29"}
{"level":"info","message":"Получение ожидающих приглашений пользователя","timestamp":"2025-09-10 11:37:29","userId":1}
{"level":"info","message":"Получение ожидающих приглашений пользователя","timestamp":"2025-09-10 11:37:29","userId":1}
{"level":"info","message":"Получение заданий для пользователя ID: 1","timestamp":"2025-09-10 11:37:29"}
{"level":"info","message":"Получение ожидающих приглашений пользователя","timestamp":"2025-09-10 11:37:29","userId":1}
{"level":"info","message":"Получение заданий для пользователя ID: 1","timestamp":"2025-09-10 11:37:29"}
{"level":"info","message":"Получение ожидающих приглашений пользователя","timestamp":"2025-09-10 11:37:29","userId":1}
{"level":"info","message":"Получение заданий для пользователя ID: 1","timestamp":"2025-09-10 11:37:29"}
{"level":"info","message":"Получение ожидающих приглашений пользователя","timestamp":"2025-09-10 11:37:29","userId":1}
{"level":"info","message":"Получение заданий для пользователя ID: 1","timestamp":"2025-09-10 11:37:29"}
{"level":"info","message":"Получение ожидающих приглашений пользователя","timestamp":"2025-09-10 11:37:29","userId":1}
{"level":"info","message":"Получение ожидающих приглашений пользователя","timestamp":"2025-09-10 11:37:29","userId":1}
{"level":"info","message":"Получение заданий для пользователя ID: 1","timestamp":"2025-09-10 11:37:29"}
{"level":"info","message":"Получение ожидающих приглашений пользователя","timestamp":"2025-09-10 11:37:29","userId":1}
{"level":"info","message":"Получение заданий для пользователя ID: 1","timestamp":"2025-09-10 11:37:29"}
{"level":"info","message":"Получение ожидающих приглашений пользователя","timestamp":"2025-09-10 11:37:29","userId":1}
{"level":"info","message":"Получение заданий для пользователя ID: 1","timestamp":"2025-09-10 11:37:29"}
{"level":"info","message":"Получение ожидающих приглашений пользователя","timestamp":"2025-09-10 11:37:29","userId":1}
{"level":"info","message":"Получение ожидающих приглашений пользователя","timestamp":"2025-09-10 11:37:29","userId":1}
{"level":"info","message":"Получение заданий для пользователя ID: 1","timestamp":"2025-09-10 11:37:29"}
{"level":"info","message":"Получение ожидающих приглашений пользователя","timestamp":"2025-09-10 11:37:29","userId":1}
{"level":"info","message":"Получение заданий для пользователя ID: 1","timestamp":"2025-09-10 11:37:29"}
{"level":"info","message":"Получение ожидающих приглашений пользователя","timestamp":"2025-09-10 11:37:29","userId":1}
{"level":"info","message":"Получение ожидающих приглашений пользователя","timestamp":"2025-09-10 11:37:29","userId":1}
{"level":"info","message":"Получение заданий для пользователя ID: 1","timestamp":"2025-09-10 11:37:29"}
{"level":"info","message":"Получение ожидающих приглашений пользователя","timestamp":"2025-09-10 11:37:29","userId":1}
{"level":"info","message":"Получение заданий для пользователя ID: 1","timestamp":"2025-09-10 11:37:29"}
{"level":"info","message":"Получение ожидающих приглашений пользователя","timestamp":"2025-09-10 11:37:29","userId":1}
{"level":"info","message":"Получение заданий для пользователя ID: 1","timestamp":"2025-09-10 11:37:29"}
{"level":"info","message":"Получение ожидающих приглашений пользователя","timestamp":"2025-09-10 11:37:29","userId":1}
{"level":"info","message":"Получение ожидающих приглашений пользователя","timestamp":"2025-09-10 11:37:29","userId":1}
{"level":"info","message":"Получение заданий для пользователя ID: 1","timestamp":"2025-09-10 11:37:29"}
{"level":"info","message":"Получение ожидающих приглашений пользователя","timestamp":"2025-09-10 11:37:29","userId":1}
{"level":"info","message":"Получение заданий для пользователя ID: 1","timestamp":"2025-09-10 11:37:29"}
{"level":"info","message":"Получение ожидающих приглашений пользователя","timestamp":"2025-09-10 11:37:29","userId":1}
{"level":"info","message":"Получение заданий для пользователя ID: 1","timestamp":"2025-09-10 11:37:29"}
{"level":"info","message":"Получение ожидающих приглашений пользователя","timestamp":"2025-09-10 11:37:29","userId":1}
{"level":"info","message":"Получение ожидающих приглашений пользователя","timestamp":"2025-09-10 11:37:29","userId":1}
{"level":"info","message":"Получение заданий для пользователя ID: 1","timestamp":"2025-09-10 11:37:29"}
{"level":"info","message":"Получение ожидающих приглашений пользователя","timestamp":"2025-09-10 11:37:29","userId":1}
{"level":"info","message":"Получение заданий для пользователя ID: 1","timestamp":"2025-09-10 11:37:29"}
{"level":"info","message":"Получение ожидающих приглашений пользователя","timestamp":"2025-09-10 11:37:29","userId":1}
{"level":"info","message":"Получение заданий для пользователя ID: 1","timestamp":"2025-09-10 11:37:29"}
{"level":"info","message":"Получение ожидающих приглашений пользователя","timestamp":"2025-09-10 11:37:29","userId":1}
{"level":"info","message":"Получение заданий для пользователя ID: 1","timestamp":"2025-09-10 11:37:29"}
{"level":"info","message":"Получение ожидающих приглашений пользователя","timestamp":"2025-09-10 11:37:29","userId":1}
{"level":"info","message":"Получение ожидающих приглашений пользователя","timestamp":"2025-09-10 11:37:29","userId":1}
{"level":"info","message":"Получение заданий для пользователя ID: 1","timestamp":"2025-09-10 11:37:29"}
{"level":"info","message":"Получение ожидающих приглашений пользователя","timestamp":"2025-09-10 11:37:29","userId":1}
{"level":"info","message":"Получение заданий для пользователя ID: 1","timestamp":"2025-09-10 11:37:29"}
{"level":"info","message":"Получение ожидающих приглашений пользователя","timestamp":"2025-09-10 11:37:29","userId":1}
{"level":"info","message":"Получение ожидающих приглашений пользователя","timestamp":"2025-09-10 11:37:29","userId":1}
{"level":"info","message":"Получение заданий для пользователя ID: 1","timestamp":"2025-09-10 11:37:29"}
{"level":"info","message":"Получение ожидающих приглашений пользователя","timestamp":"2025-09-10 11:37:29","userId":1}
{"level":"info","message":"Получение заданий для пользователя ID: 1","timestamp":"2025-09-10 11:37:29"}
{"level":"info","message":"Получение ожидающих приглашений пользователя","timestamp":"2025-09-10 11:37:29","userId":1}
{"level":"info","message":"Получение заданий для пользователя ID: 1","timestamp":"2025-09-10 11:37:29"}
{"level":"info","message":"Получение ожидающих приглашений пользователя","timestamp":"2025-09-10 11:37:29","userId":1}
{"level":"info","message":"Получение ожидающих приглашений пользователя","timestamp":"2025-09-10 11:37:29","userId":1}
{"level":"info","message":"Получение заданий для пользователя ID: 1","timestamp":"2025-09-10 11:37:29"}
{"level":"info","message":"Получение ожидающих приглашений пользователя","timestamp":"2025-09-10 11:37:29","userId":1}
{"level":"info","message":"Получение ожидающих приглашений пользователя","timestamp":"2025-09-10 11:37:29","userId":1}
{"level":"info","message":"Получение заданий для пользователя ID: 1","timestamp":"2025-09-10 11:37:29"}
{"level":"info","message":"Получение ожидающих приглашений пользователя","timestamp":"2025-09-10 11:37:29","userId":1}
{"level":"info","message":"Получение заданий для пользователя ID: 1","timestamp":"2025-09-10 11:37:29"}
{"level":"info","message":"Получение ожидающих приглашений пользователя","timestamp":"2025-09-10 11:37:29","userId":1}
{"level":"info","message":"Получение заданий для пользователя ID: 1","timestamp":"2025-09-10 11:37:29"}
{"level":"info","message":"Получение ожидающих приглашений пользователя","timestamp":"2025-09-10 11:37:29","userId":1}
{"level":"info","message":"Получение заданий для пользователя ID: 1","timestamp":"2025-09-10 11:37:29"}
{"level":"info","message":"Получение ожидающих приглашений пользователя","timestamp":"2025-09-10 11:37:29","userId":1}
{"level":"info","message":"Получение ожидающих приглашений пользователя","timestamp":"2025-09-10 11:37:29","userId":1}
{"level":"info","message":"Получение заданий для пользователя ID: 1","timestamp":"2025-09-10 11:37:29"}
{"level":"info","message":"Получение ожидающих приглашений пользователя","timestamp":"2025-09-10 11:37:29","userId":1}
{"level":"info","message":"Получение заданий для пользователя ID: 1","timestamp":"2025-09-10 11:37:29"}
{"level":"info","message":"Получение ожидающих приглашений пользователя","timestamp":"2025-09-10 11:37:29","userId":1}
{"level":"info","message":"Получение заданий для пользователя ID: 1","timestamp":"2025-09-10 11:37:29"}
{"level":"info","message":"Получение ожидающих приглашений пользователя","timestamp":"2025-09-10 11:37:29","userId":1}
{"level":"info","message":"Получение заданий для пользователя ID: 1","timestamp":"2025-09-10 11:37:29"}
{"level":"info","message":"Получение ожидающих приглашений пользователя","timestamp":"2025-09-10 11:37:29","userId":1}
{"level":"info","message":"Получение ожидающих приглашений пользователя","timestamp":"2025-09-10 11:37:29","userId":1}
{"level":"info","message":"Получение заданий для пользователя ID: 1","timestamp":"2025-09-10 11:37:29"}
{"level":"info","message":"Получение ожидающих приглашений пользователя","timestamp":"2025-09-10 11:37:29","userId":1}
{"level":"info","message":"Получение заданий для пользователя ID: 1","timestamp":"2025-09-10 11:37:29"}
{"level":"info","message":"Получение ожидающих приглашений пользователя","timestamp":"2025-09-10 11:37:29","userId":1}
{"level":"info","message":"Получение заданий для пользователя ID: 1","timestamp":"2025-09-10 11:37:29"}
{"level":"info","message":"Получение ожидающих приглашений пользователя","timestamp":"2025-09-10 11:37:29","userId":1}
{"level":"info","message":"Получение ожидающих приглашений пользователя","timestamp":"2025-09-10 11:37:29","userId":1}
{"level":"info","message":"Получение заданий для пользователя ID: 1","timestamp":"2025-09-10 11:37:29"}
{"level":"info","message":"Получение ожидающих приглашений пользователя","timestamp":"2025-09-10 11:37:29","userId":1}
{"level":"info","message":"Получение заданий для пользователя ID: 1","timestamp":"2025-09-10 11:37:29"}
{"level":"info","message":"Получение заданий для пользователя ID: 1","timestamp":"2025-09-10 11:37:29"}
{"level":"info","message":"Получение ожидающих приглашений пользователя","timestamp":"2025-09-10 11:37:29","userId":1}
{"level":"info","message":"Получение заданий для пользователя ID: 1","timestamp":"2025-09-10 11:37:29"}
{"level":"info","message":"Получение ожидающих приглашений пользователя","timestamp":"2025-09-10 11:37:29","userId":1}
{"level":"info","message":"Получение ожидающих приглашений пользователя","timestamp":"2025-09-10 11:37:29","userId":1}
{"level":"info","message":"Получение заданий для пользователя ID: 1","timestamp":"2025-09-10 11:37:29"}
{"level":"info","message":"Получение ожидающих приглашений пользователя","timestamp":"2025-09-10 11:37:29","userId":1}
{"level":"info","message":"Получение заданий для пользователя ID: 1","timestamp":"2025-09-10 11:37:29"}
{"level":"info","message":"Получение ожидающих приглашений пользователя","timestamp":"2025-09-10 11:37:29","userId":1}
{"level":"info","message":"Получение заданий для пользователя ID: 1","timestamp":"2025-09-10 11:37:29"}
{"level":"info","message":"Получение ожидающих приглашений пользователя","timestamp":"2025-09-10 11:37:29","userId":1}
{"level":"info","message":"Получение заданий для пользователя ID: 1","timestamp":"2025-09-10 11:37:29"}
{"level":"info","message":"Получение ожидающих приглашений пользователя","timestamp":"2025-09-10 11:37:29","userId":1}
{"level":"info","message":"Получение заданий для пользователя ID: 1","timestamp":"2025-09-10 11:37:29"}
{"level":"info","message":"Получение ожидающих приглашений пользователя","timestamp":"2025-09-10 11:37:29","userId":1}
{"level":"info","message":"Получение заданий для пользователя ID: 1","timestamp":"2025-09-10 11:37:29"}
{"level":"info","message":"Получение ожидающих приглашений пользователя","timestamp":"2025-09-10 11:37:29","userId":1}
{"level":"info","message":"Получение ожидающих приглашений пользователя","timestamp":"2025-09-10 11:37:29","userId":1}
{"level":"info","message":"Получение заданий для пользователя ID: 1","timestamp":"2025-09-10 11:37:29"}
{"level":"info","message":"Получение ожидающих приглашений пользователя","timestamp":"2025-09-10 11:37:29","userId":1}
{"level":"info","message":"Получение заданий для пользователя ID: 1","timestamp":"2025-09-10 11:37:29"}
{"level":"info","message":"Получение ожидающих приглашений пользователя","timestamp":"2025-09-10 11:37:29","userId":1}
{"level":"info","message":"Получение заданий для пользователя ID: 1","timestamp":"2025-09-10 11:37:29"}
{"level":"info","message":"Получение ожидающих приглашений пользователя","timestamp":"2025-09-10 11:37:29","userId":1}
{"level":"info","message":"Получение заданий для пользователя ID: 1","timestamp":"2025-09-10 11:37:29"}
{"level":"info","message":"Получение ожидающих приглашений пользователя","timestamp":"2025-09-10 11:37:29","userId":1}
{"level":"info","message":"Получение ожидающих приглашений пользователя","timestamp":"2025-09-10 11:37:29","userId":1}
{"level":"info","message":"Получение заданий для пользователя ID: 1","timestamp":"2025-09-10 11:37:29"}
{"level":"info","message":"Получение ожидающих приглашений пользователя","timestamp":"2025-09-10 11:37:29","userId":1}
{"level":"info","message":"Получение заданий для пользователя ID: 1","timestamp":"2025-09-10 11:37:29"}
{"level":"info","message":"Получение ожидающих приглашений пользователя","timestamp":"2025-09-10 11:37:29","userId":1}
{"level":"info","message":"Получение заданий для пользователя ID: 1","timestamp":"2025-09-10 11:37:29"}
{"level":"info","message":"Получение ожидающих приглашений пользователя","timestamp":"2025-09-10 11:37:29","userId":1}
{"level":"info","message":"Получение заданий для пользователя ID: 1","timestamp":"2025-09-10 11:37:29"}
{"level":"info","message":"Получение ожидающих приглашений пользователя","timestamp":"2025-09-10 11:37:29","userId":1}
{"level":"info","message":"Получение ожидающих приглашений пользователя","timestamp":"2025-09-10 11:37:29","userId":1}
{"level":"info","message":"Получение заданий для пользователя ID: 1","timestamp":"2025-09-10 11:37:29"}
{"level":"info","message":"Получение ожидающих приглашений пользователя","timestamp":"2025-09-10 11:37:29","userId":1}
{"level":"info","message":"Получение заданий для пользователя ID: 1","timestamp":"2025-09-10 11:37:29"}
{"level":"info","message":"Получение ожидающих приглашений пользователя","timestamp":"2025-09-10 11:37:29","userId":1}
{"level":"info","message":"Получение заданий для пользователя ID: 1","timestamp":"2025-09-10 11:37:29"}
{"level":"info","message":"Получение ожидающих приглашений пользователя","timestamp":"2025-09-10 11:37:29","userId":1}
{"level":"info","message":"Получение заданий для пользователя ID: 1","timestamp":"2025-09-10 11:37:29"}
{"level":"info","message":"Получение ожидающих приглашений пользователя","timestamp":"2025-09-10 11:37:29","userId":1}
{"level":"info","message":"Получение ожидающих приглашений пользователя","timestamp":"2025-09-10 11:37:29","userId":1}
{"level":"info","message":"Получение заданий для пользователя ID: 1","timestamp":"2025-09-10 11:37:29"}
{"level":"info","message":"Получение ожидающих приглашений пользователя","timestamp":"2025-09-10 11:37:29","userId":1}
{"level":"info","message":"Получение заданий для пользователя ID: 1","timestamp":"2025-09-10 11:37:29"}
{"level":"info","message":"Получение ожидающих приглашений пользователя","timestamp":"2025-09-10 11:37:29","userId":1}
{"level":"info","message":"Получение заданий для пользователя ID: 1","timestamp":"2025-09-10 11:37:29"}
{"level":"info","message":"Получение ожидающих приглашений пользователя","timestamp":"2025-09-10 11:37:29","userId":1}
{"level":"info","message":"Получение ожидающих приглашений пользователя","timestamp":"2025-09-10 11:37:29","userId":1}
{"level":"info","message":"Получение заданий для пользователя ID: 1","timestamp":"2025-09-10 11:37:29"}
{"level":"info","message":"Получение ожидающих приглашений пользователя","timestamp":"2025-09-10 11:37:29","userId":1}
{"level":"info","message":"Получение заданий для пользователя ID: 1","timestamp":"2025-09-10 11:37:29"}
{"level":"info","message":"Получение заданий для пользователя ID: 1","timestamp":"2025-09-10 11:37:29"}
{"level":"info","message":"Получение ожидающих приглашений пользователя","timestamp":"2025-09-10 11:37:30","userId":1}
{"level":"info","message":"Получение заданий для пользователя ID: 1","timestamp":"2025-09-10 11:37:30"}
{"level":"info","message":"Получение заданий для пользователя ID: 1","timestamp":"2025-09-10 11:37:30"}
{"level":"info","message":"Получение ожидающих приглашений пользователя","timestamp":"2025-09-10 11:37:30","userId":1}
{"level":"info","message":"Получение ожидающих приглашений пользователя","timestamp":"2025-09-10 11:37:30","userId":1}
{"level":"info","message":"Получение заданий для пользователя ID: 1","timestamp":"2025-09-10 11:37:30"}
{"level":"info","message":"Получение ожидающих приглашений пользователя","timestamp":"2025-09-10 11:37:30","userId":1}
{"level":"info","message":"Получение заданий для пользователя ID: 1","timestamp":"2025-09-10 11:37:30"}
{"level":"info","message":"Получение ожидающих приглашений пользователя","timestamp":"2025-09-10 11:37:30","userId":1}
{"level":"info","message":"Получение заданий для пользователя ID: 1","timestamp":"2025-09-10 11:37:30"}
{"level":"info","message":"Получение ожидающих приглашений пользователя","timestamp":"2025-09-10 11:37:30","userId":1}
{"level":"info","message":"Получение ожидающих приглашений пользователя","timestamp":"2025-09-10 11:37:30","userId":1}
{"level":"info","message":"Получение заданий для пользователя ID: 1","timestamp":"2025-09-10 11:37:30"}
{"level":"info","message":"Получение ожидающих приглашений пользователя","timestamp":"2025-09-10 11:37:30","userId":1}
{"level":"info","message":"Получение заданий для пользователя ID: 1","timestamp":"2025-09-10 11:37:30"}
{"level":"info","message":"Получение ожидающих приглашений пользователя","timestamp":"2025-09-10 11:37:30","userId":1}
{"level":"info","message":"Получение заданий для пользователя ID: 1","timestamp":"2025-09-10 11:37:30"}
{"level":"info","message":"Получение ожидающих приглашений пользователя","timestamp":"2025-09-10 11:37:30","userId":1}
{"level":"info","message":"Получение ожидающих приглашений пользователя","timestamp":"2025-09-10 11:37:30","userId":1}
{"level":"info","message":"Получение заданий для пользователя ID: 1","timestamp":"2025-09-10 11:37:30"}
{"level":"info","message":"Получение ожидающих приглашений пользователя","timestamp":"2025-09-10 11:37:30","userId":1}
{"level":"info","message":"Получение заданий для пользователя ID: 1","timestamp":"2025-09-10 11:37:30"}
{"level":"info","message":"Получение ожидающих приглашений пользователя","timestamp":"2025-09-10 11:37:30","userId":1}
{"level":"info","message":"Получение ожидающих приглашений пользователя","timestamp":"2025-09-10 11:37:30","userId":1}
{"level":"info","message":"Получение заданий для пользователя ID: 1","timestamp":"2025-09-10 11:37:30"}
{"level":"info","message":"Получение ожидающих приглашений пользователя","timestamp":"2025-09-10 11:37:30","userId":1}
{"level":"info","message":"Получение заданий для пользователя ID: 1","timestamp":"2025-09-10 11:37:30"}
{"level":"info","message":"Получение ожидающих приглашений пользователя","timestamp":"2025-09-10 11:37:30","userId":1}
{"level":"info","message":"Получение заданий для пользователя ID: 1","timestamp":"2025-09-10 11:37:30"}
{"level":"info","message":"Получение ожидающих приглашений пользователя","timestamp":"2025-09-10 11:37:30","userId":1}
{"level":"info","message":"Получение заданий для пользователя ID: 1","timestamp":"2025-09-10 11:37:30"}
{"level":"info","message":"Получение ожидающих приглашений пользователя","timestamp":"2025-09-10 11:37:30","userId":1}
{"level":"info","message":"Получение ожидающих приглашений пользователя","timestamp":"2025-09-10 11:37:30","userId":1}
{"level":"info","message":"Получение заданий для пользователя ID: 1","timestamp":"2025-09-10 11:37:30"}
{"level":"info","message":"Получение ожидающих приглашений пользователя","timestamp":"2025-09-10 11:37:30","userId":1}
{"level":"info","message":"Получение заданий для пользователя ID: 1","timestamp":"2025-09-10 11:37:30"}
{"level":"info","message":"Получение ожидающих приглашений пользователя","timestamp":"2025-09-10 11:37:30","userId":1}
{"level":"info","message":"Получение заданий для пользователя ID: 1","timestamp":"2025-09-10 11:37:30"}
{"level":"info","message":"Получение ожидающих приглашений пользователя","timestamp":"2025-09-10 11:37:30","userId":1}
{"level":"info","message":"Получение заданий для пользователя ID: 1","timestamp":"2025-09-10 11:37:30"}
{"level":"info","message":"Получение ожидающих приглашений пользователя","timestamp":"2025-09-10 11:37:30","userId":1}
{"level":"info","message":"Получение ожидающих приглашений пользователя","timestamp":"2025-09-10 11:37:30","userId":1}
{"level":"info","message":"Получение заданий для пользователя ID: 1","timestamp":"2025-09-10 11:37:30"}
{"level":"info","message":"Получение ожидающих приглашений пользователя","timestamp":"2025-09-10 11:37:30","userId":1}
{"level":"info","message":"Получение заданий для пользователя ID: 1","timestamp":"2025-09-10 11:37:30"}
{"level":"info","message":"Получение ожидающих приглашений пользователя","timestamp":"2025-09-10 11:37:30","userId":1}
{"level":"info","message":"Получение заданий для пользователя ID: 1","timestamp":"2025-09-10 11:37:30"}
{"level":"info","message":"Получение ожидающих приглашений пользователя","timestamp":"2025-09-10 11:37:30","userId":1}
{"level":"info","message":"Получение ожидающих приглашений пользователя","timestamp":"2025-09-10 11:37:30","userId":1}
{"level":"info","message":"Получение заданий для пользователя ID: 1","timestamp":"2025-09-10 11:37:30"}
{"level":"info","message":"Получение ожидающих приглашений пользователя","timestamp":"2025-09-10 11:37:30","userId":1}
{"level":"info","message":"Получение заданий для пользователя ID: 1","timestamp":"2025-09-10 11:37:30"}
{"level":"info","message":"Получение ожидающих приглашений пользователя","timestamp":"2025-09-10 11:37:30","userId":1}
{"level":"info","message":"Получение заданий для пользователя ID: 1","timestamp":"2025-09-10 11:37:30"}
{"level":"info","message":"Получение ожидающих приглашений пользователя","timestamp":"2025-09-10 11:37:30","userId":1}
{"level":"info","message":"Получение ожидающих приглашений пользователя","timestamp":"2025-09-10 11:37:30","userId":1}
{"level":"info","message":"Получение заданий для пользователя ID: 1","timestamp":"2025-09-10 11:37:30"}
{"level":"info","message":"Получение ожидающих приглашений пользователя","timestamp":"2025-09-10 11:37:30","userId":1}
{"level":"info","message":"Получение заданий для пользователя ID: 1","timestamp":"2025-09-10 11:37:30"}
{"level":"info","message":"Получение ожидающих приглашений пользователя","timestamp":"2025-09-10 11:37:30","userId":1}
{"level":"info","message":"Получение заданий для пользователя ID: 1","timestamp":"2025-09-10 11:37:30"}
{"level":"info","message":"Получение ожидающих приглашений пользователя","timestamp":"2025-09-10 11:37:30","userId":1}
{"level":"info","message":"Получение ожидающих приглашений пользователя","timestamp":"2025-09-10 11:37:30","userId":1}
{"level":"info","message":"Получение заданий для пользователя ID: 1","timestamp":"2025-09-10 11:37:30"}
{"level":"info","message":"Получение ожидающих приглашений пользователя","timestamp":"2025-09-10 11:37:30","userId":1}
{"level":"info","message":"Получение заданий для пользователя ID: 1","timestamp":"2025-09-10 11:37:30"}
{"level":"info","message":"Получение ожидающих приглашений пользователя","timestamp":"2025-09-10 11:37:30","userId":1}
{"level":"info","message":"Получение заданий для пользователя ID: 1","timestamp":"2025-09-10 11:37:30"}
{"level":"info","message":"Получение ожидающих приглашений пользователя","timestamp":"2025-09-10 11:37:30","userId":1}
{"level":"info","message":"Получение заданий для пользователя ID: 1","timestamp":"2025-09-10 11:37:30"}
{"level":"info","message":"Получение ожидающих приглашений пользователя","timestamp":"2025-09-10 11:37:30","userId":1}
{"level":"info","message":"Получение ожидающих приглашений пользователя","timestamp":"2025-09-10 11:37:30","userId":1}
{"level":"info","message":"Получение заданий для пользователя ID: 1","timestamp":"2025-09-10 11:37:30"}
{"level":"info","message":"Получение ожидающих приглашений пользователя","timestamp":"2025-09-10 11:37:30","userId":1}
{"level":"info","message":"Получение заданий для пользователя ID: 1","timestamp":"2025-09-10 11:37:30"}
{"level":"info","message":"Получение ожидающих приглашений пользователя","timestamp":"2025-09-10 11:37:30","userId":1}
{"level":"info","message":"Получение заданий для пользователя ID: 1","timestamp":"2025-09-10 11:37:30"}
{"level":"info","message":"Получение ожидающих приглашений пользователя","timestamp":"2025-09-10 11:37:30","userId":1}
{"level":"info","message":"Получение заданий для пользователя ID: 1","timestamp":"2025-09-10 11:37:30"}
{"level":"info","message":"Получение ожидающих приглашений пользователя","timestamp":"2025-09-10 11:37:30","userId":1}
{"level":"info","message":"Получение ожидающих приглашений пользователя","timestamp":"2025-09-10 11:37:30","userId":1}
{"level":"info","message":"Получение заданий для пользователя ID: 1","timestamp":"2025-09-10 11:37:30"}
{"level":"info","message":"Получение ожидающих приглашений пользователя","timestamp":"2025-09-10 11:37:30","userId":1}
{"level":"info","message":"Получение заданий для пользователя ID: 1","timestamp":"2025-09-10 11:37:30"}
{"level":"info","message":"Получение ожидающих приглашений пользователя","timestamp":"2025-09-10 11:37:30","userId":1}
{"level":"info","message":"Получение ожидающих приглашений пользователя","timestamp":"2025-09-10 11:37:30","userId":1}
{"level":"info","message":"Получение заданий для пользователя ID: 1","timestamp":"2025-09-10 11:37:30"}
{"level":"info","message":"Получение ожидающих приглашений пользователя","timestamp":"2025-09-10 11:37:30","userId":1}
{"level":"info","message":"Получение заданий для пользователя ID: 1","timestamp":"2025-09-10 11:37:30"}
{"level":"info","message":"Получение ожидающих приглашений пользователя","timestamp":"2025-09-10 11:37:30","userId":1}
{"level":"info","message":"Получение заданий для пользователя ID: 1","timestamp":"2025-09-10 11:37:30"}
{"level":"info","message":"Получение ожидающих приглашений пользователя","timestamp":"2025-09-10 11:37:30","userId":1}
{"level":"info","message":"Получение заданий для пользователя ID: 1","timestamp":"2025-09-10 11:37:30"}
{"level":"info","message":"Получение ожидающих приглашений пользователя","timestamp":"2025-09-10 11:37:30","userId":1}
{"level":"info","message":"Получение заданий для пользователя ID: 1","timestamp":"2025-09-10 11:37:30"}
{"level":"info","message":"Получение ожидающих приглашений пользователя","timestamp":"2025-09-10 11:37:30","userId":1}
{"level":"info","message":"Получение ожидающих приглашений пользователя","timestamp":"2025-09-10 11:37:30","userId":1}
{"level":"info","message":"Получение заданий для пользователя ID: 1","timestamp":"2025-09-10 11:37:30"}
{"level":"info","message":"Получение ожидающих приглашений пользователя","timestamp":"2025-09-10 11:37:30","userId":1}
{"level":"info","message":"Получение заданий для пользователя ID: 1","timestamp":"2025-09-10 11:37:30"}
{"level":"info","message":"Получение ожидающих приглашений пользователя","timestamp":"2025-09-10 11:37:30","userId":1}
{"level":"info","message":"Получение заданий для пользователя ID: 1","timestamp":"2025-09-10 11:37:30"}
{"level":"info","message":"Получение ожидающих приглашений пользователя","timestamp":"2025-09-10 11:37:30","userId":1}
{"level":"info","message":"Получение заданий для пользователя ID: 1","timestamp":"2025-09-10 11:37:30"}
{"level":"info","message":"Получение ожидающих приглашений пользователя","timestamp":"2025-09-10 11:37:30","userId":1}
{"level":"info","message":"Получение ожидающих приглашений пользователя","timestamp":"2025-09-10 11:37:30","userId":1}
{"level":"info","message":"Получение заданий для пользователя ID: 1","timestamp":"2025-09-10 11:37:30"}
{"level":"info","message":"Получение ожидающих приглашений пользователя","timestamp":"2025-09-10 11:37:30","userId":1}
{"level":"info","message":"Получение заданий для пользователя ID: 1","timestamp":"2025-09-10 11:37:30"}
{"level":"info","message":"Получение ожидающих приглашений пользователя","timestamp":"2025-09-10 11:37:30","userId":1}
{"level":"info","message":"Получение заданий для пользователя ID: 1","timestamp":"2025-09-10 11:37:30"}
{"level":"info","message":"Получение ожидающих приглашений пользователя","timestamp":"2025-09-10 11:37:30","userId":1}
{"level":"info","message":"Получение заданий для пользователя ID: 1","timestamp":"2025-09-10 11:37:30"}
{"level":"info","message":"Получение ожидающих приглашений пользователя","timestamp":"2025-09-10 11:37:30","userId":1}
{"level":"info","message":"Получение ожидающих приглашений пользователя","timestamp":"2025-09-10 11:37:30","userId":1}
{"level":"info","message":"Получение заданий для пользователя ID: 1","timestamp":"2025-09-10 11:37:30"}
{"level":"info","message":"Получение ожидающих приглашений пользователя","timestamp":"2025-09-10 11:37:30","userId":1}
{"level":"info","message":"Получение заданий для пользователя ID: 1","timestamp":"2025-09-10 11:37:30"}
{"level":"info","message":"Получение ожидающих приглашений пользователя","timestamp":"2025-09-10 11:37:30","userId":1}
{"level":"info","message":"Получение заданий для пользователя ID: 1","timestamp":"2025-09-10 11:37:30"}
{"level":"info","message":"Получение ожидающих приглашений пользователя","timestamp":"2025-09-10 11:37:30","userId":1}
{"level":"info","message":"Получение ожидающих приглашений пользователя","timestamp":"2025-09-10 11:37:30","userId":1}
{"level":"info","message":"Получение заданий для пользователя ID: 1","timestamp":"2025-09-10 11:37:30"}
{"level":"info","message":"Получение ожидающих приглашений пользователя","timestamp":"2025-09-10 11:37:30","userId":1}
{"level":"info","message":"Получение заданий для пользователя ID: 1","timestamp":"2025-09-10 11:37:30"}
{"level":"info","message":"Получение ожидающих приглашений пользователя","timestamp":"2025-09-10 11:37:30","userId":1}
{"level":"info","message":"Получение ожидающих приглашений пользователя","timestamp":"2025-09-10 11:37:30","userId":1}
{"level":"info","message":"Получение заданий для пользователя ID: 1","timestamp":"2025-09-10 11:37:30"}
{"level":"info","message":"Получение ожидающих приглашений пользователя","timestamp":"2025-09-10 11:37:30","userId":1}
{"level":"info","message":"Получение заданий для пользователя ID: 1","timestamp":"2025-09-10 11:37:30"}
{"level":"info","message":"Получение ожидающих приглашений пользователя","timestamp":"2025-09-10 11:37:30","userId":1}
{"level":"info","message":"Получение заданий для пользователя ID: 1","timestamp":"2025-09-10 11:37:30"}
{"level":"info","message":"Получение ожидающих приглашений пользователя","timestamp":"2025-09-10 11:37:30","userId":1}
{"level":"info","message":"Получение ожидающих приглашений пользователя","timestamp":"2025-09-10 11:37:30","userId":1}
{"level":"info","message":"Получение заданий для пользователя ID: 1","timestamp":"2025-09-10 11:37:30"}
{"level":"info","message":"Получение ожидающих приглашений пользователя","timestamp":"2025-09-10 11:37:30","userId":1}
{"level":"info","message":"Получение заданий для пользователя ID: 1","timestamp":"2025-09-10 11:37:30"}
{"level":"info","message":"Получение ожидающих приглашений пользователя","timestamp":"2025-09-10 11:37:30","userId":1}
{"level":"info","message":"Получение заданий для пользователя ID: 1","timestamp":"2025-09-10 11:37:30"}
{"level":"info","message":"Получение ожидающих приглашений пользователя","timestamp":"2025-09-10 11:37:30","userId":1}
{"level":"info","message":"Получение ожидающих приглашений пользователя","timestamp":"2025-09-10 11:37:30","userId":1}
{"level":"info","message":"Получение заданий для пользователя ID: 1","timestamp":"2025-09-10 11:37:30"}
{"level":"info","message":"Получение ожидающих приглашений пользователя","timestamp":"2025-09-10 11:37:30","userId":1}
{"level":"info","message":"Получение заданий для пользователя ID: 1","timestamp":"2025-09-10 11:37:30"}
{"level":"info","message":"Получение ожидающих приглашений пользователя","timestamp":"2025-09-10 11:37:30","userId":1}
{"level":"info","message":"Получение заданий для пользователя ID: 1","timestamp":"2025-09-10 11:37:30"}
{"level":"info","message":"Получение ожидающих приглашений пользователя","timestamp":"2025-09-10 11:37:30","userId":1}
{"level":"info","message":"Получение заданий для пользователя ID: 1","timestamp":"2025-09-10 11:37:30"}
{"level":"info","message":"Получение ожидающих приглашений пользователя","timestamp":"2025-09-10 11:37:30","userId":1}
{"level":"info","message":"Получение ожидающих приглашений пользователя","timestamp":"2025-09-10 11:37:30","userId":1}
{"level":"info","message":"Получение заданий для пользователя ID: 1","timestamp":"2025-09-10 11:37:30"}
{"level":"info","message":"Получение ожидающих приглашений пользователя","timestamp":"2025-09-10 11:37:30","userId":1}
{"level":"info","message":"Получение заданий для пользователя ID: 1","timestamp":"2025-09-10 11:37:30"}
{"level":"info","message":"Получение ожидающих приглашений пользователя","timestamp":"2025-09-10 11:37:30","userId":1}
{"level":"info","message":"Получение заданий для пользователя ID: 1","timestamp":"2025-09-10 11:37:30"}
{"level":"info","message":"Получение ожидающих приглашений пользователя","timestamp":"2025-09-10 11:37:30","userId":1}
{"level":"info","message":"Получение ожидающих приглашений пользователя","timestamp":"2025-09-10 11:37:30","userId":1}
{"level":"info","message":"Получение заданий для пользователя ID: 1","timestamp":"2025-09-10 11:37:30"}
{"level":"info","message":"Получение ожидающих приглашений пользователя","timestamp":"2025-09-10 11:37:30","userId":1}
{"level":"info","message":"Получение заданий для пользователя ID: 1","timestamp":"2025-09-10 11:37:30"}
{"level":"info","message":"Получение ожидающих приглашений пользователя","timestamp":"2025-09-10 11:37:30","userId":1}
{"level":"info","message":"Получение заданий для пользователя ID: 1","timestamp":"2025-09-10 11:37:30"}
{"level":"info","message":"Получение ожидающих приглашений пользователя","timestamp":"2025-09-10 11:37:30","userId":1}
{"level":"info","message":"Получение заданий для пользователя ID: 1","timestamp":"2025-09-10 11:37:30"}
{"level":"info","message":"Получение ожидающих приглашений пользователя","timestamp":"2025-09-10 11:37:30","userId":1}
{"level":"info","message":"Получение ожидающих приглашений пользователя","timestamp":"2025-09-10 11:37:30","userId":1}
{"level":"info","message":"Получение заданий для пользователя ID: 1","timestamp":"2025-09-10 11:37:30"}
{"level":"info","message":"Получение ожидающих приглашений пользователя","timestamp":"2025-09-10 11:37:30","userId":1}
{"level":"info","message":"Получение заданий для пользователя ID: 1","timestamp":"2025-09-10 11:37:30"}
{"level":"info","message":"Получение ожидающих приглашений пользователя","timestamp":"2025-09-10 11:37:30","userId":1}
{"level":"info","message":"Получение заданий для пользователя ID: 1","timestamp":"2025-09-10 11:37:30"}
{"level":"info","message":"Получение ожидающих приглашений пользователя","timestamp":"2025-09-10 11:37:30","userId":1}
{"level":"info","message":"Получение заданий для пользователя ID: 1","timestamp":"2025-09-10 11:37:30"}
{"level":"info","message":"Получение ожидающих приглашений пользователя","timestamp":"2025-09-10 11:37:30","userId":1}
{"level":"info","message":"Получение заданий для пользователя ID: 1","timestamp":"2025-09-10 11:37:30"}
{"level":"info","message":"Получение ожидающих приглашений пользователя","timestamp":"2025-09-10 11:37:30","userId":1}
{"level":"info","message":"Получение ожидающих приглашений пользователя","timestamp":"2025-09-10 11:37:30","userId":1}
{"level":"info","message":"Получение заданий для пользователя ID: 1","timestamp":"2025-09-10 11:37:30"}
{"level":"info","message":"Получение ожидающих приглашений пользователя","timestamp":"2025-09-10 11:37:30","userId":1}
{"level":"info","message":"Получение заданий для пользователя ID: 1","timestamp":"2025-09-10 11:37:30"}
{"level":"info","message":"Получение ожидающих приглашений пользователя","timestamp":"2025-09-10 11:37:30","userId":1}
{"level":"info","message":"Получение ожидающих приглашений пользователя","timestamp":"2025-09-10 11:37:30","userId":1}
{"level":"info","message":"Получение заданий для пользователя ID: 1","timestamp":"2025-09-10 11:37:30"}
{"level":"info","message":"Получение ожидающих приглашений пользователя","timestamp":"2025-09-10 11:37:30","userId":1}
{"level":"info","message":"Получение заданий для пользователя ID: 1","timestamp":"2025-09-10 11:37:30"}
{"level":"info","message":"Получение ожидающих приглашений пользователя","timestamp":"2025-09-10 11:37:30","userId":1}
{"level":"info","message":"Получение заданий для пользователя ID: 1","timestamp":"2025-09-10 11:37:30"}
{"level":"info","message":"Получение ожидающих приглашений пользователя","timestamp":"2025-09-10 11:37:30","userId":1}
{"level":"info","message":"Получение ожидающих приглашений пользователя","timestamp":"2025-09-10 11:37:30","userId":1}
{"level":"info","message":"Получение заданий для пользователя ID: 1","timestamp":"2025-09-10 11:37:30"}
{"level":"info","message":"Получение ожидающих приглашений пользователя","timestamp":"2025-09-10 11:37:30","userId":1}
{"level":"info","message":"Получение заданий для пользователя ID: 1","timestamp":"2025-09-10 11:37:30"}
{"level":"info","message":"Получение ожидающих приглашений пользователя","timestamp":"2025-09-10 11:37:30","userId":1}
{"level":"info","message":"Получение заданий для пользователя ID: 1","timestamp":"2025-09-10 11:37:30"}
{"level":"info","message":"Получение ожидающих приглашений пользователя","timestamp":"2025-09-10 11:37:30","userId":1}
{"level":"info","message":"Получение заданий для пользователя ID: 1","timestamp":"2025-09-10 11:37:31"}
{"level":"info","message":"Получение ожидающих приглашений пользователя","timestamp":"2025-09-10 11:37:31","userId":1}
{"level":"info","message":"Получение ожидающих приглашений пользователя","timestamp":"2025-09-10 11:37:31","userId":1}
{"level":"info","message":"Получение заданий для пользователя ID: 1","timestamp":"2025-09-10 11:37:31"}
{"level":"info","message":"Получение ожидающих приглашений пользователя","timestamp":"2025-09-10 11:37:31","userId":1}
{"level":"info","message":"Получение заданий для пользователя ID: 1","timestamp":"2025-09-10 11:37:31"}
{"level":"info","message":"Получение ожидающих приглашений пользователя","timestamp":"2025-09-10 11:37:31","userId":1}
{"level":"info","message":"Получение заданий для пользователя ID: 1","timestamp":"2025-09-10 11:37:31"}
{"level":"info","message":"Получение ожидающих приглашений пользователя","timestamp":"2025-09-10 11:37:31","userId":1}
{"level":"info","message":"Получение ожидающих приглашений пользователя","timestamp":"2025-09-10 11:37:31","userId":1}
{"level":"info","message":"Получение заданий для пользователя ID: 1","timestamp":"2025-09-10 11:37:31"}
{"level":"info","message":"Получение ожидающих приглашений пользователя","timestamp":"2025-09-10 11:37:31","userId":1}
{"level":"info","message":"Получение заданий для пользователя ID: 1","timestamp":"2025-09-10 11:37:31"}
{"level":"info","message":"Получение ожидающих приглашений пользователя","timestamp":"2025-09-10 11:37:31","userId":1}
{"level":"info","message":"Получение заданий для пользователя ID: 1","timestamp":"2025-09-10 11:37:31"}
{"level":"info","message":"Получение ожидающих приглашений пользователя","timestamp":"2025-09-10 11:37:31","userId":1}
{"level":"info","message":"Получение заданий для пользователя ID: 1","timestamp":"2025-09-10 11:37:31"}
{"level":"info","message":"Получение ожидающих приглашений пользователя","timestamp":"2025-09-10 11:37:31","userId":1}
{"level":"info","message":"Получение заданий для пользователя ID: 1","timestamp":"2025-09-10 11:37:31"}
{"level":"info","message":"Получение ожидающих приглашений пользователя","timestamp":"2025-09-10 11:37:31","userId":1}
{"level":"info","message":"Получение ожидающих приглашений пользователя","timestamp":"2025-09-10 11:37:31","userId":1}
{"level":"info","message":"Получение заданий для пользователя ID: 1","timestamp":"2025-09-10 11:37:31"}
{"level":"info","message":"Получение ожидающих приглашений пользователя","timestamp":"2025-09-10 11:37:31","userId":1}
{"level":"info","message":"Получение заданий для пользователя ID: 1","timestamp":"2025-09-10 11:37:31"}
{"level":"info","message":"Получение ожидающих приглашений пользователя","timestamp":"2025-09-10 11:37:31","userId":1}
{"level":"info","message":"Получение заданий для пользователя ID: 1","timestamp":"2025-09-10 11:37:31"}
{"level":"info","message":"Получение ожидающих приглашений пользователя","timestamp":"2025-09-10 11:37:31","userId":1}
{"level":"info","message":"Получение ожидающих приглашений пользователя","timestamp":"2025-09-10 11:37:31","userId":1}
{"level":"info","message":"Получение заданий для пользователя ID: 1","timestamp":"2025-09-10 11:37:31"}
{"level":"info","message":"Получение ожидающих приглашений пользователя","timestamp":"2025-09-10 11:37:31","userId":1}
{"level":"info","message":"Получение заданий для пользователя ID: 1","timestamp":"2025-09-10 11:37:31"}
{"level":"info","message":"Получение ожидающих приглашений пользователя","timestamp":"2025-09-10 11:37:31","userId":1}
{"level":"info","message":"Получение ожидающих приглашений пользователя","timestamp":"2025-09-10 11:37:31","userId":1}
{"level":"info","message":"Получение заданий для пользователя ID: 1","timestamp":"2025-09-10 11:37:31"}
{"level":"info","message":"Получение ожидающих приглашений пользователя","timestamp":"2025-09-10 11:37:31","userId":1}
{"level":"info","message":"Получение заданий для пользователя ID: 1","timestamp":"2025-09-10 11:37:31"}
{"level":"info","message":"Получение ожидающих приглашений пользователя","timestamp":"2025-09-10 11:37:31","userId":1}
{"level":"info","message":"Получение заданий для пользователя ID: 1","timestamp":"2025-09-10 11:37:31"}
{"level":"info","message":"Получение ожидающих приглашений пользователя","timestamp":"2025-09-10 11:37:31","userId":1}
{"level":"info","message":"Получение заданий для пользователя ID: 1","timestamp":"2025-09-10 11:37:31"}
{"level":"info","message":"Получение ожидающих приглашений пользователя","timestamp":"2025-09-10 11:37:31","userId":1}
{"level":"info","message":"Получение ожидающих приглашений пользователя","timestamp":"2025-09-10 11:37:31","userId":1}
{"level":"info","message":"Получение заданий для пользователя ID: 1","timestamp":"2025-09-10 11:37:31"}
{"level":"info","message":"Получение заданий для пользователя ID: 1","timestamp":"2025-09-10 11:37:31"}
{"level":"info","message":"Получение ожидающих приглашений пользователя","timestamp":"2025-09-10 11:37:31","userId":1}
{"level":"info","message":"Получение ожидающих приглашений пользователя","timestamp":"2025-09-10 11:37:31","userId":1}
{"level":"info","message":"Получение заданий для пользователя ID: 1","timestamp":"2025-09-10 11:37:31"}
{"level":"info","message":"Получение заданий для пользователя ID: 1","timestamp":"2025-09-10 11:37:31"}
{"level":"info","message":"Получение ожидающих приглашений пользователя","timestamp":"2025-09-10 11:37:31","userId":1}
{"level":"info","message":"Получение ожидающих приглашений пользователя","timestamp":"2025-09-10 11:37:31","userId":1}
{"level":"info","message":"Получение заданий для пользователя ID: 1","timestamp":"2025-09-10 11:37:31"}
{"level":"info","message":"Получение ожидающих приглашений пользователя","timestamp":"2025-09-10 11:37:31","userId":1}
{"level":"info","message":"Получение заданий для пользователя ID: 1","timestamp":"2025-09-10 11:37:31"}
{"level":"info","message":"Получение ожидающих приглашений пользователя","timestamp":"2025-09-10 11:37:31","userId":1}
{"level":"info","message":"Получение заданий для пользователя ID: 1","timestamp":"2025-09-10 11:37:31"}
{"level":"info","message":"Получение ожидающих приглашений пользователя","timestamp":"2025-09-10 11:37:31","userId":1}
{"level":"info","message":"Получение ожидающих приглашений пользователя","timestamp":"2025-09-10 11:37:31","userId":1}
{"level":"info","message":"Получение заданий для пользователя ID: 1","timestamp":"2025-09-10 11:37:31"}
{"level":"info","message":"Получение ожидающих приглашений пользователя","timestamp":"2025-09-10 11:37:31","userId":1}
{"level":"info","message":"Получение заданий для пользователя ID: 1","timestamp":"2025-09-10 11:37:31"}
{"level":"info","message":"Получение ожидающих приглашений пользователя","timestamp":"2025-09-10 11:37:31","userId":1}
{"level":"info","message":"Получение заданий для пользователя ID: 1","timestamp":"2025-09-10 11:37:31"}
{"level":"info","message":"Получение ожидающих приглашений пользователя","timestamp":"2025-09-10 11:37:31","userId":1}
{"level":"info","message":"Получение ожидающих приглашений пользователя","timestamp":"2025-09-10 11:37:31","userId":1}
{"level":"info","message":"Получение заданий для пользователя ID: 1","timestamp":"2025-09-10 11:37:31"}
{"level":"info","message":"Получение ожидающих приглашений пользователя","timestamp":"2025-09-10 11:37:31","userId":1}
{"level":"info","message":"Получение заданий для пользователя ID: 1","timestamp":"2025-09-10 11:37:31"}
{"level":"info","message":"Получение ожидающих приглашений пользователя","timestamp":"2025-09-10 11:37:31","userId":1}
{"level":"info","message":"Получение заданий для пользователя ID: 1","timestamp":"2025-09-10 11:37:31"}
{"level":"info","message":"Получение ожидающих приглашений пользователя","timestamp":"2025-09-10 11:37:31","userId":1}
{"level":"info","message":"Получение ожидающих приглашений пользователя","timestamp":"2025-09-10 11:37:31","userId":1}
{"level":"info","message":"Получение заданий для пользователя ID: 1","timestamp":"2025-09-10 11:37:31"}
{"level":"info","message":"Получение ожидающих приглашений пользователя","timestamp":"2025-09-10 11:37:31","userId":1}
{"level":"info","message":"Получение заданий для пользователя ID: 1","timestamp":"2025-09-10 11:37:31"}
{"level":"info","message":"Получение ожидающих приглашений пользователя","timestamp":"2025-09-10 11:37:31","userId":1}
{"level":"info","message":"Получение заданий для пользователя ID: 1","timestamp":"2025-09-10 11:37:31"}
{"level":"info","message":"Получение ожидающих приглашений пользователя","timestamp":"2025-09-10 11:37:31","userId":1}
{"level":"info","message":"Получение ожидающих приглашений пользователя","timestamp":"2025-09-10 11:37:31","userId":1}
{"level":"info","message":"Получение заданий для пользователя ID: 1","timestamp":"2025-09-10 11:37:31"}
{"level":"info","message":"Получение ожидающих приглашений пользователя","timestamp":"2025-09-10 11:37:31","userId":1}
{"level":"info","message":"Получение заданий для пользователя ID: 1","timestamp":"2025-09-10 11:37:31"}
{"level":"info","message":"Получение ожидающих приглашений пользователя","timestamp":"2025-09-10 11:37:31","userId":1}
{"level":"info","message":"Получение заданий для пользователя ID: 1","timestamp":"2025-09-10 11:37:31"}
{"level":"info","message":"Получение ожидающих приглашений пользователя","timestamp":"2025-09-10 11:37:31","userId":1}
{"level":"info","message":"Получение заданий для пользователя ID: 1","timestamp":"2025-09-10 11:37:31"}
{"level":"info","message":"Получение ожидающих приглашений пользователя","timestamp":"2025-09-10 11:37:31","userId":1}
{"level":"info","message":"Получение заданий для пользователя ID: 1","timestamp":"2025-09-10 11:37:31"}
{"level":"info","message":"Получение ожидающих приглашений пользователя","timestamp":"2025-09-10 11:37:31","userId":1}
{"level":"info","message":"Получение заданий для пользователя ID: 1","timestamp":"2025-09-10 11:37:31"}
{"level":"info","message":"Получение ожидающих приглашений пользователя","timestamp":"2025-09-10 11:37:31","userId":1}
{"level":"info","message":"Получение ожидающих приглашений пользователя","timestamp":"2025-09-10 11:37:31","userId":1}
{"level":"info","message":"Получение заданий для пользователя ID: 1","timestamp":"2025-09-10 11:37:31"}
{"level":"info","message":"Получение ожидающих приглашений пользователя","timestamp":"2025-09-10 11:37:31","userId":1}
{"level":"info","message":"Получение заданий для пользователя ID: 1","timestamp":"2025-09-10 11:37:31"}
{"level":"info","message":"Получение ожидающих приглашений пользователя","timestamp":"2025-09-10 11:37:31","userId":1}
{"level":"info","message":"Получение заданий для пользователя ID: 1","timestamp":"2025-09-10 11:37:31"}
{"level":"info","message":"Получение ожидающих приглашений пользователя","timestamp":"2025-09-10 11:37:31","userId":1}
{"level":"info","message":"Получение заданий для пользователя ID: 1","timestamp":"2025-09-10 11:37:31"}
{"level":"info","message":"Получение ожидающих приглашений пользователя","timestamp":"2025-09-10 11:37:31","userId":1}
{"level":"info","message":"Получение ожидающих приглашений пользователя","timestamp":"2025-09-10 11:37:31","userId":1}
{"level":"info","message":"Получение заданий для пользователя ID: 1","timestamp":"2025-09-10 11:37:31"}
{"level":"info","message":"Получение ожидающих приглашений пользователя","timestamp":"2025-09-10 11:37:31","userId":1}
{"level":"info","message":"Получение заданий для пользователя ID: 1","timestamp":"2025-09-10 11:37:31"}
{"level":"info","message":"Получение ожидающих приглашений пользователя","timestamp":"2025-09-10 11:37:31","userId":1}
{"level":"info","message":"Получение заданий для пользователя ID: 1","timestamp":"2025-09-10 11:37:31"}
{"level":"info","message":"Получение ожидающих приглашений пользователя","timestamp":"2025-09-10 11:37:31","userId":1}
{"level":"info","message":"Получение ожидающих приглашений пользователя","timestamp":"2025-09-10 11:37:31","userId":1}
{"level":"info","message":"Получение заданий для пользователя ID: 1","timestamp":"2025-09-10 11:37:31"}
{"level":"info","message":"Получение ожидающих приглашений пользователя","timestamp":"2025-09-10 11:37:31","userId":1}
{"level":"info","message":"Получение заданий для пользователя ID: 1","timestamp":"2025-09-10 11:37:31"}
{"level":"info","message":"Получение ожидающих приглашений пользователя","timestamp":"2025-09-10 11:37:31","userId":1}
{"level":"info","message":"Получение заданий для пользователя ID: 1","timestamp":"2025-09-10 11:37:31"}
{"level":"info","message":"Получение ожидающих приглашений пользователя","timestamp":"2025-09-10 11:37:31","userId":1}
{"level":"info","message":"Получение заданий для пользователя ID: 1","timestamp":"2025-09-10 11:37:31"}
{"level":"info","message":"Получение заданий для пользователя ID: 1","timestamp":"2025-09-10 11:37:31"}
{"level":"info","message":"Получение ожидающих приглашений пользователя","timestamp":"2025-09-10 11:37:31","userId":1}
{"level":"info","message":"Получение ожидающих приглашений пользователя","timestamp":"2025-09-10 11:37:31","userId":1}
{"level":"info","message":"Получение заданий для пользователя ID: 1","timestamp":"2025-09-10 11:37:31"}
{"level":"info","message":"Получение ожидающих приглашений пользователя","timestamp":"2025-09-10 11:37:31","userId":1}
{"level":"info","message":"Получение заданий для пользователя ID: 1","timestamp":"2025-09-10 11:37:31"}
{"level":"info","message":"Получение ожидающих приглашений пользователя","timestamp":"2025-09-10 11:37:31","userId":1}
{"level":"info","message":"Получение заданий для пользователя ID: 1","timestamp":"2025-09-10 11:37:31"}
{"level":"info","message":"Получение ожидающих приглашений пользователя","timestamp":"2025-09-10 11:37:31","userId":1}
{"level":"info","message":"Получение заданий для пользователя ID: 1","timestamp":"2025-09-10 11:37:31"}
{"level":"info","message":"Получение ожидающих приглашений пользователя","timestamp":"2025-09-10 11:37:31","userId":1}
{"level":"info","message":"Получение заданий для пользователя ID: 1","timestamp":"2025-09-10 11:37:31"}
{"level":"info","message":"Получение ожидающих приглашений пользователя","timestamp":"2025-09-10 11:37:31","userId":1}
{"level":"info","message":"Получение заданий для пользователя ID: 1","timestamp":"2025-09-10 11:37:31"}
{"level":"info","message":"Получение ожидающих приглашений пользователя","timestamp":"2025-09-10 11:37:31","userId":1}
{"level":"info","message":"Получение ожидающих приглашений пользователя","timestamp":"2025-09-10 11:37:31","userId":1}
{"level":"info","message":"Получение заданий для пользователя ID: 1","timestamp":"2025-09-10 11:37:31"}
{"level":"info","message":"Получение ожидающих приглашений пользователя","timestamp":"2025-09-10 11:37:31","userId":1}
{"level":"info","message":"Получение заданий для пользователя ID: 1","timestamp":"2025-09-10 11:37:31"}
{"level":"info","message":"Получение ожидающих приглашений пользователя","timestamp":"2025-09-10 11:37:31","userId":1}
{"level":"info","message":"Получение заданий для пользователя ID: 1","timestamp":"2025-09-10 11:37:31"}
{"level":"info","message":"Получение ожидающих приглашений пользователя","timestamp":"2025-09-10 11:37:31","userId":1}
{"level":"info","message":"Получение заданий для пользователя ID: 1","timestamp":"2025-09-10 11:37:31"}
{"level":"info","message":"Получение ожидающих приглашений пользователя","timestamp":"2025-09-10 11:37:31","userId":1}
{"level":"info","message":"Получение ожидающих приглашений пользователя","timestamp":"2025-09-10 11:37:31","userId":1}
{"level":"info","message":"Получение заданий для пользователя ID: 1","timestamp":"2025-09-10 11:37:31"}
{"level":"info","message":"Получение ожидающих приглашений пользователя","timestamp":"2025-09-10 11:37:31","userId":1}
{"level":"info","message":"Получение заданий для пользователя ID: 1","timestamp":"2025-09-10 11:37:31"}
{"level":"info","message":"Получение ожидающих приглашений пользователя","timestamp":"2025-09-10 11:37:31","userId":1}
{"level":"info","message":"Получение ожидающих приглашений пользователя","timestamp":"2025-09-10 11:37:31","userId":1}
{"level":"info","message":"Получение заданий для пользователя ID: 1","timestamp":"2025-09-10 11:37:31"}
{"level":"info","message":"Получение ожидающих приглашений пользователя","timestamp":"2025-09-10 11:37:31","userId":1}
{"level":"info","message":"Получение заданий для пользователя ID: 1","timestamp":"2025-09-10 11:37:31"}
{"level":"info","message":"Получение ожидающих приглашений пользователя","timestamp":"2025-09-10 11:37:31","userId":1}
{"level":"info","message":"Получение заданий для пользователя ID: 1","timestamp":"2025-09-10 11:37:31"}
{"level":"info","message":"Получение ожидающих приглашений пользователя","timestamp":"2025-09-10 11:37:31","userId":1}
{"level":"info","message":"Получение ожидающих приглашений пользователя","timestamp":"2025-09-10 11:37:31","userId":1}
{"level":"info","message":"Получение заданий для пользователя ID: 1","timestamp":"2025-09-10 11:37:31"}
{"level":"info","message":"Получение ожидающих приглашений пользователя","timestamp":"2025-09-10 11:37:31","userId":1}
{"level":"info","message":"Получение заданий для пользователя ID: 1","timestamp":"2025-09-10 11:37:31"}
{"level":"info","message":"Получение ожидающих приглашений пользователя","timestamp":"2025-09-10 11:37:31","userId":1}
{"level":"info","message":"Получение ожидающих приглашений пользователя","timestamp":"2025-09-10 11:37:31","userId":1}
{"level":"info","message":"Получение заданий для пользователя ID: 1","timestamp":"2025-09-10 11:37:31"}
{"level":"info","message":"Получение ожидающих приглашений пользователя","timestamp":"2025-09-10 11:37:31","userId":1}
{"level":"info","message":"Получение заданий для пользователя ID: 1","timestamp":"2025-09-10 11:37:31"}
{"level":"info","message":"Получение ожидающих приглашений пользователя","timestamp":"2025-09-10 11:37:31","userId":1}
{"level":"info","message":"Получение ожидающих приглашений пользователя","timestamp":"2025-09-10 11:37:31","userId":1}
{"level":"info","message":"Получение заданий для пользователя ID: 1","timestamp":"2025-09-10 11:37:31"}
{"level":"info","message":"Получение заданий для пользователя ID: 1","timestamp":"2025-09-10 11:37:31"}
{"level":"info","message":"Получение ожидающих приглашений пользователя","timestamp":"2025-09-10 11:37:31","userId":1}
{"level":"info","message":"Получение ожидающих приглашений пользователя","timestamp":"2025-09-10 11:37:31","userId":1}
{"level":"info","message":"Получение заданий для пользователя ID: 1","timestamp":"2025-09-10 11:37:31"}
{"level":"info","message":"Получение ожидающих приглашений пользователя","timestamp":"2025-09-10 11:37:31","userId":1}
{"level":"info","message":"Получение заданий для пользователя ID: 1","timestamp":"2025-09-10 11:37:31"}
{"level":"info","message":"Получение ожидающих приглашений пользователя","timestamp":"2025-09-10 11:37:31","userId":1}
{"level":"info","message":"Получение заданий для пользователя ID: 1","timestamp":"2025-09-10 11:37:31"}
{"level":"info","message":"Получение ожидающих приглашений пользователя","timestamp":"2025-09-10 11:37:31","userId":1}
{"level":"info","message":"Получение ожидающих приглашений пользователя","timestamp":"2025-09-10 11:37:31","userId":1}
{"level":"info","message":"Получение заданий для пользователя ID: 1","timestamp":"2025-09-10 11:37:31"}
{"level":"info","message":"Получение ожидающих приглашений пользователя","timestamp":"2025-09-10 11:37:31","userId":1}
{"level":"info","message":"Получение заданий для пользователя ID: 1","timestamp":"2025-09-10 11:37:31"}
{"level":"info","message":"Получение ожидающих приглашений пользователя","timestamp":"2025-09-10 11:37:31","userId":1}
{"level":"info","message":"Получение заданий для пользователя ID: 1","timestamp":"2025-09-10 11:37:31"}
{"level":"info","message":"Получение ожидающих приглашений пользователя","timestamp":"2025-09-10 11:37:31","userId":1}
{"level":"info","message":"Получение ожидающих приглашений пользователя","timestamp":"2025-09-10 11:37:31","userId":1}
{"level":"info","message":"Получение заданий для пользователя ID: 1","timestamp":"2025-09-10 11:37:31"}
{"level":"info","message":"Получение заданий для пользователя ID: 1","timestamp":"2025-09-10 11:37:31"}
{"level":"info","message":"Получение ожидающих приглашений пользователя","timestamp":"2025-09-10 11:37:31","userId":1}
{"level":"info","message":"Получение ожидающих приглашений пользователя","timestamp":"2025-09-10 11:37:31","userId":1}
{"level":"info","message":"Получение заданий для пользователя ID: 1","timestamp":"2025-09-10 11:37:31"}
{"level":"info","message":"Получение ожидающих приглашений пользователя","timestamp":"2025-09-10 11:37:31","userId":1}
{"level":"info","message":"Получение заданий для пользователя ID: 1","timestamp":"2025-09-10 11:37:31"}
{"level":"info","message":"Получение заданий для пользователя ID: 1","timestamp":"2025-09-10 11:37:31"}
{"level":"info","message":"Получение ожидающих приглашений пользователя","timestamp":"2025-09-10 11:37:31","userId":1}
{"level":"info","message":"Получение ожидающих приглашений пользователя","timestamp":"2025-09-10 11:37:31","userId":1}
{"level":"info","message":"Получение заданий для пользователя ID: 1","timestamp":"2025-09-10 11:37:31"}
{"level":"info","message":"Получение ожидающих приглашений пользователя","timestamp":"2025-09-10 11:37:31","userId":1}
{"level":"info","message":"Получение заданий для пользователя ID: 1","timestamp":"2025-09-10 11:37:31"}
{"level":"info","message":"Получение ожидающих приглашений пользователя","timestamp":"2025-09-10 11:37:31","userId":1}
{"level":"info","message":"Получение заданий для пользователя ID: 1","timestamp":"2025-09-10 11:37:31"}
{"level":"info","message":"Получение ожидающих приглашений пользователя","timestamp":"2025-09-10 11:37:32","userId":1}
{"level":"info","message":"Получение заданий для пользователя ID: 1","timestamp":"2025-09-10 11:37:32"}
{"level":"info","message":"Получение ожидающих приглашений пользователя","timestamp":"2025-09-10 11:37:32","userId":1}
{"level":"info","message":"Получение ожидающих приглашений пользователя","timestamp":"2025-09-10 11:37:32","userId":1}
{"level":"info","message":"Получение заданий для пользователя ID: 1","timestamp":"2025-09-10 11:37:32"}
{"level":"info","message":"Получение ожидающих приглашений пользователя","timestamp":"2025-09-10 11:37:32","userId":1}
{"level":"info","message":"Получение заданий для пользователя ID: 1","timestamp":"2025-09-10 11:37:32"}
{"level":"info","message":"Получение ожидающих приглашений пользователя","timestamp":"2025-09-10 11:37:32","userId":1}
{"level":"info","message":"Получение ожидающих приглашений пользователя","timestamp":"2025-09-10 11:37:32","userId":1}
{"level":"info","message":"Получение заданий для пользователя ID: 1","timestamp":"2025-09-10 11:37:32"}
{"level":"info","message":"Получение ожидающих приглашений пользователя","timestamp":"2025-09-10 11:37:32","userId":1}
{"level":"info","message":"Получение заданий для пользователя ID: 1","timestamp":"2025-09-10 11:37:32"}
{"level":"info","message":"Получение ожидающих приглашений пользователя","timestamp":"2025-09-10 11:37:32","userId":1}
{"level":"info","message":"Получение ожидающих приглашений пользователя","timestamp":"2025-09-10 11:37:32","userId":1}
{"level":"info","message":"Получение заданий для пользователя ID: 1","timestamp":"2025-09-10 11:37:32"}
{"level":"info","message":"Получение заданий для пользователя ID: 1","timestamp":"2025-09-10 11:37:32"}
{"level":"info","message":"Получение ожидающих приглашений пользователя","timestamp":"2025-09-10 11:37:32","userId":1}
{"level":"info","message":"Получение ожидающих приглашений пользователя","timestamp":"2025-09-10 11:37:32","userId":1}
{"level":"info","message":"Получение заданий для пользователя ID: 1","timestamp":"2025-09-10 11:37:32"}
{"level":"info","message":"Получение ожидающих приглашений пользователя","timestamp":"2025-09-10 11:37:32","userId":1}
{"level":"info","message":"Получение заданий для пользователя ID: 1","timestamp":"2025-09-10 11:37:32"}
{"level":"info","message":"Получение ожидающих приглашений пользователя","timestamp":"2025-09-10 11:37:32","userId":1}
{"level":"info","message":"Получение заданий для пользователя ID: 1","timestamp":"2025-09-10 11:37:32"}
{"level":"info","message":"Получение ожидающих приглашений пользователя","timestamp":"2025-09-10 11:37:32","userId":1}
{"level":"info","message":"Получение ожидающих приглашений пользователя","timestamp":"2025-09-10 11:37:32","userId":1}
{"level":"info","message":"Получение заданий для пользователя ID: 1","timestamp":"2025-09-10 11:37:32"}
{"assignmentId":32,"level":"info","message":"Получение состава команды проекта","timestamp":"2025-09-10 11:37:32"}
{"level":"info","message":"Получение ожидающих приглашений пользователя","timestamp":"2025-09-10 11:37:32","userId":1}
{"level":"info","message":"Получение заданий для пользователя ID: 1","timestamp":"2025-09-10 11:37:32"}
{"level":"info","message":"Получение ожидающих приглашений пользователя","timestamp":"2025-09-10 11:37:32","userId":1}
{"assignmentId":32,"level":"info","message":"Получение состава команды проекта","timestamp":"2025-09-10 11:37:32"}
{"level":"info","message":"Получение заданий для пользователя ID: 1","timestamp":"2025-09-10 11:37:32"}
{"level":"info","message":"Получение ожидающих приглашений пользователя","timestamp":"2025-09-10 11:37:32","userId":1}
{"assignmentId":32,"level":"info","message":"Получение состава команды проекта","timestamp":"2025-09-10 11:37:32"}
{"level":"info","message":"Получение заданий для пользователя ID: 1","timestamp":"2025-09-10 11:37:32"}
{"level":"info","message":"Получение ожидающих приглашений пользователя","timestamp":"2025-09-10 11:37:32","userId":1}
{"assignmentId":32,"level":"info","message":"Получение состава команды проекта","timestamp":"2025-09-10 11:37:32"}
{"level":"info","message":"Получение заданий для пользователя ID: 1","timestamp":"2025-09-10 11:37:32"}
{"level":"info","message":"Получение ожидающих приглашений пользователя","timestamp":"2025-09-10 11:37:32","userId":1}
{"level":"info","message":"Получение ожидающих приглашений пользователя","timestamp":"2025-09-10 11:37:32","userId":1}
{"assignmentId":32,"level":"info","message":"Получение состава команды проекта","timestamp":"2025-09-10 11:37:32"}
{"level":"info","message":"Получение заданий для пользователя ID: 1","timestamp":"2025-09-10 11:37:32"}
{"level":"info","message":"Получение ожидающих приглашений пользователя","timestamp":"2025-09-10 11:37:32","userId":1}
{"assignmentId":32,"level":"info","message":"Получение состава команды проекта","timestamp":"2025-09-10 11:37:32"}
{"level":"info","message":"Получение заданий для пользователя ID: 1","timestamp":"2025-09-10 11:37:32"}
{"level":"info","message":"Получение ожидающих приглашений пользователя","timestamp":"2025-09-10 11:37:32","userId":1}
{"assignmentId":32,"level":"info","message":"Получение состава команды проекта","timestamp":"2025-09-10 11:37:32"}
{"level":"info","message":"Получение заданий для пользователя ID: 1","timestamp":"2025-09-10 11:37:32"}
{"level":"info","message":"Получение ожидающих приглашений пользователя","timestamp":"2025-09-10 11:37:32","userId":1}
{"level":"info","message":"Получение ожидающих приглашений пользователя","timestamp":"2025-09-10 11:37:32","userId":1}
{"level":"info","message":"Получение заданий для пользователя ID: 1","timestamp":"2025-09-10 11:37:32"}
{"assignmentId":32,"level":"info","message":"Получение состава команды проекта","timestamp":"2025-09-10 11:37:32"}
{"level":"info","message":"Получение ожидающих приглашений пользователя","timestamp":"2025-09-10 11:37:32","userId":1}
{"level":"info","message":"Получение заданий для пользователя ID: 1","timestamp":"2025-09-10 11:37:32"}
{"level":"info","message":"Получение ожидающих приглашений пользователя","timestamp":"2025-09-10 11:37:32","userId":1}
{"assignmentId":32,"level":"info","message":"Получение состава команды проекта","timestamp":"2025-09-10 11:37:32"}
{"level":"info","message":"Получение ожидающих приглашений пользователя","timestamp":"2025-09-10 11:37:32","userId":1}
{"assignmentId":32,"level":"info","message":"Получение состава команды проекта","timestamp":"2025-09-10 11:37:32"}
{"level":"info","message":"Получение заданий для пользователя ID: 1","timestamp":"2025-09-10 11:37:32"}
{"level":"info","message":"Получение ожидающих приглашений пользователя","timestamp":"2025-09-10 11:37:32","userId":1}
{"assignmentId":32,"level":"info","message":"Получение состава команды проекта","timestamp":"2025-09-10 11:37:32"}
{"level":"info","message":"Получение заданий для пользователя ID: 1","timestamp":"2025-09-10 11:37:32"}
{"level":"info","message":"Получение ожидающих приглашений пользователя","timestamp":"2025-09-10 11:37:32","userId":1}
{"assignmentId":32,"level":"info","message":"Получение состава команды проекта","timestamp":"2025-09-10 11:37:32"}
{"level":"info","message":"Получение заданий для пользователя ID: 1","timestamp":"2025-09-10 11:37:32"}
{"level":"info","message":"Получение ожидающих приглашений пользователя","timestamp":"2025-09-10 11:37:32","userId":1}
{"assignmentId":32,"level":"info","message":"Получение состава команды проекта","timestamp":"2025-09-10 11:37:32"}
{"level":"info","message":"Получение заданий для пользователя ID: 1","timestamp":"2025-09-10 11:37:32"}
{"level":"info","message":"Получение ожидающих приглашений пользователя","timestamp":"2025-09-10 11:37:32","userId":1}
{"assignmentId":32,"level":"info","message":"Получение состава команды проекта","timestamp":"2025-09-10 11:37:32"}
{"level":"info","message":"Получение ожидающих приглашений пользователя","timestamp":"2025-09-10 11:37:32","userId":1}
{"level":"info","message":"Получение заданий для пользователя ID: 1","timestamp":"2025-09-10 11:37:32"}
{"assignmentId":32,"level":"info","message":"Получение состава команды проекта","timestamp":"2025-09-10 11:37:32"}
{"level":"info","message":"Получение заданий для пользователя ID: 1","timestamp":"2025-09-10 11:37:32"}
{"level":"info","message":"Получение ожидающих приглашений пользователя","timestamp":"2025-09-10 11:37:32","userId":1}
{"assignmentId":32,"level":"info","message":"Получение состава команды проекта","timestamp":"2025-09-10 11:37:32"}
{"level":"info","message":"Получение ожидающих приглашений пользователя","timestamp":"2025-09-10 11:37:32","userId":1}
{"level":"info","message":"Получение заданий для пользователя ID: 1","timestamp":"2025-09-10 11:37:32"}
{"assignmentId":32,"level":"info","message":"Получение состава команды проекта","timestamp":"2025-09-10 11:37:32"}
{"level":"info","message":"Получение ожидающих приглашений пользователя","timestamp":"2025-09-10 11:37:32","userId":1}
{"level":"info","message":"Получение заданий для пользователя ID: 1","timestamp":"2025-09-10 11:37:32"}
{"assignmentId":32,"level":"info","message":"Получение состава команды проекта","timestamp":"2025-09-10 11:37:32"}
{"level":"info","message":"Получение ожидающих приглашений пользователя","timestamp":"2025-09-10 11:37:32","userId":1}
{"level":"info","message":"Получение заданий для пользователя ID: 1","timestamp":"2025-09-10 11:37:32"}
{"assignmentId":32,"level":"info","message":"Получение состава команды проекта","timestamp":"2025-09-10 11:37:32"}
{"level":"info","message":"Получение ожидающих приглашений пользователя","timestamp":"2025-09-10 11:37:32","userId":1}
{"level":"info","message":"Получение заданий для пользователя ID: 1","timestamp":"2025-09-10 11:37:32"}
{"assignmentId":32,"level":"info","message":"Получение состава команды проекта","timestamp":"2025-09-10 11:37:32"}
{"level":"info","message":"Получение ожидающих приглашений пользователя","timestamp":"2025-09-10 11:37:32","userId":1}
{"level":"info","message":"Получение заданий для пользователя ID: 1","timestamp":"2025-09-10 11:37:32"}
{"assignmentId":32,"level":"info","message":"Получение состава команды проекта","timestamp":"2025-09-10 11:37:32"}
{"level":"info","message":"Получение ожидающих приглашений пользователя","timestamp":"2025-09-10 11:37:32","userId":1}
{"level":"info","message":"Получение заданий для пользователя ID: 1","timestamp":"2025-09-10 11:37:32"}
{"assignmentId":32,"level":"info","message":"Получение состава команды проекта","timestamp":"2025-09-10 11:37:32"}
{"level":"info","message":"Получение ожидающих приглашений пользователя","timestamp":"2025-09-10 11:37:32","userId":1}
{"level":"info","message":"Получение заданий для пользователя ID: 1","timestamp":"2025-09-10 11:37:32"}
{"assignmentId":32,"level":"info","message":"Получение состава команды проекта","timestamp":"2025-09-10 11:37:32"}
{"level":"info","message":"Получение ожидающих приглашений пользователя","timestamp":"2025-09-10 11:37:32","userId":1}
{"level":"info","message":"Получение заданий для пользователя ID: 1","timestamp":"2025-09-10 11:37:32"}
{"assignmentId":32,"level":"info","message":"Получение состава команды проекта","timestamp":"2025-09-10 11:37:32"}
{"level":"info","message":"Получение заданий для пользователя ID: 1","timestamp":"2025-09-10 11:37:32"}
{"level":"info","message":"Получение ожидающих приглашений пользователя","timestamp":"2025-09-10 11:37:32","userId":1}
{"level":"info","message":"Получение ожидающих приглашений пользователя","timestamp":"2025-09-10 11:37:32","userId":1}
{"level":"info","message":"Получение заданий для пользователя ID: 1","timestamp":"2025-09-10 11:37:32"}
{"assignmentId":32,"level":"info","message":"Получение состава команды проекта","timestamp":"2025-09-10 11:37:32"}
{"level":"info","message":"Получение заданий для пользователя ID: 1","timestamp":"2025-09-10 11:37:32"}
{"level":"info","message":"Получение ожидающих приглашений пользователя","timestamp":"2025-09-10 11:37:32","userId":1}
{"assignmentId":32,"level":"info","message":"Получение состава команды проекта","timestamp":"2025-09-10 11:37:32"}
{"level":"info","message":"Получение ожидающих приглашений пользователя","timestamp":"2025-09-10 11:37:32","userId":1}
{"level":"info","message":"Получение заданий для пользователя ID: 1","timestamp":"2025-09-10 11:37:32"}
{"assignmentId":32,"level":"info","message":"Получение состава команды проекта","timestamp":"2025-09-10 11:37:32"}
{"level":"info","message":"Получение ожидающих приглашений пользователя","timestamp":"2025-09-10 11:37:32","userId":1}
{"assignmentId":32,"level":"info","message":"Получение состава команды проекта","timestamp":"2025-09-10 11:37:32"}
{"level":"info","message":"Получение заданий для пользователя ID: 1","timestamp":"2025-09-10 11:37:32"}
{"level":"info","message":"Получение ожидающих приглашений пользователя","timestamp":"2025-09-10 11:37:32","userId":1}
{"assignmentId":32,"level":"info","message":"Получение состава команды проекта","timestamp":"2025-09-10 11:37:32"}
{"level":"info","message":"Получение заданий для пользователя ID: 1","timestamp":"2025-09-10 11:37:32"}
{"level":"info","message":"Получение ожидающих приглашений пользователя","timestamp":"2025-09-10 11:37:32","userId":1}
{"assignmentId":32,"level":"info","message":"Получение состава команды проекта","timestamp":"2025-09-10 11:37:32"}
{"level":"info","message":"Получение заданий для пользователя ID: 1","timestamp":"2025-09-10 11:37:32"}
{"level":"info","message":"Получение ожидающих приглашений пользователя","timestamp":"2025-09-10 11:37:32","userId":1}
{"assignmentId":32,"level":"info","message":"Получение состава команды проекта","timestamp":"2025-09-10 11:37:32"}
{"level":"info","message":"Получение заданий для пользователя ID: 1","timestamp":"2025-09-10 11:37:32"}
{"level":"info","message":"Получение ожидающих приглашений пользователя","timestamp":"2025-09-10 11:37:32","userId":1}
{"assignmentId":32,"level":"info","message":"Получение состава команды проекта","timestamp":"2025-09-10 11:37:32"}
{"level":"info","message":"Получение заданий для пользователя ID: 1","timestamp":"2025-09-10 11:37:32"}
{"assignmentId":32,"level":"info","message":"Получение состава команды проекта","timestamp":"2025-09-10 11:37:32"}
{"level":"info","message":"Получение ожидающих приглашений пользователя","timestamp":"2025-09-10 11:37:32","userId":1}
{"level":"info","message":"Получение заданий для пользователя ID: 1","timestamp":"2025-09-10 11:37:32"}
{"assignmentId":32,"level":"info","message":"Получение состава команды проекта","timestamp":"2025-09-10 11:37:32"}
{"level":"info","message":"Получение ожидающих приглашений пользователя","timestamp":"2025-09-10 11:37:32","userId":1}
{"assignmentId":32,"level":"info","message":"Получение состава команды проекта","timestamp":"2025-09-10 11:37:32"}
{"level":"info","message":"Получение заданий для пользователя ID: 1","timestamp":"2025-09-10 11:37:32"}
{"level":"info","message":"Получение ожидающих приглашений пользователя","timestamp":"2025-09-10 11:37:32","userId":1}
{"level":"info","message":"Получение заданий для пользователя ID: 1","timestamp":"2025-09-10 11:37:32"}
{"level":"info","message":"Получение ожидающих приглашений пользователя","timestamp":"2025-09-10 11:37:32","userId":1}
{"level":"info","message":"Получение ожидающих приглашений пользователя","timestamp":"2025-09-10 11:37:32","userId":1}
{"assignmentId":32,"level":"info","message":"Получение состава команды проекта","timestamp":"2025-09-10 11:37:32"}
{"level":"info","message":"Получение заданий для пользователя ID: 1","timestamp":"2025-09-10 11:37:32"}
{"assignmentId":32,"level":"info","message":"Получение состава команды проекта","timestamp":"2025-09-10 11:37:32"}
{"level":"info","message":"Получение ожидающих приглашений пользователя","timestamp":"2025-09-10 11:37:32","userId":1}
{"level":"info","message":"Получение заданий для пользователя ID: 1","timestamp":"2025-09-10 11:37:32"}
{"assignmentId":32,"level":"info","message":"Получение состава команды проекта","timestamp":"2025-09-10 11:37:32"}
{"level":"info","message":"Получение заданий для пользователя ID: 1","timestamp":"2025-09-10 11:37:32"}
{"level":"info","message":"Получение ожидающих приглашений пользователя","timestamp":"2025-09-10 11:37:32","userId":1}
{"level":"info","message":"Получение ожидающих приглашений пользователя","timestamp":"2025-09-10 11:37:32","userId":1}
{"level":"info","message":"Получение заданий для пользователя ID: 1","timestamp":"2025-09-10 11:37:32"}
{"assignmentId":32,"level":"info","message":"Получение состава команды проекта","timestamp":"2025-09-10 11:37:32"}
{"level":"info","message":"Получение ожидающих приглашений пользователя","timestamp":"2025-09-10 11:37:32","userId":1}
{"level":"info","message":"Получение заданий для пользователя ID: 1","timestamp":"2025-09-10 11:37:32"}
{"level":"info","message":"Получение ожидающих приглашений пользователя","timestamp":"2025-09-10 11:37:32","userId":1}
{"assignmentId":32,"level":"info","message":"Получение состава команды проекта","timestamp":"2025-09-10 11:37:32"}
{"level":"info","message":"Получение заданий для пользователя ID: 1","timestamp":"2025-09-10 11:37:32"}
{"level":"info","message":"Получение ожидающих приглашений пользователя","timestamp":"2025-09-10 11:37:32","userId":1}
{"assignmentId":32,"level":"info","message":"Получение состава команды проекта","timestamp":"2025-09-10 11:37:32"}
{"level":"info","message":"Получение ожидающих приглашений пользователя","timestamp":"2025-09-10 11:37:32","userId":1}
{"assignmentId":32,"level":"info","message":"Получение состава команды проекта","timestamp":"2025-09-10 11:37:32"}
{"level":"info","message":"Получение заданий для пользователя ID: 1","timestamp":"2025-09-10 11:37:32"}
{"level":"info","message":"Получение ожидающих приглашений пользователя","timestamp":"2025-09-10 11:37:32","userId":1}
{"assignmentId":32,"level":"info","message":"Получение состава команды проекта","timestamp":"2025-09-10 11:37:32"}
{"level":"info","message":"Получение заданий для пользователя ID: 1","timestamp":"2025-09-10 11:37:32"}
{"level":"info","message":"Получение ожидающих приглашений пользователя","timestamp":"2025-09-10 11:37:32","userId":1}
{"assignmentId":32,"level":"info","message":"Получение состава команды проекта","timestamp":"2025-09-10 11:37:32"}
{"level":"info","message":"Получение заданий для пользователя ID: 1","timestamp":"2025-09-10 11:37:32"}
{"level":"info","message":"Получение ожидающих приглашений пользователя","timestamp":"2025-09-10 11:37:32","userId":1}
{"assignmentId":32,"level":"info","message":"Получение состава команды проекта","timestamp":"2025-09-10 11:37:32"}
{"level":"info","message":"Получение заданий для пользователя ID: 1","timestamp":"2025-09-10 11:37:32"}
{"level":"info","message":"Получение ожидающих приглашений пользователя","timestamp":"2025-09-10 11:37:32","userId":1}
{"level":"info","message":"Получение заданий для пользователя ID: 1","timestamp":"2025-09-10 11:37:32"}
{"assignmentId":32,"level":"info","message":"Получение состава команды проекта","timestamp":"2025-09-10 11:37:32"}
{"level":"info","message":"Получение ожидающих приглашений пользователя","timestamp":"2025-09-10 11:37:32","userId":1}
{"assignmentId":32,"level":"info","message":"Получение состава команды проекта","timestamp":"2025-09-10 11:37:32"}
{"level":"info","message":"Получение заданий для пользователя ID: 1","timestamp":"2025-09-10 11:37:32"}
{"level":"info","message":"Получение ожидающих приглашений пользователя","timestamp":"2025-09-10 11:37:32","userId":1}
{"assignmentId":32,"level":"info","message":"Получение состава команды проекта","timestamp":"2025-09-10 11:37:32"}
{"level":"info","message":"Получение заданий для пользователя ID: 1","timestamp":"2025-09-10 11:37:32"}
{"level":"info","message":"Получение ожидающих приглашений пользователя","timestamp":"2025-09-10 11:37:32","userId":1}
{"assignmentId":32,"level":"info","message":"Получение состава команды проекта","timestamp":"2025-09-10 11:37:32"}
{"level":"info","message":"Получение заданий для пользователя ID: 1","timestamp":"2025-09-10 11:37:32"}
{"level":"info","message":"Получение ожидающих приглашений пользователя","timestamp":"2025-09-10 11:37:32","userId":1}
{"assignmentId":32,"level":"info","message":"Получение состава команды проекта","timestamp":"2025-09-10 11:37:32"}
{"level":"info","message":"Получение заданий для пользователя ID: 1","timestamp":"2025-09-10 11:37:32"}
{"level":"info","message":"Получение ожидающих приглашений пользователя","timestamp":"2025-09-10 11:37:32","userId":1}
{"assignmentId":32,"level":"info","message":"Получение состава команды проекта","timestamp":"2025-09-10 11:37:32"}
{"level":"info","message":"Получение заданий для пользователя ID: 1","timestamp":"2025-09-10 11:37:32"}
{"level":"info","message":"Получение ожидающих приглашений пользователя","timestamp":"2025-09-10 11:37:32","userId":1}
{"assignmentId":32,"level":"info","message":"Получение состава команды проекта","timestamp":"2025-09-10 11:37:32"}
{"level":"info","message":"Получение заданий для пользователя ID: 1","timestamp":"2025-09-10 11:37:32"}
{"level":"info","message":"Получение ожидающих приглашений пользователя","timestamp":"2025-09-10 11:37:32","userId":1}
{"assignmentId":32,"level":"info","message":"Получение состава команды проекта","timestamp":"2025-09-10 11:37:32"}
{"level":"info","message":"Получение заданий для пользователя ID: 1","timestamp":"2025-09-10 11:37:32"}
{"level":"info","message":"Получение ожидающих приглашений пользователя","timestamp":"2025-09-10 11:37:32","userId":1}
{"level":"info","message":"Получение заданий для пользователя ID: 1","timestamp":"2025-09-10 11:37:32"}
{"level":"info","message":"Получение ожидающих приглашений пользователя","timestamp":"2025-09-10 11:37:32","userId":1}
{"assignmentId":32,"level":"info","message":"Получение состава команды проекта","timestamp":"2025-09-10 11:37:32"}
{"level":"info","message":"Получение заданий для пользователя ID: 1","timestamp":"2025-09-10 11:37:32"}
{"level":"info","message":"Получение ожидающих приглашений пользователя","timestamp":"2025-09-10 11:37:32","userId":1}
{"assignmentId":32,"level":"info","message":"Получение состава команды проекта","timestamp":"2025-09-10 11:37:32"}
{"level":"info","message":"Получение ожидающих приглашений пользователя","timestamp":"2025-09-10 11:37:32","userId":1}
{"assignmentId":32,"level":"info","message":"Получение состава команды проекта","timestamp":"2025-09-10 11:37:32"}
{"level":"info","message":"Получение заданий для пользователя ID: 1","timestamp":"2025-09-10 11:37:32"}
{"level":"info","message":"Получение ожидающих приглашений пользователя","timestamp":"2025-09-10 11:37:32","userId":1}
{"assignmentId":32,"level":"info","message":"Получение состава команды проекта","timestamp":"2025-09-10 11:37:32"}
{"level":"info","message":"Получение заданий для пользователя ID: 1","timestamp":"2025-09-10 11:37:32"}
{"level":"info","message":"Получение ожидающих приглашений пользователя","timestamp":"2025-09-10 11:37:32","userId":1}
{"assignmentId":32,"level":"info","message":"Получение состава команды проекта","timestamp":"2025-09-10 11:37:32"}
{"level":"info","message":"Получение заданий для пользователя ID: 1","timestamp":"2025-09-10 11:37:32"}
{"level":"info","message":"Получение ожидающих приглашений пользователя","timestamp":"2025-09-10 11:37:32","userId":1}
{"assignmentId":32,"level":"info","message":"Получение состава команды проекта","timestamp":"2025-09-10 11:37:32"}
{"level":"info","message":"Получение заданий для пользователя ID: 1","timestamp":"2025-09-10 11:37:32"}
{"level":"info","message":"Получение ожидающих приглашений пользователя","timestamp":"2025-09-10 11:37:32","userId":1}
{"assignmentId":32,"level":"info","message":"Получение состава команды проекта","timestamp":"2025-09-10 11:37:32"}
{"level":"info","message":"Получение заданий для пользователя ID: 1","timestamp":"2025-09-10 11:37:32"}
{"level":"info","message":"Получение ожидающих приглашений пользователя","timestamp":"2025-09-10 11:37:32","userId":1}
{"assignmentId":32,"level":"info","message":"Получение состава команды проекта","timestamp":"2025-09-10 11:37:32"}
{"level":"info","message":"Получение заданий для пользователя ID: 1","timestamp":"2025-09-10 11:37:32"}
{"level":"info","message":"Получение заданий для пользователя ID: 1","timestamp":"2025-09-10 11:37:32"}
{"level":"info","message":"Получение ожидающих приглашений пользователя","timestamp":"2025-09-10 11:37:32","userId":1}
{"assignmentId":32,"level":"info","message":"Получение состава команды проекта","timestamp":"2025-09-10 11:37:32"}
{"level":"info","message":"Получение ожидающих приглашений пользователя","timestamp":"2025-09-10 11:37:32","userId":1}
{"assignmentId":32,"level":"info","message":"Получение состава команды проекта","timestamp":"2025-09-10 11:37:32"}
{"level":"info","message":"Получение заданий для пользователя ID: 1","timestamp":"2025-09-10 11:37:32"}
{"level":"info","message":"Получение ожидающих приглашений пользователя","timestamp":"2025-09-10 11:37:32","userId":1}
{"assignmentId":32,"level":"info","message":"Получение состава команды проекта","timestamp":"2025-09-10 11:37:32"}
{"level":"info","message":"Получение заданий для пользователя ID: 1","timestamp":"2025-09-10 11:37:32"}
{"level":"info","message":"Получение ожидающих приглашений пользователя","timestamp":"2025-09-10 11:37:33","userId":1}
{"assignmentId":32,"level":"info","message":"Получение состава команды проекта","timestamp":"2025-09-10 11:37:33"}
{"level":"info","message":"Получение заданий для пользователя ID: 1","timestamp":"2025-09-10 11:37:33"}
{"level":"info","message":"Получение ожидающих приглашений пользователя","timestamp":"2025-09-10 11:37:33","userId":1}
{"assignmentId":32,"level":"info","message":"Получение состава команды проекта","timestamp":"2025-09-10 11:37:33"}
{"level":"info","message":"Получение заданий для пользователя ID: 1","timestamp":"2025-09-10 11:37:33"}
{"level":"info","message":"Получение ожидающих приглашений пользователя","timestamp":"2025-09-10 11:37:33","userId":1}
{"assignmentId":32,"level":"info","message":"Получение состава команды проекта","timestamp":"2025-09-10 11:37:33"}
{"level":"info","message":"Получение заданий для пользователя ID: 1","timestamp":"2025-09-10 11:37:33"}
{"level":"info","message":"Получение заданий для пользователя ID: 1","timestamp":"2025-09-10 11:37:33"}
{"level":"info","message":"Получение ожидающих приглашений пользователя","timestamp":"2025-09-10 11:37:33","userId":1}
{"assignmentId":32,"level":"info","message":"Получение состава команды проекта","timestamp":"2025-09-10 11:37:33"}
{"level":"info","message":"Получение ожидающих приглашений пользователя","timestamp":"2025-09-10 11:37:33","userId":1}
{"assignmentId":32,"level":"info","message":"Получение состава команды проекта","timestamp":"2025-09-10 11:37:33"}
{"level":"info","message":"Получение заданий для пользователя ID: 1","timestamp":"2025-09-10 11:37:33"}
{"level":"info","message":"Получение ожидающих приглашений пользователя","timestamp":"2025-09-10 11:37:33","userId":1}
{"assignmentId":32,"level":"info","message":"Получение состава команды проекта","timestamp":"2025-09-10 11:37:33"}
{"level":"info","message":"Получение заданий для пользователя ID: 1","timestamp":"2025-09-10 11:37:33"}
{"level":"info","message":"Получение ожидающих приглашений пользователя","timestamp":"2025-09-10 11:37:33","userId":1}
{"assignmentId":32,"level":"info","message":"Получение состава команды проекта","timestamp":"2025-09-10 11:37:33"}
{"level":"info","message":"Получение заданий для пользователя ID: 1","timestamp":"2025-09-10 11:37:33"}
{"level":"info","message":"Получение ожидающих приглашений пользователя","timestamp":"2025-09-10 11:37:33","userId":1}
{"assignmentId":32,"level":"info","message":"Получение состава команды проекта","timestamp":"2025-09-10 11:37:33"}
{"level":"info","message":"Получение ожидающих приглашений пользователя","timestamp":"2025-09-10 11:37:33","userId":1}
{"assignmentId":32,"level":"info","message":"Получение состава команды проекта","timestamp":"2025-09-10 11:37:33"}
{"level":"info","message":"Получение заданий для пользователя ID: 1","timestamp":"2025-09-10 11:37:33"}
{"level":"info","message":"Получение ожидающих приглашений пользователя","timestamp":"2025-09-10 11:37:33","userId":1}
{"assignmentId":32,"level":"info","message":"Получение состава команды проекта","timestamp":"2025-09-10 11:37:33"}
{"level":"info","message":"Получение заданий для пользователя ID: 1","timestamp":"2025-09-10 11:37:33"}
{"level":"info","message":"Получение ожидающих приглашений пользователя","timestamp":"2025-09-10 11:37:33","userId":1}
{"assignmentId":32,"level":"info","message":"Получение состава команды проекта","timestamp":"2025-09-10 11:37:33"}
{"level":"info","message":"Получение заданий для пользователя ID: 1","timestamp":"2025-09-10 11:37:33"}
{"level":"info","message":"Получение ожидающих приглашений пользователя","timestamp":"2025-09-10 11:37:33","userId":1}
{"assignmentId":32,"level":"info","message":"Получение состава команды проекта","timestamp":"2025-09-10 11:37:33"}
{"level":"info","message":"Получение заданий для пользователя ID: 1","timestamp":"2025-09-10 11:37:33"}
{"level":"info","message":"Получение ожидающих приглашений пользователя","timestamp":"2025-09-10 11:37:33","userId":1}
{"assignmentId":32,"level":"info","message":"Получение состава команды проекта","timestamp":"2025-09-10 11:37:33"}
{"level":"info","message":"Получение ожидающих приглашений пользователя","timestamp":"2025-09-10 11:37:33","userId":1}
{"assignmentId":32,"level":"info","message":"Получение состава команды проекта","timestamp":"2025-09-10 11:37:33"}
{"level":"info","message":"Получение заданий для пользователя ID: 1","timestamp":"2025-09-10 11:37:33"}
{"level":"info","message":"Получение ожидающих приглашений пользователя","timestamp":"2025-09-10 11:37:33","userId":1}
{"assignmentId":32,"level":"info","message":"Получение состава команды проекта","timestamp":"2025-09-10 11:37:33"}
{"level":"info","message":"Получение заданий для пользователя ID: 1","timestamp":"2025-09-10 11:37:33"}
{"level":"info","message":"Получение ожидающих приглашений пользователя","timestamp":"2025-09-10 11:37:33","userId":1}
{"assignmentId":32,"level":"info","message":"Получение состава команды проекта","timestamp":"2025-09-10 11:37:33"}
{"level":"info","message":"Получение заданий для пользователя ID: 1","timestamp":"2025-09-10 11:37:33"}
{"level":"info","message":"Получение ожидающих приглашений пользователя","timestamp":"2025-09-10 11:37:33","userId":1}
{"assignmentId":32,"level":"info","message":"Получение состава команды проекта","timestamp":"2025-09-10 11:37:33"}
{"level":"info","message":"Получение заданий для пользователя ID: 1","timestamp":"2025-09-10 11:37:33"}
{"level":"info","message":"Получение ожидающих приглашений пользователя","timestamp":"2025-09-10 11:37:33","userId":1}
{"assignmentId":32,"level":"info","message":"Получение состава команды проекта","timestamp":"2025-09-10 11:37:33"}
{"level":"info","message":"Получение заданий для пользователя ID: 1","timestamp":"2025-09-10 11:37:33"}
{"level":"info","message":"Получение ожидающих приглашений пользователя","timestamp":"2025-09-10 11:37:33","userId":1}
{"assignmentId":32,"level":"info","message":"Получение состава команды проекта","timestamp":"2025-09-10 11:37:33"}
{"level":"info","message":"Получение заданий для пользователя ID: 1","timestamp":"2025-09-10 11:37:33"}
{"level":"info","message":"Получение ожидающих приглашений пользователя","timestamp":"2025-09-10 11:37:33","userId":1}
{"assignmentId":32,"level":"info","message":"Получение состава команды проекта","timestamp":"2025-09-10 11:37:33"}
{"level":"info","message":"Получение заданий для пользователя ID: 1","timestamp":"2025-09-10 11:37:33"}
{"level":"info","message":"Получение ожидающих приглашений пользователя","timestamp":"2025-09-10 11:37:33","userId":1}
{"assignmentId":32,"level":"info","message":"Получение состава команды проекта","timestamp":"2025-09-10 11:37:33"}
{"level":"info","message":"Получение заданий для пользователя ID: 1","timestamp":"2025-09-10 11:37:33"}
{"level":"info","message":"Получение ожидающих приглашений пользователя","timestamp":"2025-09-10 11:37:33","userId":1}
{"assignmentId":32,"level":"info","message":"Получение состава команды проекта","timestamp":"2025-09-10 11:37:33"}
{"level":"info","message":"Получение заданий для пользователя ID: 1","timestamp":"2025-09-10 11:37:33"}
{"level":"info","message":"Получение ожидающих приглашений пользователя","timestamp":"2025-09-10 11:37:33","userId":1}
{"assignmentId":32,"level":"info","message":"Получение состава команды проекта","timestamp":"2025-09-10 11:37:33"}
{"level":"info","message":"Получение ожидающих приглашений пользователя","timestamp":"2025-09-10 11:37:33","userId":1}
{"level":"info","message":"Получение заданий для пользователя ID: 1","timestamp":"2025-09-10 11:37:33"}
{"level":"info","message":"Получение ожидающих приглашений пользователя","timestamp":"2025-09-10 11:37:33","userId":1}
{"assignmentId":32,"level":"info","message":"Получение состава команды проекта","timestamp":"2025-09-10 11:37:33"}
{"level":"info","message":"Получение ожидающих приглашений пользователя","timestamp":"2025-09-10 11:37:33","userId":1}
{"level":"info","message":"Получение заданий для пользователя ID: 1","timestamp":"2025-09-10 11:37:33"}
{"level":"info","message":"Получение ожидающих приглашений пользователя","timestamp":"2025-09-10 11:37:33","userId":1}
{"assignmentId":32,"level":"info","message":"Получение состава команды проекта","timestamp":"2025-09-10 11:37:33"}
{"level":"info","message":"Получение заданий для пользователя ID: 1","timestamp":"2025-09-10 11:37:33"}
{"level":"info","message":"Получение ожидающих приглашений пользователя","timestamp":"2025-09-10 11:37:33","userId":1}
{"level":"info","message":"Получение ожидающих приглашений пользователя","timestamp":"2025-09-10 11:37:33","userId":1}
{"level":"info","message":"Получение заданий для пользователя ID: 1","timestamp":"2025-09-10 11:37:33"}
{"level":"info","message":"Получение ожидающих приглашений пользователя","timestamp":"2025-09-10 11:37:33","userId":1}
{"assignmentId":32,"level":"info","message":"Получение состава команды проекта","timestamp":"2025-09-10 11:37:33"}
{"level":"info","message":"Получение заданий для пользователя ID: 1","timestamp":"2025-09-10 11:37:33"}
{"level":"info","message":"Получение ожидающих приглашений пользователя","timestamp":"2025-09-10 11:37:33","userId":1}
{"assignmentId":32,"level":"info","message":"Получение состава команды проекта","timestamp":"2025-09-10 11:37:33"}
{"level":"info","message":"Получение заданий для пользователя ID: 1","timestamp":"2025-09-10 11:37:33"}
{"level":"info","message":"Получение ожидающих приглашений пользователя","timestamp":"2025-09-10 11:37:33","userId":1}
{"assignmentId":32,"level":"info","message":"Получение состава команды проекта","timestamp":"2025-09-10 11:37:33"}
{"level":"info","message":"Получение ожидающих приглашений пользователя","timestamp":"2025-09-10 11:37:33","userId":1}
{"assignmentId":32,"level":"info","message":"Получение состава команды проекта","timestamp":"2025-09-10 11:37:33"}
{"level":"info","message":"Получение заданий для пользователя ID: 1","timestamp":"2025-09-10 11:37:33"}
{"level":"info","message":"Получение заданий для пользователя ID: 1","timestamp":"2025-09-10 11:37:33"}
{"level":"info","message":"Получение ожидающих приглашений пользователя","timestamp":"2025-09-10 11:37:33","userId":1}
{"assignmentId":32,"level":"info","message":"Получение состава команды проекта","timestamp":"2025-09-10 11:37:33"}
{"level":"info","message":"Получение ожидающих приглашений пользователя","timestamp":"2025-09-10 11:37:33","userId":1}
{"assignmentId":32,"level":"info","message":"Получение состава команды проекта","timestamp":"2025-09-10 11:37:33"}
{"level":"info","message":"Получение заданий для пользователя ID: 1","timestamp":"2025-09-10 11:37:33"}
{"level":"info","message":"Получение ожидающих приглашений пользователя","timestamp":"2025-09-10 11:37:33","userId":1}
{"assignmentId":32,"level":"info","message":"Получение состава команды проекта","timestamp":"2025-09-10 11:37:33"}
{"level":"info","message":"Получение ожидающих приглашений пользователя","timestamp":"2025-09-10 11:37:33","userId":1}
{"level":"info","message":"Получение заданий для пользователя ID: 1","timestamp":"2025-09-10 11:37:33"}
{"assignmentId":32,"level":"info","message":"Получение состава команды проекта","timestamp":"2025-09-10 11:37:33"}
{"level":"info","message":"Получение ожидающих приглашений пользователя","timestamp":"2025-09-10 11:37:33","userId":1}
{"level":"info","message":"Получение заданий для пользователя ID: 1","timestamp":"2025-09-10 11:37:33"}
{"assignmentId":32,"level":"info","message":"Получение состава команды проекта","timestamp":"2025-09-10 11:37:33"}
{"level":"info","message":"Получение ожидающих приглашений пользователя","timestamp":"2025-09-10 11:37:33","userId":1}
{"level":"info","message":"Получение заданий для пользователя ID: 1","timestamp":"2025-09-10 11:37:33"}
{"assignmentId":32,"level":"info","message":"Получение состава команды проекта","timestamp":"2025-09-10 11:37:33"}
{"level":"info","message":"Получение ожидающих приглашений пользователя","timestamp":"2025-09-10 11:37:33","userId":1}
{"level":"info","message":"Получение заданий для пользователя ID: 1","timestamp":"2025-09-10 11:37:33"}
{"level":"info","message":"Получение ожидающих приглашений пользователя","timestamp":"2025-09-10 11:37:33","userId":1}
{"level":"info","message":"Получение ожидающих приглашений пользователя","timestamp":"2025-09-10 11:37:33","userId":1}
{"level":"info","message":"Получение заданий для пользователя ID: 1","timestamp":"2025-09-10 11:37:33"}
{"level":"info","message":"Получение ожидающих приглашений пользователя","timestamp":"2025-09-10 11:37:33","userId":1}
{"level":"info","message":"Получение заданий для пользователя ID: 1","timestamp":"2025-09-10 11:37:33"}
{"level":"info","message":"Получение ожидающих приглашений пользователя","timestamp":"2025-09-10 11:37:33","userId":1}
{"level":"info","message":"Получение ожидающих приглашений пользователя","timestamp":"2025-09-10 11:37:33","userId":1}
{"level":"info","message":"Получение заданий для пользователя ID: 1","timestamp":"2025-09-10 11:37:33"}
{"level":"info","message":"Получение ожидающих приглашений пользователя","timestamp":"2025-09-10 11:37:33","userId":1}
{"level":"info","message":"Получение заданий для пользователя ID: 1","timestamp":"2025-09-10 11:37:33"}
{"level":"info","message":"Получение ожидающих приглашений пользователя","timestamp":"2025-09-10 11:37:33","userId":1}
{"assignmentId":32,"level":"info","message":"Получение состава команды проекта","timestamp":"2025-09-10 11:37:33"}
{"level":"info","message":"Получение ожидающих приглашений пользователя","timestamp":"2025-09-10 11:37:33","userId":1}
{"level":"info","message":"Получение заданий для пользователя ID: 1","timestamp":"2025-09-10 11:37:33"}
{"level":"info","message":"Получение ожидающих приглашений пользователя","timestamp":"2025-09-10 11:37:33","userId":1}
{"level":"info","message":"Получение заданий для пользователя ID: 1","timestamp":"2025-09-10 11:37:33"}
{"level":"info","message":"Получение ожидающих приглашений пользователя","timestamp":"2025-09-10 11:37:33","userId":1}
{"level":"info","message":"Получение заданий для пользователя ID: 1","timestamp":"2025-09-10 11:37:33"}
{"level":"info","message":"Получение ожидающих приглашений пользователя","timestamp":"2025-09-10 11:37:33","userId":1}
{"level":"info","message":"Получение заданий для пользователя ID: 1","timestamp":"2025-09-10 11:37:33"}
{"level":"info","message":"Получение ожидающих приглашений пользователя","timestamp":"2025-09-10 11:37:33","userId":1}
{"level":"info","message":"Получение ожидающих приглашений пользователя","timestamp":"2025-09-10 11:37:33","userId":1}
{"level":"info","message":"Получение заданий для пользователя ID: 1","timestamp":"2025-09-10 11:37:33"}
{"level":"info","message":"Получение ожидающих приглашений пользователя","timestamp":"2025-09-10 11:37:33","userId":1}
{"level":"info","message":"Получение заданий для пользователя ID: 1","timestamp":"2025-09-10 11:37:33"}
{"level":"info","message":"Получение ожидающих приглашений пользователя","timestamp":"2025-09-10 11:37:33","userId":1}
{"level":"info","message":"Получение заданий для пользователя ID: 1","timestamp":"2025-09-10 11:37:33"}
{"level":"info","message":"Получение ожидающих приглашений пользователя","timestamp":"2025-09-10 11:37:33","userId":1}
{"level":"info","message":"Получение ожидающих приглашений пользователя","timestamp":"2025-09-10 11:37:33","userId":1}
{"level":"info","message":"Получение заданий для пользователя ID: 1","timestamp":"2025-09-10 11:37:33"}
{"level":"info","message":"Получение ожидающих приглашений пользователя","timestamp":"2025-09-10 11:37:33","userId":1}
{"level":"info","message":"Получение заданий для пользователя ID: 1","timestamp":"2025-09-10 11:37:33"}
{"level":"info","message":"Получение ожидающих приглашений пользователя","timestamp":"2025-09-10 11:37:33","userId":1}
{"level":"info","message":"Получение заданий для пользователя ID: 1","timestamp":"2025-09-10 11:37:33"}
{"level":"info","message":"Получение ожидающих приглашений пользователя","timestamp":"2025-09-10 11:37:33","userId":1}
{"level":"info","message":"Получение заданий для пользователя ID: 1","timestamp":"2025-09-10 11:37:33"}
{"level":"info","message":"Получение ожидающих приглашений пользователя","timestamp":"2025-09-10 11:37:33","userId":1}
{"assignmentId":32,"level":"info","message":"Получение состава команды проекта","timestamp":"2025-09-10 11:37:33"}
{"level":"info","message":"Получение заданий для пользователя ID: 1","timestamp":"2025-09-10 11:37:33"}
{"level":"info","message":"Получение ожидающих приглашений пользователя","timestamp":"2025-09-10 11:37:33","userId":1}
{"level":"info","message":"Получение ожидающих приглашений пользователя","timestamp":"2025-09-10 11:37:33","userId":1}
{"level":"info","message":"Получение заданий для пользователя ID: 1","timestamp":"2025-09-10 11:37:33"}
{"assignmentId":32,"level":"info","message":"Получение состава команды проекта","timestamp":"2025-09-10 11:37:33"}
{"level":"info","message":"Получение ожидающих приглашений пользователя","timestamp":"2025-09-10 11:37:33","userId":1}
{"assignmentId":32,"level":"info","message":"Получение состава команды проекта","timestamp":"2025-09-10 11:37:33"}
{"level":"info","message":"Получение заданий для пользователя ID: 1","timestamp":"2025-09-10 11:37:33"}
{"level":"info","message":"Получение ожидающих приглашений пользователя","timestamp":"2025-09-10 11:37:33","userId":1}
{"assignmentId":32,"level":"info","message":"Получение состава команды проекта","timestamp":"2025-09-10 11:37:33"}
{"level":"info","message":"Получение ожидающих приглашений пользователя","timestamp":"2025-09-10 11:37:33","userId":1}
{"level":"info","message":"Получение заданий для пользователя ID: 1","timestamp":"2025-09-10 11:37:33"}
{"assignmentId":32,"level":"info","message":"Получение состава команды проекта","timestamp":"2025-09-10 11:37:33"}
{"level":"info","message":"Получение ожидающих приглашений пользователя","timestamp":"2025-09-10 11:37:33","userId":1}
{"level":"info","message":"Получение заданий для пользователя ID: 1","timestamp":"2025-09-10 11:37:33"}
{"level":"info","message":"Получение ожидающих приглашений пользователя","timestamp":"2025-09-10 11:37:33","userId":1}
{"assignmentId":32,"level":"info","message":"Получение состава команды проекта","timestamp":"2025-09-10 11:37:33"}
{"level":"info","message":"Получение ожидающих приглашений пользователя","timestamp":"2025-09-10 11:37:33","userId":1}
{"level":"info","message":"Получение заданий для пользователя ID: 1","timestamp":"2025-09-10 11:37:33"}
{"level":"info","message":"Получение ожидающих приглашений пользователя","timestamp":"2025-09-10 11:37:33","userId":1}
{"level":"info","message":"Получение ожидающих приглашений пользователя","timestamp":"2025-09-10 11:37:33","userId":1}
{"level":"info","message":"Получение заданий для пользователя ID: 1","timestamp":"2025-09-10 11:37:33"}
{"assignmentId":32,"level":"info","message":"Получение состава команды проекта","timestamp":"2025-09-10 11:37:33"}
{"level":"info","message":"Получение ожидающих приглашений пользователя","timestamp":"2025-09-10 11:37:33","userId":1}
{"assignmentId":32,"level":"info","message":"Получение состава команды проекта","timestamp":"2025-09-10 11:37:33"}
{"level":"info","message":"Получение заданий для пользователя ID: 1","timestamp":"2025-09-10 11:37:33"}
{"level":"info","message":"Получение ожидающих приглашений пользователя","timestamp":"2025-09-10 11:37:33","userId":1}
{"level":"info","message":"Получение ожидающих приглашений пользователя","timestamp":"2025-09-10 11:37:33","userId":1}
{"level":"info","message":"Получение заданий для пользователя ID: 1","timestamp":"2025-09-10 11:37:33"}
{"level":"info","message":"Получение ожидающих приглашений пользователя","timestamp":"2025-09-10 11:37:33","userId":1}
{"level":"info","message":"Получение заданий для пользователя ID: 1","timestamp":"2025-09-10 11:37:33"}
{"level":"info","message":"Получение ожидающих приглашений пользователя","timestamp":"2025-09-10 11:37:33","userId":1}
{"assignmentId":32,"level":"info","message":"Получение состава команды проекта","timestamp":"2025-09-10 11:37:33"}
{"level":"info","message":"Получение заданий для пользователя ID: 1","timestamp":"2025-09-10 11:37:33"}
{"level":"info","message":"Получение ожидающих приглашений пользователя","timestamp":"2025-09-10 11:37:33","userId":1}
{"level":"info","message":"Получение заданий для пользователя ID: 1","timestamp":"2025-09-10 11:37:33"}
{"level":"info","message":"Получение ожидающих приглашений пользователя","timestamp":"2025-09-10 11:37:33","userId":1}
{"level":"info","message":"Получение ожидающих приглашений пользователя","timestamp":"2025-09-10 11:37:33","userId":1}
{"level":"info","message":"Получение заданий для пользователя ID: 1","timestamp":"2025-09-10 11:37:33"}
{"level":"info","message":"Получение ожидающих приглашений пользователя","timestamp":"2025-09-10 11:37:33","userId":1}
{"level":"info","message":"Получение заданий для пользователя ID: 1","timestamp":"2025-09-10 11:37:33"}
{"level":"info","message":"Получение ожидающих приглашений пользователя","timestamp":"2025-09-10 11:37:33","userId":1}
{"assignmentId":32,"level":"info","message":"Получение состава команды проекта","timestamp":"2025-09-10 11:37:33"}
{"level":"info","message":"Получение заданий для пользователя ID: 1","timestamp":"2025-09-10 11:37:34"}
{"level":"info","message":"Получение ожидающих приглашений пользователя","timestamp":"2025-09-10 11:37:34","userId":1}
{"assignmentId":32,"level":"info","message":"Получение состава команды проекта","timestamp":"2025-09-10 11:37:34"}
{"level":"info","message":"Получение ожидающих приглашений пользователя","timestamp":"2025-09-10 11:37:34","userId":1}
{"level":"info","message":"Получение заданий для пользователя ID: 1","timestamp":"2025-09-10 11:37:34"}
{"level":"info","message":"Получение ожидающих приглашений пользователя","timestamp":"2025-09-10 11:37:34","userId":1}
{"level":"info","message":"Получение заданий для пользователя ID: 1","timestamp":"2025-09-10 11:37:34"}
{"level":"info","message":"Получение ожидающих приглашений пользователя","timestamp":"2025-09-10 11:37:34","userId":1}
{"level":"info","message":"Получение заданий для пользователя ID: 1","timestamp":"2025-09-10 11:37:34"}
{"level":"info","message":"Получение ожидающих приглашений пользователя","timestamp":"2025-09-10 11:37:34","userId":1}
{"level":"info","message":"Получение заданий для пользователя ID: 1","timestamp":"2025-09-10 11:37:34"}
{"level":"info","message":"Получение ожидающих приглашений пользователя","timestamp":"2025-09-10 11:37:34","userId":1}
{"level":"info","message":"Получение заданий для пользователя ID: 1","timestamp":"2025-09-10 11:37:34"}
{"level":"info","message":"Получение ожидающих приглашений пользователя","timestamp":"2025-09-10 11:37:34","userId":1}
{"level":"info","message":"Получение ожидающих приглашений пользователя","timestamp":"2025-09-10 11:37:34","userId":1}
{"level":"info","message":"Получение заданий для пользователя ID: 1","timestamp":"2025-09-10 11:37:34"}
{"level":"info","message":"Получение ожидающих приглашений пользователя","timestamp":"2025-09-10 11:37:34","userId":1}
{"level":"info","message":"Получение заданий для пользователя ID: 1","timestamp":"2025-09-10 11:37:34"}
{"level":"info","message":"Получение ожидающих приглашений пользователя","timestamp":"2025-09-10 11:37:34","userId":1}
{"level":"info","message":"Получение заданий для пользователя ID: 1","timestamp":"2025-09-10 11:37:34"}
{"level":"info","message":"Получение ожидающих приглашений пользователя","timestamp":"2025-09-10 11:37:34","userId":1}
{"level":"info","message":"Получение заданий для пользователя ID: 1","timestamp":"2025-09-10 11:37:34"}
{"level":"info","message":"Получение ожидающих приглашений пользователя","timestamp":"2025-09-10 11:37:34","userId":1}
{"level":"info","message":"Получение ожидающих приглашений пользователя","timestamp":"2025-09-10 11:37:34","userId":1}
{"level":"info","message":"Получение заданий для пользователя ID: 1","timestamp":"2025-09-10 11:37:34"}
{"level":"info","message":"Получение ожидающих приглашений пользователя","timestamp":"2025-09-10 11:37:34","userId":1}
{"level":"info","message":"Получение заданий для пользователя ID: 1","timestamp":"2025-09-10 11:37:34"}
{"level":"info","message":"Получение ожидающих приглашений пользователя","timestamp":"2025-09-10 11:37:34","userId":1}
{"assignmentId":32,"level":"info","message":"Получение состава команды проекта","timestamp":"2025-09-10 11:37:34"}
{"level":"info","message":"Получение заданий для пользователя ID: 1","timestamp":"2025-09-10 11:37:34"}
{"level":"info","message":"Получение ожидающих приглашений пользователя","timestamp":"2025-09-10 11:37:34","userId":1}
{"assignmentId":32,"level":"info","message":"Получение состава команды проекта","timestamp":"2025-09-10 11:37:34"}
{"level":"info","message":"Получение ожидающих приглашений пользователя","timestamp":"2025-09-10 11:37:34","userId":1}
{"level":"info","message":"Получение заданий для пользователя ID: 1","timestamp":"2025-09-10 11:37:34"}
{"level":"info","message":"Получение ожидающих приглашений пользователя","timestamp":"2025-09-10 11:37:34","userId":1}
{"level":"info","message":"Получение заданий для пользователя ID: 1","timestamp":"2025-09-10 11:37:34"}
{"level":"info","message":"Получение ожидающих приглашений пользователя","timestamp":"2025-09-10 11:37:34","userId":1}
{"level":"info","message":"Получение ожидающих приглашений пользователя","timestamp":"2025-09-10 11:37:34","userId":1}
{"level":"info","message":"Получение заданий для пользователя ID: 1","timestamp":"2025-09-10 11:37:34"}
{"level":"info","message":"Получение ожидающих приглашений пользователя","timestamp":"2025-09-10 11:37:34","userId":1}
{"level":"info","message":"Получение заданий для пользователя ID: 1","timestamp":"2025-09-10 11:37:34"}
{"level":"info","message":"Получение ожидающих приглашений пользователя","timestamp":"2025-09-10 11:37:34","userId":1}
{"assignmentId":32,"level":"info","message":"Получение состава команды проекта","timestamp":"2025-09-10 11:37:34"}
{"level":"info","message":"Получение ожидающих приглашений пользователя","timestamp":"2025-09-10 11:37:34","userId":1}
{"level":"info","message":"Получение заданий для пользователя ID: 1","timestamp":"2025-09-10 11:37:34"}
{"level":"info","message":"Получение ожидающих приглашений пользователя","timestamp":"2025-09-10 11:37:34","userId":1}
{"level":"info","message":"Получение заданий для пользователя ID: 1","timestamp":"2025-09-10 11:37:34"}
{"level":"info","message":"Получение ожидающих приглашений пользователя","timestamp":"2025-09-10 11:37:34","userId":1}
{"assignmentId":32,"level":"info","message":"Получение состава команды проекта","timestamp":"2025-09-10 11:37:34"}
{"level":"info","message":"Получение заданий для пользователя ID: 1","timestamp":"2025-09-10 11:37:34"}
{"level":"info","message":"Получение ожидающих приглашений пользователя","timestamp":"2025-09-10 11:37:34","userId":1}
{"assignmentId":32,"level":"info","message":"Получение состава команды проекта","timestamp":"2025-09-10 11:37:34"}
{"level":"info","message":"Получение ожидающих приглашений пользователя","timestamp":"2025-09-10 11:37:34","userId":1}
{"assignmentId":32,"level":"info","message":"Получение состава команды проекта","timestamp":"2025-09-10 11:37:34"}
{"level":"info","message":"Получение заданий для пользователя ID: 1","timestamp":"2025-09-10 11:37:34"}
{"level":"info","message":"Получение ожидающих приглашений пользователя","timestamp":"2025-09-10 11:37:34","userId":1}
{"level":"info","message":"Получение заданий для пользователя ID: 1","timestamp":"2025-09-10 11:37:34"}
{"level":"info","message":"Получение ожидающих приглашений пользователя","timestamp":"2025-09-10 11:37:34","userId":1}
{"assignmentId":32,"level":"info","message":"Получение состава команды проекта","timestamp":"2025-09-10 11:37:34"}
{"level":"info","message":"Получение ожидающих приглашений пользователя","timestamp":"2025-09-10 11:37:34","userId":1}
{"level":"info","message":"Получение заданий для пользователя ID: 1","timestamp":"2025-09-10 11:37:34"}
{"level":"info","message":"Получение ожидающих приглашений пользователя","timestamp":"2025-09-10 11:37:34","userId":1}
{"level":"info","message":"Получение заданий для пользователя ID: 1","timestamp":"2025-09-10 11:37:34"}
{"level":"info","message":"Получение ожидающих приглашений пользователя","timestamp":"2025-09-10 11:37:34","userId":1}
{"assignmentId":32,"level":"info","message":"Получение состава команды проекта","timestamp":"2025-09-10 11:37:34"}
{"level":"info","message":"Получение ожидающих приглашений пользователя","timestamp":"2025-09-10 11:37:34","userId":1}
{"assignmentId":32,"level":"info","message":"Получение состава команды проекта","timestamp":"2025-09-10 11:37:34"}
{"level":"info","message":"Получение заданий для пользователя ID: 1","timestamp":"2025-09-10 11:37:34"}
{"level":"info","message":"Получение ожидающих приглашений пользователя","timestamp":"2025-09-10 11:37:34","userId":1}
{"level":"info","message":"Получение заданий для пользователя ID: 1","timestamp":"2025-09-10 11:37:34"}
{"level":"info","message":"Получение ожидающих приглашений пользователя","timestamp":"2025-09-10 11:37:34","userId":1}
{"level":"info","message":"Получение ожидающих приглашений пользователя","timestamp":"2025-09-10 11:37:34","userId":1}
{"level":"info","message":"Получение заданий для пользователя ID: 1","timestamp":"2025-09-10 11:37:34"}
{"level":"info","message":"Получение ожидающих приглашений пользователя","timestamp":"2025-09-10 11:37:34","userId":1}
{"level":"info","message":"Получение заданий для пользователя ID: 1","timestamp":"2025-09-10 11:37:34"}
{"level":"info","message":"Получение ожидающих приглашений пользователя","timestamp":"2025-09-10 11:37:34","userId":1}
{"level":"info","message":"Получение заданий для пользователя ID: 1","timestamp":"2025-09-10 11:37:34"}
{"level":"info","message":"Получение ожидающих приглашений пользователя","timestamp":"2025-09-10 11:37:34","userId":1}
{"level":"info","message":"Получение заданий для пользователя ID: 1","timestamp":"2025-09-10 11:37:34"}
{"assignmentId":32,"level":"info","message":"Получение состава команды проекта","timestamp":"2025-09-10 11:37:34"}
{"level":"info","message":"Получение ожидающих приглашений пользователя","timestamp":"2025-09-10 11:37:34","userId":1}
{"level":"info","message":"Получение заданий для пользователя ID: 1","timestamp":"2025-09-10 11:37:34"}
{"level":"info","message":"Получение ожидающих приглашений пользователя","timestamp":"2025-09-10 11:37:34","userId":1}
{"level":"info","message":"Получение ожидающих приглашений пользователя","timestamp":"2025-09-10 11:37:34","userId":1}
{"assignmentId":32,"level":"info","message":"Получение состава команды проекта","timestamp":"2025-09-10 11:37:34"}
{"level":"info","message":"Получение заданий для пользователя ID: 1","timestamp":"2025-09-10 11:37:34"}
{"level":"info","message":"Получение ожидающих приглашений пользователя","timestamp":"2025-09-10 11:37:34","userId":1}
{"level":"info","message":"Получение заданий для пользователя ID: 1","timestamp":"2025-09-10 11:37:34"}
{"level":"info","message":"Получение ожидающих приглашений пользователя","timestamp":"2025-09-10 11:37:34","userId":1}
{"level":"info","message":"Получение ожидающих приглашений пользователя","timestamp":"2025-09-10 11:37:34","userId":1}
{"level":"info","message":"Получение заданий для пользователя ID: 1","timestamp":"2025-09-10 11:37:34"}
{"level":"info","message":"Получение ожидающих приглашений пользователя","timestamp":"2025-09-10 11:37:34","userId":1}
{"assignmentId":32,"level":"info","message":"Получение состава команды проекта","timestamp":"2025-09-10 11:37:34"}
{"level":"info","message":"Получение заданий для пользователя ID: 1","timestamp":"2025-09-10 11:37:34"}
{"level":"info","message":"Получение ожидающих приглашений пользователя","timestamp":"2025-09-10 11:37:34","userId":1}
{"level":"info","message":"Получение ожидающих приглашений пользователя","timestamp":"2025-09-10 11:37:34","userId":1}
{"level":"info","message":"Получение заданий для пользователя ID: 1","timestamp":"2025-09-10 11:37:34"}
{"assignmentId":32,"level":"info","message":"Получение состава команды проекта","timestamp":"2025-09-10 11:37:34"}
{"level":"info","message":"Получение ожидающих приглашений пользователя","timestamp":"2025-09-10 11:37:34","userId":1}
{"level":"info","message":"Получение заданий для пользователя ID: 1","timestamp":"2025-09-10 11:37:34"}
{"level":"info","message":"Получение ожидающих приглашений пользователя","timestamp":"2025-09-10 11:37:34","userId":1}
{"level":"info","message":"Получение заданий для пользователя ID: 1","timestamp":"2025-09-10 11:37:34"}
{"level":"info","message":"Получение ожидающих приглашений пользователя","timestamp":"2025-09-10 11:37:34","userId":1}
{"level":"info","message":"Получение заданий для пользователя ID: 1","timestamp":"2025-09-10 11:37:34"}
{"assignmentId":32,"level":"info","message":"Получение состава команды проекта","timestamp":"2025-09-10 11:37:34"}
{"level":"info","message":"Получение ожидающих приглашений пользователя","timestamp":"2025-09-10 11:37:34","userId":1}
{"level":"info","message":"Получение заданий для пользователя ID: 1","timestamp":"2025-09-10 11:37:34"}
{"level":"info","message":"Получение ожидающих приглашений пользователя","timestamp":"2025-09-10 11:37:34","userId":1}
{"assignmentId":32,"level":"info","message":"Получение состава команды проекта","timestamp":"2025-09-10 11:37:34"}
{"level":"info","message":"Получение ожидающих приглашений пользователя","timestamp":"2025-09-10 11:37:34","userId":1}
{"level":"info","message":"Получение заданий для пользователя ID: 1","timestamp":"2025-09-10 11:37:34"}
{"assignmentId":32,"level":"info","message":"Получение состава команды проекта","timestamp":"2025-09-10 11:37:34"}
{"level":"info","message":"Получение ожидающих приглашений пользователя","timestamp":"2025-09-10 11:37:34","userId":1}
{"level":"info","message":"Получение заданий для пользователя ID: 1","timestamp":"2025-09-10 11:37:34"}
{"level":"info","message":"Получение ожидающих приглашений пользователя","timestamp":"2025-09-10 11:37:34","userId":1}
{"level":"info","message":"Получение ожидающих приглашений пользователя","timestamp":"2025-09-10 11:37:34","userId":1}
{"level":"info","message":"Получение заданий для пользователя ID: 1","timestamp":"2025-09-10 11:37:34"}
{"level":"info","message":"Получение ожидающих приглашений пользователя","timestamp":"2025-09-10 11:37:34","userId":1}
{"level":"info","message":"Получение заданий для пользователя ID: 1","timestamp":"2025-09-10 11:37:34"}
{"level":"info","message":"Получение ожидающих приглашений пользователя","timestamp":"2025-09-10 11:37:34","userId":1}
{"level":"info","message":"Получение заданий для пользователя ID: 1","timestamp":"2025-09-10 11:37:34"}
{"level":"info","message":"Получение ожидающих приглашений пользователя","timestamp":"2025-09-10 11:37:34","userId":1}
{"level":"info","message":"Получение заданий для пользователя ID: 1","timestamp":"2025-09-10 11:37:34"}
{"level":"info","message":"Получение ожидающих приглашений пользователя","timestamp":"2025-09-10 11:37:34","userId":1}
{"level":"info","message":"Получение ожидающих приглашений пользователя","timestamp":"2025-09-10 11:37:34","userId":1}
{"level":"info","message":"Получение заданий для пользователя ID: 1","timestamp":"2025-09-10 11:37:34"}
{"level":"info","message":"Получение ожидающих приглашений пользователя","timestamp":"2025-09-10 11:37:34","userId":1}
{"level":"info","message":"Получение заданий для пользователя ID: 1","timestamp":"2025-09-10 11:37:34"}
{"level":"info","message":"Получение ожидающих приглашений пользователя","timestamp":"2025-09-10 11:37:34","userId":1}
{"level":"info","message":"Получение заданий для пользователя ID: 1","timestamp":"2025-09-10 11:37:34"}
{"level":"info","message":"Получение ожидающих приглашений пользователя","timestamp":"2025-09-10 11:37:34","userId":1}
{"level":"info","message":"Получение ожидающих приглашений пользователя","timestamp":"2025-09-10 11:37:34","userId":1}
{"level":"info","message":"Получение заданий для пользователя ID: 1","timestamp":"2025-09-10 11:37:34"}
{"level":"info","message":"Получение ожидающих приглашений пользователя","timestamp":"2025-09-10 11:37:34","userId":1}
{"level":"info","message":"Получение ожидающих приглашений пользователя","timestamp":"2025-09-10 11:37:34","userId":1}
{"assignmentId":32,"level":"info","message":"Получение состава команды проекта","timestamp":"2025-09-10 11:37:34"}
{"level":"info","message":"Получение заданий для пользователя ID: 1","timestamp":"2025-09-10 11:37:34"}
{"level":"info","message":"Получение ожидающих приглашений пользователя","timestamp":"2025-09-10 11:37:34","userId":1}
{"level":"info","message":"Получение заданий для пользователя ID: 1","timestamp":"2025-09-10 11:37:34"}
{"level":"info","message":"Получение ожидающих приглашений пользователя","timestamp":"2025-09-10 11:37:34","userId":1}
{"level":"info","message":"Получение заданий для пользователя ID: 1","timestamp":"2025-09-10 11:37:34"}
{"level":"info","message":"Получение ожидающих приглашений пользователя","timestamp":"2025-09-10 11:37:34","userId":1}
{"level":"info","message":"Получение заданий для пользователя ID: 1","timestamp":"2025-09-10 11:37:34"}
{"level":"info","message":"Получение ожидающих приглашений пользователя","timestamp":"2025-09-10 11:37:34","userId":1}
{"level":"info","message":"Получение заданий для пользователя ID: 1","timestamp":"2025-09-10 11:37:34"}
{"level":"info","message":"Получение ожидающих приглашений пользователя","timestamp":"2025-09-10 11:37:34","userId":1}
{"level":"info","message":"Получение заданий для пользователя ID: 1","timestamp":"2025-09-10 11:37:34"}
{"level":"info","message":"Получение ожидающих приглашений пользователя","timestamp":"2025-09-10 11:37:34","userId":1}
{"level":"info","message":"Получение ожидающих приглашений пользователя","timestamp":"2025-09-10 11:37:34","userId":1}
{"level":"info","message":"Получение заданий для пользователя ID: 1","timestamp":"2025-09-10 11:37:34"}
{"level":"info","message":"Получение ожидающих приглашений пользователя","timestamp":"2025-09-10 11:37:34","userId":1}
{"level":"info","message":"Получение заданий для пользователя ID: 1","timestamp":"2025-09-10 11:37:34"}
{"level":"info","message":"Получение ожидающих приглашений пользователя","timestamp":"2025-09-10 11:37:34","userId":1}
{"level":"info","message":"Получение заданий для пользователя ID: 1","timestamp":"2025-09-10 11:37:34"}
{"level":"info","message":"Получение ожидающих приглашений пользователя","timestamp":"2025-09-10 11:37:34","userId":1}
{"level":"info","message":"Получение заданий для пользователя ID: 1","timestamp":"2025-09-10 11:37:34"}
{"level":"info","message":"Получение ожидающих приглашений пользователя","timestamp":"2025-09-10 11:37:34","userId":1}
{"level":"info","message":"Получение ожидающих приглашений пользователя","timestamp":"2025-09-10 11:37:34","userId":1}
{"level":"info","message":"Получение заданий для пользователя ID: 1","timestamp":"2025-09-10 11:37:34"}
{"level":"info","message":"Получение ожидающих приглашений пользователя","timestamp":"2025-09-10 11:37:34","userId":1}
{"level":"info","message":"Получение заданий для пользователя ID: 1","timestamp":"2025-09-10 11:37:34"}
{"level":"info","message":"Получение ожидающих приглашений пользователя","timestamp":"2025-09-10 11:37:34","userId":1}
{"level":"info","message":"Получение ожидающих приглашений пользователя","timestamp":"2025-09-10 11:37:35","userId":1}
{"level":"info","message":"Получение заданий для пользователя ID: 1","timestamp":"2025-09-10 11:37:35"}
{"level":"info","message":"Получение ожидающих приглашений пользователя","timestamp":"2025-09-10 11:37:35","userId":1}
{"level":"info","message":"Получение заданий для пользователя ID: 1","timestamp":"2025-09-10 11:37:35"}
{"level":"info","message":"Получение ожидающих приглашений пользователя","timestamp":"2025-09-10 11:37:35","userId":1}
{"assignmentId":32,"level":"info","message":"Получение состава команды проекта","timestamp":"2025-09-10 11:37:35"}
{"level":"info","message":"Получение ожидающих приглашений пользователя","timestamp":"2025-09-10 11:37:35","userId":1}
{"level":"info","message":"Получение заданий для пользователя ID: 1","timestamp":"2025-09-10 11:37:35"}
{"assignmentId":32,"level":"info","message":"Получение состава команды проекта","timestamp":"2025-09-10 11:37:35"}
{"level":"info","message":"Получение ожидающих приглашений пользователя","timestamp":"2025-09-10 11:37:35","userId":1}
{"assignmentId":32,"level":"info","message":"Получение состава команды проекта","timestamp":"2025-09-10 11:37:35"}
{"level":"info","message":"Получение заданий для пользователя ID: 1","timestamp":"2025-09-10 11:37:35"}
{"level":"info","message":"Получение ожидающих приглашений пользователя","timestamp":"2025-09-10 11:37:35","userId":1}
{"assignmentId":32,"level":"info","message":"Получение состава команды проекта","timestamp":"2025-09-10 11:37:35"}
{"level":"info","message":"Получение заданий для пользователя ID: 1","timestamp":"2025-09-10 11:37:35"}
{"level":"info","message":"Получение ожидающих приглашений пользователя","timestamp":"2025-09-10 11:37:35","userId":1}
{"assignmentId":32,"level":"info","message":"Получение состава команды проекта","timestamp":"2025-09-10 11:37:35"}
{"level":"info","message":"Получение заданий для пользователя ID: 1","timestamp":"2025-09-10 11:37:35"}
{"level":"info","message":"Получение ожидающих приглашений пользователя","timestamp":"2025-09-10 11:37:35","userId":1}
{"assignmentId":32,"level":"info","message":"Получение состава команды проекта","timestamp":"2025-09-10 11:37:35"}
{"level":"info","message":"Получение ожидающих приглашений пользователя","timestamp":"2025-09-10 11:37:35","userId":1}
{"level":"info","message":"Получение заданий для пользователя ID: 1","timestamp":"2025-09-10 11:37:35"}
{"assignmentId":32,"level":"info","message":"Получение состава команды проекта","timestamp":"2025-09-10 11:37:35"}
{"level":"info","message":"Получение ожидающих приглашений пользователя","timestamp":"2025-09-10 11:37:35","userId":1}
{"level":"info","message":"Получение заданий для пользователя ID: 1","timestamp":"2025-09-10 11:37:35"}
{"level":"info","message":"Получение ожидающих приглашений пользователя","timestamp":"2025-09-10 11:37:35","userId":1}
{"assignmentId":32,"level":"info","message":"Получение состава команды проекта","timestamp":"2025-09-10 11:37:35"}
{"level":"info","message":"Получение заданий для пользователя ID: 1","timestamp":"2025-09-10 11:37:35"}
{"level":"info","message":"Получение ожидающих приглашений пользователя","timestamp":"2025-09-10 11:37:35","userId":1}
{"assignmentId":32,"level":"info","message":"Получение состава команды проекта","timestamp":"2025-09-10 11:37:35"}
{"level":"info","message":"Получение ожидающих приглашений пользователя","timestamp":"2025-09-10 11:37:35","userId":1}
{"assignmentId":32,"level":"info","message":"Получение состава команды проекта","timestamp":"2025-09-10 11:37:35"}
{"level":"info","message":"Получение заданий для пользователя ID: 1","timestamp":"2025-09-10 11:37:35"}
{"level":"info","message":"Получение ожидающих приглашений пользователя","timestamp":"2025-09-10 11:37:35","userId":1}
{"level":"info","message":"Получение заданий для пользователя ID: 1","timestamp":"2025-09-10 11:37:35"}
{"assignmentId":32,"level":"info","message":"Получение состава команды проекта","timestamp":"2025-09-10 11:37:35"}
{"level":"info","message":"Получение ожидающих приглашений пользователя","timestamp":"2025-09-10 11:37:35","userId":1}
{"level":"info","message":"Получение заданий для пользователя ID: 1","timestamp":"2025-09-10 11:37:35"}
{"level":"info","message":"Получение ожидающих приглашений пользователя","timestamp":"2025-09-10 11:37:35","userId":1}
{"assignmentId":32,"level":"info","message":"Получение состава команды проекта","timestamp":"2025-09-10 11:37:35"}
{"level":"info","message":"Получение заданий для пользователя ID: 1","timestamp":"2025-09-10 11:37:35"}
{"level":"info","message":"Получение ожидающих приглашений пользователя","timestamp":"2025-09-10 11:37:35","userId":1}
{"level":"info","message":"Получение заданий для пользователя ID: 1","timestamp":"2025-09-10 11:37:35"}
{"level":"info","message":"Получение ожидающих приглашений пользователя","timestamp":"2025-09-10 11:37:35","userId":1}
{"assignmentId":32,"level":"info","message":"Получение состава команды проекта","timestamp":"2025-09-10 11:37:35"}
{"level":"info","message":"Получение заданий для пользователя ID: 1","timestamp":"2025-09-10 11:37:35"}
{"level":"info","message":"Получение ожидающих приглашений пользователя","timestamp":"2025-09-10 11:37:35","userId":1}
{"assignmentId":32,"level":"info","message":"Получение состава команды проекта","timestamp":"2025-09-10 11:37:35"}
{"level":"info","message":"Получение ожидающих приглашений пользователя","timestamp":"2025-09-10 11:37:35","userId":1}
{"assignmentId":32,"level":"info","message":"Получение состава команды проекта","timestamp":"2025-09-10 11:37:35"}
{"level":"info","message":"Получение заданий для пользователя ID: 1","timestamp":"2025-09-10 11:37:35"}
{"level":"info","message":"Получение ожидающих приглашений пользователя","timestamp":"2025-09-10 11:37:35","userId":1}
{"level":"info","message":"Получение ожидающих приглашений пользователя","timestamp":"2025-09-10 11:37:35","userId":1}
{"assignmentId":32,"level":"info","message":"Получение состава команды проекта","timestamp":"2025-09-10 11:37:35"}
{"level":"info","message":"Получение заданий для пользователя ID: 1","timestamp":"2025-09-10 11:37:35"}
{"assignmentId":32,"level":"info","message":"Получение состава команды проекта","timestamp":"2025-09-10 11:37:35"}
{"level":"info","message":"Получение ожидающих приглашений пользователя","timestamp":"2025-09-10 11:37:35","userId":1}
{"level":"info","message":"Получение заданий для пользователя ID: 1","timestamp":"2025-09-10 11:37:35"}
{"level":"info","message":"Получение ожидающих приглашений пользователя","timestamp":"2025-09-10 11:37:35","userId":1}
{"assignmentId":32,"level":"info","message":"Получение состава команды проекта","timestamp":"2025-09-10 11:37:35"}
{"level":"info","message":"Получение заданий для пользователя ID: 1","timestamp":"2025-09-10 11:37:35"}
{"level":"info","message":"Получение ожидающих приглашений пользователя","timestamp":"2025-09-10 11:37:35","userId":1}
{"assignmentId":32,"level":"info","message":"Получение состава команды проекта","timestamp":"2025-09-10 11:37:35"}
{"level":"info","message":"Получение ожидающих приглашений пользователя","timestamp":"2025-09-10 11:37:35","userId":1}
{"level":"info","message":"Получение заданий для пользователя ID: 1","timestamp":"2025-09-10 11:37:35"}
{"level":"info","message":"Получение заданий для пользователя ID: 1","timestamp":"2025-09-10 11:37:35"}
{"level":"info","message":"Получение ожидающих приглашений пользователя","timestamp":"2025-09-10 11:37:35","userId":1}
{"assignmentId":32,"level":"info","message":"Получение состава команды проекта","timestamp":"2025-09-10 11:37:35"}
{"level":"info","message":"Получение ожидающих приглашений пользователя","timestamp":"2025-09-10 11:37:35","userId":1}
{"assignmentId":32,"level":"info","message":"Получение состава команды проекта","timestamp":"2025-09-10 11:37:35"}
{"level":"info","message":"Получение заданий для пользователя ID: 1","timestamp":"2025-09-10 11:37:35"}
{"level":"info","message":"Получение ожидающих приглашений пользователя","timestamp":"2025-09-10 11:37:35","userId":1}
{"assignmentId":32,"level":"info","message":"Получение состава команды проекта","timestamp":"2025-09-10 11:37:35"}
{"level":"info","message":"Получение заданий для пользователя ID: 1","timestamp":"2025-09-10 11:37:35"}
{"level":"info","message":"Получение ожидающих приглашений пользователя","timestamp":"2025-09-10 11:37:35","userId":1}
{"assignmentId":32,"level":"info","message":"Получение состава команды проекта","timestamp":"2025-09-10 11:37:35"}
{"level":"info","message":"Получение заданий для пользователя ID: 1","timestamp":"2025-09-10 11:37:35"}
{"level":"info","message":"Получение ожидающих приглашений пользователя","timestamp":"2025-09-10 11:37:35","userId":1}
{"level":"info","message":"Получение заданий для пользователя ID: 1","timestamp":"2025-09-10 11:37:35"}
{"level":"info","message":"Получение ожидающих приглашений пользователя","timestamp":"2025-09-10 11:37:35","userId":1}
{"assignmentId":32,"level":"info","message":"Получение состава команды проекта","timestamp":"2025-09-10 11:37:35"}
{"level":"info","message":"Получение ожидающих приглашений пользователя","timestamp":"2025-09-10 11:37:35","userId":1}
{"level":"info","message":"Получение заданий для пользователя ID: 1","timestamp":"2025-09-10 11:37:35"}
{"level":"info","message":"Получение ожидающих приглашений пользователя","timestamp":"2025-09-10 11:37:35","userId":1}
{"assignmentId":32,"level":"info","message":"Получение состава команды проекта","timestamp":"2025-09-10 11:37:35"}
{"level":"info","message":"Получение заданий для пользователя ID: 1","timestamp":"2025-09-10 11:37:35"}
{"level":"info","message":"Получение ожидающих приглашений пользователя","timestamp":"2025-09-10 11:37:35","userId":1}
{"level":"info","message":"Получение заданий для пользователя ID: 1","timestamp":"2025-09-10 11:37:35"}
{"level":"info","message":"Получение ожидающих приглашений пользователя","timestamp":"2025-09-10 11:37:35","userId":1}
{"level":"info","message":"Получение заданий для пользователя ID: 1","timestamp":"2025-09-10 11:37:35"}
{"assignmentId":32,"level":"info","message":"Получение состава команды проекта","timestamp":"2025-09-10 11:37:35"}
{"level":"info","message":"Получение ожидающих приглашений пользователя","timestamp":"2025-09-10 11:37:35","userId":1}
{"level":"info","message":"Получение заданий для пользователя ID: 1","timestamp":"2025-09-10 11:37:35"}
{"level":"info","message":"Получение ожидающих приглашений пользователя","timestamp":"2025-09-10 11:37:35","userId":1}
{"assignmentId":32,"level":"info","message":"Получение состава команды проекта","timestamp":"2025-09-10 11:37:35"}
{"level":"info","message":"Получение ожидающих приглашений пользователя","timestamp":"2025-09-10 11:37:35","userId":1}
{"level":"info","message":"Получение заданий для пользователя ID: 1","timestamp":"2025-09-10 11:37:35"}
{"assignmentId":32,"level":"info","message":"Получение состава команды проекта","timestamp":"2025-09-10 11:37:35"}
{"level":"info","message":"Получение ожидающих приглашений пользователя","timestamp":"2025-09-10 11:37:35","userId":1}
{"level":"info","message":"Получение заданий для пользователя ID: 1","timestamp":"2025-09-10 11:37:35"}
{"level":"info","message":"Получение ожидающих приглашений пользователя","timestamp":"2025-09-10 11:37:35","userId":1}
{"level":"info","message":"Получение заданий для пользователя ID: 1","timestamp":"2025-09-10 11:37:35"}
{"level":"info","message":"Получение ожидающих приглашений пользователя","timestamp":"2025-09-10 11:37:35","userId":1}
{"assignmentId":32,"level":"info","message":"Получение состава команды проекта","timestamp":"2025-09-10 11:37:35"}
{"level":"info","message":"Получение заданий для пользователя ID: 1","timestamp":"2025-09-10 11:37:35"}
{"level":"info","message":"Получение ожидающих приглашений пользователя","timestamp":"2025-09-10 11:37:35","userId":1}
{"assignmentId":32,"level":"info","message":"Получение состава команды проекта","timestamp":"2025-09-10 11:37:35"}
{"level":"info","message":"Получение ожидающих приглашений пользователя","timestamp":"2025-09-10 11:37:35","userId":1}
{"level":"info","message":"Получение заданий для пользователя ID: 1","timestamp":"2025-09-10 11:37:35"}
{"assignmentId":32,"level":"info","message":"Получение состава команды проекта","timestamp":"2025-09-10 11:37:35"}
{"level":"info","message":"Получение ожидающих приглашений пользователя","timestamp":"2025-09-10 11:37:35","userId":1}
{"assignmentId":32,"level":"info","message":"Получение состава команды проекта","timestamp":"2025-09-10 11:37:35"}
{"level":"info","message":"Получение заданий для пользователя ID: 1","timestamp":"2025-09-10 11:37:35"}
{"level":"info","message":"Получение ожидающих приглашений пользователя","timestamp":"2025-09-10 11:37:35","userId":1}
{"assignmentId":32,"level":"info","message":"Получение состава команды проекта","timestamp":"2025-09-10 11:37:35"}
{"level":"info","message":"Получение заданий для пользователя ID: 1","timestamp":"2025-09-10 11:37:35"}
{"level":"info","message":"Получение ожидающих приглашений пользователя","timestamp":"2025-09-10 11:37:35","userId":1}
{"level":"info","message":"Получение заданий для пользователя ID: 1","timestamp":"2025-09-10 11:37:35"}
{"level":"info","message":"Получение ожидающих приглашений пользователя","timestamp":"2025-09-10 11:37:35","userId":1}
{"assignmentId":32,"level":"info","message":"Получение состава команды проекта","timestamp":"2025-09-10 11:37:35"}
{"level":"info","message":"Получение ожидающих приглашений пользователя","timestamp":"2025-09-10 11:37:35","userId":1}
{"level":"info","message":"Получение заданий для пользователя ID: 1","timestamp":"2025-09-10 11:37:35"}
{"level":"info","message":"Получение ожидающих приглашений пользователя","timestamp":"2025-09-10 11:37:35","userId":1}
{"level":"info","message":"Получение ожидающих приглашений пользователя","timestamp":"2025-09-10 11:37:35","userId":1}
{"assignmentId":32,"level":"info","message":"Получение состава команды проекта","timestamp":"2025-09-10 11:37:35"}
{"level":"info","message":"Получение заданий для пользователя ID: 1","timestamp":"2025-09-10 11:37:35"}
{"level":"info","message":"Получение ожидающих приглашений пользователя","timestamp":"2025-09-10 11:37:35","userId":1}
{"assignmentId":32,"level":"info","message":"Получение состава команды проекта","timestamp":"2025-09-10 11:37:35"}
{"level":"info","message":"Получение заданий для пользователя ID: 1","timestamp":"2025-09-10 11:37:35"}
{"level":"info","message":"Получение ожидающих приглашений пользователя","timestamp":"2025-09-10 11:37:35","userId":1}
{"assignmentId":32,"level":"info","message":"Получение состава команды проекта","timestamp":"2025-09-10 11:37:35"}
{"level":"info","message":"Получение ожидающих приглашений пользователя","timestamp":"2025-09-10 11:37:35","userId":1}
{"level":"info","message":"Получение заданий для пользователя ID: 1","timestamp":"2025-09-10 11:37:35"}
{"assignmentId":32,"level":"info","message":"Получение состава команды проекта","timestamp":"2025-09-10 11:37:35"}
{"level":"info","message":"Получение ожидающих приглашений пользователя","timestamp":"2025-09-10 11:37:35","userId":1}
{"level":"info","message":"Получение ожидающих приглашений пользователя","timestamp":"2025-09-10 11:37:35","userId":1}
{"assignmentId":32,"level":"info","message":"Получение состава команды проекта","timestamp":"2025-09-10 11:37:35"}
{"level":"info","message":"Получение заданий для пользователя ID: 1","timestamp":"2025-09-10 11:37:35"}
{"level":"info","message":"Получение ожидающих приглашений пользователя","timestamp":"2025-09-10 11:37:35","userId":1}
{"assignmentId":32,"level":"info","message":"Получение состава команды проекта","timestamp":"2025-09-10 11:37:35"}
{"level":"info","message":"Получение заданий для пользователя ID: 1","timestamp":"2025-09-10 11:37:35"}
{"level":"info","message":"Получение ожидающих приглашений пользователя","timestamp":"2025-09-10 11:37:35","userId":1}
{"level":"info","message":"Получение заданий для пользователя ID: 1","timestamp":"2025-09-10 11:37:35"}
{"level":"info","message":"Получение ожидающих приглашений пользователя","timestamp":"2025-09-10 11:37:35","userId":1}
{"assignmentId":32,"level":"info","message":"Получение состава команды проекта","timestamp":"2025-09-10 11:37:35"}
{"level":"info","message":"Получение заданий для пользователя ID: 1","timestamp":"2025-09-10 11:37:35"}
{"level":"info","message":"Получение ожидающих приглашений пользователя","timestamp":"2025-09-10 11:37:35","userId":1}
{"level":"info","message":"Получение заданий для пользователя ID: 1","timestamp":"2025-09-10 11:37:35"}
{"assignmentId":32,"level":"info","message":"Получение состава команды проекта","timestamp":"2025-09-10 11:37:35"}
{"level":"info","message":"Получение ожидающих приглашений пользователя","timestamp":"2025-09-10 11:37:35","userId":1}
{"level":"info","message":"Получение заданий для пользователя ID: 1","timestamp":"2025-09-10 11:37:35"}
{"assignmentId":32,"level":"info","message":"Получение состава команды проекта","timestamp":"2025-09-10 11:37:35"}
{"level":"info","message":"Получение ожидающих приглашений пользователя","timestamp":"2025-09-10 11:37:35","userId":1}
{"level":"info","message":"Получение заданий для пользователя ID: 1","timestamp":"2025-09-10 11:37:35"}
{"assignmentId":32,"level":"info","message":"Получение состава команды проекта","timestamp":"2025-09-10 11:37:35"}
{"level":"info","message":"Получение заданий для пользователя ID: 1","timestamp":"2025-09-10 11:37:35"}
{"level":"info","message":"Получение ожидающих приглашений пользователя","timestamp":"2025-09-10 11:37:35","userId":1}
{"level":"info","message":"Получение ожидающих приглашений пользователя","timestamp":"2025-09-10 11:37:35","userId":1}
{"level":"info","message":"Получение заданий для пользователя ID: 1","timestamp":"2025-09-10 11:37:35"}
{"assignmentId":32,"level":"info","message":"Получение состава команды проекта","timestamp":"2025-09-10 11:37:35"}
{"level":"info","message":"Получение ожидающих приглашений пользователя","timestamp":"2025-09-10 11:37:35","userId":1}
{"level":"info","message":"Получение заданий для пользователя ID: 1","timestamp":"2025-09-10 11:37:35"}
{"level":"info","message":"Получение ожидающих приглашений пользователя","timestamp":"2025-09-10 11:37:35","userId":1}
{"assignmentId":32,"level":"info","message":"Получение состава команды проекта","timestamp":"2025-09-10 11:37:35"}
{"level":"info","message":"Получение ожидающих приглашений пользователя","timestamp":"2025-09-10 11:37:35","userId":1}
{"level":"info","message":"Получение заданий для пользователя ID: 1","timestamp":"2025-09-10 11:37:35"}
{"assignmentId":32,"level":"info","message":"Получение состава команды проекта","timestamp":"2025-09-10 11:37:35"}
{"level":"info","message":"Получение ожидающих приглашений пользователя","timestamp":"2025-09-10 11:37:35","userId":1}
{"level":"info","message":"Получение заданий для пользователя ID: 1","timestamp":"2025-09-10 11:37:35"}
{"level":"info","message":"Получение ожидающих приглашений пользователя","timestamp":"2025-09-10 11:37:35","userId":1}
{"assignmentId":32,"level":"info","message":"Получение состава команды проекта","timestamp":"2025-09-10 11:37:35"}
{"level":"info","message":"Получение заданий для пользователя ID: 1","timestamp":"2025-09-10 11:37:35"}
{"level":"info","message":"Получение ожидающих приглашений пользователя","timestamp":"2025-09-10 11:37:35","userId":1}
{"level":"info","message":"Получение заданий для пользователя ID: 1","timestamp":"2025-09-10 11:37:35"}
{"level":"info","message":"Получение ожидающих приглашений пользователя","timestamp":"2025-09-10 11:37:35","userId":1}
{"level":"info","message":"Получение ожидающих приглашений пользователя","timestamp":"2025-09-10 11:37:35","userId":1}
{"assignmentId":32,"level":"info","message":"Получение состава команды проекта","timestamp":"2025-09-10 11:37:35"}
{"level":"info","message":"Получение заданий для пользователя ID: 1","timestamp":"2025-09-10 11:37:35"}
{"level":"info","message":"Получение заданий для пользователя ID: 1","timestamp":"2025-09-10 11:37:36"}
{"level":"info","message":"Получение ожидающих приглашений пользователя","timestamp":"2025-09-10 11:37:36","userId":1}
{"level":"info","message":"Получение ожидающих приглашений пользователя","timestamp":"2025-09-10 11:37:36","userId":1}
{"level":"info","message":"Получение заданий для пользователя ID: 1","timestamp":"2025-09-10 11:37:36"}
{"level":"info","message":"Получение ожидающих приглашений пользователя","timestamp":"2025-09-10 11:37:36","userId":1}
{"level":"info","message":"Получение заданий для пользователя ID: 1","timestamp":"2025-09-10 11:37:36"}
{"level":"info","message":"Получение ожидающих приглашений пользователя","timestamp":"2025-09-10 11:37:36","userId":1}
{"assignmentId":32,"level":"info","message":"Получение состава команды проекта","timestamp":"2025-09-10 11:37:36"}
{"level":"info","message":"Получение ожидающих приглашений пользователя","timestamp":"2025-09-10 11:37:36","userId":1}
{"assignmentId":32,"level":"info","message":"Получение состава команды проекта","timestamp":"2025-09-10 11:37:36"}
{"level":"info","message":"Получение заданий для пользователя ID: 1","timestamp":"2025-09-10 11:37:36"}
{"level":"info","message":"Получение ожидающих приглашений пользователя","timestamp":"2025-09-10 11:37:36","userId":1}
{"level":"info","message":"Получение заданий для пользователя ID: 1","timestamp":"2025-09-10 11:37:36"}
{"level":"info","message":"Получение ожидающих приглашений пользователя","timestamp":"2025-09-10 11:37:36","userId":1}
{"assignmentId":32,"level":"info","message":"Получение состава команды проекта","timestamp":"2025-09-10 11:37:36"}
{"level":"info","message":"Получение ожидающих приглашений пользователя","timestamp":"2025-09-10 11:37:36","userId":1}
{"assignmentId":32,"level":"info","message":"Получение состава команды проекта","timestamp":"2025-09-10 11:37:36"}
{"level":"info","message":"Получение заданий для пользователя ID: 1","timestamp":"2025-09-10 11:37:36"}
{"level":"info","message":"Получение ожидающих приглашений пользователя","timestamp":"2025-09-10 11:37:36","userId":1}
{"assignmentId":32,"level":"info","message":"Получение состава команды проекта","timestamp":"2025-09-10 11:37:36"}
{"level":"info","message":"Получение заданий для пользователя ID: 1","timestamp":"2025-09-10 11:37:36"}
{"level":"info","message":"Получение ожидающих приглашений пользователя","timestamp":"2025-09-10 11:37:36","userId":1}
{"assignmentId":32,"level":"info","message":"Получение состава команды проекта","timestamp":"2025-09-10 11:37:36"}
{"level":"info","message":"Получение заданий для пользователя ID: 1","timestamp":"2025-09-10 11:37:36"}
{"level":"info","message":"Получение ожидающих приглашений пользователя","timestamp":"2025-09-10 11:37:36","userId":1}
{"assignmentId":32,"level":"info","message":"Получение состава команды проекта","timestamp":"2025-09-10 11:37:36"}
{"level":"info","message":"Получение заданий для пользователя ID: 1","timestamp":"2025-09-10 11:37:36"}
{"level":"info","message":"Получение ожидающих приглашений пользователя","timestamp":"2025-09-10 11:37:36","userId":1}
{"assignmentId":32,"level":"info","message":"Получение состава команды проекта","timestamp":"2025-09-10 11:37:36"}
{"level":"info","message":"Получение заданий для пользователя ID: 1","timestamp":"2025-09-10 11:37:36"}
{"level":"info","message":"Получение ожидающих приглашений пользователя","timestamp":"2025-09-10 11:37:36","userId":1}
{"level":"info","message":"Получение заданий для пользователя ID: 1","timestamp":"2025-09-10 11:37:36"}
{"level":"info","message":"Получение ожидающих приглашений пользователя","timestamp":"2025-09-10 11:37:36","userId":1}
{"assignmentId":32,"level":"info","message":"Получение состава команды проекта","timestamp":"2025-09-10 11:37:36"}
{"level":"info","message":"Получение заданий для пользователя ID: 1","timestamp":"2025-09-10 11:37:36"}
{"level":"info","message":"Получение ожидающих приглашений пользователя","timestamp":"2025-09-10 11:37:36","userId":1}
{"level":"info","message":"Получение заданий для пользователя ID: 1","timestamp":"2025-09-10 11:37:36"}
{"level":"info","message":"Получение ожидающих приглашений пользователя","timestamp":"2025-09-10 11:37:36","userId":1}
{"assignmentId":32,"level":"info","message":"Получение состава команды проекта","timestamp":"2025-09-10 11:37:36"}
{"level":"info","message":"Получение заданий для пользователя ID: 1","timestamp":"2025-09-10 11:37:36"}
{"level":"info","message":"Получение ожидающих приглашений пользователя","timestamp":"2025-09-10 11:37:36","userId":1}
{"level":"info","message":"Получение ожидающих приглашений пользователя","timestamp":"2025-09-10 11:37:36","userId":1}
{"level":"info","message":"Получение заданий для пользователя ID: 1","timestamp":"2025-09-10 11:37:36"}
{"assignmentId":32,"level":"info","message":"Получение состава команды проекта","timestamp":"2025-09-10 11:37:36"}
{"level":"info","message":"Получение ожидающих приглашений пользователя","timestamp":"2025-09-10 11:37:36","userId":1}
{"level":"info","message":"Получение заданий для пользователя ID: 1","timestamp":"2025-09-10 11:37:36"}
{"level":"info","message":"Получение ожидающих приглашений пользователя","timestamp":"2025-09-10 11:37:36","userId":1}
{"assignmentId":32,"level":"info","message":"Получение состава команды проекта","timestamp":"2025-09-10 11:37:36"}
{"level":"info","message":"Получение заданий для пользователя ID: 1","timestamp":"2025-09-10 11:37:36"}
{"level":"info","message":"Получение ожидающих приглашений пользователя","timestamp":"2025-09-10 11:37:36","userId":1}
{"level":"info","message":"Получение заданий для пользователя ID: 1","timestamp":"2025-09-10 11:37:36"}
{"level":"info","message":"Получение ожидающих приглашений пользователя","timestamp":"2025-09-10 11:37:36","userId":1}
{"level":"info","message":"Получение ожидающих приглашений пользователя","timestamp":"2025-09-10 11:37:36","userId":1}
{"assignmentId":32,"level":"info","message":"Получение состава команды проекта","timestamp":"2025-09-10 11:37:36"}
{"level":"info","message":"Получение заданий для пользователя ID: 1","timestamp":"2025-09-10 11:37:36"}
{"level":"info","message":"Получение ожидающих приглашений пользователя","timestamp":"2025-09-10 11:37:36","userId":1}
{"level":"info","message":"Получение ожидающих приглашений пользователя","timestamp":"2025-09-10 11:37:36","userId":1}
{"level":"info","message":"Получение заданий для пользователя ID: 1","timestamp":"2025-09-10 11:37:36"}
{"level":"info","message":"Получение ожидающих приглашений пользователя","timestamp":"2025-09-10 11:37:36","userId":1}
{"level":"info","message":"Получение ожидающих приглашений пользователя","timestamp":"2025-09-10 11:37:36","userId":1}
{"level":"info","message":"Получение заданий для пользователя ID: 1","timestamp":"2025-09-10 11:37:36"}
{"level":"info","message":"Получение ожидающих приглашений пользователя","timestamp":"2025-09-10 11:37:36","userId":1}
{"assignmentId":32,"level":"info","message":"Получение состава команды проекта","timestamp":"2025-09-10 11:37:36"}
{"level":"info","message":"Получение заданий для пользователя ID: 1","timestamp":"2025-09-10 11:37:36"}
{"level":"info","message":"Получение заданий для пользователя ID: 1","timestamp":"2025-09-10 11:37:36"}
{"level":"info","message":"Получение ожидающих приглашений пользователя","timestamp":"2025-09-10 11:37:36","userId":1}
{"assignmentId":32,"level":"info","message":"Получение состава команды проекта","timestamp":"2025-09-10 11:37:36"}
{"level":"info","message":"Получение ожидающих приглашений пользователя","timestamp":"2025-09-10 11:37:36","userId":1}
{"level":"info","message":"Получение заданий для пользователя ID: 1","timestamp":"2025-09-10 11:37:36"}
{"level":"info","message":"Получение ожидающих приглашений пользователя","timestamp":"2025-09-10 11:37:36","userId":1}
{"level":"info","message":"Получение заданий для пользователя ID: 1","timestamp":"2025-09-10 11:37:36"}
{"level":"info","message":"Получение ожидающих приглашений пользователя","timestamp":"2025-09-10 11:37:36","userId":1}
{"level":"info","message":"Получение заданий для пользователя ID: 1","timestamp":"2025-09-10 11:37:36"}
{"assignmentId":32,"level":"info","message":"Получение состава команды проекта","timestamp":"2025-09-10 11:37:36"}
{"level":"info","message":"Получение ожидающих приглашений пользователя","timestamp":"2025-09-10 11:37:36","userId":1}
{"assignmentId":32,"level":"info","message":"Получение состава команды проекта","timestamp":"2025-09-10 11:37:36"}
{"level":"info","message":"Получение ожидающих приглашений пользователя","timestamp":"2025-09-10 11:37:36","userId":1}
{"level":"info","message":"Получение заданий для пользователя ID: 1","timestamp":"2025-09-10 11:37:36"}
{"assignmentId":32,"level":"info","message":"Получение состава команды проекта","timestamp":"2025-09-10 11:37:36"}
{"level":"info","message":"Получение ожидающих приглашений пользователя","timestamp":"2025-09-10 11:37:36","userId":1}
{"level":"info","message":"Получение заданий для пользователя ID: 1","timestamp":"2025-09-10 11:37:36"}
{"level":"info","message":"Получение ожидающих приглашений пользователя","timestamp":"2025-09-10 11:37:36","userId":1}
{"level":"info","message":"Получение заданий для пользователя ID: 1","timestamp":"2025-09-10 11:37:36"}
{"level":"info","message":"Получение ожидающих приглашений пользователя","timestamp":"2025-09-10 11:37:36","userId":1}
{"assignmentId":32,"level":"info","message":"Получение состава команды проекта","timestamp":"2025-09-10 11:37:36"}
{"level":"info","message":"Получение заданий для пользователя ID: 1","timestamp":"2025-09-10 11:37:36"}
{"level":"info","message":"Получение ожидающих приглашений пользователя","timestamp":"2025-09-10 11:37:36","userId":1}
{"level":"info","message":"Получение заданий для пользователя ID: 1","timestamp":"2025-09-10 11:37:36"}
{"level":"info","message":"Получение ожидающих приглашений пользователя","timestamp":"2025-09-10 11:37:36","userId":1}
{"assignmentId":32,"level":"info","message":"Получение состава команды проекта","timestamp":"2025-09-10 11:37:36"}
{"level":"info","message":"Получение ожидающих приглашений пользователя","timestamp":"2025-09-10 11:37:36","userId":1}
{"level":"info","message":"Получение заданий для пользователя ID: 1","timestamp":"2025-09-10 11:37:36"}
{"level":"info","message":"Получение ожидающих приглашений пользователя","timestamp":"2025-09-10 11:37:36","userId":1}
{"level":"info","message":"Получение заданий для пользователя ID: 1","timestamp":"2025-09-10 11:37:36"}
{"level":"info","message":"Получение ожидающих приглашений пользователя","timestamp":"2025-09-10 11:37:36","userId":1}
{"assignmentId":32,"level":"info","message":"Получение состава команды проекта","timestamp":"2025-09-10 11:37:36"}
{"level":"info","message":"Получение заданий для пользователя ID: 1","timestamp":"2025-09-10 11:37:36"}
{"level":"info","message":"Получение ожидающих приглашений пользователя","timestamp":"2025-09-10 11:37:36","userId":1}
{"assignmentId":32,"level":"info","message":"Получение состава команды проекта","timestamp":"2025-09-10 11:37:36"}
{"level":"info","message":"Получение ожидающих приглашений пользователя","timestamp":"2025-09-10 11:37:36","userId":1}
{"assignmentId":32,"level":"info","message":"Получение состава команды проекта","timestamp":"2025-09-10 11:37:36"}
{"level":"info","message":"Получение заданий для пользователя ID: 1","timestamp":"2025-09-10 11:37:36"}
{"level":"info","message":"Получение ожидающих приглашений пользователя","timestamp":"2025-09-10 11:37:36","userId":1}
{"level":"info","message":"Получение заданий для пользователя ID: 1","timestamp":"2025-09-10 11:37:36"}
{"assignmentId":32,"level":"info","message":"Получение состава команды проекта","timestamp":"2025-09-10 11:37:36"}
{"level":"info","message":"Получение ожидающих приглашений пользователя","timestamp":"2025-09-10 11:37:36","userId":1}
{"assignmentId":32,"level":"info","message":"Получение состава команды проекта","timestamp":"2025-09-10 11:37:36"}
{"level":"info","message":"Получение заданий для пользователя ID: 1","timestamp":"2025-09-10 11:37:36"}
{"level":"info","message":"Получение ожидающих приглашений пользователя","timestamp":"2025-09-10 11:37:36","userId":1}
{"level":"info","message":"Получение заданий для пользователя ID: 1","timestamp":"2025-09-10 11:37:36"}
{"assignmentId":32,"level":"info","message":"Получение состава команды проекта","timestamp":"2025-09-10 11:37:36"}
{"level":"info","message":"Получение ожидающих приглашений пользователя","timestamp":"2025-09-10 11:37:36","userId":1}
{"assignmentId":32,"level":"info","message":"Получение состава команды проекта","timestamp":"2025-09-10 11:37:36"}
{"level":"info","message":"Получение заданий для пользователя ID: 1","timestamp":"2025-09-10 11:37:36"}
{"level":"info","message":"Получение ожидающих приглашений пользователя","timestamp":"2025-09-10 11:37:36","userId":1}
{"assignmentId":32,"level":"info","message":"Получение состава команды проекта","timestamp":"2025-09-10 11:37:36"}
{"level":"info","message":"Получение заданий для пользователя ID: 1","timestamp":"2025-09-10 11:37:36"}
{"level":"info","message":"Получение заданий для пользователя ID: 1","timestamp":"2025-09-10 11:37:36"}
{"level":"info","message":"Получение ожидающих приглашений пользователя","timestamp":"2025-09-10 11:37:36","userId":1}
{"assignmentId":32,"level":"info","message":"Получение состава команды проекта","timestamp":"2025-09-10 11:37:36"}
{"level":"info","message":"Получение ожидающих приглашений пользователя","timestamp":"2025-09-10 11:37:36","userId":1}
{"assignmentId":32,"level":"info","message":"Получение состава команды проекта","timestamp":"2025-09-10 11:37:36"}
{"level":"info","message":"Получение заданий для пользователя ID: 1","timestamp":"2025-09-10 11:37:36"}
{"level":"info","message":"Получение ожидающих приглашений пользователя","timestamp":"2025-09-10 11:37:36","userId":1}
{"assignmentId":32,"level":"info","message":"Получение состава команды проекта","timestamp":"2025-09-10 11:37:36"}
{"level":"info","message":"Получение заданий для пользователя ID: 1","timestamp":"2025-09-10 11:37:36"}
{"level":"info","message":"Получение ожидающих приглашений пользователя","timestamp":"2025-09-10 11:37:36","userId":1}
{"assignmentId":32,"level":"info","message":"Получение состава команды проекта","timestamp":"2025-09-10 11:37:36"}
{"level":"info","message":"Получение заданий для пользователя ID: 1","timestamp":"2025-09-10 11:37:36"}
{"level":"info","message":"Получение ожидающих приглашений пользователя","timestamp":"2025-09-10 11:37:36","userId":1}
{"assignmentId":32,"level":"info","message":"Получение состава команды проекта","timestamp":"2025-09-10 11:37:36"}
{"level":"info","message":"Получение ожидающих приглашений пользователя","timestamp":"2025-09-10 11:37:36","userId":1}
{"assignmentId":32,"level":"info","message":"Получение состава команды проекта","timestamp":"2025-09-10 11:37:36"}
{"level":"info","message":"Получение заданий для пользователя ID: 1","timestamp":"2025-09-10 11:37:36"}
{"level":"info","message":"Получение ожидающих приглашений пользователя","timestamp":"2025-09-10 11:37:36","userId":1}
{"assignmentId":32,"level":"info","message":"Получение состава команды проекта","timestamp":"2025-09-10 11:37:36"}
{"level":"info","message":"Получение заданий для пользователя ID: 1","timestamp":"2025-09-10 11:37:36"}
{"level":"info","message":"Получение ожидающих приглашений пользователя","timestamp":"2025-09-10 11:37:36","userId":1}
{"level":"info","message":"Получение ожидающих приглашений пользователя","timestamp":"2025-09-10 11:37:36","userId":1}
{"level":"info","message":"Получение заданий для пользователя ID: 1","timestamp":"2025-09-10 11:37:36"}
{"level":"info","message":"Получение ожидающих приглашений пользователя","timestamp":"2025-09-10 11:37:36","userId":1}
{"level":"info","message":"Получение заданий для пользователя ID: 1","timestamp":"2025-09-10 11:37:36"}
{"assignmentId":32,"level":"info","message":"Получение состава команды проекта","timestamp":"2025-09-10 11:37:36"}
{"level":"info","message":"Получение ожидающих приглашений пользователя","timestamp":"2025-09-10 11:37:36","userId":1}
{"assignmentId":32,"level":"info","message":"Получение состава команды проекта","timestamp":"2025-09-10 11:37:36"}
{"level":"info","message":"Получение заданий для пользователя ID: 1","timestamp":"2025-09-10 11:37:36"}
{"level":"info","message":"Получение ожидающих приглашений пользователя","timestamp":"2025-09-10 11:37:36","userId":1}
{"assignmentId":32,"level":"info","message":"Получение состава команды проекта","timestamp":"2025-09-10 11:37:36"}
{"level":"info","message":"Получение заданий для пользователя ID: 1","timestamp":"2025-09-10 11:37:36"}
{"level":"info","message":"Получение ожидающих приглашений пользователя","timestamp":"2025-09-10 11:37:36","userId":1}
{"level":"info","message":"Получение заданий для пользователя ID: 1","timestamp":"2025-09-10 11:37:36"}
{"assignmentId":32,"level":"info","message":"Получение состава команды проекта","timestamp":"2025-09-10 11:37:36"}
{"level":"info","message":"Получение ожидающих приглашений пользователя","timestamp":"2025-09-10 11:37:36","userId":1}
{"level":"info","message":"Получение заданий для пользователя ID: 1","timestamp":"2025-09-10 11:37:36"}
{"assignmentId":32,"level":"info","message":"Получение состава команды проекта","timestamp":"2025-09-10 11:37:36"}
{"level":"info","message":"Получение ожидающих приглашений пользователя","timestamp":"2025-09-10 11:37:36","userId":1}
{"level":"info","message":"Получение заданий для пользователя ID: 1","timestamp":"2025-09-10 11:37:36"}
{"level":"info","message":"Получение ожидающих приглашений пользователя","timestamp":"2025-09-10 11:37:36","userId":1}
{"level":"info","message":"Получение заданий для пользователя ID: 1","timestamp":"2025-09-10 11:37:36"}
{"level":"info","message":"Получение ожидающих приглашений пользователя","timestamp":"2025-09-10 11:37:37","userId":1}
{"level":"info","message":"Получение ожидающих приглашений пользователя","timestamp":"2025-09-10 11:37:37","userId":1}
{"assignmentId":32,"level":"info","message":"Получение состава команды проекта","timestamp":"2025-09-10 11:37:37"}
{"level":"info","message":"Получение заданий для пользователя ID: 1","timestamp":"2025-09-10 11:37:37"}
{"level":"info","message":"Получение ожидающих приглашений пользователя","timestamp":"2025-09-10 11:37:37","userId":1}
{"assignmentId":32,"level":"info","message":"Получение состава команды проекта","timestamp":"2025-09-10 11:37:37"}
{"level":"info","message":"Получение заданий для пользователя ID: 1","timestamp":"2025-09-10 11:37:37"}
{"level":"info","message":"Получение ожидающих приглашений пользователя","timestamp":"2025-09-10 11:37:37","userId":1}
{"assignmentId":32,"level":"info","message":"Получение состава команды проекта","timestamp":"2025-09-10 11:37:37"}
{"level":"info","message":"Получение заданий для пользователя ID: 1","timestamp":"2025-09-10 11:37:37"}
{"level":"info","message":"Получение ожидающих приглашений пользователя","timestamp":"2025-09-10 11:37:37","userId":1}
{"level":"info","message":"Получение ожидающих приглашений пользователя","timestamp":"2025-09-10 11:37:37","userId":1}
{"level":"info","message":"Получение заданий для пользователя ID: 1","timestamp":"2025-09-10 11:37:37"}
{"assignmentId":32,"level":"info","message":"Получение состава команды проекта","timestamp":"2025-09-10 11:37:37"}
{"level":"info","message":"Получение ожидающих приглашений пользователя","timestamp":"2025-09-10 11:37:37","userId":1}
{"assignmentId":32,"level":"info","message":"Получение состава команды проекта","timestamp":"2025-09-10 11:37:37"}
{"level":"info","message":"Получение заданий для пользователя ID: 1","timestamp":"2025-09-10 11:37:37"}
{"level":"info","message":"Получение ожидающих приглашений пользователя","timestamp":"2025-09-10 11:37:37","userId":1}
{"assignmentId":32,"level":"info","message":"Получение состава команды проекта","timestamp":"2025-09-10 11:37:37"}
{"level":"info","message":"Получение заданий для пользователя ID: 1","timestamp":"2025-09-10 11:37:37"}
{"level":"info","message":"Получение ожидающих приглашений пользователя","timestamp":"2025-09-10 11:37:37","userId":1}
{"assignmentId":32,"level":"info","message":"Получение состава команды проекта","timestamp":"2025-09-10 11:37:37"}
{"level":"info","message":"Получение заданий для пользователя ID: 1","timestamp":"2025-09-10 11:37:37"}
{"level":"info","message":"Получение ожидающих приглашений пользователя","timestamp":"2025-09-10 11:37:37","userId":1}
{"level":"info","message":"Получение ожидающих приглашений пользователя","timestamp":"2025-09-10 11:37:37","userId":1}
{"level":"info","message":"Получение заданий для пользователя ID: 1","timestamp":"2025-09-10 11:37:37"}
{"assignmentId":32,"level":"info","message":"Получение состава команды проекта","timestamp":"2025-09-10 11:37:37"}
{"level":"info","message":"Получение ожидающих приглашений пользователя","timestamp":"2025-09-10 11:37:37","userId":1}
{"assignmentId":32,"level":"info","message":"Получение состава команды проекта","timestamp":"2025-09-10 11:37:37"}
{"level":"info","message":"Получение заданий для пользователя ID: 1","timestamp":"2025-09-10 11:37:37"}
{"level":"info","message":"Получение ожидающих приглашений пользователя","timestamp":"2025-09-10 11:37:37","userId":1}
{"level":"info","message":"Получение заданий для пользователя ID: 1","timestamp":"2025-09-10 11:37:37"}
{"level":"info","message":"Получение ожидающих приглашений пользователя","timestamp":"2025-09-10 11:37:37","userId":1}
{"assignmentId":32,"level":"info","message":"Получение состава команды проекта","timestamp":"2025-09-10 11:37:37"}
{"level":"info","message":"Получение ожидающих приглашений пользователя","timestamp":"2025-09-10 11:37:37","userId":1}
{"level":"info","message":"Получение заданий для пользователя ID: 1","timestamp":"2025-09-10 11:37:37"}
{"assignmentId":32,"level":"info","message":"Получение состава команды проекта","timestamp":"2025-09-10 11:37:37"}
{"level":"info","message":"Получение ожидающих приглашений пользователя","timestamp":"2025-09-10 11:37:37","userId":1}
{"level":"info","message":"Получение заданий для пользователя ID: 1","timestamp":"2025-09-10 11:37:37"}
{"level":"info","message":"Получение ожидающих приглашений пользователя","timestamp":"2025-09-10 11:37:37","userId":1}
{"level":"info","message":"Получение ожидающих приглашений пользователя","timestamp":"2025-09-10 11:37:37","userId":1}
{"level":"info","message":"Получение заданий для пользователя ID: 1","timestamp":"2025-09-10 11:37:37"}
{"assignmentId":32,"level":"info","message":"Получение состава команды проекта","timestamp":"2025-09-10 11:37:37"}
{"level":"info","message":"Получение ожидающих приглашений пользователя","timestamp":"2025-09-10 11:37:37","userId":1}
{"assignmentId":32,"level":"info","message":"Получение состава команды проекта","timestamp":"2025-09-10 11:37:37"}
{"level":"info","message":"Получение заданий для пользователя ID: 1","timestamp":"2025-09-10 11:37:37"}
{"level":"info","message":"Получение ожидающих приглашений пользователя","timestamp":"2025-09-10 11:37:37","userId":1}
{"assignmentId":32,"level":"info","message":"Получение состава команды проекта","timestamp":"2025-09-10 11:37:37"}
{"level":"info","message":"Получение заданий для пользователя ID: 1","timestamp":"2025-09-10 11:37:37"}
{"level":"info","message":"Получение ожидающих приглашений пользователя","timestamp":"2025-09-10 11:37:37","userId":1}
{"level":"info","message":"Получение заданий для пользователя ID: 1","timestamp":"2025-09-10 11:37:37"}
{"assignmentId":32,"level":"info","message":"Получение состава команды проекта","timestamp":"2025-09-10 11:37:37"}
{"level":"info","message":"Получение ожидающих приглашений пользователя","timestamp":"2025-09-10 11:37:37","userId":1}
{"level":"info","message":"Получение заданий для пользователя ID: 1","timestamp":"2025-09-10 11:37:37"}
{"assignmentId":32,"level":"info","message":"Получение состава команды проекта","timestamp":"2025-09-10 11:37:37"}
{"level":"info","message":"Получение ожидающих приглашений пользователя","timestamp":"2025-09-10 11:37:37","userId":1}
{"level":"info","message":"Получение заданий для пользователя ID: 1","timestamp":"2025-09-10 11:37:37"}
{"level":"info","message":"Получение ожидающих приглашений пользователя","timestamp":"2025-09-10 11:37:37","userId":1}
{"assignmentId":32,"level":"info","message":"Получение состава команды проекта","timestamp":"2025-09-10 11:37:37"}
{"level":"info","message":"Получение заданий для пользователя ID: 1","timestamp":"2025-09-10 11:37:37"}
{"level":"info","message":"Получение ожидающих приглашений пользователя","timestamp":"2025-09-10 11:37:37","userId":1}
{"level":"info","message":"Получение заданий для пользователя ID: 1","timestamp":"2025-09-10 11:37:37"}
{"level":"info","message":"Получение ожидающих приглашений пользователя","timestamp":"2025-09-10 11:37:37","userId":1}
{"level":"info","message":"Получение ожидающих приглашений пользователя","timestamp":"2025-09-10 11:37:37","userId":1}
{"level":"info","message":"Получение заданий для пользователя ID: 1","timestamp":"2025-09-10 11:37:37"}
{"level":"info","message":"Получение ожидающих приглашений пользователя","timestamp":"2025-09-10 11:37:37","userId":1}
{"level":"info","message":"Получение заданий для пользователя ID: 1","timestamp":"2025-09-10 11:37:37"}
{"level":"info","message":"Получение ожидающих приглашений пользователя","timestamp":"2025-09-10 11:37:37","userId":1}
{"level":"info","message":"Получение заданий для пользователя ID: 1","timestamp":"2025-09-10 11:37:37"}
{"level":"info","message":"Получение ожидающих приглашений пользователя","timestamp":"2025-09-10 11:37:37","userId":1}
{"level":"info","message":"Получение ожидающих приглашений пользователя","timestamp":"2025-09-10 11:37:37","userId":1}
{"level":"info","message":"Получение заданий для пользователя ID: 1","timestamp":"2025-09-10 11:37:37"}
{"level":"info","message":"Получение ожидающих приглашений пользователя","timestamp":"2025-09-10 11:37:37","userId":1}
{"level":"info","message":"Получение заданий для пользователя ID: 1","timestamp":"2025-09-10 11:37:37"}
{"level":"info","message":"Получение ожидающих приглашений пользователя","timestamp":"2025-09-10 11:37:37","userId":1}
{"level":"info","message":"Получение заданий для пользователя ID: 1","timestamp":"2025-09-10 11:37:37"}
{"level":"info","message":"Получение ожидающих приглашений пользователя","timestamp":"2025-09-10 11:37:37","userId":1}
{"level":"info","message":"Получение заданий для пользователя ID: 1","timestamp":"2025-09-10 11:37:37"}
{"level":"info","message":"Получение ожидающих приглашений пользователя","timestamp":"2025-09-10 11:37:37","userId":1}
{"level":"info","message":"Получение ожидающих приглашений пользователя","timestamp":"2025-09-10 11:37:37","userId":1}
{"level":"info","message":"Получение заданий для пользователя ID: 1","timestamp":"2025-09-10 11:37:37"}
{"level":"info","message":"Получение ожидающих приглашений пользователя","timestamp":"2025-09-10 11:37:37","userId":1}
{"level":"info","message":"Получение заданий для пользователя ID: 1","timestamp":"2025-09-10 11:37:37"}
{"level":"info","message":"Получение ожидающих приглашений пользователя","timestamp":"2025-09-10 11:37:37","userId":1}
{"level":"info","message":"Получение заданий для пользователя ID: 1","timestamp":"2025-09-10 11:37:37"}
{"level":"info","message":"Получение ожидающих приглашений пользователя","timestamp":"2025-09-10 11:37:37","userId":1}
{"level":"info","message":"Получение ожидающих приглашений пользователя","timestamp":"2025-09-10 11:37:37","userId":1}
{"level":"info","message":"Получение заданий для пользователя ID: 1","timestamp":"2025-09-10 11:37:37"}
{"level":"info","message":"Получение ожидающих приглашений пользователя","timestamp":"2025-09-10 11:37:37","userId":1}
{"level":"info","message":"Получение заданий для пользователя ID: 1","timestamp":"2025-09-10 11:37:37"}
{"level":"info","message":"Получение ожидающих приглашений пользователя","timestamp":"2025-09-10 11:37:37","userId":1}
{"level":"info","message":"Получение заданий для пользователя ID: 1","timestamp":"2025-09-10 11:37:37"}
{"level":"info","message":"Получение ожидающих приглашений пользователя","timestamp":"2025-09-10 11:37:37","userId":1}
{"level":"info","message":"Получение ожидающих приглашений пользователя","timestamp":"2025-09-10 11:37:37","userId":1}
{"level":"info","message":"Получение заданий для пользователя ID: 1","timestamp":"2025-09-10 11:37:37"}
{"level":"info","message":"Получение ожидающих приглашений пользователя","timestamp":"2025-09-10 11:37:37","userId":1}
{"level":"info","message":"Получение заданий для пользователя ID: 1","timestamp":"2025-09-10 11:37:37"}
{"level":"info","message":"Получение ожидающих приглашений пользователя","timestamp":"2025-09-10 11:37:37","userId":1}
{"level":"info","message":"Получение ожидающих приглашений пользователя","timestamp":"2025-09-10 11:37:37","userId":1}
{"level":"info","message":"Получение заданий для пользователя ID: 1","timestamp":"2025-09-10 11:37:37"}
{"level":"info","message":"Получение ожидающих приглашений пользователя","timestamp":"2025-09-10 11:37:37","userId":1}
{"level":"info","message":"Получение заданий для пользователя ID: 1","timestamp":"2025-09-10 11:37:37"}
{"level":"info","message":"Получение ожидающих приглашений пользователя","timestamp":"2025-09-10 11:37:37","userId":1}
{"level":"info","message":"Получение заданий для пользователя ID: 1","timestamp":"2025-09-10 11:37:37"}
{"level":"info","message":"Получение ожидающих приглашений пользователя","timestamp":"2025-09-10 11:37:37","userId":1}
{"level":"info","message":"Получение ожидающих приглашений пользователя","timestamp":"2025-09-10 11:37:37","userId":1}
{"level":"info","message":"Получение заданий для пользователя ID: 1","timestamp":"2025-09-10 11:37:37"}
{"level":"info","message":"Получение ожидающих приглашений пользователя","timestamp":"2025-09-10 11:37:37","userId":1}
{"level":"info","message":"Получение заданий для пользователя ID: 1","timestamp":"2025-09-10 11:37:37"}
{"level":"info","message":"Получение ожидающих приглашений пользователя","timestamp":"2025-09-10 11:37:37","userId":1}
{"level":"info","message":"Получение ожидающих приглашений пользователя","timestamp":"2025-09-10 11:37:37","userId":1}
{"level":"info","message":"Получение заданий для пользователя ID: 1","timestamp":"2025-09-10 11:37:37"}
{"level":"info","message":"Получение ожидающих приглашений пользователя","timestamp":"2025-09-10 11:37:37","userId":1}
{"level":"info","message":"Получение заданий для пользователя ID: 1","timestamp":"2025-09-10 11:37:37"}
{"level":"info","message":"Получение ожидающих приглашений пользователя","timestamp":"2025-09-10 11:37:37","userId":1}
{"level":"info","message":"Получение заданий для пользователя ID: 1","timestamp":"2025-09-10 11:37:37"}
{"level":"info","message":"Получение ожидающих приглашений пользователя","timestamp":"2025-09-10 11:37:37","userId":1}
{"level":"info","message":"Получение заданий для пользователя ID: 1","timestamp":"2025-09-10 11:37:37"}
{"level":"info","message":"Получение ожидающих приглашений пользователя","timestamp":"2025-09-10 11:37:37","userId":1}
{"level":"info","message":"Получение ожидающих приглашений пользователя","timestamp":"2025-09-10 11:37:37","userId":1}
{"level":"info","message":"Получение заданий для пользователя ID: 1","timestamp":"2025-09-10 11:37:37"}
{"level":"info","message":"Получение ожидающих приглашений пользователя","timestamp":"2025-09-10 11:37:37","userId":1}
{"level":"info","message":"Получение ожидающих приглашений пользователя","timestamp":"2025-09-10 11:37:37","userId":1}
{"level":"info","message":"Получение заданий для пользователя ID: 1","timestamp":"2025-09-10 11:37:37"}
{"level":"info","message":"Получение ожидающих приглашений пользователя","timestamp":"2025-09-10 11:37:37","userId":1}
{"level":"info","message":"Получение заданий для пользователя ID: 1","timestamp":"2025-09-10 11:37:37"}
{"level":"info","message":"Получение ожидающих приглашений пользователя","timestamp":"2025-09-10 11:37:37","userId":1}
{"level":"info","message":"Получение заданий для пользователя ID: 1","timestamp":"2025-09-10 11:37:37"}
{"level":"info","message":"Получение ожидающих приглашений пользователя","timestamp":"2025-09-10 11:37:37","userId":1}
{"level":"info","message":"Получение ожидающих приглашений пользователя","timestamp":"2025-09-10 11:37:37","userId":1}
{"level":"info","message":"Получение заданий для пользователя ID: 1","timestamp":"2025-09-10 11:37:37"}
{"level":"info","message":"Получение ожидающих приглашений пользователя","timestamp":"2025-09-10 11:37:37","userId":1}
{"level":"info","message":"Получение заданий для пользователя ID: 1","timestamp":"2025-09-10 11:37:37"}
{"level":"info","message":"Получение ожидающих приглашений пользователя","timestamp":"2025-09-10 11:37:37","userId":1}
{"level":"info","message":"Получение заданий для пользователя ID: 1","timestamp":"2025-09-10 11:37:37"}
{"level":"info","message":"Получение ожидающих приглашений пользователя","timestamp":"2025-09-10 11:37:37","userId":1}
{"level":"info","message":"Получение заданий для пользователя ID: 1","timestamp":"2025-09-10 11:37:37"}
{"level":"info","message":"Получение ожидающих приглашений пользователя","timestamp":"2025-09-10 11:37:37","userId":1}
{"level":"info","message":"Получение заданий для пользователя ID: 1","timestamp":"2025-09-10 11:37:37"}
{"level":"info","message":"Получение ожидающих приглашений пользователя","timestamp":"2025-09-10 11:37:37","userId":1}
{"level":"info","message":"Получение заданий для пользователя ID: 1","timestamp":"2025-09-10 11:37:37"}
{"level":"info","message":"Получение ожидающих приглашений пользователя","timestamp":"2025-09-10 11:37:37","userId":1}
{"level":"info","message":"Получение ожидающих приглашений пользователя","timestamp":"2025-09-10 11:37:38","userId":1}
{"level":"info","message":"Получение заданий для пользователя ID: 1","timestamp":"2025-09-10 11:37:38"}
{"level":"info","message":"Получение ожидающих приглашений пользователя","timestamp":"2025-09-10 11:37:38","userId":1}
{"level":"info","message":"Получение заданий для пользователя ID: 1","timestamp":"2025-09-10 11:37:38"}
{"level":"info","message":"Получение ожидающих приглашений пользователя","timestamp":"2025-09-10 11:37:38","userId":1}
{"level":"info","message":"Получение ожидающих приглашений пользователя","timestamp":"2025-09-10 11:37:38","userId":1}
{"level":"info","message":"Получение заданий для пользователя ID: 1","timestamp":"2025-09-10 11:37:38"}
{"level":"info","message":"Получение ожидающих приглашений пользователя","timestamp":"2025-09-10 11:37:38","userId":1}
{"level":"info","message":"Получение заданий для пользователя ID: 1","timestamp":"2025-09-10 11:37:38"}
{"level":"info","message":"Получение ожидающих приглашений пользователя","timestamp":"2025-09-10 11:37:38","userId":1}
{"level":"info","message":"Получение заданий для пользователя ID: 1","timestamp":"2025-09-10 11:37:38"}
{"level":"info","message":"Получение заданий для пользователя ID: 1","timestamp":"2025-09-10 11:37:38"}
{"level":"info","message":"Получение ожидающих приглашений пользователя","timestamp":"2025-09-10 11:37:38","userId":1}
{"level":"info","message":"Получение ожидающих приглашений пользователя","timestamp":"2025-09-10 11:37:38","userId":1}
{"level":"info","message":"Получение заданий для пользователя ID: 1","timestamp":"2025-09-10 11:37:38"}
{"level":"info","message":"Получение ожидающих приглашений пользователя","timestamp":"2025-09-10 11:37:38","userId":1}
{"level":"info","message":"Получение заданий для пользователя ID: 1","timestamp":"2025-09-10 11:37:38"}
{"level":"info","message":"Получение ожидающих приглашений пользователя","timestamp":"2025-09-10 11:37:38","userId":1}
{"level":"info","message":"Получение ожидающих приглашений пользователя","timestamp":"2025-09-10 11:37:38","userId":1}
{"level":"info","message":"Получение заданий для пользователя ID: 1","timestamp":"2025-09-10 11:37:38"}
{"level":"info","message":"Получение ожидающих приглашений пользователя","timestamp":"2025-09-10 11:37:38","userId":1}
{"level":"info","message":"Получение заданий для пользователя ID: 1","timestamp":"2025-09-10 11:37:38"}
{"level":"info","message":"Получение ожидающих приглашений пользователя","timestamp":"2025-09-10 11:37:38","userId":1}
{"level":"info","message":"Получение заданий для пользователя ID: 1","timestamp":"2025-09-10 11:37:38"}
{"level":"info","message":"Получение ожидающих приглашений пользователя","timestamp":"2025-09-10 11:37:38","userId":1}
{"level":"info","message":"Получение ожидающих приглашений пользователя","timestamp":"2025-09-10 11:37:38","userId":1}
{"level":"info","message":"Получение заданий для пользователя ID: 1","timestamp":"2025-09-10 11:37:38"}
{"level":"info","message":"Получение ожидающих приглашений пользователя","timestamp":"2025-09-10 11:37:38","userId":1}
{"level":"info","message":"Получение заданий для пользователя ID: 1","timestamp":"2025-09-10 11:37:38"}
{"level":"info","message":"Получение ожидающих приглашений пользователя","timestamp":"2025-09-10 11:37:38","userId":1}
{"level":"info","message":"Получение заданий для пользователя ID: 1","timestamp":"2025-09-10 11:37:38"}
{"level":"info","message":"Получение ожидающих приглашений пользователя","timestamp":"2025-09-10 11:37:38","userId":1}
{"level":"info","message":"Получение ожидающих приглашений пользователя","timestamp":"2025-09-10 11:37:38","userId":1}
{"level":"info","message":"Получение заданий для пользователя ID: 1","timestamp":"2025-09-10 11:37:38"}
{"level":"info","message":"Получение ожидающих приглашений пользователя","timestamp":"2025-09-10 11:37:38","userId":1}
{"level":"info","message":"Получение заданий для пользователя ID: 1","timestamp":"2025-09-10 11:37:38"}
{"level":"info","message":"Получение ожидающих приглашений пользователя","timestamp":"2025-09-10 11:37:38","userId":1}
{"level":"info","message":"Получение заданий для пользователя ID: 1","timestamp":"2025-09-10 11:37:38"}
{"level":"info","message":"Получение ожидающих приглашений пользователя","timestamp":"2025-09-10 11:37:38","userId":1}
{"level":"info","message":"Получение ожидающих приглашений пользователя","timestamp":"2025-09-10 11:37:38","userId":1}
{"level":"info","message":"Получение заданий для пользователя ID: 1","timestamp":"2025-09-10 11:37:38"}
{"level":"info","message":"Получение ожидающих приглашений пользователя","timestamp":"2025-09-10 11:37:38","userId":1}
{"level":"info","message":"Получение заданий для пользователя ID: 1","timestamp":"2025-09-10 11:37:38"}
{"level":"info","message":"Получение ожидающих приглашений пользователя","timestamp":"2025-09-10 11:37:38","userId":1}
{"level":"info","message":"Получение заданий для пользователя ID: 1","timestamp":"2025-09-10 11:37:38"}
{"level":"info","message":"Получение ожидающих приглашений пользователя","timestamp":"2025-09-10 11:37:38","userId":1}
{"level":"info","message":"Получение заданий для пользователя ID: 1","timestamp":"2025-09-10 11:37:38"}
{"level":"info","message":"Получение ожидающих приглашений пользователя","timestamp":"2025-09-10 11:37:38","userId":1}
{"level":"info","message":"Получение заданий для пользователя ID: 1","timestamp":"2025-09-10 11:37:38"}
{"level":"info","message":"Получение ожидающих приглашений пользователя","timestamp":"2025-09-10 11:37:38","userId":1}
{"level":"info","message":"Получение заданий для пользователя ID: 1","timestamp":"2025-09-10 11:37:38"}
{"level":"info","message":"Получение ожидающих приглашений пользователя","timestamp":"2025-09-10 11:37:38","userId":1}
{"level":"info","message":"Получение ожидающих приглашений пользователя","timestamp":"2025-09-10 11:37:38","userId":1}
{"level":"info","message":"Получение заданий для пользователя ID: 1","timestamp":"2025-09-10 11:37:38"}
{"level":"info","message":"Получение ожидающих приглашений пользователя","timestamp":"2025-09-10 11:37:38","userId":1}
{"level":"info","message":"Получение заданий для пользователя ID: 1","timestamp":"2025-09-10 11:37:38"}
{"level":"info","message":"Получение ожидающих приглашений пользователя","timestamp":"2025-09-10 11:37:38","userId":1}
{"level":"info","message":"Получение заданий для пользователя ID: 1","timestamp":"2025-09-10 11:37:38"}
{"level":"info","message":"Получение ожидающих приглашений пользователя","timestamp":"2025-09-10 11:37:38","userId":1}
{"level":"info","message":"Получение заданий для пользователя ID: 1","timestamp":"2025-09-10 11:37:38"}
{"level":"info","message":"Получение ожидающих приглашений пользователя","timestamp":"2025-09-10 11:37:38","userId":1}
{"level":"info","message":"Получение заданий для пользователя ID: 1","timestamp":"2025-09-10 11:37:38"}
{"level":"info","message":"Получение ожидающих приглашений пользователя","timestamp":"2025-09-10 11:37:38","userId":1}
{"level":"info","message":"Получение заданий для пользователя ID: 1","timestamp":"2025-09-10 11:37:38"}
{"level":"info","message":"Получение ожидающих приглашений пользователя","timestamp":"2025-09-10 11:37:38","userId":1}
{"level":"info","message":"Получение ожидающих приглашений пользователя","timestamp":"2025-09-10 11:37:38","userId":1}
{"level":"info","message":"Получение заданий для пользователя ID: 1","timestamp":"2025-09-10 11:37:38"}
{"level":"info","message":"Получение ожидающих приглашений пользователя","timestamp":"2025-09-10 11:37:38","userId":1}
{"level":"info","message":"Получение заданий для пользователя ID: 1","timestamp":"2025-09-10 11:37:38"}
{"level":"info","message":"Получение ожидающих приглашений пользователя","timestamp":"2025-09-10 11:37:38","userId":1}
{"level":"info","message":"Получение ожидающих приглашений пользователя","timestamp":"2025-09-10 11:37:38","userId":1}
{"level":"info","message":"Получение заданий для пользователя ID: 1","timestamp":"2025-09-10 11:37:38"}
{"level":"info","message":"Получение ожидающих приглашений пользователя","timestamp":"2025-09-10 11:37:38","userId":1}
{"level":"info","message":"Получение заданий для пользователя ID: 1","timestamp":"2025-09-10 11:37:38"}
{"level":"info","message":"Получение ожидающих приглашений пользователя","timestamp":"2025-09-10 11:37:38","userId":1}
{"level":"info","message":"Получение заданий для пользователя ID: 1","timestamp":"2025-09-10 11:37:38"}
{"level":"info","message":"Получение ожидающих приглашений пользователя","timestamp":"2025-09-10 11:37:38","userId":1}
{"level":"info","message":"Получение заданий для пользователя ID: 1","timestamp":"2025-09-10 11:37:38"}
{"level":"info","message":"Получение ожидающих приглашений пользователя","timestamp":"2025-09-10 11:37:38","userId":1}
{"level":"info","message":"Получение заданий для пользователя ID: 1","timestamp":"2025-09-10 11:37:38"}
{"level":"info","message":"Получение ожидающих приглашений пользователя","timestamp":"2025-09-10 11:37:38","userId":1}
{"level":"info","message":"Получение ожидающих приглашений пользователя","timestamp":"2025-09-10 11:37:38","userId":1}
{"level":"info","message":"Получение заданий для пользователя ID: 1","timestamp":"2025-09-10 11:37:38"}
{"level":"info","message":"Получение ожидающих приглашений пользователя","timestamp":"2025-09-10 11:37:38","userId":1}
{"level":"info","message":"Получение заданий для пользователя ID: 1","timestamp":"2025-09-10 11:37:38"}
{"level":"info","message":"Получение ожидающих приглашений пользователя","timestamp":"2025-09-10 11:37:38","userId":1}
{"level":"info","message":"Получение заданий для пользователя ID: 1","timestamp":"2025-09-10 11:37:38"}
{"level":"info","message":"Получение ожидающих приглашений пользователя","timestamp":"2025-09-10 11:37:38","userId":1}
{"level":"info","message":"Получение ожидающих приглашений пользователя","timestamp":"2025-09-10 11:37:38","userId":1}
{"level":"info","message":"Получение заданий для пользователя ID: 1","timestamp":"2025-09-10 11:37:38"}
{"level":"info","message":"Получение ожидающих приглашений пользователя","timestamp":"2025-09-10 11:37:38","userId":1}
{"level":"info","message":"Получение заданий для пользователя ID: 1","timestamp":"2025-09-10 11:37:38"}
{"level":"info","message":"Получение ожидающих приглашений пользователя","timestamp":"2025-09-10 11:37:38","userId":1}
{"level":"info","message":"Получение заданий для пользователя ID: 1","timestamp":"2025-09-10 11:37:38"}
{"level":"info","message":"Получение ожидающих приглашений пользователя","timestamp":"2025-09-10 11:37:38","userId":1}
{"level":"info","message":"Получение заданий для пользователя ID: 1","timestamp":"2025-09-10 11:37:38"}
{"level":"info","message":"Получение ожидающих приглашений пользователя","timestamp":"2025-09-10 11:37:38","userId":1}
{"level":"info","message":"Получение ожидающих приглашений пользователя","timestamp":"2025-09-10 11:37:38","userId":1}
{"level":"info","message":"Получение заданий для пользователя ID: 1","timestamp":"2025-09-10 11:37:38"}
{"level":"info","message":"Получение ожидающих приглашений пользователя","timestamp":"2025-09-10 11:37:38","userId":1}
{"level":"info","message":"Получение заданий для пользователя ID: 1","timestamp":"2025-09-10 11:37:38"}
{"level":"info","message":"Получение ожидающих приглашений пользователя","timestamp":"2025-09-10 11:37:38","userId":1}
{"level":"info","message":"Получение ожидающих приглашений пользователя","timestamp":"2025-09-10 11:37:38","userId":1}
{"level":"info","message":"Получение заданий для пользователя ID: 1","timestamp":"2025-09-10 11:37:38"}
{"level":"info","message":"Получение ожидающих приглашений пользователя","timestamp":"2025-09-10 11:37:38","userId":1}
{"level":"info","message":"Получение заданий для пользователя ID: 1","timestamp":"2025-09-10 11:37:38"}
{"level":"info","message":"Получение ожидающих приглашений пользователя","timestamp":"2025-09-10 11:37:38","userId":1}
{"level":"info","message":"Получение ожидающих приглашений пользователя","timestamp":"2025-09-10 11:37:38","userId":1}
{"level":"info","message":"Получение заданий для пользователя ID: 1","timestamp":"2025-09-10 11:37:38"}
{"level":"info","message":"Получение ожидающих приглашений пользователя","timestamp":"2025-09-10 11:37:38","userId":1}
{"level":"info","message":"Получение заданий для пользователя ID: 1","timestamp":"2025-09-10 11:37:38"}
{"level":"info","message":"Получение ожидающих приглашений пользователя","timestamp":"2025-09-10 11:37:38","userId":1}
{"level":"info","message":"Получение заданий для пользователя ID: 1","timestamp":"2025-09-10 11:37:38"}
{"level":"info","message":"Получение ожидающих приглашений пользователя","timestamp":"2025-09-10 11:37:38","userId":1}
{"level":"info","message":"Получение заданий для пользователя ID: 1","timestamp":"2025-09-10 11:37:38"}
{"level":"info","message":"Получение ожидающих приглашений пользователя","timestamp":"2025-09-10 11:37:38","userId":1}
{"level":"info","message":"Получение заданий для пользователя ID: 1","timestamp":"2025-09-10 11:37:38"}
{"level":"info","message":"Получение ожидающих приглашений пользователя","timestamp":"2025-09-10 11:37:38","userId":1}
{"level":"info","message":"Получение заданий для пользователя ID: 1","timestamp":"2025-09-10 11:37:38"}
{"level":"info","message":"Получение ожидающих приглашений пользователя","timestamp":"2025-09-10 11:37:38","userId":1}
{"level":"info","message":"Получение ожидающих приглашений пользователя","timestamp":"2025-09-10 11:37:38","userId":1}
{"level":"info","message":"Получение заданий для пользователя ID: 1","timestamp":"2025-09-10 11:37:38"}
{"level":"info","message":"Получение заданий для пользователя ID: 1","timestamp":"2025-09-10 11:37:38"}
{"level":"info","message":"Получение ожидающих приглашений пользователя","timestamp":"2025-09-10 11:37:38","userId":1}
{"level":"info","message":"Получение ожидающих приглашений пользователя","timestamp":"2025-09-10 11:37:38","userId":1}
{"level":"info","message":"Получение заданий для пользователя ID: 1","timestamp":"2025-09-10 11:37:38"}
{"level":"info","message":"Получение ожидающих приглашений пользователя","timestamp":"2025-09-10 11:37:38","userId":1}
{"level":"info","message":"Получение заданий для пользователя ID: 1","timestamp":"2025-09-10 11:37:38"}
{"level":"info","message":"Получение ожидающих приглашений пользователя","timestamp":"2025-09-10 11:37:38","userId":1}
{"level":"info","message":"Получение заданий для пользователя ID: 1","timestamp":"2025-09-10 11:37:39"}
{"level":"info","message":"Получение ожидающих приглашений пользователя","timestamp":"2025-09-10 11:37:39","userId":1}
{"level":"info","message":"Получение ожидающих приглашений пользователя","timestamp":"2025-09-10 11:37:39","userId":1}
{"level":"info","message":"Получение заданий для пользователя ID: 1","timestamp":"2025-09-10 11:37:39"}
{"level":"info","message":"Получение ожидающих приглашений пользователя","timestamp":"2025-09-10 11:37:39","userId":1}
{"level":"info","message":"Получение заданий для пользователя ID: 1","timestamp":"2025-09-10 11:37:39"}
{"level":"info","message":"Получение ожидающих приглашений пользователя","timestamp":"2025-09-10 11:37:39","userId":1}
{"level":"info","message":"Получение заданий для пользователя ID: 1","timestamp":"2025-09-10 11:37:39"}
{"level":"info","message":"Получение ожидающих приглашений пользователя","timestamp":"2025-09-10 11:37:39","userId":1}
{"level":"info","message":"Получение ожидающих приглашений пользователя","timestamp":"2025-09-10 11:37:39","userId":1}
{"level":"info","message":"Получение заданий для пользователя ID: 1","timestamp":"2025-09-10 11:37:39"}
{"level":"info","message":"Получение ожидающих приглашений пользователя","timestamp":"2025-09-10 11:37:39","userId":1}
{"level":"info","message":"Получение заданий для пользователя ID: 1","timestamp":"2025-09-10 11:37:39"}
{"level":"info","message":"Получение ожидающих приглашений пользователя","timestamp":"2025-09-10 11:37:39","userId":1}
{"level":"info","message":"Получение ожидающих приглашений пользователя","timestamp":"2025-09-10 11:37:39","userId":1}
{"level":"info","message":"Получение заданий для пользователя ID: 1","timestamp":"2025-09-10 11:37:39"}
{"level":"info","message":"Получение ожидающих приглашений пользователя","timestamp":"2025-09-10 11:37:39","userId":1}
{"level":"info","message":"Получение заданий для пользователя ID: 1","timestamp":"2025-09-10 11:37:39"}
{"level":"info","message":"Получение ожидающих приглашений пользователя","timestamp":"2025-09-10 11:37:39","userId":1}
{"level":"info","message":"Получение ожидающих приглашений пользователя","timestamp":"2025-09-10 11:37:39","userId":1}
{"level":"info","message":"Получение заданий для пользователя ID: 1","timestamp":"2025-09-10 11:37:39"}
{"level":"info","message":"Получение ожидающих приглашений пользователя","timestamp":"2025-09-10 11:37:39","userId":1}
{"level":"info","message":"Получение заданий для пользователя ID: 1","timestamp":"2025-09-10 11:37:39"}
{"level":"info","message":"Получение ожидающих приглашений пользователя","timestamp":"2025-09-10 11:37:39","userId":1}
{"level":"info","message":"Получение заданий для пользователя ID: 1","timestamp":"2025-09-10 11:37:39"}
{"level":"info","message":"Получение ожидающих приглашений пользователя","timestamp":"2025-09-10 11:37:39","userId":1}
{"level":"info","message":"Получение заданий для пользователя ID: 1","timestamp":"2025-09-10 11:37:39"}
{"level":"info","message":"Получение ожидающих приглашений пользователя","timestamp":"2025-09-10 11:37:39","userId":1}
{"level":"info","message":"Получение заданий для пользователя ID: 1","timestamp":"2025-09-10 11:37:39"}
{"level":"info","message":"Получение ожидающих приглашений пользователя","timestamp":"2025-09-10 11:37:39","userId":1}
{"level":"info","message":"Получение ожидающих приглашений пользователя","timestamp":"2025-09-10 11:37:39","userId":1}
{"level":"info","message":"Получение заданий для пользователя ID: 1","timestamp":"2025-09-10 11:37:39"}
{"level":"info","message":"Получение ожидающих приглашений пользователя","timestamp":"2025-09-10 11:37:39","userId":1}
{"level":"info","message":"Получение заданий для пользователя ID: 1","timestamp":"2025-09-10 11:37:39"}
{"level":"info","message":"Получение ожидающих приглашений пользователя","timestamp":"2025-09-10 11:37:39","userId":1}
{"level":"info","message":"Получение заданий для пользователя ID: 1","timestamp":"2025-09-10 11:37:39"}
{"level":"info","message":"Получение ожидающих приглашений пользователя","timestamp":"2025-09-10 11:37:39","userId":1}
{"level":"info","message":"Получение ожидающих приглашений пользователя","timestamp":"2025-09-10 11:37:39","userId":1}
{"level":"info","message":"Получение заданий для пользователя ID: 1","timestamp":"2025-09-10 11:37:39"}
{"level":"info","message":"Получение ожидающих приглашений пользователя","timestamp":"2025-09-10 11:37:39","userId":1}
{"level":"info","message":"Получение заданий для пользователя ID: 1","timestamp":"2025-09-10 11:37:39"}
{"level":"info","message":"Получение ожидающих приглашений пользователя","timestamp":"2025-09-10 11:37:39","userId":1}
{"level":"info","message":"Получение заданий для пользователя ID: 1","timestamp":"2025-09-10 11:37:39"}
{"level":"info","message":"Получение ожидающих приглашений пользователя","timestamp":"2025-09-10 11:37:39","userId":1}
{"level":"info","message":"Получение заданий для пользователя ID: 1","timestamp":"2025-09-10 11:37:39"}
{"level":"info","message":"Получение ожидающих приглашений пользователя","timestamp":"2025-09-10 11:37:39","userId":1}
{"level":"info","message":"Получение заданий для пользователя ID: 1","timestamp":"2025-09-10 11:37:39"}
{"level":"info","message":"Получение ожидающих приглашений пользователя","timestamp":"2025-09-10 11:37:39","userId":1}
{"level":"info","message":"Получение заданий для пользователя ID: 1","timestamp":"2025-09-10 11:37:39"}
{"level":"info","message":"Получение ожидающих приглашений пользователя","timestamp":"2025-09-10 11:37:39","userId":1}
{"level":"info","message":"Получение ожидающих приглашений пользователя","timestamp":"2025-09-10 11:37:39","userId":1}
{"level":"info","message":"Получение заданий для пользователя ID: 1","timestamp":"2025-09-10 11:37:39"}
{"level":"info","message":"Получение ожидающих приглашений пользователя","timestamp":"2025-09-10 11:37:39","userId":1}
{"level":"info","message":"Получение заданий для пользователя ID: 1","timestamp":"2025-09-10 11:37:39"}
{"level":"info","message":"Получение ожидающих приглашений пользователя","timestamp":"2025-09-10 11:37:39","userId":1}
{"level":"info","message":"Получение ожидающих приглашений пользователя","timestamp":"2025-09-10 11:37:39","userId":1}
{"level":"info","message":"Получение заданий для пользователя ID: 1","timestamp":"2025-09-10 11:37:39"}
{"level":"info","message":"Получение ожидающих приглашений пользователя","timestamp":"2025-09-10 11:37:39","userId":1}
{"level":"info","message":"Получение заданий для пользователя ID: 1","timestamp":"2025-09-10 11:37:39"}
{"level":"info","message":"Получение ожидающих приглашений пользователя","timestamp":"2025-09-10 11:37:39","userId":1}
{"level":"info","message":"Получение заданий для пользователя ID: 1","timestamp":"2025-09-10 11:37:39"}
{"level":"info","message":"Получение ожидающих приглашений пользователя","timestamp":"2025-09-10 11:37:39","userId":1}
{"level":"info","message":"Получение заданий для пользователя ID: 1","timestamp":"2025-09-10 11:37:39"}
{"level":"info","message":"Получение ожидающих приглашений пользователя","timestamp":"2025-09-10 11:37:39","userId":1}
{"level":"info","message":"Получение заданий для пользователя ID: 1","timestamp":"2025-09-10 11:37:39"}
{"level":"info","message":"Получение ожидающих приглашений пользователя","timestamp":"2025-09-10 11:37:39","userId":1}
{"level":"info","message":"Получение заданий для пользователя ID: 1","timestamp":"2025-09-10 11:37:39"}
{"level":"info","message":"Получение ожидающих приглашений пользователя","timestamp":"2025-09-10 11:37:39","userId":1}
{"level":"info","message":"Получение ожидающих приглашений пользователя","timestamp":"2025-09-10 11:37:39","userId":1}
{"level":"info","message":"Получение заданий для пользователя ID: 1","timestamp":"2025-09-10 11:37:39"}
{"level":"info","message":"Получение ожидающих приглашений пользователя","timestamp":"2025-09-10 11:37:39","userId":1}
{"level":"info","message":"Получение заданий для пользователя ID: 1","timestamp":"2025-09-10 11:37:39"}
{"level":"info","message":"Получение ожидающих приглашений пользователя","timestamp":"2025-09-10 11:37:39","userId":1}
{"level":"info","message":"Получение ожидающих приглашений пользователя","timestamp":"2025-09-10 11:37:39","userId":1}
{"level":"info","message":"Получение заданий для пользователя ID: 1","timestamp":"2025-09-10 11:37:39"}
{"level":"info","message":"Получение ожидающих приглашений пользователя","timestamp":"2025-09-10 11:37:39","userId":1}
{"level":"info","message":"Получение заданий для пользователя ID: 1","timestamp":"2025-09-10 11:37:39"}
{"level":"info","message":"Получение ожидающих приглашений пользователя","timestamp":"2025-09-10 11:37:39","userId":1}
{"level":"info","message":"Получение ожидающих приглашений пользователя","timestamp":"2025-09-10 11:37:39","userId":1}
{"level":"info","message":"Получение заданий для пользователя ID: 1","timestamp":"2025-09-10 11:37:39"}
{"level":"info","message":"Получение ожидающих приглашений пользователя","timestamp":"2025-09-10 11:37:39","userId":1}
{"level":"info","message":"Получение заданий для пользователя ID: 1","timestamp":"2025-09-10 11:37:39"}
{"level":"info","message":"Получение ожидающих приглашений пользователя","timestamp":"2025-09-10 11:37:39","userId":1}
{"level":"info","message":"Получение ожидающих приглашений пользователя","timestamp":"2025-09-10 11:37:39","userId":1}
{"level":"info","message":"Получение заданий для пользователя ID: 1","timestamp":"2025-09-10 11:37:39"}
{"level":"info","message":"Получение ожидающих приглашений пользователя","timestamp":"2025-09-10 11:37:39","userId":1}
{"level":"info","message":"Получение заданий для пользователя ID: 1","timestamp":"2025-09-10 11:37:39"}
{"level":"info","message":"Получение ожидающих приглашений пользователя","timestamp":"2025-09-10 11:37:39","userId":1}
{"level":"info","message":"Получение ожидающих приглашений пользователя","timestamp":"2025-09-10 11:37:39","userId":1}
{"level":"info","message":"Получение заданий для пользователя ID: 1","timestamp":"2025-09-10 11:37:39"}
{"level":"info","message":"Получение ожидающих приглашений пользователя","timestamp":"2025-09-10 11:37:39","userId":1}
{"level":"info","message":"Получение заданий для пользователя ID: 1","timestamp":"2025-09-10 11:37:39"}
{"level":"info","message":"Получение ожидающих приглашений пользователя","timestamp":"2025-09-10 11:37:39","userId":1}
{"level":"info","message":"Получение ожидающих приглашений пользователя","timestamp":"2025-09-10 11:37:39","userId":1}
{"level":"info","message":"Получение заданий для пользователя ID: 1","timestamp":"2025-09-10 11:37:39"}
{"level":"info","message":"Получение ожидающих приглашений пользователя","timestamp":"2025-09-10 11:37:39","userId":1}
{"level":"info","message":"Получение заданий для пользователя ID: 1","timestamp":"2025-09-10 11:37:39"}
{"level":"info","message":"Получение ожидающих приглашений пользователя","timestamp":"2025-09-10 11:37:39","userId":1}
{"level":"info","message":"Получение заданий для пользователя ID: 1","timestamp":"2025-09-10 11:37:39"}
{"level":"info","message":"Получение ожидающих приглашений пользователя","timestamp":"2025-09-10 11:37:39","userId":1}
{"level":"info","message":"Получение ожидающих приглашений пользователя","timestamp":"2025-09-10 11:37:39","userId":1}
{"level":"info","message":"Получение заданий для пользователя ID: 1","timestamp":"2025-09-10 11:37:39"}
{"level":"info","message":"Получение ожидающих приглашений пользователя","timestamp":"2025-09-10 11:37:39","userId":1}
{"level":"info","message":"Получение заданий для пользователя ID: 1","timestamp":"2025-09-10 11:37:39"}
{"level":"info","message":"Получение ожидающих приглашений пользователя","timestamp":"2025-09-10 11:37:39","userId":1}
{"level":"info","message":"Получение ожидающих приглашений пользователя","timestamp":"2025-09-10 11:37:39","userId":1}
{"level":"info","message":"Получение заданий для пользователя ID: 1","timestamp":"2025-09-10 11:37:39"}
{"level":"info","message":"Получение ожидающих приглашений пользователя","timestamp":"2025-09-10 11:37:39","userId":1}
{"level":"info","message":"Получение заданий для пользователя ID: 1","timestamp":"2025-09-10 11:37:39"}
{"level":"info","message":"Получение ожидающих приглашений пользователя","timestamp":"2025-09-10 11:37:39","userId":1}
{"level":"info","message":"Получение заданий для пользователя ID: 1","timestamp":"2025-09-10 11:37:39"}
{"level":"info","message":"Получение ожидающих приглашений пользователя","timestamp":"2025-09-10 11:37:39","userId":1}
{"level":"info","message":"Получение заданий для пользователя ID: 1","timestamp":"2025-09-10 11:37:39"}
{"level":"info","message":"Получение ожидающих приглашений пользователя","timestamp":"2025-09-10 11:37:39","userId":1}
{"level":"info","message":"Получение ожидающих приглашений пользователя","timestamp":"2025-09-10 11:37:39","userId":1}
{"level":"info","message":"Получение заданий для пользователя ID: 1","timestamp":"2025-09-10 11:37:39"}
{"level":"info","message":"Получение ожидающих приглашений пользователя","timestamp":"2025-09-10 11:37:39","userId":1}
{"level":"info","message":"Получение заданий для пользователя ID: 1","timestamp":"2025-09-10 11:37:39"}
{"level":"info","message":"Получение ожидающих приглашений пользователя","timestamp":"2025-09-10 11:37:39","userId":1}
{"level":"info","message":"Получение ожидающих приглашений пользователя","timestamp":"2025-09-10 11:37:39","userId":1}
{"level":"info","message":"Получение заданий для пользователя ID: 1","timestamp":"2025-09-10 11:37:39"}
{"level":"info","message":"Получение ожидающих приглашений пользователя","timestamp":"2025-09-10 11:37:39","userId":1}
{"level":"info","message":"Получение заданий для пользователя ID: 1","timestamp":"2025-09-10 11:37:39"}
{"level":"info","message":"Получение ожидающих приглашений пользователя","timestamp":"2025-09-10 11:37:39","userId":1}
{"level":"info","message":"Получение заданий для пользователя ID: 1","timestamp":"2025-09-10 11:37:39"}
{"level":"info","message":"Получение ожидающих приглашений пользователя","timestamp":"2025-09-10 11:37:39","userId":1}
{"level":"info","message":"Получение заданий для пользователя ID: 1","timestamp":"2025-09-10 11:37:39"}
{"level":"info","message":"Получение ожидающих приглашений пользователя","timestamp":"2025-09-10 11:37:39","userId":1}
{"level":"info","message":"Получение заданий для пользователя ID: 1","timestamp":"2025-09-10 11:37:39"}
{"level":"info","message":"Получение ожидающих приглашений пользователя","timestamp":"2025-09-10 11:37:39","userId":1}
{"level":"info","message":"Получение ожидающих приглашений пользователя","timestamp":"2025-09-10 11:37:39","userId":1}
{"level":"info","message":"Получение заданий для пользователя ID: 1","timestamp":"2025-09-10 11:37:39"}
{"level":"info","message":"Получение ожидающих приглашений пользователя","timestamp":"2025-09-10 11:37:39","userId":1}
{"level":"info","message":"Получение ожидающих приглашений пользователя","timestamp":"2025-09-10 11:37:39","userId":1}
{"level":"info","message":"Получение заданий для пользователя ID: 1","timestamp":"2025-09-10 11:37:39"}
{"level":"info","message":"Получение ожидающих приглашений пользователя","timestamp":"2025-09-10 11:37:39","userId":1}
{"level":"info","message":"Получение заданий для пользователя ID: 1","timestamp":"2025-09-10 11:37:40"}
{"level":"info","message":"Получение ожидающих приглашений пользователя","timestamp":"2025-09-10 11:37:40","userId":1}
{"level":"info","message":"Получение ожидающих приглашений пользователя","timestamp":"2025-09-10 11:37:40","userId":1}
{"level":"info","message":"Получение заданий для пользователя ID: 1","timestamp":"2025-09-10 11:37:40"}
{"level":"info","message":"Получение ожидающих приглашений пользователя","timestamp":"2025-09-10 11:37:40","userId":1}
{"level":"info","message":"Получение ожидающих приглашений пользователя","timestamp":"2025-09-10 11:37:40","userId":1}
{"level":"info","message":"Получение заданий для пользователя ID: 1","timestamp":"2025-09-10 11:37:40"}
{"level":"info","message":"Получение ожидающих приглашений пользователя","timestamp":"2025-09-10 11:37:40","userId":1}
{"level":"info","message":"Получение заданий для пользователя ID: 1","timestamp":"2025-09-10 11:37:40"}
{"level":"info","message":"Получение ожидающих приглашений пользователя","timestamp":"2025-09-10 11:37:40","userId":1}
{"level":"info","message":"Получение заданий для пользователя ID: 1","timestamp":"2025-09-10 11:37:40"}
{"level":"info","message":"Получение ожидающих приглашений пользователя","timestamp":"2025-09-10 11:37:40","userId":1}
{"level":"info","message":"Получение заданий для пользователя ID: 1","timestamp":"2025-09-10 11:37:40"}
{"level":"info","message":"Получение ожидающих приглашений пользователя","timestamp":"2025-09-10 11:37:40","userId":1}
{"level":"info","message":"Получение ожидающих приглашений пользователя","timestamp":"2025-09-10 11:37:40","userId":1}
{"level":"info","message":"Получение заданий для пользователя ID: 1","timestamp":"2025-09-10 11:37:40"}
{"level":"info","message":"Получение ожидающих приглашений пользователя","timestamp":"2025-09-10 11:37:40","userId":1}
{"level":"info","message":"Получение заданий для пользователя ID: 1","timestamp":"2025-09-10 11:37:40"}
{"level":"info","message":"Получение ожидающих приглашений пользователя","timestamp":"2025-09-10 11:37:40","userId":1}
{"level":"info","message":"Получение заданий для пользователя ID: 1","timestamp":"2025-09-10 11:37:40"}
{"level":"info","message":"Получение ожидающих приглашений пользователя","timestamp":"2025-09-10 11:37:40","userId":1}
{"level":"info","message":"Получение ожидающих приглашений пользователя","timestamp":"2025-09-10 11:37:40","userId":1}
{"level":"info","message":"Получение заданий для пользователя ID: 1","timestamp":"2025-09-10 11:37:40"}
{"level":"info","message":"Получение ожидающих приглашений пользователя","timestamp":"2025-09-10 11:37:40","userId":1}
{"level":"info","message":"Получение заданий для пользователя ID: 1","timestamp":"2025-09-10 11:37:40"}
{"level":"info","message":"Получение ожидающих приглашений пользователя","timestamp":"2025-09-10 11:37:40","userId":1}
{"level":"info","message":"Получение ожидающих приглашений пользователя","timestamp":"2025-09-10 11:37:40","userId":1}
{"level":"info","message":"Получение заданий для пользователя ID: 1","timestamp":"2025-09-10 11:37:40"}
{"level":"info","message":"Получение ожидающих приглашений пользователя","timestamp":"2025-09-10 11:37:40","userId":1}
{"level":"info","message":"Получение ожидающих приглашений пользователя","timestamp":"2025-09-10 11:37:40","userId":1}
{"level":"info","message":"Получение заданий для пользователя ID: 1","timestamp":"2025-09-10 11:37:40"}
{"level":"info","message":"Получение ожидающих приглашений пользователя","timestamp":"2025-09-10 11:37:40","userId":1}
{"level":"info","message":"Получение заданий для пользователя ID: 1","timestamp":"2025-09-10 11:37:40"}
{"level":"info","message":"Получение ожидающих приглашений пользователя","timestamp":"2025-09-10 11:37:40","userId":1}
{"level":"info","message":"Получение заданий для пользователя ID: 1","timestamp":"2025-09-10 11:37:40"}
{"level":"info","message":"Получение ожидающих приглашений пользователя","timestamp":"2025-09-10 11:37:40","userId":1}
{"level":"info","message":"Получение заданий для пользователя ID: 1","timestamp":"2025-09-10 11:37:40"}
{"level":"info","message":"Получение ожидающих приглашений пользователя","timestamp":"2025-09-10 11:37:40","userId":1}
{"level":"info","message":"Получение заданий для пользователя ID: 1","timestamp":"2025-09-10 11:37:40"}
{"level":"info","message":"Получение ожидающих приглашений пользователя","timestamp":"2025-09-10 11:37:40","userId":1}
{"level":"info","message":"Получение заданий для пользователя ID: 1","timestamp":"2025-09-10 11:37:40"}
{"level":"info","message":"Получение ожидающих приглашений пользователя","timestamp":"2025-09-10 11:37:40","userId":1}
{"level":"info","message":"Получение ожидающих приглашений пользователя","timestamp":"2025-09-10 11:37:40","userId":1}
{"level":"info","message":"Получение заданий для пользователя ID: 1","timestamp":"2025-09-10 11:37:40"}
{"level":"info","message":"Получение ожидающих приглашений пользователя","timestamp":"2025-09-10 11:37:40","userId":1}
{"level":"info","message":"Получение заданий для пользователя ID: 1","timestamp":"2025-09-10 11:37:40"}
{"level":"info","message":"Получение ожидающих приглашений пользователя","timestamp":"2025-09-10 11:37:40","userId":1}
{"level":"info","message":"Получение ожидающих приглашений пользователя","timestamp":"2025-09-10 11:37:40","userId":1}
{"level":"info","message":"Получение заданий для пользователя ID: 1","timestamp":"2025-09-10 11:37:40"}
{"level":"info","message":"Получение ожидающих приглашений пользователя","timestamp":"2025-09-10 11:37:40","userId":1}
{"level":"info","message":"Получение ожидающих приглашений пользователя","timestamp":"2025-09-10 11:37:40","userId":1}
{"level":"info","message":"Получение заданий для пользователя ID: 1","timestamp":"2025-09-10 11:37:40"}
{"level":"info","message":"Получение ожидающих приглашений пользователя","timestamp":"2025-09-10 11:37:40","userId":1}
{"level":"info","message":"Получение заданий для пользователя ID: 1","timestamp":"2025-09-10 11:37:40"}
{"level":"info","message":"Получение ожидающих приглашений пользователя","timestamp":"2025-09-10 11:37:40","userId":1}
{"level":"info","message":"Получение заданий для пользователя ID: 1","timestamp":"2025-09-10 11:37:40"}
{"level":"info","message":"Получение ожидающих приглашений пользователя","timestamp":"2025-09-10 11:37:40","userId":1}
{"level":"info","message":"Получение ожидающих приглашений пользователя","timestamp":"2025-09-10 11:37:40","userId":1}
{"level":"info","message":"Получение заданий для пользователя ID: 1","timestamp":"2025-09-10 11:37:40"}
{"level":"info","message":"Получение ожидающих приглашений пользователя","timestamp":"2025-09-10 11:37:40","userId":1}
{"level":"info","message":"Получение заданий для пользователя ID: 1","timestamp":"2025-09-10 11:37:40"}
{"level":"info","message":"Получение ожидающих приглашений пользователя","timestamp":"2025-09-10 11:37:40","userId":1}
{"level":"info","message":"Получение заданий для пользователя ID: 1","timestamp":"2025-09-10 11:37:40"}
{"level":"info","message":"Получение ожидающих приглашений пользователя","timestamp":"2025-09-10 11:37:40","userId":1}
{"level":"info","message":"Получение заданий для пользователя ID: 1","timestamp":"2025-09-10 11:37:40"}
{"level":"info","message":"Получение ожидающих приглашений пользователя","timestamp":"2025-09-10 11:37:40","userId":1}
{"level":"info","message":"Получение ожидающих приглашений пользователя","timestamp":"2025-09-10 11:37:40","userId":1}
{"level":"info","message":"Получение заданий для пользователя ID: 1","timestamp":"2025-09-10 11:37:40"}
{"level":"info","message":"Получение ожидающих приглашений пользователя","timestamp":"2025-09-10 11:37:40","userId":1}
{"level":"info","message":"Получение заданий для пользователя ID: 1","timestamp":"2025-09-10 11:37:40"}
{"level":"info","message":"Получение ожидающих приглашений пользователя","timestamp":"2025-09-10 11:37:40","userId":1}
{"level":"info","message":"Получение заданий для пользователя ID: 1","timestamp":"2025-09-10 11:37:40"}
{"level":"info","message":"Получение ожидающих приглашений пользователя","timestamp":"2025-09-10 11:37:40","userId":1}
{"level":"info","message":"Получение ожидающих приглашений пользователя","timestamp":"2025-09-10 11:37:40","userId":1}
{"level":"info","message":"Получение заданий для пользователя ID: 1","timestamp":"2025-09-10 11:37:40"}
{"level":"info","message":"Получение ожидающих приглашений пользователя","timestamp":"2025-09-10 11:37:40","userId":1}
{"level":"info","message":"Получение заданий для пользователя ID: 1","timestamp":"2025-09-10 11:37:40"}
{"level":"info","message":"Получение ожидающих приглашений пользователя","timestamp":"2025-09-10 11:37:40","userId":1}
{"level":"info","message":"Получение ожидающих приглашений пользователя","timestamp":"2025-09-10 11:37:40","userId":1}
{"level":"info","message":"Получение заданий для пользователя ID: 1","timestamp":"2025-09-10 11:37:40"}
{"level":"info","message":"Получение ожидающих приглашений пользователя","timestamp":"2025-09-10 11:37:40","userId":1}
{"level":"info","message":"Получение заданий для пользователя ID: 1","timestamp":"2025-09-10 11:37:40"}
{"level":"info","message":"Получение ожидающих приглашений пользователя","timestamp":"2025-09-10 11:37:40","userId":1}
{"level":"info","message":"Получение ожидающих приглашений пользователя","timestamp":"2025-09-10 11:37:40","userId":1}
{"level":"info","message":"Получение заданий для пользователя ID: 1","timestamp":"2025-09-10 11:37:40"}
{"level":"info","message":"Получение ожидающих приглашений пользователя","timestamp":"2025-09-10 11:37:40","userId":1}
{"level":"info","message":"Получение заданий для пользователя ID: 1","timestamp":"2025-09-10 11:37:40"}
{"level":"info","message":"Получение ожидающих приглашений пользователя","timestamp":"2025-09-10 11:37:40","userId":1}
{"level":"info","message":"Получение ожидающих приглашений пользователя","timestamp":"2025-09-10 11:37:40","userId":1}
{"level":"info","message":"Получение заданий для пользователя ID: 1","timestamp":"2025-09-10 11:37:40"}
{"level":"info","message":"Получение ожидающих приглашений пользователя","timestamp":"2025-09-10 11:37:40","userId":1}
{"level":"info","message":"Получение заданий для пользователя ID: 1","timestamp":"2025-09-10 11:37:40"}
{"level":"info","message":"Получение ожидающих приглашений пользователя","timestamp":"2025-09-10 11:37:40","userId":1}
{"level":"info","message":"Получение заданий для пользователя ID: 1","timestamp":"2025-09-10 11:37:40"}
{"level":"info","message":"Получение ожидающих приглашений пользователя","timestamp":"2025-09-10 11:37:40","userId":1}
{"level":"info","message":"Получение ожидающих приглашений пользователя","timestamp":"2025-09-10 11:37:40","userId":1}
{"level":"info","message":"Получение заданий для пользователя ID: 1","timestamp":"2025-09-10 11:37:40"}
{"level":"info","message":"Получение ожидающих приглашений пользователя","timestamp":"2025-09-10 11:37:40","userId":1}
{"level":"info","message":"Получение ожидающих приглашений пользователя","timestamp":"2025-09-10 11:37:40","userId":1}
{"level":"info","message":"Получение заданий для пользователя ID: 1","timestamp":"2025-09-10 11:37:40"}
{"level":"info","message":"Получение ожидающих приглашений пользователя","timestamp":"2025-09-10 11:37:40","userId":1}
{"level":"info","message":"Получение заданий для пользователя ID: 1","timestamp":"2025-09-10 11:37:40"}
{"level":"info","message":"Получение ожидающих приглашений пользователя","timestamp":"2025-09-10 11:37:40","userId":1}
{"level":"info","message":"Получение заданий для пользователя ID: 1","timestamp":"2025-09-10 11:37:40"}
{"level":"info","message":"Получение ожидающих приглашений пользователя","timestamp":"2025-09-10 11:37:40","userId":1}
{"level":"info","message":"Получение заданий для пользователя ID: 1","timestamp":"2025-09-10 11:37:40"}
{"level":"info","message":"Получение ожидающих приглашений пользователя","timestamp":"2025-09-10 11:37:40","userId":1}
{"level":"info","message":"Получение заданий для пользователя ID: 1","timestamp":"2025-09-10 11:37:40"}
{"level":"info","message":"Получение ожидающих приглашений пользователя","timestamp":"2025-09-10 11:37:40","userId":1}
{"level":"info","message":"Получение ожидающих приглашений пользователя","timestamp":"2025-09-10 11:37:40","userId":1}
{"level":"info","message":"Получение заданий для пользователя ID: 1","timestamp":"2025-09-10 11:37:40"}
{"level":"info","message":"Получение ожидающих приглашений пользователя","timestamp":"2025-09-10 11:37:40","userId":1}
{"level":"info","message":"Получение заданий для пользователя ID: 1","timestamp":"2025-09-10 11:37:40"}
{"level":"info","message":"Получение ожидающих приглашений пользователя","timestamp":"2025-09-10 11:37:40","userId":1}
{"level":"info","message":"Получение ожидающих приглашений пользователя","timestamp":"2025-09-10 11:37:40","userId":1}
{"level":"info","message":"Получение заданий для пользователя ID: 1","timestamp":"2025-09-10 11:37:40"}
{"level":"info","message":"Получение ожидающих приглашений пользователя","timestamp":"2025-09-10 11:37:40","userId":1}
{"level":"info","message":"Получение заданий для пользователя ID: 1","timestamp":"2025-09-10 11:37:40"}
{"level":"info","message":"Получение ожидающих приглашений пользователя","timestamp":"2025-09-10 11:37:40","userId":1}
{"level":"info","message":"Получение заданий для пользователя ID: 1","timestamp":"2025-09-10 11:37:40"}
{"level":"info","message":"Получение ожидающих приглашений пользователя","timestamp":"2025-09-10 11:37:40","userId":1}
{"level":"info","message":"Получение заданий для пользователя ID: 1","timestamp":"2025-09-10 11:37:40"}
{"level":"info","message":"Получение ожидающих приглашений пользователя","timestamp":"2025-09-10 11:37:40","userId":1}
{"level":"info","message":"Получение заданий для пользователя ID: 1","timestamp":"2025-09-10 11:37:40"}
{"level":"info","message":"Получение ожидающих приглашений пользователя","timestamp":"2025-09-10 11:37:40","userId":1}
{"level":"info","message":"Получение ожидающих приглашений пользователя","timestamp":"2025-09-10 11:37:41","userId":1}
{"level":"info","message":"Получение заданий для пользователя ID: 1","timestamp":"2025-09-10 11:37:41"}
{"level":"info","message":"Получение ожидающих приглашений пользователя","timestamp":"2025-09-10 11:37:41","userId":1}
{"level":"info","message":"Получение заданий для пользователя ID: 1","timestamp":"2025-09-10 11:37:41"}
{"level":"info","message":"Получение ожидающих приглашений пользователя","timestamp":"2025-09-10 11:37:41","userId":1}
{"level":"info","message":"Получение заданий для пользователя ID: 1","timestamp":"2025-09-10 11:37:41"}
{"level":"info","message":"Получение ожидающих приглашений пользователя","timestamp":"2025-09-10 11:37:41","userId":1}
{"level":"info","message":"Получение заданий для пользователя ID: 1","timestamp":"2025-09-10 11:37:41"}
{"level":"info","message":"Получение ожидающих приглашений пользователя","timestamp":"2025-09-10 11:37:41","userId":1}
{"level":"info","message":"Получение ожидающих приглашений пользователя","timestamp":"2025-09-10 11:37:41","userId":1}
{"level":"info","message":"Получение заданий для пользователя ID: 1","timestamp":"2025-09-10 11:37:41"}
{"level":"info","message":"Получение ожидающих приглашений пользователя","timestamp":"2025-09-10 11:37:41","userId":1}
{"level":"info","message":"Получение заданий для пользователя ID: 1","timestamp":"2025-09-10 11:37:41"}
{"level":"info","message":"Получение ожидающих приглашений пользователя","timestamp":"2025-09-10 11:37:41","userId":1}
{"level":"info","message":"Получение ожидающих приглашений пользователя","timestamp":"2025-09-10 11:37:41","userId":1}
{"level":"info","message":"Получение заданий для пользователя ID: 1","timestamp":"2025-09-10 11:37:41"}
{"level":"info","message":"Получение ожидающих приглашений пользователя","timestamp":"2025-09-10 11:37:41","userId":1}
{"level":"info","message":"Получение ожидающих приглашений пользователя","timestamp":"2025-09-10 11:37:41","userId":1}
{"level":"info","message":"Получение заданий для пользователя ID: 1","timestamp":"2025-09-10 11:37:41"}
{"level":"info","message":"Получение ожидающих приглашений пользователя","timestamp":"2025-09-10 11:37:41","userId":1}
{"level":"info","message":"Получение заданий для пользователя ID: 1","timestamp":"2025-09-10 11:37:41"}
{"level":"info","message":"Получение ожидающих приглашений пользователя","timestamp":"2025-09-10 11:37:41","userId":1}
{"level":"info","message":"Получение заданий для пользователя ID: 1","timestamp":"2025-09-10 11:37:41"}
{"level":"info","message":"Получение ожидающих приглашений пользователя","timestamp":"2025-09-10 11:37:41","userId":1}
{"level":"info","message":"Получение заданий для пользователя ID: 1","timestamp":"2025-09-10 11:37:41"}
{"level":"info","message":"Получение ожидающих приглашений пользователя","timestamp":"2025-09-10 11:37:41","userId":1}
{"level":"info","message":"Получение ожидающих приглашений пользователя","timestamp":"2025-09-10 11:37:41","userId":1}
{"level":"info","message":"Получение заданий для пользователя ID: 1","timestamp":"2025-09-10 11:37:41"}
{"level":"info","message":"Получение ожидающих приглашений пользователя","timestamp":"2025-09-10 11:37:41","userId":1}
{"level":"info","message":"Получение заданий для пользователя ID: 1","timestamp":"2025-09-10 11:37:41"}
{"level":"info","message":"Получение ожидающих приглашений пользователя","timestamp":"2025-09-10 11:37:41","userId":1}
{"level":"info","message":"Получение заданий для пользователя ID: 1","timestamp":"2025-09-10 11:37:41"}
{"level":"info","message":"Получение ожидающих приглашений пользователя","timestamp":"2025-09-10 11:37:41","userId":1}
{"level":"info","message":"Получение заданий для пользователя ID: 1","timestamp":"2025-09-10 11:37:41"}
{"level":"info","message":"Получение ожидающих приглашений пользователя","timestamp":"2025-09-10 11:37:41","userId":1}
{"level":"info","message":"Получение ожидающих приглашений пользователя","timestamp":"2025-09-10 11:37:41","userId":1}
{"level":"info","message":"Получение заданий для пользователя ID: 1","timestamp":"2025-09-10 11:37:41"}
{"level":"info","message":"Получение ожидающих приглашений пользователя","timestamp":"2025-09-10 11:37:41","userId":1}
{"level":"info","message":"Получение заданий для пользователя ID: 1","timestamp":"2025-09-10 11:37:41"}
{"level":"info","message":"Получение ожидающих приглашений пользователя","timestamp":"2025-09-10 11:37:41","userId":1}
{"level":"info","message":"Получение заданий для пользователя ID: 1","timestamp":"2025-09-10 11:37:41"}
{"level":"info","message":"Получение ожидающих приглашений пользователя","timestamp":"2025-09-10 11:37:41","userId":1}
{"level":"info","message":"Получение ожидающих приглашений пользователя","timestamp":"2025-09-10 11:37:41","userId":1}
{"level":"info","message":"Получение заданий для пользователя ID: 1","timestamp":"2025-09-10 11:37:41"}
{"level":"info","message":"Получение ожидающих приглашений пользователя","timestamp":"2025-09-10 11:37:41","userId":1}
{"level":"info","message":"Получение заданий для пользователя ID: 1","timestamp":"2025-09-10 11:37:41"}
{"level":"info","message":"Получение ожидающих приглашений пользователя","timestamp":"2025-09-10 11:37:41","userId":1}
{"level":"info","message":"Получение заданий для пользователя ID: 1","timestamp":"2025-09-10 11:37:41"}
{"level":"info","message":"Получение ожидающих приглашений пользователя","timestamp":"2025-09-10 11:37:41","userId":1}
{"level":"info","message":"Получение ожидающих приглашений пользователя","timestamp":"2025-09-10 11:37:41","userId":1}
{"level":"info","message":"Получение заданий для пользователя ID: 1","timestamp":"2025-09-10 11:37:41"}
{"level":"info","message":"Получение ожидающих приглашений пользователя","timestamp":"2025-09-10 11:37:41","userId":1}
{"level":"info","message":"Получение заданий для пользователя ID: 1","timestamp":"2025-09-10 11:37:41"}
{"level":"info","message":"Получение ожидающих приглашений пользователя","timestamp":"2025-09-10 11:37:41","userId":1}
{"level":"info","message":"Получение заданий для пользователя ID: 1","timestamp":"2025-09-10 11:37:41"}
{"level":"info","message":"Получение ожидающих приглашений пользователя","timestamp":"2025-09-10 11:37:41","userId":1}
{"level":"info","message":"Получение ожидающих приглашений пользователя","timestamp":"2025-09-10 11:37:41","userId":1}
{"level":"info","message":"Получение заданий для пользователя ID: 1","timestamp":"2025-09-10 11:37:41"}
{"level":"info","message":"Получение ожидающих приглашений пользователя","timestamp":"2025-09-10 11:37:41","userId":1}
{"level":"info","message":"Получение заданий для пользователя ID: 1","timestamp":"2025-09-10 11:37:41"}
{"level":"info","message":"Получение ожидающих приглашений пользователя","timestamp":"2025-09-10 11:37:41","userId":1}
{"level":"info","message":"Получение заданий для пользователя ID: 1","timestamp":"2025-09-10 11:37:41"}
{"level":"info","message":"Получение ожидающих приглашений пользователя","timestamp":"2025-09-10 11:37:41","userId":1}
{"level":"info","message":"Получение заданий для пользователя ID: 1","timestamp":"2025-09-10 11:37:41"}
{"level":"info","message":"Получение ожидающих приглашений пользователя","timestamp":"2025-09-10 11:37:41","userId":1}
{"level":"info","message":"Получение ожидающих приглашений пользователя","timestamp":"2025-09-10 11:37:41","userId":1}
{"level":"info","message":"Получение заданий для пользователя ID: 1","timestamp":"2025-09-10 11:37:41"}
{"level":"info","message":"Получение ожидающих приглашений пользователя","timestamp":"2025-09-10 11:37:41","userId":1}
{"level":"info","message":"Получение заданий для пользователя ID: 1","timestamp":"2025-09-10 11:37:41"}
{"level":"info","message":"Получение ожидающих приглашений пользователя","timestamp":"2025-09-10 11:37:41","userId":1}
{"level":"info","message":"Получение заданий для пользователя ID: 1","timestamp":"2025-09-10 11:37:41"}
{"level":"info","message":"Получение ожидающих приглашений пользователя","timestamp":"2025-09-10 11:37:41","userId":1}
{"level":"info","message":"Получение ожидающих приглашений пользователя","timestamp":"2025-09-10 11:37:41","userId":1}
{"level":"info","message":"Получение заданий для пользователя ID: 1","timestamp":"2025-09-10 11:37:41"}
{"level":"info","message":"Получение ожидающих приглашений пользователя","timestamp":"2025-09-10 11:37:41","userId":1}
{"level":"info","message":"Получение заданий для пользователя ID: 1","timestamp":"2025-09-10 11:37:41"}
{"level":"info","message":"Получение ожидающих приглашений пользователя","timestamp":"2025-09-10 11:37:41","userId":1}
{"level":"info","message":"Получение заданий для пользователя ID: 1","timestamp":"2025-09-10 11:37:41"}
{"level":"info","message":"Получение ожидающих приглашений пользователя","timestamp":"2025-09-10 11:37:41","userId":1}
{"level":"info","message":"Получение ожидающих приглашений пользователя","timestamp":"2025-09-10 11:37:41","userId":1}
{"level":"info","message":"Получение заданий для пользователя ID: 1","timestamp":"2025-09-10 11:37:41"}
{"level":"info","message":"Получение ожидающих приглашений пользователя","timestamp":"2025-09-10 11:37:41","userId":1}
{"level":"info","message":"Получение заданий для пользователя ID: 1","timestamp":"2025-09-10 11:37:41"}
{"level":"info","message":"Получение ожидающих приглашений пользователя","timestamp":"2025-09-10 11:37:41","userId":1}
{"level":"info","message":"Получение заданий для пользователя ID: 1","timestamp":"2025-09-10 11:37:41"}
{"level":"info","message":"Получение ожидающих приглашений пользователя","timestamp":"2025-09-10 11:37:41","userId":1}
{"level":"info","message":"Получение ожидающих приглашений пользователя","timestamp":"2025-09-10 11:37:41","userId":1}
{"level":"info","message":"Получение заданий для пользователя ID: 1","timestamp":"2025-09-10 11:37:41"}
{"level":"info","message":"Получение ожидающих приглашений пользователя","timestamp":"2025-09-10 11:37:41","userId":1}
{"level":"info","message":"Получение заданий для пользователя ID: 1","timestamp":"2025-09-10 11:37:41"}
{"level":"info","message":"Получение ожидающих приглашений пользователя","timestamp":"2025-09-10 11:37:41","userId":1}
{"level":"info","message":"Получение ожидающих приглашений пользователя","timestamp":"2025-09-10 11:37:41","userId":1}
{"level":"info","message":"Получение заданий для пользователя ID: 1","timestamp":"2025-09-10 11:37:41"}
{"level":"info","message":"Получение ожидающих приглашений пользователя","timestamp":"2025-09-10 11:37:41","userId":1}
{"level":"info","message":"Получение заданий для пользователя ID: 1","timestamp":"2025-09-10 11:37:41"}
{"level":"info","message":"Получение ожидающих приглашений пользователя","timestamp":"2025-09-10 11:37:41","userId":1}
{"level":"info","message":"Получение заданий для пользователя ID: 1","timestamp":"2025-09-10 11:37:41"}
{"level":"info","message":"Получение ожидающих приглашений пользователя","timestamp":"2025-09-10 11:37:41","userId":1}
{"level":"info","message":"Получение ожидающих приглашений пользователя","timestamp":"2025-09-10 11:37:41","userId":1}
{"level":"info","message":"Получение заданий для пользователя ID: 1","timestamp":"2025-09-10 11:37:41"}
{"level":"info","message":"Получение ожидающих приглашений пользователя","timestamp":"2025-09-10 11:37:41","userId":1}
{"level":"info","message":"Получение заданий для пользователя ID: 1","timestamp":"2025-09-10 11:37:41"}
{"level":"info","message":"Получение ожидающих приглашений пользователя","timestamp":"2025-09-10 11:37:41","userId":1}
{"level":"info","message":"Получение заданий для пользователя ID: 1","timestamp":"2025-09-10 11:37:41"}
{"level":"info","message":"Получение ожидающих приглашений пользователя","timestamp":"2025-09-10 11:37:41","userId":1}
{"level":"info","message":"Получение заданий для пользователя ID: 1","timestamp":"2025-09-10 11:37:41"}
{"level":"info","message":"Получение ожидающих приглашений пользователя","timestamp":"2025-09-10 11:37:41","userId":1}
{"level":"info","message":"Получение заданий для пользователя ID: 1","timestamp":"2025-09-10 11:37:41"}
{"level":"info","message":"Получение ожидающих приглашений пользователя","timestamp":"2025-09-10 11:37:41","userId":1}
{"level":"info","message":"Получение заданий для пользователя ID: 1","timestamp":"2025-09-10 11:37:41"}
{"level":"info","message":"Получение ожидающих приглашений пользователя","timestamp":"2025-09-10 11:37:41","userId":1}
{"level":"info","message":"Получение ожидающих приглашений пользователя","timestamp":"2025-09-10 11:37:41","userId":1}
{"level":"info","message":"Получение заданий для пользователя ID: 1","timestamp":"2025-09-10 11:37:41"}
{"level":"info","message":"Получение ожидающих приглашений пользователя","timestamp":"2025-09-10 11:37:41","userId":1}
{"level":"info","message":"Получение заданий для пользователя ID: 1","timestamp":"2025-09-10 11:37:41"}
{"level":"info","message":"Получение ожидающих приглашений пользователя","timestamp":"2025-09-10 11:37:41","userId":1}
{"level":"info","message":"Получение заданий для пользователя ID: 1","timestamp":"2025-09-10 11:37:41"}
{"level":"info","message":"Получение ожидающих приглашений пользователя","timestamp":"2025-09-10 11:37:41","userId":1}
{"level":"info","message":"Получение ожидающих приглашений пользователя","timestamp":"2025-09-10 11:37:41","userId":1}
{"level":"info","message":"Получение заданий для пользователя ID: 1","timestamp":"2025-09-10 11:37:41"}
{"level":"info","message":"Получение ожидающих приглашений пользователя","timestamp":"2025-09-10 11:37:41","userId":1}
{"level":"info","message":"Получение заданий для пользователя ID: 1","timestamp":"2025-09-10 11:37:41"}
{"level":"info","message":"Получение ожидающих приглашений пользователя","timestamp":"2025-09-10 11:37:41","userId":1}
{"level":"info","message":"Получение ожидающих приглашений пользователя","timestamp":"2025-09-10 11:37:41","userId":1}
{"level":"info","message":"Получение заданий для пользователя ID: 1","timestamp":"2025-09-10 11:37:41"}
{"level":"info","message":"Получение ожидающих приглашений пользователя","timestamp":"2025-09-10 11:37:41","userId":1}
{"level":"info","message":"Получение заданий для пользователя ID: 1","timestamp":"2025-09-10 11:37:41"}
{"level":"info","message":"Получение ожидающих приглашений пользователя","timestamp":"2025-09-10 11:37:42","userId":1}
{"level":"info","message":"Получение заданий для пользователя ID: 1","timestamp":"2025-09-10 11:37:42"}
{"level":"info","message":"Получение ожидающих приглашений пользователя","timestamp":"2025-09-10 11:37:42","userId":1}
{"level":"info","message":"Получение ожидающих приглашений пользователя","timestamp":"2025-09-10 11:37:42","userId":1}
{"level":"info","message":"Получение заданий для пользователя ID: 1","timestamp":"2025-09-10 11:37:42"}
{"level":"info","message":"Получение ожидающих приглашений пользователя","timestamp":"2025-09-10 11:37:42","userId":1}
{"level":"info","message":"Получение заданий для пользователя ID: 1","timestamp":"2025-09-10 11:37:42"}
{"level":"info","message":"Получение ожидающих приглашений пользователя","timestamp":"2025-09-10 11:37:42","userId":1}
{"level":"info","message":"Получение заданий для пользователя ID: 1","timestamp":"2025-09-10 11:37:42"}
{"level":"info","message":"Получение ожидающих приглашений пользователя","timestamp":"2025-09-10 11:37:42","userId":1}
{"level":"info","message":"Получение заданий для пользователя ID: 1","timestamp":"2025-09-10 11:37:42"}
{"level":"info","message":"Получение ожидающих приглашений пользователя","timestamp":"2025-09-10 11:37:42","userId":1}
{"level":"info","message":"Получение ожидающих приглашений пользователя","timestamp":"2025-09-10 11:37:42","userId":1}
{"level":"info","message":"Получение заданий для пользователя ID: 1","timestamp":"2025-09-10 11:37:42"}
{"level":"info","message":"Получение ожидающих приглашений пользователя","timestamp":"2025-09-10 11:37:42","userId":1}
{"level":"info","message":"Получение заданий для пользователя ID: 1","timestamp":"2025-09-10 11:37:42"}
{"level":"info","message":"Получение ожидающих приглашений пользователя","timestamp":"2025-09-10 11:37:42","userId":1}
{"level":"info","message":"Получение ожидающих приглашений пользователя","timestamp":"2025-09-10 11:37:42","userId":1}
{"level":"info","message":"Получение заданий для пользователя ID: 1","timestamp":"2025-09-10 11:37:42"}
{"level":"info","message":"Получение ожидающих приглашений пользователя","timestamp":"2025-09-10 11:37:42","userId":1}
{"level":"info","message":"Получение заданий для пользователя ID: 1","timestamp":"2025-09-10 11:37:42"}
{"level":"info","message":"Получение ожидающих приглашений пользователя","timestamp":"2025-09-10 11:37:42","userId":1}
{"level":"info","message":"Получение заданий для пользователя ID: 1","timestamp":"2025-09-10 11:37:42"}
{"level":"info","message":"Получение ожидающих приглашений пользователя","timestamp":"2025-09-10 11:37:42","userId":1}
{"level":"info","message":"Получение заданий для пользователя ID: 1","timestamp":"2025-09-10 11:37:42"}
{"level":"info","message":"Получение ожидающих приглашений пользователя","timestamp":"2025-09-10 11:37:42","userId":1}
{"level":"info","message":"Получение ожидающих приглашений пользователя","timestamp":"2025-09-10 11:37:42","userId":1}
{"level":"info","message":"Получение заданий для пользователя ID: 1","timestamp":"2025-09-10 11:37:42"}
{"level":"info","message":"Получение ожидающих приглашений пользователя","timestamp":"2025-09-10 11:37:42","userId":1}
{"level":"info","message":"Получение заданий для пользователя ID: 1","timestamp":"2025-09-10 11:37:42"}
{"level":"info","message":"Получение ожидающих приглашений пользователя","timestamp":"2025-09-10 11:37:42","userId":1}
{"level":"info","message":"Получение ожидающих приглашений пользователя","timestamp":"2025-09-10 11:37:42","userId":1}
{"level":"info","message":"Получение заданий для пользователя ID: 1","timestamp":"2025-09-10 11:37:42"}
{"level":"info","message":"Получение ожидающих приглашений пользователя","timestamp":"2025-09-10 11:37:42","userId":1}
{"level":"info","message":"Получение заданий для пользователя ID: 1","timestamp":"2025-09-10 11:37:42"}
{"level":"info","message":"Получение ожидающих приглашений пользователя","timestamp":"2025-09-10 11:37:42","userId":1}
{"level":"info","message":"Получение ожидающих приглашений пользователя","timestamp":"2025-09-10 11:37:42","userId":1}
{"level":"info","message":"Получение заданий для пользователя ID: 1","timestamp":"2025-09-10 11:37:42"}
{"level":"info","message":"Получение ожидающих приглашений пользователя","timestamp":"2025-09-10 11:37:42","userId":1}
{"level":"info","message":"Получение заданий для пользователя ID: 1","timestamp":"2025-09-10 11:37:42"}
{"level":"info","message":"Получение ожидающих приглашений пользователя","timestamp":"2025-09-10 11:37:42","userId":1}
{"level":"info","message":"Получение ожидающих приглашений пользователя","timestamp":"2025-09-10 11:37:42","userId":1}
{"level":"info","message":"Получение заданий для пользователя ID: 1","timestamp":"2025-09-10 11:37:42"}
{"level":"info","message":"Получение ожидающих приглашений пользователя","timestamp":"2025-09-10 11:37:42","userId":1}
{"level":"info","message":"Получение ожидающих приглашений пользователя","timestamp":"2025-09-10 11:37:42","userId":1}
{"level":"info","message":"Получение заданий для пользователя ID: 1","timestamp":"2025-09-10 11:37:42"}
{"level":"info","message":"Получение ожидающих приглашений пользователя","timestamp":"2025-09-10 11:37:42","userId":1}
{"level":"info","message":"Получение заданий для пользователя ID: 1","timestamp":"2025-09-10 11:37:42"}
{"level":"info","message":"Получение ожидающих приглашений пользователя","timestamp":"2025-09-10 11:37:42","userId":1}
{"level":"info","message":"Получение заданий для пользователя ID: 1","timestamp":"2025-09-10 11:37:42"}
{"level":"info","message":"Получение ожидающих приглашений пользователя","timestamp":"2025-09-10 11:37:42","userId":1}
{"level":"info","message":"Получение ожидающих приглашений пользователя","timestamp":"2025-09-10 11:37:42","userId":1}
{"level":"info","message":"Получение заданий для пользователя ID: 1","timestamp":"2025-09-10 11:37:42"}
{"level":"info","message":"Получение ожидающих приглашений пользователя","timestamp":"2025-09-10 11:37:42","userId":1}
{"level":"info","message":"Получение заданий для пользователя ID: 1","timestamp":"2025-09-10 11:37:42"}
{"level":"info","message":"Получение ожидающих приглашений пользователя","timestamp":"2025-09-10 11:37:42","userId":1}
{"level":"info","message":"Получение ожидающих приглашений пользователя","timestamp":"2025-09-10 11:37:42","userId":1}
{"level":"info","message":"Получение заданий для пользователя ID: 1","timestamp":"2025-09-10 11:37:42"}
{"level":"info","message":"Получение ожидающих приглашений пользователя","timestamp":"2025-09-10 11:37:42","userId":1}
{"level":"info","message":"Получение заданий для пользователя ID: 1","timestamp":"2025-09-10 11:37:42"}
{"level":"info","message":"Получение ожидающих приглашений пользователя","timestamp":"2025-09-10 11:37:42","userId":1}
{"level":"info","message":"Получение заданий для пользователя ID: 1","timestamp":"2025-09-10 11:37:42"}
{"level":"info","message":"Получение ожидающих приглашений пользователя","timestamp":"2025-09-10 11:37:42","userId":1}
{"level":"info","message":"Получение ожидающих приглашений пользователя","timestamp":"2025-09-10 11:37:42","userId":1}
{"level":"info","message":"Получение заданий для пользователя ID: 1","timestamp":"2025-09-10 11:37:42"}
{"level":"info","message":"Получение ожидающих приглашений пользователя","timestamp":"2025-09-10 11:37:42","userId":1}
{"level":"info","message":"Получение заданий для пользователя ID: 1","timestamp":"2025-09-10 11:37:42"}
{"level":"info","message":"Получение ожидающих приглашений пользователя","timestamp":"2025-09-10 11:37:42","userId":1}
{"level":"info","message":"Получение заданий для пользователя ID: 1","timestamp":"2025-09-10 11:37:42"}
{"level":"info","message":"Получение ожидающих приглашений пользователя","timestamp":"2025-09-10 11:37:42","userId":1}
{"level":"info","message":"Получение ожидающих приглашений пользователя","timestamp":"2025-09-10 11:37:42","userId":1}
{"level":"info","message":"Получение заданий для пользователя ID: 1","timestamp":"2025-09-10 11:37:42"}
{"level":"info","message":"Получение ожидающих приглашений пользователя","timestamp":"2025-09-10 11:37:42","userId":1}
{"level":"info","message":"Получение заданий для пользователя ID: 1","timestamp":"2025-09-10 11:37:42"}
{"level":"info","message":"Получение ожидающих приглашений пользователя","timestamp":"2025-09-10 11:37:42","userId":1}
{"level":"info","message":"Получение заданий для пользователя ID: 1","timestamp":"2025-09-10 11:37:42"}
{"level":"info","message":"Получение ожидающих приглашений пользователя","timestamp":"2025-09-10 11:37:42","userId":1}
{"level":"info","message":"Получение заданий для пользователя ID: 1","timestamp":"2025-09-10 11:37:42"}
{"level":"info","message":"Получение ожидающих приглашений пользователя","timestamp":"2025-09-10 11:37:42","userId":1}
{"level":"info","message":"Получение ожидающих приглашений пользователя","timestamp":"2025-09-10 11:37:42","userId":1}
{"level":"info","message":"Получение заданий для пользователя ID: 1","timestamp":"2025-09-10 11:37:42"}
{"level":"info","message":"Получение ожидающих приглашений пользователя","timestamp":"2025-09-10 11:37:42","userId":1}
{"level":"info","message":"Получение ожидающих приглашений пользователя","timestamp":"2025-09-10 11:37:42","userId":1}
{"level":"info","message":"Получение заданий для пользователя ID: 1","timestamp":"2025-09-10 11:37:42"}
{"level":"info","message":"Получение ожидающих приглашений пользователя","timestamp":"2025-09-10 11:37:42","userId":1}
{"level":"info","message":"Получение заданий для пользователя ID: 1","timestamp":"2025-09-10 11:37:42"}
{"level":"info","message":"Получение ожидающих приглашений пользователя","timestamp":"2025-09-10 11:37:42","userId":1}
{"level":"info","message":"Получение заданий для пользователя ID: 1","timestamp":"2025-09-10 11:37:42"}
{"level":"info","message":"Получение ожидающих приглашений пользователя","timestamp":"2025-09-10 11:37:42","userId":1}
{"level":"info","message":"Получение ожидающих приглашений пользователя","timestamp":"2025-09-10 11:37:42","userId":1}
{"level":"info","message":"Получение заданий для пользователя ID: 1","timestamp":"2025-09-10 11:37:42"}
{"level":"info","message":"Получение ожидающих приглашений пользователя","timestamp":"2025-09-10 11:37:42","userId":1}
{"level":"info","message":"Получение заданий для пользователя ID: 1","timestamp":"2025-09-10 11:37:42"}
{"level":"info","message":"Получение ожидающих приглашений пользователя","timestamp":"2025-09-10 11:37:42","userId":1}
{"level":"info","message":"Получение заданий для пользователя ID: 1","timestamp":"2025-09-10 11:37:42"}
{"level":"info","message":"Получение ожидающих приглашений пользователя","timestamp":"2025-09-10 11:37:43","userId":1}
{"level":"info","message":"Получение заданий для пользователя ID: 1","timestamp":"2025-09-10 11:37:43"}
{"level":"info","message":"Получение ожидающих приглашений пользователя","timestamp":"2025-09-10 11:37:43","userId":1}
{"level":"info","message":"Получение заданий для пользователя ID: 1","timestamp":"2025-09-10 11:37:43"}
{"level":"info","message":"Получение ожидающих приглашений пользователя","timestamp":"2025-09-10 11:37:43","userId":1}
{"level":"info","message":"Получение ожидающих приглашений пользователя","timestamp":"2025-09-10 11:37:43","userId":1}
{"level":"info","message":"Получение заданий для пользователя ID: 1","timestamp":"2025-09-10 11:37:43"}
{"level":"info","message":"Получение ожидающих приглашений пользователя","timestamp":"2025-09-10 11:37:43","userId":1}
{"level":"info","message":"Получение заданий для пользователя ID: 1","timestamp":"2025-09-10 11:37:43"}
{"level":"info","message":"Получение ожидающих приглашений пользователя","timestamp":"2025-09-10 11:37:43","userId":1}
{"level":"info","message":"Получение заданий для пользователя ID: 1","timestamp":"2025-09-10 11:37:43"}
{"level":"info","message":"Получение ожидающих приглашений пользователя","timestamp":"2025-09-10 11:37:43","userId":1}
{"level":"info","message":"Получение заданий для пользователя ID: 1","timestamp":"2025-09-10 11:37:43"}
{"level":"info","message":"Получение ожидающих приглашений пользователя","timestamp":"2025-09-10 11:37:43","userId":1}
{"level":"info","message":"Получение заданий для пользователя ID: 1","timestamp":"2025-09-10 11:37:43"}
{"level":"info","message":"Получение ожидающих приглашений пользователя","timestamp":"2025-09-10 11:37:43","userId":1}
{"level":"info","message":"Получение заданий для пользователя ID: 1","timestamp":"2025-09-10 11:37:43"}
{"level":"info","message":"Получение ожидающих приглашений пользователя","timestamp":"2025-09-10 11:37:43","userId":1}
{"level":"info","message":"Получение ожидающих приглашений пользователя","timestamp":"2025-09-10 11:37:43","userId":1}
{"level":"info","message":"Получение заданий для пользователя ID: 1","timestamp":"2025-09-10 11:37:43"}
{"level":"info","message":"Получение ожидающих приглашений пользователя","timestamp":"2025-09-10 11:37:43","userId":1}
{"level":"info","message":"Получение заданий для пользователя ID: 1","timestamp":"2025-09-10 11:37:43"}
{"level":"info","message":"Получение ожидающих приглашений пользователя","timestamp":"2025-09-10 11:37:43","userId":1}
{"level":"info","message":"Получение ожидающих приглашений пользователя","timestamp":"2025-09-10 11:37:43","userId":1}
{"level":"info","message":"Получение заданий для пользователя ID: 1","timestamp":"2025-09-10 11:37:43"}
{"level":"info","message":"Получение ожидающих приглашений пользователя","timestamp":"2025-09-10 11:37:43","userId":1}
{"level":"info","message":"Получение заданий для пользователя ID: 1","timestamp":"2025-09-10 11:37:43"}
{"level":"info","message":"Получение ожидающих приглашений пользователя","timestamp":"2025-09-10 11:37:43","userId":1}
{"level":"info","message":"Получение заданий для пользователя ID: 1","timestamp":"2025-09-10 11:37:43"}
{"level":"info","message":"Получение ожидающих приглашений пользователя","timestamp":"2025-09-10 11:37:43","userId":1}
{"level":"info","message":"Получение заданий для пользователя ID: 1","timestamp":"2025-09-10 11:37:43"}
{"level":"info","message":"Получение ожидающих приглашений пользователя","timestamp":"2025-09-10 11:37:43","userId":1}
{"level":"info","message":"Получение ожидающих приглашений пользователя","timestamp":"2025-09-10 11:37:43","userId":1}
{"level":"info","message":"Получение заданий для пользователя ID: 1","timestamp":"2025-09-10 11:37:43"}
{"level":"info","message":"Получение ожидающих приглашений пользователя","timestamp":"2025-09-10 11:37:43","userId":1}
{"level":"info","message":"Получение заданий для пользователя ID: 1","timestamp":"2025-09-10 11:37:43"}
{"level":"info","message":"Получение ожидающих приглашений пользователя","timestamp":"2025-09-10 11:37:43","userId":1}
{"level":"info","message":"Получение ожидающих приглашений пользователя","timestamp":"2025-09-10 11:37:43","userId":1}
{"level":"info","message":"Получение заданий для пользователя ID: 1","timestamp":"2025-09-10 11:37:43"}
{"level":"info","message":"Получение ожидающих приглашений пользователя","timestamp":"2025-09-10 11:37:43","userId":1}
{"level":"info","message":"Получение заданий для пользователя ID: 1","timestamp":"2025-09-10 11:37:43"}
{"level":"info","message":"Получение ожидающих приглашений пользователя","timestamp":"2025-09-10 11:37:43","userId":1}
{"level":"info","message":"Получение заданий для пользователя ID: 1","timestamp":"2025-09-10 11:37:43"}
{"level":"info","message":"Получение ожидающих приглашений пользователя","timestamp":"2025-09-10 11:37:43","userId":1}
{"level":"info","message":"Получение ожидающих приглашений пользователя","timestamp":"2025-09-10 11:37:43","userId":1}
{"level":"info","message":"Получение заданий для пользователя ID: 1","timestamp":"2025-09-10 11:37:43"}
{"level":"info","message":"Получение ожидающих приглашений пользователя","timestamp":"2025-09-10 11:37:43","userId":1}
{"level":"info","message":"Получение заданий для пользователя ID: 1","timestamp":"2025-09-10 11:37:43"}
{"level":"info","message":"Получение ожидающих приглашений пользователя","timestamp":"2025-09-10 11:37:43","userId":1}
{"level":"info","message":"Получение заданий для пользователя ID: 1","timestamp":"2025-09-10 11:37:43"}
{"level":"info","message":"Получение ожидающих приглашений пользователя","timestamp":"2025-09-10 11:37:43","userId":1}
{"level":"info","message":"Получение ожидающих приглашений пользователя","timestamp":"2025-09-10 11:37:43","userId":1}
{"level":"info","message":"Получение заданий для пользователя ID: 1","timestamp":"2025-09-10 11:37:43"}
{"level":"info","message":"Получение ожидающих приглашений пользователя","timestamp":"2025-09-10 11:37:43","userId":1}
{"level":"info","message":"Получение заданий для пользователя ID: 1","timestamp":"2025-09-10 11:37:43"}
{"level":"info","message":"Получение ожидающих приглашений пользователя","timestamp":"2025-09-10 11:37:43","userId":1}
{"level":"info","message":"Получение заданий для пользователя ID: 1","timestamp":"2025-09-10 11:37:43"}
{"level":"info","message":"Получение ожидающих приглашений пользователя","timestamp":"2025-09-10 11:37:43","userId":1}
{"level":"info","message":"Получение заданий для пользователя ID: 1","timestamp":"2025-09-10 11:37:43"}
{"level":"info","message":"Получение ожидающих приглашений пользователя","timestamp":"2025-09-10 11:37:43","userId":1}
{"level":"info","message":"Получение заданий для пользователя ID: 1","timestamp":"2025-09-10 11:37:43"}
{"level":"info","message":"Получение ожидающих приглашений пользователя","timestamp":"2025-09-10 11:37:43","userId":1}
{"level":"info","message":"Получение ожидающих приглашений пользователя","timestamp":"2025-09-10 11:37:43","userId":1}
{"level":"info","message":"Получение заданий для пользователя ID: 1","timestamp":"2025-09-10 11:37:43"}
{"level":"info","message":"Получение ожидающих приглашений пользователя","timestamp":"2025-09-10 11:37:43","userId":1}
{"level":"info","message":"Получение заданий для пользователя ID: 1","timestamp":"2025-09-10 11:37:43"}
{"level":"info","message":"Получение ожидающих приглашений пользователя","timestamp":"2025-09-10 11:37:43","userId":1}
{"level":"info","message":"Получение ожидающих приглашений пользователя","timestamp":"2025-09-10 11:37:43","userId":1}
{"level":"info","message":"Получение заданий для пользователя ID: 1","timestamp":"2025-09-10 11:37:43"}
{"level":"info","message":"Получение ожидающих приглашений пользователя","timestamp":"2025-09-10 11:37:43","userId":1}
{"level":"info","message":"Получение заданий для пользователя ID: 1","timestamp":"2025-09-10 11:37:43"}
{"level":"info","message":"Получение ожидающих приглашений пользователя","timestamp":"2025-09-10 11:37:43","userId":1}
{"level":"info","message":"Получение заданий для пользователя ID: 1","timestamp":"2025-09-10 11:37:43"}
{"level":"info","message":"Получение ожидающих приглашений пользователя","timestamp":"2025-09-10 11:37:43","userId":1}
{"level":"info","message":"Получение ожидающих приглашений пользователя","timestamp":"2025-09-10 11:37:43","userId":1}
{"level":"info","message":"Получение заданий для пользователя ID: 1","timestamp":"2025-09-10 11:37:43"}
{"level":"info","message":"Получение ожидающих приглашений пользователя","timestamp":"2025-09-10 11:37:43","userId":1}
{"level":"info","message":"Получение заданий для пользователя ID: 1","timestamp":"2025-09-10 11:37:43"}
{"level":"info","message":"Получение ожидающих приглашений пользователя","timestamp":"2025-09-10 11:37:43","userId":1}
{"level":"info","message":"Получение заданий для пользователя ID: 1","timestamp":"2025-09-10 11:37:43"}
{"level":"info","message":"Получение ожидающих приглашений пользователя","timestamp":"2025-09-10 11:37:43","userId":1}
{"level":"info","message":"Получение заданий для пользователя ID: 1","timestamp":"2025-09-10 11:37:43"}
{"level":"info","message":"Получение ожидающих приглашений пользователя","timestamp":"2025-09-10 11:37:43","userId":1}
{"level":"info","message":"Получение ожидающих приглашений пользователя","timestamp":"2025-09-10 11:37:43","userId":1}
{"level":"info","message":"Получение заданий для пользователя ID: 1","timestamp":"2025-09-10 11:37:43"}
{"level":"info","message":"Получение ожидающих приглашений пользователя","timestamp":"2025-09-10 11:37:43","userId":1}
{"level":"info","message":"Получение заданий для пользователя ID: 1","timestamp":"2025-09-10 11:37:43"}
{"level":"info","message":"Получение ожидающих приглашений пользователя","timestamp":"2025-09-10 11:37:43","userId":1}
{"level":"info","message":"Получение ожидающих приглашений пользователя","timestamp":"2025-09-10 11:37:43","userId":1}
{"level":"info","message":"Получение заданий для пользователя ID: 1","timestamp":"2025-09-10 11:37:43"}
{"level":"info","message":"Получение ожидающих приглашений пользователя","timestamp":"2025-09-10 11:37:43","userId":1}
{"level":"info","message":"Получение заданий для пользователя ID: 1","timestamp":"2025-09-10 11:37:43"}
{"level":"info","message":"Получение ожидающих приглашений пользователя","timestamp":"2025-09-10 11:37:43","userId":1}
{"level":"info","message":"Получение заданий для пользователя ID: 1","timestamp":"2025-09-10 11:37:44"}
{"level":"info","message":"Получение ожидающих приглашений пользователя","timestamp":"2025-09-10 11:37:44","userId":1}
{"level":"info","message":"Получение ожидающих приглашений пользователя","timestamp":"2025-09-10 11:37:44","userId":1}
{"level":"info","message":"Получение заданий для пользователя ID: 1","timestamp":"2025-09-10 11:37:44"}
{"level":"info","message":"Получение ожидающих приглашений пользователя","timestamp":"2025-09-10 11:37:44","userId":1}
{"level":"info","message":"Получение заданий для пользователя ID: 1","timestamp":"2025-09-10 11:37:44"}
{"level":"info","message":"Получение ожидающих приглашений пользователя","timestamp":"2025-09-10 11:37:44","userId":1}
{"level":"info","message":"Получение ожидающих приглашений пользователя","timestamp":"2025-09-10 11:37:44","userId":1}
{"level":"info","message":"Получение заданий для пользователя ID: 1","timestamp":"2025-09-10 11:37:44"}
{"level":"info","message":"Получение ожидающих приглашений пользователя","timestamp":"2025-09-10 11:37:44","userId":1}
{"level":"info","message":"Получение заданий для пользователя ID: 1","timestamp":"2025-09-10 11:37:44"}
{"level":"info","message":"Получение ожидающих приглашений пользователя","timestamp":"2025-09-10 11:37:44","userId":1}
{"level":"info","message":"Получение заданий для пользователя ID: 1","timestamp":"2025-09-10 11:37:44"}
{"level":"info","message":"Получение ожидающих приглашений пользователя","timestamp":"2025-09-10 11:37:44","userId":1}
{"level":"info","message":"Получение ожидающих приглашений пользователя","timestamp":"2025-09-10 11:37:44","userId":1}
{"level":"info","message":"Получение заданий для пользователя ID: 1","timestamp":"2025-09-10 11:37:44"}
{"level":"info","message":"Получение ожидающих приглашений пользователя","timestamp":"2025-09-10 11:37:44","userId":1}
{"level":"info","message":"Получение заданий для пользователя ID: 1","timestamp":"2025-09-10 11:37:44"}
{"level":"info","message":"Получение ожидающих приглашений пользователя","timestamp":"2025-09-10 11:37:44","userId":1}
{"level":"info","message":"Получение заданий для пользователя ID: 1","timestamp":"2025-09-10 11:37:44"}
{"level":"info","message":"Получение ожидающих приглашений пользователя","timestamp":"2025-09-10 11:37:44","userId":1}
{"level":"info","message":"Получение заданий для пользователя ID: 1","timestamp":"2025-09-10 11:37:44"}
{"level":"info","message":"Получение ожидающих приглашений пользователя","timestamp":"2025-09-10 11:37:44","userId":1}
{"level":"info","message":"Получение заданий для пользователя ID: 1","timestamp":"2025-09-10 11:37:44"}
{"level":"info","message":"Получение ожидающих приглашений пользователя","timestamp":"2025-09-10 11:37:44","userId":1}
{"level":"info","message":"Получение заданий для пользователя ID: 1","timestamp":"2025-09-10 11:37:44"}
{"level":"info","message":"Получение ожидающих приглашений пользователя","timestamp":"2025-09-10 11:37:44","userId":1}
{"level":"info","message":"Получение ожидающих приглашений пользователя","timestamp":"2025-09-10 11:37:44","userId":1}
{"level":"info","message":"Получение заданий для пользователя ID: 1","timestamp":"2025-09-10 11:37:44"}
{"level":"info","message":"Получение ожидающих приглашений пользователя","timestamp":"2025-09-10 11:37:44","userId":1}
{"level":"info","message":"Получение заданий для пользователя ID: 1","timestamp":"2025-09-10 11:37:44"}
{"level":"info","message":"Получение ожидающих приглашений пользователя","timestamp":"2025-09-10 11:37:44","userId":1}
{"level":"info","message":"Получение заданий для пользователя ID: 1","timestamp":"2025-09-10 11:37:44"}
{"level":"info","message":"Получение ожидающих приглашений пользователя","timestamp":"2025-09-10 11:37:44","userId":1}
{"level":"info","message":"Получение ожидающих приглашений пользователя","timestamp":"2025-09-10 11:37:44","userId":1}
{"level":"info","message":"Получение заданий для пользователя ID: 1","timestamp":"2025-09-10 11:37:44"}
{"level":"info","message":"Получение ожидающих приглашений пользователя","timestamp":"2025-09-10 11:37:44","userId":1}
{"level":"info","message":"Получение заданий для пользователя ID: 1","timestamp":"2025-09-10 11:37:44"}
{"level":"info","message":"Получение ожидающих приглашений пользователя","timestamp":"2025-09-10 11:37:44","userId":1}
{"level":"info","message":"Получение заданий для пользователя ID: 1","timestamp":"2025-09-10 11:37:44"}
{"level":"info","message":"Получение ожидающих приглашений пользователя","timestamp":"2025-09-10 11:37:44","userId":1}
{"level":"info","message":"Получение заданий для пользователя ID: 1","timestamp":"2025-09-10 11:37:44"}
{"level":"info","message":"Получение ожидающих приглашений пользователя","timestamp":"2025-09-10 11:37:44","userId":1}
{"level":"info","message":"Получение заданий для пользователя ID: 1","timestamp":"2025-09-10 11:37:44"}
{"level":"info","message":"Получение ожидающих приглашений пользователя","timestamp":"2025-09-10 11:37:44","userId":1}
{"level":"info","message":"Получение ожидающих приглашений пользователя","timestamp":"2025-09-10 11:37:44","userId":1}
{"level":"info","message":"Получение заданий для пользователя ID: 1","timestamp":"2025-09-10 11:37:44"}
{"level":"info","message":"Получение ожидающих приглашений пользователя","timestamp":"2025-09-10 11:37:44","userId":1}
{"level":"info","message":"Получение заданий для пользователя ID: 1","timestamp":"2025-09-10 11:37:44"}
{"level":"info","message":"Получение ожидающих приглашений пользователя","timestamp":"2025-09-10 11:37:44","userId":1}
{"level":"info","message":"Получение заданий для пользователя ID: 1","timestamp":"2025-09-10 11:37:44"}
{"level":"info","message":"Получение ожидающих приглашений пользователя","timestamp":"2025-09-10 11:37:44","userId":1}
{"level":"info","message":"Получение заданий для пользователя ID: 1","timestamp":"2025-09-10 11:37:44"}
{"level":"info","message":"Получение ожидающих приглашений пользователя","timestamp":"2025-09-10 11:37:44","userId":1}
{"level":"info","message":"Получение заданий для пользователя ID: 1","timestamp":"2025-09-10 11:37:44"}
{"level":"info","message":"Получение ожидающих приглашений пользователя","timestamp":"2025-09-10 11:37:44","userId":1}
{"level":"info","message":"Получение заданий для пользователя ID: 1","timestamp":"2025-09-10 11:37:44"}
{"level":"info","message":"Получение ожидающих приглашений пользователя","timestamp":"2025-09-10 11:37:44","userId":1}
{"level":"info","message":"Получение заданий для пользователя ID: 1","timestamp":"2025-09-10 11:37:44"}
{"level":"info","message":"Получение ожидающих приглашений пользователя","timestamp":"2025-09-10 11:37:44","userId":1}
{"level":"info","message":"Получение заданий для пользователя ID: 1","timestamp":"2025-09-10 11:37:44"}
{"level":"info","message":"Получение ожидающих приглашений пользователя","timestamp":"2025-09-10 11:37:44","userId":1}
{"level":"info","message":"Получение заданий для пользователя ID: 1","timestamp":"2025-09-10 11:37:44"}
{"level":"info","message":"Получение заданий для пользователя ID: 1","timestamp":"2025-09-10 11:37:44"}
{"level":"info","message":"Получение ожидающих приглашений пользователя","timestamp":"2025-09-10 11:37:44","userId":1}
{"level":"info","message":"Получение заданий для пользователя ID: 1","timestamp":"2025-09-10 11:37:44"}
{"level":"info","message":"Получение ожидающих приглашений пользователя","timestamp":"2025-09-10 11:37:44","userId":1}
{"level":"info","message":"Получение заданий для пользователя ID: 1","timestamp":"2025-09-10 11:37:44"}
{"level":"info","message":"Получение ожидающих приглашений пользователя","timestamp":"2025-09-10 11:37:44","userId":1}
{"level":"info","message":"Получение заданий для пользователя ID: 1","timestamp":"2025-09-10 11:37:44"}
{"level":"info","message":"Получение заданий для пользователя ID: 1","timestamp":"2025-09-10 11:37:44"}
{"level":"info","message":"Получение ожидающих приглашений пользователя","timestamp":"2025-09-10 11:37:44","userId":1}
{"level":"info","message":"Получение заданий для пользователя ID: 1","timestamp":"2025-09-10 11:37:44"}
{"level":"info","message":"Получение ожидающих приглашений пользователя","timestamp":"2025-09-10 11:37:44","userId":1}
{"level":"info","message":"Получение заданий для пользователя ID: 1","timestamp":"2025-09-10 11:37:44"}
{"level":"info","message":"Получение заданий для пользователя ID: 1","timestamp":"2025-09-10 11:37:44"}
{"level":"info","message":"Получение заданий для пользователя ID: 1","timestamp":"2025-09-10 11:37:44"}
{"level":"info","message":"Получение ожидающих приглашений пользователя","timestamp":"2025-09-10 11:37:44","userId":1}
{"level":"info","message":"Получение заданий для пользователя ID: 1","timestamp":"2025-09-10 11:37:44"}
{"level":"info","message":"Получение ожидающих приглашений пользователя","timestamp":"2025-09-10 11:37:44","userId":1}
{"level":"info","message":"Получение заданий для пользователя ID: 1","timestamp":"2025-09-10 11:37:44"}
{"level":"info","message":"Получение ожидающих приглашений пользователя","timestamp":"2025-09-10 11:37:44","userId":1}
{"level":"info","message":"Получение заданий для пользователя ID: 1","timestamp":"2025-09-10 11:37:44"}
{"level":"info","message":"Получение заданий для пользователя ID: 1","timestamp":"2025-09-10 11:37:44"}
{"level":"info","message":"Получение заданий для пользователя ID: 1","timestamp":"2025-09-10 11:37:44"}
{"level":"info","message":"Получение заданий для пользователя ID: 1","timestamp":"2025-09-10 11:37:44"}
{"level":"info","message":"Получение заданий для пользователя ID: 1","timestamp":"2025-09-10 11:37:44"}
{"level":"info","message":"Получение заданий для пользователя ID: 1","timestamp":"2025-09-10 11:37:44"}
{"level":"info","message":"Получение заданий для пользователя ID: 1","timestamp":"2025-09-10 11:37:44"}
{"level":"info","message":"Получение заданий для пользователя ID: 1","timestamp":"2025-09-10 11:37:44"}
{"level":"info","message":"Получение заданий для пользователя ID: 1","timestamp":"2025-09-10 11:37:45"}
{"level":"info","message":"Получение ожидающих приглашений пользователя","timestamp":"2025-09-10 11:37:45","userId":1}
{"level":"info","message":"Получение заданий для пользователя ID: 1","timestamp":"2025-09-10 11:37:45"}
{"level":"info","message":"Получение ожидающих приглашений пользователя","timestamp":"2025-09-10 11:37:45","userId":1}
{"level":"info","message":"Получение ожидающих приглашений пользователя","timestamp":"2025-09-10 11:37:45","userId":1}
{"level":"info","message":"Получение заданий для пользователя ID: 1","timestamp":"2025-09-10 11:37:45"}
{"level":"info","message":"Получение ожидающих приглашений пользователя","timestamp":"2025-09-10 11:37:45","userId":1}
{"level":"info","message":"Получение заданий для пользователя ID: 1","timestamp":"2025-09-10 11:37:45"}
{"level":"info","message":"Получение заданий для пользователя ID: 1","timestamp":"2025-09-10 11:37:45"}
{"level":"info","message":"Получение заданий для пользователя ID: 1","timestamp":"2025-09-10 11:37:45"}
{"level":"info","message":"Получение ожидающих приглашений пользователя","timestamp":"2025-09-10 11:37:45","userId":1}
{"level":"info","message":"Получение ожидающих приглашений пользователя","timestamp":"2025-09-10 11:37:45","userId":1}
{"level":"info","message":"Получение заданий для пользователя ID: 1","timestamp":"2025-09-10 11:37:45"}
{"level":"info","message":"Получение ожидающих приглашений пользователя","timestamp":"2025-09-10 11:37:45","userId":1}
{"level":"info","message":"Получение заданий для пользователя ID: 1","timestamp":"2025-09-10 11:37:45"}
{"level":"info","message":"Получение ожидающих приглашений пользователя","timestamp":"2025-09-10 11:37:45","userId":1}
{"level":"info","message":"Получение заданий для пользователя ID: 1","timestamp":"2025-09-10 11:37:45"}
{"level":"info","message":"Получение ожидающих приглашений пользователя","timestamp":"2025-09-10 11:37:45","userId":1}
{"level":"info","message":"Получение заданий для пользователя ID: 1","timestamp":"2025-09-10 11:37:45"}
{"level":"info","message":"Получение ожидающих приглашений пользователя","timestamp":"2025-09-10 11:37:45","userId":1}
{"level":"info","message":"Получение заданий для пользователя ID: 1","timestamp":"2025-09-10 11:37:45"}
{"level":"info","message":"Получение ожидающих приглашений пользователя","timestamp":"2025-09-10 11:37:45","userId":1}
{"level":"info","message":"Получение заданий для пользователя ID: 1","timestamp":"2025-09-10 11:37:45"}
{"level":"info","message":"Получение заданий для пользователя ID: 1","timestamp":"2025-09-10 11:37:45"}
{"level":"info","message":"Получение ожидающих приглашений пользователя","timestamp":"2025-09-10 11:37:45","userId":1}
{"level":"info","message":"Получение заданий для пользователя ID: 1","timestamp":"2025-09-10 11:37:45"}
{"level":"info","message":"Получение заданий для пользователя ID: 1","timestamp":"2025-09-10 11:37:45"}
{"level":"info","message":"Получение заданий для пользователя ID: 1","timestamp":"2025-09-10 11:37:45"}
{"level":"info","message":"Получение ожидающих приглашений пользователя","timestamp":"2025-09-10 11:37:45","userId":1}
{"level":"info","message":"Получение заданий для пользователя ID: 1","timestamp":"2025-09-10 11:37:45"}
{"level":"info","message":"Получение ожидающих приглашений пользователя","timestamp":"2025-09-10 11:37:45","userId":1}
{"level":"info","message":"Получение заданий для пользователя ID: 1","timestamp":"2025-09-10 11:37:45"}
{"level":"info","message":"Получение ожидающих приглашений пользователя","timestamp":"2025-09-10 11:37:45","userId":1}
{"level":"info","message":"Получение заданий для пользователя ID: 1","timestamp":"2025-09-10 11:37:45"}
{"level":"info","message":"Получение ожидающих приглашений пользователя","timestamp":"2025-09-10 11:37:45","userId":1}
{"level":"info","message":"Получение заданий для пользователя ID: 1","timestamp":"2025-09-10 11:37:45"}
{"level":"info","message":"Получение ожидающих приглашений пользователя","timestamp":"2025-09-10 11:37:45","userId":1}
{"level":"info","message":"Получение заданий для пользователя ID: 1","timestamp":"2025-09-10 11:37:45"}
{"level":"info","message":"Получение заданий для пользователя ID: 1","timestamp":"2025-09-10 11:37:45"}
{"level":"info","message":"Получение заданий для пользователя ID: 1","timestamp":"2025-09-10 11:37:45"}
{"level":"info","message":"Получение заданий для пользователя ID: 1","timestamp":"2025-09-10 11:37:45"}
{"level":"info","message":"Получение заданий для пользователя ID: 1","timestamp":"2025-09-10 11:37:45"}
{"level":"info","message":"Получение заданий для пользователя ID: 1","timestamp":"2025-09-10 11:37:45"}
{"level":"info","message":"Получение заданий для пользователя ID: 1","timestamp":"2025-09-10 11:37:45"}
{"level":"info","message":"Получение заданий для пользователя ID: 1","timestamp":"2025-09-10 11:37:45"}
{"level":"info","message":"Получение заданий для пользователя ID: 1","timestamp":"2025-09-10 11:37:45"}
{"level":"info","message":"Получение заданий для пользователя ID: 1","timestamp":"2025-09-10 11:37:45"}
{"level":"info","message":"Получение заданий для пользователя ID: 1","timestamp":"2025-09-10 11:37:45"}
{"level":"info","message":"Получение заданий для пользователя ID: 1","timestamp":"2025-09-10 11:37:45"}
{"level":"info","message":"Получение заданий для пользователя ID: 1","timestamp":"2025-09-10 11:37:45"}
{"level":"info","message":"Получение заданий для пользователя ID: 1","timestamp":"2025-09-10 11:37:45"}
{"level":"info","message":"Получение заданий для пользователя ID: 1","timestamp":"2025-09-10 11:37:45"}
{"level":"info","message":"Получение заданий для пользователя ID: 1","timestamp":"2025-09-10 11:37:45"}
{"level":"info","message":"Получение заданий для пользователя ID: 1","timestamp":"2025-09-10 11:37:45"}
{"level":"info","message":"Получение заданий для пользователя ID: 1","timestamp":"2025-09-10 11:37:45"}
{"level":"info","message":"Получение заданий для пользователя ID: 1","timestamp":"2025-09-10 11:37:45"}
{"level":"info","message":"Получение ожидающих приглашений пользователя","timestamp":"2025-09-10 11:37:45","userId":1}
{"level":"info","message":"Получение заданий для пользователя ID: 1","timestamp":"2025-09-10 11:37:45"}
{"level":"info","message":"Получение ожидающих приглашений пользователя","timestamp":"2025-09-10 11:37:45","userId":1}
{"level":"info","message":"Получение заданий для пользователя ID: 1","timestamp":"2025-09-10 11:37:45"}
{"level":"info","message":"Получение ожидающих приглашений пользователя","timestamp":"2025-09-10 11:37:45","userId":1}
{"level":"info","message":"Получение заданий для пользователя ID: 1","timestamp":"2025-09-10 11:37:45"}
{"level":"info","message":"Получение заданий для пользователя ID: 1","timestamp":"2025-09-10 11:37:45"}
{"level":"info","message":"Получение ожидающих приглашений пользователя","timestamp":"2025-09-10 11:37:45","userId":1}
{"level":"info","message":"Получение ожидающих приглашений пользователя","timestamp":"2025-09-10 11:37:45","userId":1}
{"level":"info","message":"Получение заданий для пользователя ID: 1","timestamp":"2025-09-10 11:37:45"}
{"level":"info","message":"Получение ожидающих приглашений пользователя","timestamp":"2025-09-10 11:37:45","userId":1}
{"level":"info","message":"Получение заданий для пользователя ID: 1","timestamp":"2025-09-10 11:37:45"}
{"level":"info","message":"Получение ожидающих приглашений пользователя","timestamp":"2025-09-10 11:37:45","userId":1}
{"level":"info","message":"Получение заданий для пользователя ID: 1","timestamp":"2025-09-10 11:37:45"}
{"level":"info","message":"Получение ожидающих приглашений пользователя","timestamp":"2025-09-10 11:37:46","userId":1}
{"level":"info","message":"Получение заданий для пользователя ID: 1","timestamp":"2025-09-10 11:37:46"}
{"level":"info","message":"Получение ожидающих приглашений пользователя","timestamp":"2025-09-10 11:37:46","userId":1}
{"level":"info","message":"Получение заданий для пользователя ID: 1","timestamp":"2025-09-10 11:37:46"}
{"level":"info","message":"Получение заданий для пользователя ID: 1","timestamp":"2025-09-10 11:37:46"}
{"level":"info","message":"Получение ожидающих приглашений пользователя","timestamp":"2025-09-10 11:37:46","userId":1}
{"level":"info","message":"Получение заданий для пользователя ID: 1","timestamp":"2025-09-10 11:37:46"}
{"level":"info","message":"Получение заданий для пользователя ID: 1","timestamp":"2025-09-10 11:37:46"}
{"level":"info","message":"Получение заданий для пользователя ID: 1","timestamp":"2025-09-10 11:37:46"}
{"level":"info","message":"Получение заданий для пользователя ID: 1","timestamp":"2025-09-10 11:37:46"}
{"level":"info","message":"Получение заданий для пользователя ID: 1","timestamp":"2025-09-10 11:37:46"}
{"level":"info","message":"Получение ожидающих приглашений пользователя","timestamp":"2025-09-10 11:37:46","userId":1}
{"level":"info","message":"Получение заданий для пользователя ID: 1","timestamp":"2025-09-10 11:37:46"}
{"level":"info","message":"Получение заданий для пользователя ID: 1","timestamp":"2025-09-10 11:37:46"}
{"level":"info","message":"Получение ожидающих приглашений пользователя","timestamp":"2025-09-10 11:37:46","userId":1}
{"level":"info","message":"Получение заданий для пользователя ID: 1","timestamp":"2025-09-10 11:37:46"}
{"level":"info","message":"Получение заданий для пользователя ID: 1","timestamp":"2025-09-10 11:37:46"}
{"level":"info","message":"Получение заданий для пользователя ID: 1","timestamp":"2025-09-10 11:37:46"}
{"level":"info","message":"Получение заданий для пользователя ID: 1","timestamp":"2025-09-10 11:37:46"}
{"level":"info","message":"Получение заданий для пользователя ID: 1","timestamp":"2025-09-10 11:37:46"}
{"level":"info","message":"Получение ожидающих приглашений пользователя","timestamp":"2025-09-10 11:37:46","userId":1}
{"level":"info","message":"Получение заданий для пользователя ID: 1","timestamp":"2025-09-10 11:37:46"}
{"level":"info","message":"Получение заданий для пользователя ID: 1","timestamp":"2025-09-10 11:37:46"}
{"level":"info","message":"Получение заданий для пользователя ID: 1","timestamp":"2025-09-10 11:37:46"}
{"level":"info","message":"Получение ожидающих приглашений пользователя","timestamp":"2025-09-10 11:37:46","userId":1}
{"level":"info","message":"Получение заданий для пользователя ID: 1","timestamp":"2025-09-10 11:37:46"}
{"level":"info","message":"Получение заданий для пользователя ID: 1","timestamp":"2025-09-10 11:37:46"}
{"level":"info","message":"Получение заданий для пользователя ID: 1","timestamp":"2025-09-10 11:38:42"}
{"level":"info","message":"Получение ожидающих приглашений пользователя","timestamp":"2025-09-10 11:38:42","userId":1}
{"level":"info","message":"Получение заданий для пользователя ID: 1","timestamp":"2025-09-10 11:38:42"}
{"level":"info","message":"Получение ожидающих приглашений пользователя","timestamp":"2025-09-10 11:38:42","userId":1}
{"assignmentId":32,"level":"info","message":"Получение состава команды проекта","timestamp":"2025-09-10 11:38:42"}
{"assignmentId":32,"level":"info","message":"Получение состава команды проекта","timestamp":"2025-09-10 11:38:42"}
{"assignmentId":32,"level":"info","message":"Получение состава команды проекта","timestamp":"2025-09-10 11:38:42"}
{"assignmentId":32,"level":"info","message":"Получение состава команды проекта","timestamp":"2025-09-10 11:38:42"}
{"level":"info","message":"Получение заданий для пользователя ID: 1","timestamp":"2025-09-10 11:38:44"}
{"level":"info","message":"Получение ожидающих приглашений пользователя","timestamp":"2025-09-10 11:38:44","userId":1}
{"level":"info","message":"Получение заданий для пользователя ID: 1","timestamp":"2025-09-10 11:38:44"}
{"level":"info","message":"Получение ожидающих приглашений пользователя","timestamp":"2025-09-10 11:38:44","userId":1}
{"assignmentId":32,"level":"info","message":"Получение состава команды проекта","timestamp":"2025-09-10 11:38:44"}
{"assignmentId":32,"level":"info","message":"Получение состава команды проекта","timestamp":"2025-09-10 11:38:44"}
{"level":"info","message":"Получение заданий для пользователя ID: 1","timestamp":"2025-09-10 11:39:06"}
{"level":"info","message":"Получение ожидающих приглашений пользователя","timestamp":"2025-09-10 11:39:06","userId":1}
{"level":"info","message":"Получение заданий для пользователя ID: 1","timestamp":"2025-09-10 11:39:06"}
{"level":"info","message":"Получение ожидающих приглашений пользователя","timestamp":"2025-09-10 11:39:06","userId":1}
{"level":"info","message":"Получение заданий для пользователя ID: 1","timestamp":"2025-09-10 11:39:06"}
{"level":"info","message":"Получение заданий для пользователя ID: 1","timestamp":"2025-09-10 11:39:06"}
{"assignmentId":32,"level":"info","message":"Получение состава команды проекта","timestamp":"2025-09-10 11:39:06"}
{"level":"info","message":"Получение заданий для пользователя ID: 1","timestamp":"2025-09-10 11:39:06"}
{"level":"info","message":"Получение ожидающих приглашений пользователя","timestamp":"2025-09-10 11:39:06","userId":1}
{"level":"info","message":"Получение заданий для пользователя ID: 1","timestamp":"2025-09-10 11:39:06"}
{"assignmentId":32,"level":"info","message":"Получение состава команды проекта","timestamp":"2025-09-10 11:39:06"}
{"assignmentId":32,"level":"info","message":"Получение состава команды проекта","timestamp":"2025-09-10 11:39:06"}
{"assignmentId":32,"level":"info","message":"Получение состава команды проекта","timestamp":"2025-09-10 11:39:06"}
{"level":"info","message":"Получение ожидающих приглашений пользователя","timestamp":"2025-09-10 11:39:33","userId":1}
{"level":"info","message":"Получение заданий для пользователя ID: 1","timestamp":"2025-09-10 11:39:33"}
{"level":"info","message":"Получение заданий для пользователя ID: 1","timestamp":"2025-09-10 11:39:33"}
{"level":"info","message":"Получение ожидающих приглашений пользователя","timestamp":"2025-09-10 11:39:33","userId":1}
{"assignmentId":32,"level":"info","message":"Получение состава команды проекта","timestamp":"2025-09-10 11:39:33"}
{"level":"info","message":"Получение заданий для пользователя ID: 1","timestamp":"2025-09-10 11:39:33"}
{"level":"info","message":"Получение ожидающих приглашений пользователя","timestamp":"2025-09-10 11:39:33","userId":1}
{"assignmentId":32,"level":"info","message":"Получение состава команды проекта","timestamp":"2025-09-10 11:39:33"}
{"assignmentId":32,"level":"info","message":"Получение состава команды проекта","timestamp":"2025-09-10 11:39:33"}
{"assignmentId":32,"level":"info","message":"Получение состава команды проекта","timestamp":"2025-09-10 11:39:33"}
{"level":"info","message":"Получение заданий для пользователя ID: 2","timestamp":"2025-09-10 11:39:45"}
{"level":"info","message":"Получение заданий для пользователя ID: 2","timestamp":"2025-09-10 11:39:45"}
{"level":"info","message":"Получение ожидающих приглашений пользователя","timestamp":"2025-09-10 11:39:45","userId":2}
{"level":"info","message":"Получение ожидающих приглашений пользователя","timestamp":"2025-09-10 11:39:45","userId":2}
{"assignmentId":26,"level":"info","message":"Получение состава команды проекта","timestamp":"2025-09-10 11:39:45"}
{"assignmentId":26,"level":"info","message":"Получение состава команды проекта","timestamp":"2025-09-10 11:39:45"}
{"assignmentId":26,"level":"info","message":"Получение состава команды проекта","timestamp":"2025-09-10 11:39:45"}
{"level":"info","message":"Получение заданий для пользователя ID: 2","timestamp":"2025-09-10 11:39:45"}
{"level":"info","message":"Получение ожидающих приглашений пользователя","timestamp":"2025-09-10 11:39:45","userId":2}
{"level":"info","message":"Получение ожидающих приглашений пользователя","timestamp":"2025-09-10 11:39:45","userId":2}
{"level":"info","message":"Получение заданий для пользователя ID: 2","timestamp":"2025-09-10 11:39:45"}
{"assignmentId":26,"level":"info","message":"Получение состава команды проекта","timestamp":"2025-09-10 11:39:45"}
{"level":"info","message":"Получение ожидающих приглашений пользователя","timestamp":"2025-09-10 11:39:45","userId":2}
{"level":"info","message":"Получение заданий для пользователя ID: 2","timestamp":"2025-09-10 11:39:45"}
{"level":"info","message":"Получение заданий для пользователя ID: 2","timestamp":"2025-09-10 11:39:45"}
{"level":"info","message":"Получение ожидающих приглашений пользователя","timestamp":"2025-09-10 11:39:45","userId":2}
{"level":"info","message":"Получение заданий для пользователя ID: 2","timestamp":"2025-09-10 11:39:46"}
{"level":"info","message":"Получение ожидающих приглашений пользователя","timestamp":"2025-09-10 11:39:46","userId":2}
{"level":"info","message":"Получение ожидающих приглашений пользователя","timestamp":"2025-09-10 11:39:46","userId":2}
{"level":"info","message":"Получение заданий для пользователя ID: 2","timestamp":"2025-09-10 11:39:46"}
{"level":"info","message":"Получение заданий для пользователя ID: 2","timestamp":"2025-09-10 11:39:47"}
{"level":"info","message":"Получение ожидающих приглашений пользователя","timestamp":"2025-09-10 11:39:47","userId":2}
{"level":"info","message":"Получение заданий для пользователя ID: 2","timestamp":"2025-09-10 11:39:47"}
{"level":"info","message":"Получение ожидающих приглашений пользователя","timestamp":"2025-09-10 11:39:47","userId":2}
{"level":"info","message":"Получение заданий для пользователя ID: 2","timestamp":"2025-09-10 11:39:47"}
{"level":"info","message":"Получение ожидающих приглашений пользователя","timestamp":"2025-09-10 11:39:47","userId":2}
{"assignmentId":26,"level":"info","message":"Получение состава команды проекта","timestamp":"2025-09-10 11:39:47"}
{"assignmentId":26,"level":"info","message":"Получение состава команды проекта","timestamp":"2025-09-10 11:39:47"}
{"level":"info","message":"Получение заданий для пользователя ID: 2","timestamp":"2025-09-10 11:39:47"}
{"level":"info","message":"Получение ожидающих приглашений пользователя","timestamp":"2025-09-10 11:39:47","userId":2}
{"assignmentId":26,"level":"info","message":"Получение состава команды проекта","timestamp":"2025-09-10 11:39:47"}
{"level":"info","message":"Получение заданий для пользователя ID: 2","timestamp":"2025-09-10 11:39:47"}
{"level":"info","message":"Получение ожидающих приглашений пользователя","timestamp":"2025-09-10 11:39:47","userId":2}
{"assignmentId":26,"level":"info","message":"Получение состава команды проекта","timestamp":"2025-09-10 11:39:47"}
{"assignmentId":26,"level":"info","message":"Получение состава команды проекта","timestamp":"2025-09-10 11:39:47"}
{"level":"info","message":"Получение заданий для пользователя ID: 2","timestamp":"2025-09-10 11:39:51"}
{"level":"info","message":"Получение ожидающих приглашений пользователя","timestamp":"2025-09-10 11:39:51","userId":2}
{"level":"info","message":"Получение ожидающих приглашений пользователя","timestamp":"2025-09-10 11:39:51","userId":2}
{"level":"info","message":"Получение заданий для пользователя ID: 2","timestamp":"2025-09-10 11:39:51"}
{"level":"info","message":"Получение заданий для пользователя ID: 2","timestamp":"2025-09-10 11:39:52"}
{"level":"info","message":"Получение ожидающих приглашений пользователя","timestamp":"2025-09-10 11:39:52","userId":2}
{"level":"info","message":"Получение заданий для пользователя ID: 2","timestamp":"2025-09-10 11:39:52"}
{"level":"info","message":"Получение ожидающих приглашений пользователя","timestamp":"2025-09-10 11:39:52","userId":2}
{"level":"info","message":"Получение ожидающих приглашений пользователя","timestamp":"2025-09-10 11:39:52","userId":2}
{"level":"info","message":"Получение заданий для пользователя ID: 2","timestamp":"2025-09-10 11:39:52"}
{"assignmentId":26,"level":"info","message":"Получение состава команды проекта","timestamp":"2025-09-10 11:39:52"}
{"level":"info","message":"Получение ожидающих приглашений пользователя","timestamp":"2025-09-10 11:39:52","userId":2}
{"level":"info","message":"Получение заданий для пользователя ID: 2","timestamp":"2025-09-10 11:39:52"}
{"assignmentId":26,"level":"info","message":"Получение состава команды проекта","timestamp":"2025-09-10 11:39:52"}
{"level":"info","message":"Получение заданий для пользователя ID: 2","timestamp":"2025-09-10 11:39:52"}
{"assignmentId":26,"level":"info","message":"Получение состава команды проекта","timestamp":"2025-09-10 11:39:52"}
{"level":"info","message":"Получение ожидающих приглашений пользователя","timestamp":"2025-09-10 11:39:52","userId":2}
{"assignmentId":26,"level":"info","message":"Получение состава команды проекта","timestamp":"2025-09-10 11:39:52"}
{"assignmentId":26,"level":"info","message":"Получение состава команды проекта","timestamp":"2025-09-10 11:39:52"}
{"level":"info","message":"Получение заданий для пользователя ID: 1","timestamp":"2025-09-10 11:39:59"}
{"level":"info","message":"Получение ожидающих приглашений пользователя","timestamp":"2025-09-10 11:39:59","userId":1}
{"level":"info","message":"Получение заданий для пользователя ID: 1","timestamp":"2025-09-10 11:39:59"}
{"level":"info","message":"Получение ожидающих приглашений пользователя","timestamp":"2025-09-10 11:39:59","userId":1}
{"level":"info","message":"Получение ожидающих приглашений пользователя","timestamp":"2025-09-10 11:39:59","userId":1}
{"level":"info","message":"Получение заданий для пользователя ID: 1","timestamp":"2025-09-10 11:39:59"}
{"assignmentId":32,"level":"info","message":"Получение состава команды проекта","timestamp":"2025-09-10 11:39:59"}
{"assignmentId":32,"level":"info","message":"Получение состава команды проекта","timestamp":"2025-09-10 11:39:59"}
{"level":"info","message":"Получение заданий для пользователя ID: 1","timestamp":"2025-09-10 11:39:59"}
{"level":"info","message":"Получение ожидающих приглашений пользователя","timestamp":"2025-09-10 11:39:59","userId":1}
{"assignmentId":32,"level":"info","message":"Получение состава команды проекта","timestamp":"2025-09-10 11:39:59"}
{"level":"info","message":"Получение ожидающих приглашений пользователя","timestamp":"2025-09-10 11:39:59","userId":1}
{"level":"info","message":"Получение заданий для пользователя ID: 1","timestamp":"2025-09-10 11:39:59"}
{"assignmentId":32,"level":"info","message":"Получение состава команды проекта","timestamp":"2025-09-10 11:39:59"}
{"level":"info","message":"Получение заданий для пользователя ID: 1","timestamp":"2025-09-10 11:40:01"}
{"level":"info","message":"Получение ожидающих приглашений пользователя","timestamp":"2025-09-10 11:40:01","userId":1}
{"level":"info","message":"Получение ожидающих приглашений пользователя","timestamp":"2025-09-10 11:40:01","userId":1}
{"level":"info","message":"Получение заданий для пользователя ID: 1","timestamp":"2025-09-10 11:40:01"}
{"level":"info","message":"Получение заданий для пользователя ID: 1","timestamp":"2025-09-10 11:40:01"}
{"level":"info","message":"Получение ожидающих приглашений пользователя","timestamp":"2025-09-10 11:40:01","userId":1}
{"level":"info","message":"Получение заданий для пользователя ID: 1","timestamp":"2025-09-10 11:40:01"}
{"level":"info","message":"Получение ожидающих приглашений пользователя","timestamp":"2025-09-10 11:40:01","userId":1}
{"level":"info","message":"Получение ожидающих приглашений пользователя","timestamp":"2025-09-10 11:40:01","userId":1}
{"level":"info","message":"Получение заданий для пользователя ID: 1","timestamp":"2025-09-10 11:40:01"}
{"assignmentId":32,"level":"info","message":"Получение состава команды проекта","timestamp":"2025-09-10 11:40:01"}
{"level":"info","message":"Получение заданий для пользователя ID: 1","timestamp":"2025-09-10 11:40:01"}
{"assignmentId":32,"level":"info","message":"Получение состава команды проекта","timestamp":"2025-09-10 11:40:01"}
{"level":"info","message":"Получение ожидающих приглашений пользователя","timestamp":"2025-09-10 11:40:01","userId":1}
{"assignmentId":32,"level":"info","message":"Получение состава команды проекта","timestamp":"2025-09-10 11:40:01"}
{"level":"info","message":"Получение ожидающих приглашений пользователя","timestamp":"2025-09-10 11:40:01","userId":1}
{"level":"info","message":"Получение заданий для пользователя ID: 1","timestamp":"2025-09-10 11:40:01"}
{"assignmentId":32,"level":"info","message":"Получение состава команды проекта","timestamp":"2025-09-10 11:40:01"}
{"assignmentId":32,"level":"info","message":"Получение состава команды проекта","timestamp":"2025-09-10 11:40:02"}
{"level":"info","message":"Получение заданий для пользователя ID: 2","timestamp":"2025-09-10 11:40:07"}
{"level":"info","message":"Получение ожидающих приглашений пользователя","timestamp":"2025-09-10 11:40:07","userId":2}
{"level":"info","message":"Получение ожидающих приглашений пользователя","timestamp":"2025-09-10 11:40:07","userId":2}
{"level":"info","message":"Получение заданий для пользователя ID: 2","timestamp":"2025-09-10 11:40:07"}
{"level":"info","message":"Получение ожидающих приглашений пользователя","timestamp":"2025-09-10 11:40:07","userId":2}
{"level":"info","message":"Получение заданий для пользователя ID: 2","timestamp":"2025-09-10 11:40:07"}
{"assignmentId":26,"level":"info","message":"Получение состава команды проекта","timestamp":"2025-09-10 11:40:07"}
{"assignmentId":26,"level":"info","message":"Получение состава команды проекта","timestamp":"2025-09-10 11:40:07"}
{"level":"info","message":"Получение заданий для пользователя ID: 2","timestamp":"2025-09-10 11:40:07"}
{"level":"info","message":"Получение ожидающих приглашений пользователя","timestamp":"2025-09-10 11:40:07","userId":2}
{"assignmentId":26,"level":"info","message":"Получение состава команды проекта","timestamp":"2025-09-10 11:40:07"}
{"assignmentId":26,"level":"info","message":"Получение состава команды проекта","timestamp":"2025-09-10 11:40:07"}
{"level":"info","message":"Получение ожидающих приглашений пользователя","timestamp":"2025-09-10 11:40:07","userId":2}
{"level":"info","message":"Получение заданий для пользователя ID: 2","timestamp":"2025-09-10 11:40:07"}
{"level":"info","message":"Получение заданий для пользователя ID: 2","timestamp":"2025-09-10 11:40:07"}
{"level":"info","message":"Получение ожидающих приглашений пользователя","timestamp":"2025-09-10 11:40:07","userId":2}
{"level":"info","message":"Получение ожидающих приглашений пользователя","timestamp":"2025-09-10 11:40:07","userId":2}
{"level":"info","message":"Получение заданий для пользователя ID: 2","timestamp":"2025-09-10 11:40:07"}
{"level":"info","message":"Получение заданий для пользователя ID: 1","timestamp":"2025-09-10 11:40:16"}
{"level":"info","message":"Получение ожидающих приглашений пользователя","timestamp":"2025-09-10 11:40:16","userId":1}
{"level":"info","message":"Получение ожидающих приглашений пользователя","timestamp":"2025-09-10 11:40:16","userId":1}
{"level":"info","message":"Получение заданий для пользователя ID: 1","timestamp":"2025-09-10 11:40:16"}
{"level":"info","message":"Получение ожидающих приглашений пользователя","timestamp":"2025-09-10 11:40:16","userId":1}
{"level":"info","message":"Получение заданий для пользователя ID: 1","timestamp":"2025-09-10 11:40:16"}
{"level":"info","message":"Получение ожидающих приглашений пользователя","timestamp":"2025-09-10 11:40:16","userId":1}
{"level":"info","message":"Получение заданий для пользователя ID: 1","timestamp":"2025-09-10 11:40:16"}
{"assignmentId":32,"level":"info","message":"Получение состава команды проекта","timestamp":"2025-09-10 11:40:16"}
{"assignmentId":32,"level":"info","message":"Получение состава команды проекта","timestamp":"2025-09-10 11:40:16"}
{"level":"info","message":"Получение заданий для пользователя ID: 1","timestamp":"2025-09-10 11:40:16"}
{"level":"info","message":"Получение ожидающих приглашений пользователя","timestamp":"2025-09-10 11:40:16","userId":1}
{"assignmentId":32,"level":"info","message":"Получение состава команды проекта","timestamp":"2025-09-10 11:40:16"}
{"assignmentId":32,"level":"info","message":"Получение состава команды проекта","timestamp":"2025-09-10 11:40:16"}
{"assignmentId":32,"level":"info","message":"Получение состава команды проекта","timestamp":"2025-09-10 11:40:16"}
{"level":"info","message":"Получение ожидающих приглашений пользователя","timestamp":"2025-09-10 11:40:46","userId":1}
{"level":"info","message":"Получение заданий для пользователя ID: 1","timestamp":"2025-09-10 11:40:46"}
{"level":"info","message":"Получение ожидающих приглашений пользователя","timestamp":"2025-09-10 11:40:46","userId":1}
{"level":"info","message":"Получение заданий для пользователя ID: 1","timestamp":"2025-09-10 11:40:46"}
{"level":"info","message":"Получение заданий для пользователя ID: 1","timestamp":"2025-09-10 11:40:46"}
{"level":"info","message":"Получение ожидающих приглашений пользователя","timestamp":"2025-09-10 11:40:46","userId":1}
{"level":"info","message":"Получение ожидающих приглашений пользователя","timestamp":"2025-09-10 11:41:16","userId":1}
{"level":"info","message":"Получение заданий для пользователя ID: 1","timestamp":"2025-09-10 11:41:16"}
{"level":"info","message":"Получение ожидающих приглашений пользователя","timestamp":"2025-09-10 11:41:16","userId":1}
{"level":"info","message":"Получение заданий для пользователя ID: 1","timestamp":"2025-09-10 11:41:16"}
{"level":"info","message":"Получение ожидающих приглашений пользователя","timestamp":"2025-09-10 11:41:16","userId":1}
{"level":"info","message":"Получение заданий для пользователя ID: 1","timestamp":"2025-09-10 11:41:16"}
{"level":"info","message":"Получение ожидающих приглашений пользователя","timestamp":"2025-09-10 11:41:46","userId":1}
{"level":"info","message":"Получение заданий для пользователя ID: 1","timestamp":"2025-09-10 11:41:46"}
{"level":"info","message":"Получение ожидающих приглашений пользователя","timestamp":"2025-09-10 11:41:46","userId":1}
{"level":"info","message":"Получение заданий для пользователя ID: 1","timestamp":"2025-09-10 11:41:46"}
{"level":"info","message":"Получение ожидающих приглашений пользователя","timestamp":"2025-09-10 11:41:46","userId":1}
{"level":"info","message":"Получение заданий для пользователя ID: 1","timestamp":"2025-09-10 11:41:46"}
{"assignmentId":32,"level":"info","message":"Получение состава команды проекта","timestamp":"2025-09-10 11:41:49"}
{"level":"info","message":"Получение заданий для пользователя ID: 1","timestamp":"2025-09-10 11:42:19"}
{"level":"info","message":"Получение ожидающих приглашений пользователя","timestamp":"2025-09-10 11:42:19","userId":1}
{"level":"info","message":"Получение ожидающих приглашений пользователя","timestamp":"2025-09-10 11:42:19","userId":1}
{"level":"info","message":"Получение заданий для пользователя ID: 1","timestamp":"2025-09-10 11:42:19"}
{"level":"info","message":"Получение ожидающих приглашений пользователя","timestamp":"2025-09-10 11:42:19","userId":1}
{"level":"info","message":"Получение заданий для пользователя ID: 1","timestamp":"2025-09-10 11:42:19"}
{"level":"info","message":"Получение ожидающих приглашений пользователя","timestamp":"2025-09-10 11:42:49","userId":1}
{"level":"info","message":"Получение заданий для пользователя ID: 1","timestamp":"2025-09-10 11:42:49"}
{"level":"info","message":"Получение ожидающих приглашений пользователя","timestamp":"2025-09-10 11:42:49","userId":1}
{"level":"info","message":"Получение заданий для пользователя ID: 1","timestamp":"2025-09-10 11:42:49"}
{"level":"info","message":"Получение ожидающих приглашений пользователя","timestamp":"2025-09-10 11:42:49","userId":1}
{"level":"info","message":"Получение заданий для пользователя ID: 1","timestamp":"2025-09-10 11:42:49"}
